lesson,order_in_lesson,kanji,keyword,slug,v1_concept_summary,v2Concept,subjectType,humanPresence,narrativeStrength,emotionalTone,colorWeight,atmosphere,galleryPriority
1,1,一,one,one,V1 cinematic wash: Single reed/brushstroke in pale dawn mist — abstract oneness. Verse: «one line remains before the world decides to…» Weak v1 test: overly symbolic / floating kanji / misread risk.,"A single ripe persimmon on worn cedar, afternoon amber slicing through paper shoji — solitude before abundance.",still_life,none,static,hushed anticipation,moderate,"late autumn interior, single shaft of gold",transition
1,2,二,two,two,V1 cinematic wash: Two parallel stones or matched lanterns on a quiet path. Verse: «not alone now space starts speaking between equals» Weak v1 test: number symbolism without compelling subject.,"Two stone lanterns at a shrine stair, moss at their bases, crimson torii bleeding into indigo shadow — companionship without speech.",architecture,implied,implied,quiet pairing,rich,"dusk approach, incense implied",supporting
1,3,三,three,three,V1 cinematic wash: Three cranes or torii posts in grey-blue dawn. Verse: «the third mark lands and suddenly the air…» Weak v1 test: number symbolism without compelling subject.,Three persimmons on a lacquer tray beside a folded fan — the third completes the triangle of attention.,still_life,none,static,composed arrival,moderate,"tea-room stillness, warm ochre against charcoal wood",supporting
1,4,四,four,four,V1 cinematic wash: Square courtyard or garden frame from above. Verse: «a frame appears and what was open learns…» Weak v1 test: number symbolism without compelling subject.,"Four tatami mats in a room opened to a square courtyard garden, rain on the eaves — enclosure that breathes.",architecture,implied,implied,sheltered calm,restrained,"grey rain, green stone, pale interior",supporting
1,5,五,five,five,V1 cinematic wash: Cross of paths in misty field with faint ochre grass. Verse: «it almost balances but keeps one hidden turn…» Weak v1 test: number symbolism without compelling subject.,"Five carp flags catching wind above a village river, their reflections broken by current — celebration held in air.",mixed,implied,active,lifted festivity,rich,"spring breeze, indigo water, vermilion cloth",feature
1,6,六,six,six,V1 cinematic wash: Honeycomb light on water or six petals in a bowl. Verse: «from the top the thought breaks open into…» Weak v1 test: overly symbolic / floating kanji / misread risk.,Six tea bowls cooling on a long wooden counter after a gathering — steam ghosts still rising.,still_life,implied,implied,aftermath warmth,moderate,"post-ceremony hush, celadon and umber",supporting
1,7,七,seven,seven,V1 cinematic wash: Bent branch or turning mountain path. Verse: «one stroke turns and suddenly feels like intent» Weak v1 test: overly symbolic / floating kanji / misread risk.,"Seven koi in a temple pond, one turning against the flow — a single decisive curve in silver and orange.",animal,none,active,restless grace,rich,"moonlit water, black pine silhouette",feature
1,8,八,eight,eight,V1 cinematic wash: Forking paths diverging in damp earth. Verse: «the middle opens and the world stops asking…» Weak v1 test: number symbolism without compelling subject.,"Two mountain paths splitting at a cedar fork, a traveler pausing mid-step — the moment before choosing.",landscape,secondary,active,threshold uncertainty,moderate,"mist in valley, wet bark gleaming",feature
1,9,九,nine,nine,"V1 cinematic wash: Nearly complete stone circle, one segment open. Verse: «it leans forward without falling out of itself» Weak v1 test: overly symbolic / floating kanji / misread risk.","Nine paper lanterns lining a festival bridge, one unlit at the far end — almost complete, deliberately open.",architecture,implied,implied,tender incompleteness,rich,"blue hour, warm points against cool river",supporting
1,10,十,ten,ten,V1 cinematic wash: Crossroads with worn stone under dawn sky. Verse: «where lines cross a quiet center holds them…» Weak v1 test: number symbolism without compelling subject.,"A crossroads market at closing: ten wooden stalls, the last vendor folding indigo cloth — the day completes itself.",mixed,secondary,implied,earned closure,moderate,"dust in sunset, long shadows",supporting
1,11,口,mouth,mouth,"V1 cinematic wash: Cave mouth in ivory cliff, breath-like mist. Verse: «before the word there is an opening waiting…»","An old woman laughing mid-sentence at a kitchen table, steam from miso between her hands — speech as warmth.",human,primary,active,generous vitality,moderate,"domestic amber, copper kettle gleam",feature
1,12,日,sun,sun,V1 cinematic wash: Low sun through cloud bands over wide field. Verse: «day stands still inside its simple walls glowing…»,"Harvest field at low sun, a farmer straightening their back, light flooding the grain — labor crowned in gold.",landscape,secondary,active,exhausted radiance,rich,"horizontal blaze, dust like pollen",hero
1,13,月,moon,moon,V1 cinematic wash: Crescent reflected in still rice paddy at twilight.,"A fisherman mending net on a boat, crescent moon on tidal mudflat silver — night work, patient tide.",mixed,secondary,implied,solitary devotion,restrained,"moonlit silver, indigo mud, one lantern",hero
1,14,田,field,field,V1 cinematic wash: Wide terraced fields in pale dawn wash. Verse: «the earth is split so life can rise…»,"Terraced rice fields after planting, a heron standing in mirrored water — geometry alive with reflection.",landscape,none,static,fertile patience,moderate,"early summer green, pearl sky",feature
1,15,目,eye,eye,V1 cinematic wash: Reflective pool mirroring sky; distant figure at shore. Verse: «the eye holds still and more than the…» Weak v1 test: overly symbolic / floating kanji / misread risk.,Close portrait: a child's face watching fireworks reflected in their eyes — wonder held still.,human,primary,static,astonished attention,rich,"festival night, crimson bursts in dark irises",feature
1,16,古,old,old,V1 cinematic wash: Gnarled cedar or weathered gate post with moss. Verse: «old does not mean gone it means the…»,"Ancient camphor tree, roots gripping stone steps; an elderly couple resting on the trunk — time shared.",landscape,secondary,implied,enduring tenderness,moderate,"deep green canopy, weathered grey bark",feature
1,17,吾,I,I,V1 cinematic wash: Solitary traveler turning at edge of misty field. Verse: «I am not thunder just a place from…»,"A woman alone on a coastal promenade at first light, coat pulled tight, facing the horizon — self as witness.",human,primary,implied,self-possessed solitude,restrained,"cold dawn, pale rose sky, dark sea",feature
1,18,冒,risk,risk,V1 cinematic wash: Foot hovering over stone step above dark water. Verse: «risk is not noise it is the quiet…»,"Mountain guide reaching for a hand across a crevasse bridge, wind lifting snow — one step, mutual trust.",human,primary,active,charged courage,rich,"alpine white, bruised violet shadow",hero
1,19,朋,companion,companion,V1 cinematic wash: Two travelers side by side on forest path. Verse: «side by side not one shadow deeper than…»,"Two friends on a bench in falling snow, shoulders touching, thermos between them — warmth without words.",human,primary,static,steady belonging,moderate,"soft snowfall, charcoal coats, amber thermos",feature
1,20,明,bright,bright,V1 cinematic wash: Sun and moon light meeting across a river gorge. Verse: «brightness deepens when light meets another light and…»,"Riverside at equinox twilight: last sun on water while moon rises behind cedar — dual light, one breath.",landscape,implied,implied,ceremonial clarity,rich,"gold water, silver sky, lesson climax",hero
2,1,唱,chant,chant,V1 KML-IMPR: study illustration tied to lesson palette and verse mood.,"Gallery still for «chant»: a compelling real-world subject — figure, object, or weather — in earth umber and parchment cream; impressionistic realism; moment from a larger story; kanji 唱 only if carved, cast, or woven into the scene.",human,secondary,implied,brightening curiosity,restrained,brightening curiosity; exhibition depth,transition
2,2,晶,sparkle,sparkle,V1 KML-IMPR: study illustration tied to lesson palette and verse mood.,"Gallery still for «sparkle»: a compelling real-world subject — figure, object, or weather — in earth umber and parchment cream; impressionistic realism; moment from a larger story; kanji 晶 only if carved, cast, or woven into the scene.",human,secondary,implied,brightening curiosity,restrained,brightening curiosity; exhibition depth,transition
2,3,品,goods,goods,V1 KML-IMPR: study illustration tied to lesson palette and verse mood.,"Gallery still for «goods»: a compelling real-world subject — figure, object, or weather — in earth umber and parchment cream; impressionistic realism; moment from a larger story; kanji 品 only if carved, cast, or woven into the scene.",still_life,none,implied,brightening curiosity,restrained,brightening curiosity; exhibition depth,transition
2,4,呂,spine,spine,V1 KML-IMPR: study illustration tied to lesson palette and verse mood.,"Intimate still life: objects associated with the body — cloth, bowl, mirror — arranged as if after bathing; earth umber and parchment cream; human implied, not diagrammed.",still_life,implied,implied,embodied quiet,restrained,"warm interior, shallow focus",supporting
2,5,昌,prosperous,prosperous,V1 KML-IMPR: study illustration tied to lesson palette and verse mood.,"Gallery still for «prosperous»: a compelling real-world subject — figure, object, or weather — in earth umber and parchment cream; impressionistic realism; moment from a larger story; kanji 昌 only if carved, cast, or woven into the scene.",mixed,implied,implied,brightening curiosity,restrained,brightening curiosity; exhibition depth,hero
2,6,早,early,early,V1 KML-IMPR: study illustration tied to lesson palette and verse mood.,"Horizon ceremony: early light breaking through cloud vault — land or sea below, no floating symbols.",weather,implied,implied,temporal hush,rich,amber and silver split,supporting
2,7,旭,rising_sun,rising_sun,V1 KML-IMPR: study illustration tied to lesson palette and verse mood.,"Window scene: interior dark, exterior lit — the hour itself is the subject.",weather,implied,implied,temporal hush,rich,amber and silver split,supporting
2,8,世,generation,generation,V1 KML-IMPR: study illustration tied to lesson palette and verse mood.,"Gallery still for «generation»: a compelling real-world subject — figure, object, or weather — in earth umber and parchment cream; impressionistic realism; moment from a larger story; kanji 世 only if carved, cast, or woven into the scene.",mixed,implied,implied,brightening curiosity,restrained,brightening curiosity; exhibition depth,supporting
2,9,胃,stomach,stomach,V1 KML-IMPR: study illustration tied to lesson palette and verse mood.,"Intimate still life: objects associated with the body — cloth, bowl, mirror — arranged as if after bathing; earth umber and parchment cream; human implied, not diagrammed.",still_life,implied,implied,embodied quiet,restrained,"warm interior, shallow focus",supporting
2,10,旦,dawn,dawn,V1 KML-IMPR: study illustration tied to lesson palette and verse mood.,"Horizon ceremony: dawn light breaking through cloud vault — land or sea below, no floating symbols.",weather,implied,implied,temporal hush,rich,amber and silver split,feature
2,11,胆,gallbladder,gallbladder,V1 KML-IMPR: study illustration tied to lesson palette and verse mood.,"Intimate still life: objects associated with the body — cloth, bowl, mirror — arranged as if after bathing; earth umber and parchment cream; human implied, not diagrammed.",still_life,implied,implied,embodied quiet,restrained,"warm interior, shallow focus",supporting
2,12,亘,span,span,V1 KML-IMPR: study illustration tied to lesson palette and verse mood.,"Gallery still for «span»: a compelling real-world subject — figure, object, or weather — in earth umber and parchment cream; impressionistic realism; moment from a larger story; kanji 亘 only if carved, cast, or woven into the scene.",landscape,none,implied,brightening curiosity,restrained,brightening curiosity; exhibition depth,supporting
2,13,凹,concave,concave,V1 KML-IMPR: study illustration tied to lesson palette and verse mood.,"Gallery still for «concave»: a compelling real-world subject — figure, object, or weather — in earth umber and parchment cream; impressionistic realism; moment from a larger story; kanji 凹 only if carved, cast, or woven into the scene.",still_life,none,implied,brightening curiosity,restrained,brightening curiosity; exhibition depth,hero
2,14,凸,convex,convex,V1 KML-IMPR: study illustration tied to lesson palette and verse mood.,"Gallery still for «convex»: a compelling real-world subject — figure, object, or weather — in earth umber and parchment cream; impressionistic realism; moment from a larger story; kanji 凸 only if carved, cast, or woven into the scene.",human,secondary,implied,brightening curiosity,restrained,brightening curiosity; exhibition depth,supporting
2,15,旧,olden_times,olden_times,V1 KML-IMPR: study illustration tied to lesson palette and verse mood.,"Gallery still for «olden_times»: a compelling real-world subject — figure, object, or weather — in earth umber and parchment cream; impressionistic realism; moment from a larger story; kanji 旧 only if carved, cast, or woven into the scene.",human,secondary,implied,brightening curiosity,restrained,brightening curiosity; exhibition depth,supporting
2,16,自,oneself,oneself,V1 KML-IMPR: study illustration tied to lesson palette and verse mood.,"Gallery still for «oneself»: a compelling real-world subject — figure, object, or weather — in earth umber and parchment cream; impressionistic realism; moment from a larger story; kanji 自 only if carved, cast, or woven into the scene.",still_life,none,implied,brightening curiosity,restrained,brightening curiosity; exhibition depth,supporting
2,17,白,white,white,V1 KML-IMPR: study illustration tied to lesson palette and verse mood.,"Gallery still for «white»: a compelling real-world subject — figure, object, or weather — in earth umber and parchment cream; impressionistic realism; moment from a larger story; kanji 白 only if carved, cast, or woven into the scene.",mixed,implied,implied,brightening curiosity,restrained,brightening curiosity; exhibition depth,supporting
2,18,百,hundred,hundred,V1 KML-IMPR: study illustration tied to lesson palette and verse mood.,"Gallery still for «hundred»: a compelling real-world subject — figure, object, or weather — in earth umber and parchment cream; impressionistic realism; moment from a larger story; kanji 百 only if carved, cast, or woven into the scene.",still_life,none,implied,brightening curiosity,restrained,brightening curiosity; exhibition depth,supporting
2,19,中,middle,middle,V1 KML-IMPR: study illustration tied to lesson palette and verse mood.,"Gallery still for «middle»: a compelling real-world subject — figure, object, or weather — in earth umber and parchment cream; impressionistic realism; moment from a larger story; kanji 中 only if carved, cast, or woven into the scene.",human,secondary,implied,brightening curiosity,restrained,brightening curiosity; exhibition depth,feature
2,20,千, ,thousand,V1 KML-IMPR: study illustration tied to lesson palette and verse mood.,"Gallery still for « »: a compelling real-world subject — figure, object, or weather — in earth umber and parchment cream; impressionistic realism; moment from a larger story; kanji 千 only if carved, cast, or woven into the scene.",human,secondary,implied,brightening curiosity,restrained,brightening curiosity; exhibition depth,hero
3,1,舌,tongue,tongue,V1 KML-WASH: study illustration tied to lesson palette and verse mood.,"A hands-close study: working, healing, or holding — veins and knuckle light in amber; the body as lived subject, not anatomy chart.",still_life,implied,implied,embodied quiet,moderate,"warm interior, shallow focus",transition
3,2,升,measuring_box,measuring_box,V1 KML-WASH: study illustration tied to lesson palette and verse mood.,"Gallery still for «measuring_box»: a compelling real-world subject — figure, object, or weather — in turquoise and weathered gold; impressionistic realism; moment from a larger story; kanji 升 only if carved, cast, or woven into the scene.",human,secondary,implied,"alert, slightly witty",moderate,"alert, slightly witty; exhibition depth",transition
3,3,昇,rise,rise,V1 KML-WASH: study illustration tied to lesson palette and verse mood.,"Gallery still for «rise»: a compelling real-world subject — figure, object, or weather — in turquoise and weathered gold; impressionistic realism; moment from a larger story; kanji 昇 only if carved, cast, or woven into the scene.",human,secondary,implied,"alert, slightly witty",moderate,"alert, slightly witty; exhibition depth",transition
3,4,丸,round,round,V1 KML-WASH: study illustration tied to lesson palette and verse mood.,"Gallery still for «round»: a compelling real-world subject — figure, object, or weather — in turquoise and weathered gold; impressionistic realism; moment from a larger story; kanji 丸 only if carved, cast, or woven into the scene.",still_life,none,implied,"alert, slightly witty",moderate,"alert, slightly witty; exhibition depth",supporting
3,5,寸,measurement,measurement,V1 KML-WASH: study illustration tied to lesson palette and verse mood.,"Gallery still for «measurement»: a compelling real-world subject — figure, object, or weather — in turquoise and weathered gold; impressionistic realism; moment from a larger story; kanji 寸 only if carved, cast, or woven into the scene.",landscape,none,implied,"alert, slightly witty",moderate,"alert, slightly witty; exhibition depth",supporting
3,6,肘,elbow,elbow,V1 KML-WASH: study illustration tied to lesson palette and verse mood.,"Intimate still life: objects associated with the body — cloth, bowl, mirror — arranged as if after bathing; turquoise and weathered gold; human implied, not diagrammed.",still_life,implied,implied,embodied quiet,moderate,"warm interior, shallow focus",supporting
3,7,専,specialty,specialty,V1 KML-WASH: study illustration tied to lesson palette and verse mood.,"Gallery still for «specialty»: a compelling real-world subject — figure, object, or weather — in turquoise and weathered gold; impressionistic realism; moment from a larger story; kanji 専 only if carved, cast, or woven into the scene.",still_life,none,implied,"alert, slightly witty",moderate,"alert, slightly witty; exhibition depth",supporting
3,8,博,knowledgeable,knowledgeable,V1 KML-WASH: study illustration tied to lesson palette and verse mood.,"Gallery still for «knowledgeable»: a compelling real-world subject — figure, object, or weather — in turquoise and weathered gold; impressionistic realism; moment from a larger story; kanji 博 only if carved, cast, or woven into the scene.",human,secondary,implied,"alert, slightly witty",moderate,"alert, slightly witty; exhibition depth",supporting
3,9,占,fortune_telling,fortune_telling,V1 KML-WASH: study illustration tied to lesson palette and verse mood.,"Gallery still for «fortune_telling»: a compelling real-world subject — figure, object, or weather — in turquoise and weathered gold; impressionistic realism; moment from a larger story; kanji 占 only if carved, cast, or woven into the scene.",still_life,none,implied,"alert, slightly witty",moderate,"alert, slightly witty; exhibition depth",hero
3,10,上,up,up,V1 KML-WASH: study illustration tied to lesson palette and verse mood.,"Gallery still for «up»: a compelling real-world subject — figure, object, or weather — in turquoise and weathered gold; impressionistic realism; moment from a larger story; kanji 上 only if carved, cast, or woven into the scene.",landscape,none,implied,"alert, slightly witty",moderate,"alert, slightly witty; exhibition depth",feature
3,11,下,below,below,V1 KML-WASH: study illustration tied to lesson palette and verse mood.,"Gallery still for «below»: a compelling real-world subject — figure, object, or weather — in turquoise and weathered gold; impressionistic realism; moment from a larger story; kanji 下 only if carved, cast, or woven into the scene.",landscape,none,implied,"alert, slightly witty",moderate,"alert, slightly witty; exhibition depth",supporting
3,12,卓,eminent,eminent,V1 KML-WASH: study illustration tied to lesson palette and verse mood.,"Gallery still for «eminent»: a compelling real-world subject — figure, object, or weather — in turquoise and weathered gold; impressionistic realism; moment from a larger story; kanji 卓 only if carved, cast, or woven into the scene.",mixed,implied,implied,"alert, slightly witty",moderate,"alert, slightly witty; exhibition depth",supporting
3,13,朝,morning,morning,V1 KML-WASH: study illustration tied to lesson palette and verse mood.,"Horizon ceremony: morning light breaking through cloud vault — land or sea below, no floating symbols.",weather,implied,implied,temporal hush,rich,amber and silver split,hero
3,14,嘲,derision,derision,V1 KML-WASH: study illustration tied to lesson palette and verse mood.,"Gallery still for «derision»: a compelling real-world subject — figure, object, or weather — in turquoise and weathered gold; impressionistic realism; moment from a larger story; kanji 嘲 only if carved, cast, or woven into the scene.",landscape,none,implied,"alert, slightly witty",moderate,"alert, slightly witty; exhibition depth",supporting
3,15,只,only,only,V1 KML-WASH: study illustration tied to lesson palette and verse mood.,"Gallery still for «only»: a compelling real-world subject — figure, object, or weather — in turquoise and weathered gold; impressionistic realism; moment from a larger story; kanji 只 only if carved, cast, or woven into the scene.",human,secondary,implied,"alert, slightly witty",moderate,"alert, slightly witty; exhibition depth",supporting
3,16,貝,shellfish,shellfish,V1 KML-WASH: study illustration tied to lesson palette and verse mood.,"Portrait of a shellfish in shallow depth of field, background dissolved into indigo shadow — a gallery animal study, not an emblem.",animal,none,active,"alert, slightly witty",moderate,"living air, tactile detail",supporting
3,17,唄,pop_song,pop_song,V1 KML-WASH: study illustration tied to lesson palette and verse mood.,"Gallery still for «pop_song»: a compelling real-world subject — figure, object, or weather — in turquoise and weathered gold; impressionistic realism; moment from a larger story; kanji 唄 only if carved, cast, or woven into the scene.",landscape,none,implied,"alert, slightly witty",moderate,"alert, slightly witty; exhibition depth",supporting
3,18,貞,virtue,virtue,V1 KML-WASH: study illustration tied to lesson palette and verse mood.,"Gallery still for «virtue»: a compelling real-world subject — figure, object, or weather — in turquoise and weathered gold; impressionistic realism; moment from a larger story; kanji 貞 only if carved, cast, or woven into the scene.",human,secondary,implied,"alert, slightly witty",moderate,"alert, slightly witty; exhibition depth",supporting
3,19,員,employee,employee,V1 KML-WASH: study illustration tied to lesson palette and verse mood.,"Gallery still for «employee»: a compelling real-world subject — figure, object, or weather — in turquoise and weathered gold; impressionistic realism; moment from a larger story; kanji 員 only if carved, cast, or woven into the scene.",landscape,none,implied,"alert, slightly witty",moderate,"alert, slightly witty; exhibition depth",feature
3,20,卜,signal,signal,V1 KML-WASH: study illustration tied to lesson palette and verse mood.,"Gallery still for «signal»: a compelling real-world subject — figure, object, or weather — in turquoise and weathered gold; impressionistic realism; moment from a larger story; kanji 卜 only if carved, cast, or woven into the scene.",landscape,none,implied,"alert, slightly witty",moderate,"alert, slightly witty; exhibition depth",hero
4,1,貼,post_a_bill,post_a_bill,V1 KML-CLASS: study illustration tied to lesson palette and verse mood.,"Gallery still for «post_a_bill»: a compelling real-world subject — figure, object, or weather — in warm red and orange with ivory strokes; impressionistic realism; moment from a larger story; kanji 貼 only if carved, cast, or woven into the scene.",landscape,none,implied,scholarly calm,moderate,scholarly calm; exhibition depth,transition
4,2,見,see,see,V1 KML-CLASS: study illustration tied to lesson palette and verse mood.,"Gallery still for «see»: a compelling real-world subject — figure, object, or weather — in warm red and orange with ivory strokes; impressionistic realism; moment from a larger story; kanji 見 only if carved, cast, or woven into the scene.",human,secondary,implied,scholarly calm,moderate,scholarly calm; exhibition depth,hero
4,3,児,newborn,newborn,V1 KML-CLASS: study illustration tied to lesson palette and verse mood.,"Gallery still for «newborn»: a compelling real-world subject — figure, object, or weather — in warm red and orange with ivory strokes; impressionistic realism; moment from a larger story; kanji 児 only if carved, cast, or woven into the scene.",still_life,none,implied,scholarly calm,moderate,scholarly calm; exhibition depth,transition
4,4,元,beginning,beginning,V1 KML-CLASS: study illustration tied to lesson palette and verse mood.,"Gallery still for «beginning»: a compelling real-world subject — figure, object, or weather — in warm red and orange with ivory strokes; impressionistic realism; moment from a larger story; kanji 元 only if carved, cast, or woven into the scene.",mixed,implied,implied,scholarly calm,moderate,scholarly calm; exhibition depth,supporting
4,5,頁,page,page,V1 KML-CLASS: study illustration tied to lesson palette and verse mood.,"Gallery still for «page»: a compelling real-world subject — figure, object, or weather — in warm red and orange with ivory strokes; impressionistic realism; moment from a larger story; kanji 頁 only if carved, cast, or woven into the scene.",landscape,none,implied,scholarly calm,moderate,scholarly calm; exhibition depth,supporting
4,6,頑,stubborn,stubborn,V1 KML-CLASS: study illustration tied to lesson palette and verse mood.,"Gallery still for «stubborn»: a compelling real-world subject — figure, object, or weather — in warm red and orange with ivory strokes; impressionistic realism; moment from a larger story; kanji 頑 only if carved, cast, or woven into the scene.",landscape,none,implied,scholarly calm,moderate,scholarly calm; exhibition depth,supporting
4,7,凡,mediocre,mediocre,V1 KML-CLASS: study illustration tied to lesson palette and verse mood.,"Gallery still for «mediocre»: a compelling real-world subject — figure, object, or weather — in warm red and orange with ivory strokes; impressionistic realism; moment from a larger story; kanji 凡 only if carved, cast, or woven into the scene.",still_life,none,implied,scholarly calm,moderate,scholarly calm; exhibition depth,supporting
4,8,負,defeat,defeat,V1 KML-CLASS: study illustration tied to lesson palette and verse mood.,"Gallery still for «defeat»: a compelling real-world subject — figure, object, or weather — in warm red and orange with ivory strokes; impressionistic realism; moment from a larger story; kanji 負 only if carved, cast, or woven into the scene.",still_life,none,implied,scholarly calm,moderate,scholarly calm; exhibition depth,hero
4,9,万,ten_thousand,ten_thousand,V1 KML-CLASS: study illustration tied to lesson palette and verse mood.,"Gallery still for «ten_thousand»: a compelling real-world subject — figure, object, or weather — in warm red and orange with ivory strokes; impressionistic realism; moment from a larger story; kanji 万 only if carved, cast, or woven into the scene.",human,secondary,implied,scholarly calm,moderate,scholarly calm; exhibition depth,supporting
4,10,句,phrase,phrase,V1 KML-CLASS: study illustration tied to lesson palette and verse mood.,"Gallery still for «phrase»: a compelling real-world subject — figure, object, or weather — in warm red and orange with ivory strokes; impressionistic realism; moment from a larger story; kanji 句 only if carved, cast, or woven into the scene.",human,secondary,implied,scholarly calm,moderate,scholarly calm; exhibition depth,feature
4,11,肌,texture,texture,V1 KML-CLASS: study illustration tied to lesson palette and verse mood.,"Gallery still for «texture»: a compelling real-world subject — figure, object, or weather — in warm red and orange with ivory strokes; impressionistic realism; moment from a larger story; kanji 肌 only if carved, cast, or woven into the scene.",human,secondary,implied,scholarly calm,moderate,scholarly calm; exhibition depth,supporting
4,12,旬,ten_days,ten_days,V1 KML-CLASS: study illustration tied to lesson palette and verse mood.,"Horizon ceremony: ten days light breaking through cloud vault — land or sea below, no floating symbols.",weather,implied,implied,temporal hush,rich,amber and silver split,supporting
4,13,勺, ,ladle,V1 KML-CLASS: study illustration tied to lesson palette and verse mood.,"Gallery still for « »: a compelling real-world subject — figure, object, or weather — in warm red and orange with ivory strokes; impressionistic realism; moment from a larger story; kanji 勺 only if carved, cast, or woven into the scene.",landscape,none,implied,scholarly calm,moderate,scholarly calm; exhibition depth,supporting
4,14,的,bulls_eye,bulls_eye,V1 KML-CLASS: study illustration tied to lesson palette and verse mood.,"Gallery still for «bulls_eye»: a compelling real-world subject — figure, object, or weather — in warm red and orange with ivory strokes; impressionistic realism; moment from a larger story; kanji 的 only if carved, cast, or woven into the scene.",mixed,implied,implied,scholarly calm,moderate,scholarly calm; exhibition depth,supporting
4,15,首,neck,neck,V1 KML-CLASS: study illustration tied to lesson palette and verse mood.,"Intimate still life: objects associated with the body — cloth, bowl, mirror — arranged as if after bathing; warm red and orange with ivory strokes; human implied, not diagrammed.",still_life,implied,implied,embodied quiet,moderate,"warm interior, shallow focus",supporting
4,16,乙,fish_guts,fish_guts,V1 KML-CLASS: study illustration tied to lesson palette and verse mood.,"Gallery still for «fish_guts»: a compelling real-world subject — figure, object, or weather — in warm red and orange with ivory strokes; impressionistic realism; moment from a larger story; kanji 乙 only if carved, cast, or woven into the scene.",landscape,none,implied,scholarly calm,moderate,scholarly calm; exhibition depth,supporting
4,17,乱,riot,riot,V1 KML-CLASS: study illustration tied to lesson palette and verse mood.,"Gallery still for «riot»: a compelling real-world subject — figure, object, or weather — in warm red and orange with ivory strokes; impressionistic realism; moment from a larger story; kanji 乱 only if carved, cast, or woven into the scene.",landscape,none,implied,scholarly calm,moderate,scholarly calm; exhibition depth,supporting
4,18,直,straightaway,straightaway,V1 KML-CLASS: study illustration tied to lesson palette and verse mood.,"Gallery still for «straightaway»: a compelling real-world subject — figure, object, or weather — in warm red and orange with ivory strokes; impressionistic realism; moment from a larger story; kanji 直 only if carved, cast, or woven into the scene.",human,secondary,implied,scholarly calm,moderate,scholarly calm; exhibition depth,supporting
4,19,具,tool,tool,V1 KML-CLASS: study illustration tied to lesson palette and verse mood.,"Gallery still for «tool»: a compelling real-world subject — figure, object, or weather — in warm red and orange with ivory strokes; impressionistic realism; moment from a larger story; kanji 具 only if carved, cast, or woven into the scene.",still_life,none,implied,scholarly calm,moderate,scholarly calm; exhibition depth,feature
4,20,真,true,true,V1 KML-CLASS: study illustration tied to lesson palette and verse mood.,"Gallery still for «true»: a compelling real-world subject — figure, object, or weather — in warm red and orange with ivory strokes; impressionistic realism; moment from a larger story; kanji 真 only if carved, cast, or woven into the scene.",still_life,none,implied,scholarly calm,moderate,scholarly calm; exhibition depth,hero
5,1,工,craft,craft,V1 KML-POSTER: study illustration tied to lesson palette and verse mood.,"Gallery still for «craft»: a compelling real-world subject — figure, object, or weather — in earth umber and parchment cream; impressionistic realism; moment from a larger story; kanji 工 only if carved, cast, or woven into the scene.",still_life,none,implied,"decisive, instructional",restrained,"decisive, instructional; exhibition depth",transition
5,2,左,left,left,V1 KML-POSTER: study illustration tied to lesson palette and verse mood.,"Gallery still for «left»: a compelling real-world subject — figure, object, or weather — in earth umber and parchment cream; impressionistic realism; moment from a larger story; kanji 左 only if carved, cast, or woven into the scene.",landscape,none,implied,"decisive, instructional",restrained,"decisive, instructional; exhibition depth",transition
5,3,右,right,right,V1 KML-POSTER: study illustration tied to lesson palette and verse mood.,"Gallery still for «right»: a compelling real-world subject — figure, object, or weather — in earth umber and parchment cream; impressionistic realism; moment from a larger story; kanji 右 only if carved, cast, or woven into the scene.",mixed,implied,implied,"decisive, instructional",restrained,"decisive, instructional; exhibition depth",transition
5,4,有,possess,possess,V1 KML-POSTER: study illustration tied to lesson palette and verse mood.,"Gallery still for «possess»: a compelling real-world subject — figure, object, or weather — in earth umber and parchment cream; impressionistic realism; moment from a larger story; kanji 有 only if carved, cast, or woven into the scene.",mixed,implied,implied,"decisive, instructional",restrained,"decisive, instructional; exhibition depth",supporting
5,5,賄,bribe,bribe,V1 KML-POSTER: study illustration tied to lesson palette and verse mood.,"Gallery still for «bribe»: a compelling real-world subject — figure, object, or weather — in earth umber and parchment cream; impressionistic realism; moment from a larger story; kanji 賄 only if carved, cast, or woven into the scene.",landscape,none,implied,"decisive, instructional",restrained,"decisive, instructional; exhibition depth",supporting
5,6,貢,tribute,tribute,V1 KML-POSTER: study illustration tied to lesson palette and verse mood.,"Gallery still for «tribute»: a compelling real-world subject — figure, object, or weather — in earth umber and parchment cream; impressionistic realism; moment from a larger story; kanji 貢 only if carved, cast, or woven into the scene.",landscape,none,implied,"decisive, instructional",restrained,"decisive, instructional; exhibition depth",supporting
5,7,項,paragraph,paragraph,V1 KML-POSTER: study illustration tied to lesson palette and verse mood.,"Gallery still for «paragraph»: a compelling real-world subject — figure, object, or weather — in earth umber and parchment cream; impressionistic realism; moment from a larger story; kanji 項 only if carved, cast, or woven into the scene.",mixed,implied,implied,"decisive, instructional",restrained,"decisive, instructional; exhibition depth",supporting
5,8,刀,sword,sword,V1 KML-POSTER: study illustration tied to lesson palette and verse mood.,"Open book on windowsill, breeze lifting a corner — words implied, world outside in soft focus.",still_life,secondary,implied,scholarly calm,restrained,"lamp pool, parchment cream",hero
5,9,刃,blade,blade,V1 KML-POSTER: study illustration tied to lesson palette and verse mood.,"Gallery still for «blade»: a compelling real-world subject — figure, object, or weather — in earth umber and parchment cream; impressionistic realism; moment from a larger story; kanji 刃 only if carved, cast, or woven into the scene.",human,secondary,implied,"decisive, instructional",restrained,"decisive, instructional; exhibition depth",supporting
5,10,切,cut,cut,V1 KML-POSTER: study illustration tied to lesson palette and verse mood.,"Mid-action freeze: a figure cuting through weather — coat or cloth caught by wind; diagonal energy, cinematic still.",human,primary,active,kinetic resolve,restrained,motion blur on rain,feature
5,11,召,seduce,seduce,V1 KML-POSTER: study illustration tied to lesson palette and verse mood.,"Gallery still for «seduce»: a compelling real-world subject — figure, object, or weather — in earth umber and parchment cream; impressionistic realism; moment from a larger story; kanji 召 only if carved, cast, or woven into the scene.",landscape,none,implied,"decisive, instructional",restrained,"decisive, instructional; exhibition depth",supporting
5,12,昭,shining,shining,V1 KML-POSTER: study illustration tied to lesson palette and verse mood.,"Gallery still for «shining»: a compelling real-world subject — figure, object, or weather — in earth umber and parchment cream; impressionistic realism; moment from a larger story; kanji 昭 only if carved, cast, or woven into the scene.",landscape,none,implied,"decisive, instructional",restrained,"decisive, instructional; exhibition depth",supporting
5,13,則,rule,rule,V1 KML-POSTER: study illustration tied to lesson palette and verse mood.,"Gallery still for «rule»: a compelling real-world subject — figure, object, or weather — in earth umber and parchment cream; impressionistic realism; moment from a larger story; kanji 則 only if carved, cast, or woven into the scene.",still_life,none,implied,"decisive, instructional",restrained,"decisive, instructional; exhibition depth",supporting
5,14,副,vice,vice,V1 KML-POSTER: study illustration tied to lesson palette and verse mood.,"Gallery still for «vice»: a compelling real-world subject — figure, object, or weather — in earth umber and parchment cream; impressionistic realism; moment from a larger story; kanji 副 only if carved, cast, or woven into the scene.",landscape,none,implied,"decisive, instructional",restrained,"decisive, instructional; exhibition depth",supporting
5,15,別,separate,separate,V1 KML-POSTER: study illustration tied to lesson palette and verse mood.,"Gallery still for «separate»: a compelling real-world subject — figure, object, or weather — in earth umber and parchment cream; impressionistic realism; moment from a larger story; kanji 別 only if carved, cast, or woven into the scene.",landscape,none,implied,"decisive, instructional",restrained,"decisive, instructional; exhibition depth",supporting
5,16,丁,street,street,V1 KML-POSTER: study illustration tied to lesson palette and verse mood.,"Planting or harvest moment: hands near soil, seedling or leaf backlit — growth as narrative, not botany slide.",landscape,secondary,implied,grounded life,restrained,"green depth, gold rim light",supporting
5,17,町,town,town,V1 KML-POSTER: study illustration tied to lesson palette and verse mood.,"Twilight on rooftops and tiles, smoke from one chimney — town as breathing organism.",architecture,secondary,implied,institutional calm,restrained,"stone grey, lantern amber",supporting
5,18,可,possible,possible,V1 KML-POSTER: study illustration tied to lesson palette and verse mood.,"Gallery still for «possible»: a compelling real-world subject — figure, object, or weather — in earth umber and parchment cream; impressionistic realism; moment from a larger story; kanji 可 only if carved, cast, or woven into the scene.",human,secondary,implied,"decisive, instructional",restrained,"decisive, instructional; exhibition depth",supporting
5,19,頂,top,top,V1 KML-POSTER: study illustration tied to lesson palette and verse mood.,"Gallery still for «top»: a compelling real-world subject — figure, object, or weather — in earth umber and parchment cream; impressionistic realism; moment from a larger story; kanji 頂 only if carved, cast, or woven into the scene.",landscape,none,implied,"decisive, instructional",restrained,"decisive, instructional; exhibition depth",feature
5,20,子,child,child,V1 KML-POSTER: study illustration tied to lesson palette and verse mood.,"Gallery still for «child»: a compelling real-world subject — figure, object, or weather — in earth umber and parchment cream; impressionistic realism; moment from a larger story; kanji 子 only if carved, cast, or woven into the scene.",human,secondary,implied,"decisive, instructional",restrained,"decisive, instructional; exhibition depth",hero
6,1,孔,cavity,cavity,V1 KML-WASH: study illustration tied to lesson palette and verse mood.,"Gallery still for «cavity»: a compelling real-world subject — figure, object, or weather — in moss green and aged bronze; impressionistic realism; moment from a larger story; kanji 孔 only if carved, cast, or woven into the scene.",human,secondary,implied,"intimate, grounded",restrained,"intimate, grounded; exhibition depth",transition
6,2,了,finish,finish,V1 KML-WASH: study illustration tied to lesson palette and verse mood.,"Gallery still for «finish»: a compelling real-world subject — figure, object, or weather — in moss green and aged bronze; impressionistic realism; moment from a larger story; kanji 了 only if carved, cast, or woven into the scene.",landscape,none,implied,"intimate, grounded",restrained,"intimate, grounded; exhibition depth",transition
6,3,女,woman,woman,V1 KML-WASH: study illustration tied to lesson palette and verse mood.,"Gallery still for «woman»: a compelling real-world subject — figure, object, or weather — in moss green and aged bronze; impressionistic realism; moment from a larger story; kanji 女 only if carved, cast, or woven into the scene.",still_life,none,implied,"intimate, grounded",restrained,"intimate, grounded; exhibition depth",transition
6,4,好,fond_of,fond_of,V1 KML-WASH: study illustration tied to lesson palette and verse mood.,"Gallery still for «fond_of»: a compelling real-world subject — figure, object, or weather — in moss green and aged bronze; impressionistic realism; moment from a larger story; kanji 好 only if carved, cast, or woven into the scene.",mixed,implied,implied,"intimate, grounded",restrained,"intimate, grounded; exhibition depth",supporting
6,5,如,likeness,likeness,V1 KML-WASH: study illustration tied to lesson palette and verse mood.,"Gallery still for «likeness»: a compelling real-world subject — figure, object, or weather — in moss green and aged bronze; impressionistic realism; moment from a larger story; kanji 如 only if carved, cast, or woven into the scene.",human,secondary,implied,"intimate, grounded",restrained,"intimate, grounded; exhibition depth",supporting
6,6,母,mother,mother,V1 KML-WASH: study illustration tied to lesson palette and verse mood.,"Gallery still for «mother»: a compelling real-world subject — figure, object, or weather — in moss green and aged bronze; impressionistic realism; moment from a larger story; kanji 母 only if carved, cast, or woven into the scene.",mixed,implied,implied,"intimate, grounded",restrained,"intimate, grounded; exhibition depth",supporting
6,7,貫,pierce,pierce,V1 KML-WASH: study illustration tied to lesson palette and verse mood.,"Gallery still for «pierce»: a compelling real-world subject — figure, object, or weather — in moss green and aged bronze; impressionistic realism; moment from a larger story; kanji 貫 only if carved, cast, or woven into the scene.",landscape,none,implied,"intimate, grounded",restrained,"intimate, grounded; exhibition depth",supporting
6,8,兄,older_brother,older_brother,V1 KML-WASH: study illustration tied to lesson palette and verse mood.,"Gallery still for «older_brother»: a compelling real-world subject — figure, object, or weather — in moss green and aged bronze; impressionistic realism; moment from a larger story; kanji 兄 only if carved, cast, or woven into the scene.",still_life,none,implied,"intimate, grounded",restrained,"intimate, grounded; exhibition depth",supporting
6,9,呪,curse,curse,V1 KML-WASH: study illustration tied to lesson palette and verse mood.,"Gallery still for «curse»: a compelling real-world subject — figure, object, or weather — in moss green and aged bronze; impressionistic realism; moment from a larger story; kanji 呪 only if carved, cast, or woven into the scene.",still_life,none,implied,"intimate, grounded",restrained,"intimate, grounded; exhibition depth",hero
6,10,克,overcome,overcome,V1 KML-WASH: study illustration tied to lesson palette and verse mood.,"Gallery still for «overcome»: a compelling real-world subject — figure, object, or weather — in moss green and aged bronze; impressionistic realism; moment from a larger story; kanji 克 only if carved, cast, or woven into the scene.",landscape,none,implied,"intimate, grounded",restrained,"intimate, grounded; exhibition depth",feature
6,11,小,small,small,V1 KML-WASH: study illustration tied to lesson palette and verse mood.,"Gallery still for «small»: a compelling real-world subject — figure, object, or weather — in moss green and aged bronze; impressionistic realism; moment from a larger story; kanji 小 only if carved, cast, or woven into the scene.",mixed,implied,implied,"intimate, grounded",restrained,"intimate, grounded; exhibition depth",supporting
6,12,少,few,few,V1 KML-WASH: study illustration tied to lesson palette and verse mood.,"Gallery still for «few»: a compelling real-world subject — figure, object, or weather — in moss green and aged bronze; impressionistic realism; moment from a larger story; kanji 少 only if carved, cast, or woven into the scene.",human,secondary,implied,"intimate, grounded",restrained,"intimate, grounded; exhibition depth",supporting
6,13,大,large,large,V1 KML-WASH: study illustration tied to lesson palette and verse mood.,"Gallery still for «large»: a compelling real-world subject — figure, object, or weather — in moss green and aged bronze; impressionistic realism; moment from a larger story; kanji 大 only if carved, cast, or woven into the scene.",still_life,none,implied,"intimate, grounded",restrained,"intimate, grounded; exhibition depth",supporting
6,14,多,many,many,V1 KML-WASH: study illustration tied to lesson palette and verse mood.,"Gallery still for «many»: a compelling real-world subject — figure, object, or weather — in moss green and aged bronze; impressionistic realism; moment from a larger story; kanji 多 only if carved, cast, or woven into the scene.",human,secondary,implied,"intimate, grounded",restrained,"intimate, grounded; exhibition depth",hero
6,15,夕,evening,evening,V1 KML-WASH: study illustration tied to lesson palette and verse mood.,"Horizon ceremony: evening light breaking through cloud vault — land or sea below, no floating symbols.",weather,implied,implied,temporal hush,rich,amber and silver split,supporting
6,16,汐,eventide,eventide,V1 KML-WASH: study illustration tied to lesson palette and verse mood.,"Gallery still for «eventide»: a compelling real-world subject — figure, object, or weather — in moss green and aged bronze; impressionistic realism; moment from a larger story; kanji 汐 only if carved, cast, or woven into the scene.",still_life,none,implied,"intimate, grounded",restrained,"intimate, grounded; exhibition depth",supporting
6,17,外,outside,outside,V1 KML-WASH: study illustration tied to lesson palette and verse mood.,"Gallery still for «outside»: a compelling real-world subject — figure, object, or weather — in moss green and aged bronze; impressionistic realism; moment from a larger story; kanji 外 only if carved, cast, or woven into the scene.",mixed,implied,implied,"intimate, grounded",restrained,"intimate, grounded; exhibition depth",supporting
6,18,名,name,name,V1 KML-WASH: study illustration tied to lesson palette and verse mood.,"Gallery still for «name»: a compelling real-world subject — figure, object, or weather — in moss green and aged bronze; impressionistic realism; moment from a larger story; kanji 名 only if carved, cast, or woven into the scene.",mixed,implied,implied,"intimate, grounded",restrained,"intimate, grounded; exhibition depth",supporting
6,19,石,stone,stone,V1 KML-WASH: study illustration tied to lesson palette and verse mood.,"Gallery still for «stone»: a compelling real-world subject — figure, object, or weather — in moss green and aged bronze; impressionistic realism; moment from a larger story; kanji 石 only if carved, cast, or woven into the scene.",landscape,none,implied,"intimate, grounded",restrained,"intimate, grounded; exhibition depth",feature
6,20,肖,resemblance,resemblance,V1 KML-WASH: study illustration tied to lesson palette and verse mood.,"Gallery still for «resemblance»: a compelling real-world subject — figure, object, or weather — in moss green and aged bronze; impressionistic realism; moment from a larger story; kanji 肖 only if carved, cast, or woven into the scene.",still_life,none,implied,"intimate, grounded",restrained,"intimate, grounded; exhibition depth",hero
7,1,硝,nitrate,nitrate,V1 KML-IMPR: study illustration tied to lesson palette and verse mood.,"Gallery still for «nitrate»: a compelling real-world subject — figure, object, or weather — in warm red and orange with ivory strokes; impressionistic realism; moment from a larger story; kanji 硝 only if carved, cast, or woven into the scene.",human,secondary,implied,"tactile, cool-warm",moderate,"tactile, cool-warm; exhibition depth",transition
7,2,砕,smash,smash,V1 KML-IMPR: study illustration tied to lesson palette and verse mood.,"Gallery still for «smash»: a compelling real-world subject — figure, object, or weather — in warm red and orange with ivory strokes; impressionistic realism; moment from a larger story; kanji 砕 only if carved, cast, or woven into the scene.",landscape,none,implied,"tactile, cool-warm",moderate,"tactile, cool-warm; exhibition depth",transition
7,3,砂,sand,sand,V1 KML-IMPR: study illustration tied to lesson palette and verse mood.,"Gallery still for «sand»: a compelling real-world subject — figure, object, or weather — in warm red and orange with ivory strokes; impressionistic realism; moment from a larger story; kanji 砂 only if carved, cast, or woven into the scene.",mixed,implied,implied,"tactile, cool-warm",moderate,"tactile, cool-warm; exhibition depth",transition
7,4,妬,jealousy,jealousy,V1 KML-IMPR: study illustration tied to lesson palette and verse mood.,"Gallery still for «jealousy»: a compelling real-world subject — figure, object, or weather — in warm red and orange with ivory strokes; impressionistic realism; moment from a larger story; kanji 妬 only if carved, cast, or woven into the scene.",still_life,none,implied,"tactile, cool-warm",moderate,"tactile, cool-warm; exhibition depth",supporting
7,5,削,plane,plane,V1 KML-IMPR: study illustration tied to lesson palette and verse mood.,"Gallery still for «plane»: a compelling real-world subject — figure, object, or weather — in warm red and orange with ivory strokes; impressionistic realism; moment from a larger story; kanji 削 only if carved, cast, or woven into the scene.",landscape,none,implied,"tactile, cool-warm",moderate,"tactile, cool-warm; exhibition depth",supporting
7,6,光,ray,ray,V1 KML-IMPR: study illustration tied to lesson palette and verse mood.,"Gallery still for «ray»: a compelling real-world subject — figure, object, or weather — in warm red and orange with ivory strokes; impressionistic realism; moment from a larger story; kanji 光 only if carved, cast, or woven into the scene.",still_life,none,implied,"tactile, cool-warm",moderate,"tactile, cool-warm; exhibition depth",hero
7,7,太,plump,plump,V1 KML-IMPR: study illustration tied to lesson palette and verse mood.,"Gallery still for «plump»: a compelling real-world subject — figure, object, or weather — in warm red and orange with ivory strokes; impressionistic realism; moment from a larger story; kanji 太 only if carved, cast, or woven into the scene.",mixed,implied,implied,"tactile, cool-warm",moderate,"tactile, cool-warm; exhibition depth",supporting
7,8,器,utensil,utensil,V1 KML-IMPR: study illustration tied to lesson palette and verse mood.,"Gallery still for «utensil»: a compelling real-world subject — figure, object, or weather — in warm red and orange with ivory strokes; impressionistic realism; moment from a larger story; kanji 器 only if carved, cast, or woven into the scene.",landscape,none,implied,"tactile, cool-warm",moderate,"tactile, cool-warm; exhibition depth",supporting
7,9,臭,stinking,stinking,V1 KML-IMPR: study illustration tied to lesson palette and verse mood.,"Gallery still for «stinking»: a compelling real-world subject — figure, object, or weather — in warm red and orange with ivory strokes; impressionistic realism; moment from a larger story; kanji 臭 only if carved, cast, or woven into the scene.",mixed,implied,implied,"tactile, cool-warm",moderate,"tactile, cool-warm; exhibition depth",supporting
7,10,嗅,sniff,sniff,V1 KML-IMPR: study illustration tied to lesson palette and verse mood.,"Gallery still for «sniff»: a compelling real-world subject — figure, object, or weather — in warm red and orange with ivory strokes; impressionistic realism; moment from a larger story; kanji 嗅 only if carved, cast, or woven into the scene.",still_life,none,implied,"tactile, cool-warm",moderate,"tactile, cool-warm; exhibition depth",feature
7,11,妙,exquisite,exquisite,V1 KML-IMPR: study illustration tied to lesson palette and verse mood.,"Gallery still for «exquisite»: a compelling real-world subject — figure, object, or weather — in warm red and orange with ivory strokes; impressionistic realism; moment from a larger story; kanji 妙 only if carved, cast, or woven into the scene.",human,secondary,implied,"tactile, cool-warm",moderate,"tactile, cool-warm; exhibition depth",supporting
7,12,省,government_ministry,government_ministry,V1 KML-IMPR: study illustration tied to lesson palette and verse mood.,"Gallery still for «government_ministry»: a compelling real-world subject — figure, object, or weather — in warm red and orange with ivory strokes; impressionistic realism; moment from a larger story; kanji 省 only if carved, cast, or woven into the scene.",human,secondary,implied,"tactile, cool-warm",moderate,"tactile, cool-warm; exhibition depth",supporting
7,13,厚,thick,thick,V1 KML-IMPR: study illustration tied to lesson palette and verse mood.,"Gallery still for «thick»: a compelling real-world subject — figure, object, or weather — in warm red and orange with ivory strokes; impressionistic realism; moment from a larger story; kanji 厚 only if carved, cast, or woven into the scene.",still_life,none,implied,"tactile, cool-warm",moderate,"tactile, cool-warm; exhibition depth",supporting
7,14,奇,strange,strange,V1 KML-IMPR: study illustration tied to lesson palette and verse mood.,"Gallery still for «strange»: a compelling real-world subject — figure, object, or weather — in warm red and orange with ivory strokes; impressionistic realism; moment from a larger story; kanji 奇 only if carved, cast, or woven into the scene.",human,secondary,implied,"tactile, cool-warm",moderate,"tactile, cool-warm; exhibition depth",supporting
7,15,川,river,river,V1 KML-IMPR: study illustration tied to lesson palette and verse mood.,"Rain on stone basin overflowing — weather as protagonist; silver streaks, deep green moss, one wooden ladle.",landscape,secondary,implied,flowing calm,moderate,"wet stone, atmospheric depth",supporting
7,16,州,state,state,V1 KML-IMPR: study illustration tied to lesson palette and verse mood.,"Gallery still for «state»: a compelling real-world subject — figure, object, or weather — in warm red and orange with ivory strokes; impressionistic realism; moment from a larger story; kanji 州 only if carved, cast, or woven into the scene.",mixed,implied,implied,"tactile, cool-warm",moderate,"tactile, cool-warm; exhibition depth",supporting
7,17,順,follow,follow,V1 KML-IMPR: study illustration tied to lesson palette and verse mood.,"Gallery still for «follow»: a compelling real-world subject — figure, object, or weather — in warm red and orange with ivory strokes; impressionistic realism; moment from a larger story; kanji 順 only if carved, cast, or woven into the scene.",landscape,none,implied,"tactile, cool-warm",moderate,"tactile, cool-warm; exhibition depth",supporting
7,18,水,water,water,V1 KML-IMPR: study illustration tied to lesson palette and verse mood.,"River or shore at blue hour, current carrying reflected sky — a figure optional at the margin; warm red and orange with ivory strokes; water as moving light.",landscape,secondary,implied,flowing calm,moderate,"wet stone, atmospheric depth",supporting
7,19,氷,ice,ice,V1 KML-IMPR: study illustration tied to lesson palette and verse mood.,"Rain on stone basin overflowing — weather as protagonist; silver streaks, deep green moss, one wooden ladle.",landscape,secondary,implied,flowing calm,moderate,"wet stone, atmospheric depth",feature
7,20,永,eternity,eternity,V1 KML-IMPR: study illustration tied to lesson palette and verse mood.,"Gallery still for «eternity»: a compelling real-world subject — figure, object, or weather — in warm red and orange with ivory strokes; impressionistic realism; moment from a larger story; kanji 永 only if carved, cast, or woven into the scene.",human,secondary,implied,"tactile, cool-warm",moderate,"tactile, cool-warm; exhibition depth",hero
8,1,泉,spring,spring,V1 KML-WASH: study illustration tied to lesson palette and verse mood.,"Rain on stone basin overflowing — weather as protagonist; silver streaks, deep green moss, one wooden ladle.",landscape,secondary,implied,flowing calm,moderate,"wet stone, atmospheric depth",transition
8,2,腺,gland,gland,V1 KML-WASH: study illustration tied to lesson palette and verse mood.,"Gallery still for «gland»: a compelling real-world subject — figure, object, or weather — in deep indigo and muted gold with cool ivory strokes; impressionistic realism; moment from a larger story; kanji 腺 only if carved, cast, or woven into the scene.",human,secondary,implied,"flowing, restorative",moderate,"flowing, restorative; exhibition depth",transition
8,3,原,meadow,meadow,V1 KML-WASH: study illustration tied to lesson palette and verse mood.,"Gallery still for «meadow»: a compelling real-world subject — figure, object, or weather — in deep indigo and muted gold with cool ivory strokes; impressionistic realism; moment from a larger story; kanji 原 only if carved, cast, or woven into the scene.",mixed,implied,implied,"flowing, restorative",moderate,"flowing, restorative; exhibition depth",transition
8,4,願,petition,petition,V1 KML-WASH: study illustration tied to lesson palette and verse mood.,"Gallery still for «petition»: a compelling real-world subject — figure, object, or weather — in deep indigo and muted gold with cool ivory strokes; impressionistic realism; moment from a larger story; kanji 願 only if carved, cast, or woven into the scene.",mixed,implied,implied,"flowing, restorative",moderate,"flowing, restorative; exhibition depth",supporting
8,5,泳,swim,swim,V1 KML-WASH: study illustration tied to lesson palette and verse mood.,"River or shore at blue hour, current carrying reflected sky — a figure optional at the margin; deep indigo and muted gold with cool ivory strokes; water as moving light.",landscape,secondary,implied,flowing calm,moderate,"wet stone, atmospheric depth",supporting
8,6,沼,marsh,marsh,V1 KML-WASH: study illustration tied to lesson palette and verse mood.,"River or shore at blue hour, current carrying reflected sky — a figure optional at the margin; deep indigo and muted gold with cool ivory strokes; water as moving light.",landscape,secondary,implied,flowing calm,moderate,"wet stone, atmospheric depth",supporting
8,7,沖,open_sea,open_sea,V1 KML-WASH: study illustration tied to lesson palette and verse mood.,"Gallery still for «open_sea»: a compelling real-world subject — figure, object, or weather — in deep indigo and muted gold with cool ivory strokes; impressionistic realism; moment from a larger story; kanji 沖 only if carved, cast, or woven into the scene.",human,secondary,implied,"flowing, restorative",moderate,"flowing, restorative; exhibition depth",hero
8,8,汎, ,general,V1 KML-WASH: study illustration tied to lesson palette and verse mood.,"Gallery still for « »: a compelling real-world subject — figure, object, or weather — in deep indigo and muted gold with cool ivory strokes; impressionistic realism; moment from a larger story; kanji 汎 only if carved, cast, or woven into the scene.",landscape,none,implied,"flowing, restorative",moderate,"flowing, restorative; exhibition depth",supporting
8,9,江,creek,creek,V1 KML-WASH: study illustration tied to lesson palette and verse mood.,"Rain on stone basin overflowing — weather as protagonist; silver streaks, deep green moss, one wooden ladle.",landscape,secondary,implied,flowing calm,moderate,"wet stone, atmospheric depth",supporting
8,10,汰,cleanse,cleanse,V1 KML-WASH: study illustration tied to lesson palette and verse mood.,"Gallery still for «cleanse»: a compelling real-world subject — figure, object, or weather — in deep indigo and muted gold with cool ivory strokes; impressionistic realism; moment from a larger story; kanji 汰 only if carved, cast, or woven into the scene.",still_life,none,implied,"flowing, restorative",moderate,"flowing, restorative; exhibition depth",feature
8,11,汁,soup,soup,V1 KML-WASH: study illustration tied to lesson palette and verse mood.,"River or shore at blue hour, current carrying reflected sky — a figure optional at the margin; deep indigo and muted gold with cool ivory strokes; water as moving light.",landscape,secondary,implied,flowing calm,moderate,"wet stone, atmospheric depth",supporting
8,12,沙,grains_of_sand,grains_of_sand,V1 KML-WASH: study illustration tied to lesson palette and verse mood.,"Gallery still for «grains_of_sand»: a compelling real-world subject — figure, object, or weather — in deep indigo and muted gold with cool ivory strokes; impressionistic realism; moment from a larger story; kanji 沙 only if carved, cast, or woven into the scene.",mixed,implied,implied,"flowing, restorative",moderate,"flowing, restorative; exhibition depth",supporting
8,13,潮,tide,tide,V1 KML-WASH: study illustration tied to lesson palette and verse mood.,"River or shore at blue hour, current carrying reflected sky — a figure optional at the margin; deep indigo and muted gold with cool ivory strokes; water as moving light.",landscape,secondary,implied,flowing calm,moderate,"wet stone, atmospheric depth",supporting
8,14,源,source,source,V1 KML-WASH: study illustration tied to lesson palette and verse mood.,"Gallery still for «source»: a compelling real-world subject — figure, object, or weather — in deep indigo and muted gold with cool ivory strokes; impressionistic realism; moment from a larger story; kanji 源 only if carved, cast, or woven into the scene.",human,secondary,implied,"flowing, restorative",moderate,"flowing, restorative; exhibition depth",supporting
8,15,活,lively,lively,V1 KML-WASH: study illustration tied to lesson palette and verse mood.,"Gallery still for «lively»: a compelling real-world subject — figure, object, or weather — in deep indigo and muted gold with cool ivory strokes; impressionistic realism; moment from a larger story; kanji 活 only if carved, cast, or woven into the scene.",landscape,none,implied,"flowing, restorative",moderate,"flowing, restorative; exhibition depth",supporting
8,16,消,extinguish,extinguish,V1 KML-WASH: study illustration tied to lesson palette and verse mood.,"Gallery still for «extinguish»: a compelling real-world subject — figure, object, or weather — in deep indigo and muted gold with cool ivory strokes; impressionistic realism; moment from a larger story; kanji 消 only if carved, cast, or woven into the scene.",human,secondary,implied,"flowing, restorative",moderate,"flowing, restorative; exhibition depth",hero
8,17,況,condition,condition,V1 KML-WASH: study illustration tied to lesson palette and verse mood.,"Gallery still for «condition»: a compelling real-world subject — figure, object, or weather — in deep indigo and muted gold with cool ivory strokes; impressionistic realism; moment from a larger story; kanji 況 only if carved, cast, or woven into the scene.",still_life,none,implied,"flowing, restorative",moderate,"flowing, restorative; exhibition depth",supporting
8,18,河,large_river,large_river,V1 KML-WASH: study illustration tied to lesson palette and verse mood.,"Gallery still for «large_river»: a compelling real-world subject — figure, object, or weather — in deep indigo and muted gold with cool ivory strokes; impressionistic realism; moment from a larger story; kanji 河 only if carved, cast, or woven into the scene.",mixed,implied,implied,"flowing, restorative",moderate,"flowing, restorative; exhibition depth",supporting
8,19,泊,overnight,overnight,V1 KML-WASH: study illustration tied to lesson palette and verse mood.,"Window scene: interior dark, exterior lit — the hour itself is the subject.",weather,implied,implied,temporal hush,rich,amber and silver split,feature
8,20,湖,lake,lake,V1 KML-WASH: study illustration tied to lesson palette and verse mood.,"Rain on stone basin overflowing — weather as protagonist; silver streaks, deep green moss, one wooden ladle.",landscape,secondary,implied,flowing calm,moderate,"wet stone, atmospheric depth",hero
9,1,測,fathom,fathom,V1 KML-CINE: study illustration tied to lesson palette and verse mood.,"Gallery still for «fathom»: a compelling real-world subject — figure, object, or weather — in moss green and aged bronze; impressionistic realism; moment from a larger story; kanji 測 only if carved, cast, or woven into the scene.",mixed,implied,implied,"weighted, civic-natural",restrained,"weighted, civic-natural; exhibition depth",transition
9,2,土,soil,soil,V1 KML-CINE: study illustration tied to lesson palette and verse mood.,"Gallery still for «soil»: a compelling real-world subject — figure, object, or weather — in moss green and aged bronze; impressionistic realism; moment from a larger story; kanji 土 only if carved, cast, or woven into the scene.",human,secondary,implied,"weighted, civic-natural",restrained,"weighted, civic-natural; exhibition depth",transition
9,3,吐,spit,spit,V1 KML-CINE: study illustration tied to lesson palette and verse mood.,"Gallery still for «spit»: a compelling real-world subject — figure, object, or weather — in moss green and aged bronze; impressionistic realism; moment from a larger story; kanji 吐 only if carved, cast, or woven into the scene.",landscape,none,implied,"weighted, civic-natural",restrained,"weighted, civic-natural; exhibition depth",transition
9,4,圧,pressure,pressure,V1 KML-CINE: study illustration tied to lesson palette and verse mood.,"Gallery still for «pressure»: a compelling real-world subject — figure, object, or weather — in moss green and aged bronze; impressionistic realism; moment from a larger story; kanji 圧 only if carved, cast, or woven into the scene.",mixed,implied,implied,"weighted, civic-natural",restrained,"weighted, civic-natural; exhibition depth",supporting
9,5,埼,cape,cape,V1 KML-CINE: study illustration tied to lesson palette and verse mood.,"Gallery still for «cape»: a compelling real-world subject — figure, object, or weather — in moss green and aged bronze; impressionistic realism; moment from a larger story; kanji 埼 only if carved, cast, or woven into the scene.",mixed,implied,implied,"weighted, civic-natural",restrained,"weighted, civic-natural; exhibition depth",supporting
9,6,垣,hedge,hedge,V1 KML-CINE: study illustration tied to lesson palette and verse mood.,"Gallery still for «hedge»: a compelling real-world subject — figure, object, or weather — in moss green and aged bronze; impressionistic realism; moment from a larger story; kanji 垣 only if carved, cast, or woven into the scene.",still_life,none,implied,"weighted, civic-natural",restrained,"weighted, civic-natural; exhibition depth",supporting
9,7,填,inlay,inlay,V1 KML-CINE: study illustration tied to lesson palette and verse mood.,"Gallery still for «inlay»: a compelling real-world subject — figure, object, or weather — in moss green and aged bronze; impressionistic realism; moment from a larger story; kanji 填 only if carved, cast, or woven into the scene.",human,secondary,implied,"weighted, civic-natural",restrained,"weighted, civic-natural; exhibition depth",supporting
9,8,圭,jade,jade,V1 KML-CINE: study illustration tied to lesson palette and verse mood.,"Still life on cloth: metal or stone object catching slit light — patina, scratch, weight; museum case without the case.",still_life,secondary,static,material reverence,moderate,"specular highlight, dark ground",hero
9,9,封,seal,seal,V1 KML-CINE: study illustration tied to lesson palette and verse mood.,"Gallery still for «seal»: a compelling real-world subject — figure, object, or weather — in moss green and aged bronze; impressionistic realism; moment from a larger story; kanji 封 only if carved, cast, or woven into the scene.",landscape,none,implied,"weighted, civic-natural",restrained,"weighted, civic-natural; exhibition depth",supporting
9,10,涯,horizon,horizon,V1 KML-CINE: study illustration tied to lesson palette and verse mood.,"Gallery still for «horizon»: a compelling real-world subject — figure, object, or weather — in moss green and aged bronze; impressionistic realism; moment from a larger story; kanji 涯 only if carved, cast, or woven into the scene.",human,secondary,implied,"weighted, civic-natural",restrained,"weighted, civic-natural; exhibition depth",feature
9,11,寺,temple,temple,V1 KML-CINE: study illustration tied to lesson palette and verse mood.,"Architectural passage — corridor, gate, or alley — figure crossing threshold; weathered stone, moss green and aged bronze.",architecture,secondary,implied,institutional calm,restrained,"stone grey, lantern amber",supporting
9,12,時,time,time,V1 KML-CINE: study illustration tied to lesson palette and verse mood.,"Gallery still for «time»: a compelling real-world subject — figure, object, or weather — in moss green and aged bronze; impressionistic realism; moment from a larger story; kanji 時 only if carved, cast, or woven into the scene.",mixed,implied,implied,"weighted, civic-natural",restrained,"weighted, civic-natural; exhibition depth",supporting
9,13,均,level,level,V1 KML-CINE: study illustration tied to lesson palette and verse mood.,"Gallery still for «level»: a compelling real-world subject — figure, object, or weather — in moss green and aged bronze; impressionistic realism; moment from a larger story; kanji 均 only if carved, cast, or woven into the scene.",still_life,none,implied,"weighted, civic-natural",restrained,"weighted, civic-natural; exhibition depth",supporting
9,14,火,fire,fire,V1 KML-CINE: study illustration tied to lesson palette and verse mood.,"Hearth or forge corner: ember core, face lit from below if a figure tends flame — crimson accent in indigo room.",weather,secondary,active,compressed heat,rich,ember and shadow,supporting
9,15,炎,inflammation,inflammation,V1 KML-CINE: study illustration tied to lesson palette and verse mood.,"Storm light on hillside, distant lightning dividing sky — fire as weather, not symbol.",weather,secondary,active,compressed heat,rich,ember and shadow,supporting
9,16,煩,anxiety,anxiety,V1 KML-CINE: study illustration tied to lesson palette and verse mood.,"Interior twilight: a face turned from window light, emotion held in jaw and hand — anxiety as atmosphere, not caption.",human,primary,static,emotional twilight,rich,"violet dusk, smoky rose",feature
9,17,淡,faint,faint,V1 KML-CINE: study illustration tied to lesson palette and verse mood.,"Gallery still for «faint»: a compelling real-world subject — figure, object, or weather — in moss green and aged bronze; impressionistic realism; moment from a larger story; kanji 淡 only if carved, cast, or woven into the scene.",landscape,none,implied,"weighted, civic-natural",restrained,"weighted, civic-natural; exhibition depth",supporting
9,18,灯,lamp,lamp,V1 KML-CINE: study illustration tied to lesson palette and verse mood.,"Storm light on hillside, distant lightning dividing sky — fire as weather, not symbol.",weather,secondary,active,compressed heat,rich,ember and shadow,supporting
9,19,畑,farm,farm,V1 KML-CINE: study illustration tied to lesson palette and verse mood.,"Gallery still for «farm»: a compelling real-world subject — figure, object, or weather — in moss green and aged bronze; impressionistic realism; moment from a larger story; kanji 畑 only if carved, cast, or woven into the scene.",human,secondary,implied,"weighted, civic-natural",restrained,"weighted, civic-natural; exhibition depth",feature
9,20,災,disaster,disaster,V1 KML-CINE: study illustration tied to lesson palette and verse mood.,"Gallery still for «disaster»: a compelling real-world subject — figure, object, or weather — in moss green and aged bronze; impressionistic realism; moment from a larger story; kanji 災 only if carved, cast, or woven into the scene.",human,secondary,implied,"weighted, civic-natural",restrained,"weighted, civic-natural; exhibition depth",hero
10,1,灰,ashes,ashes,V1 KML-NOIR: study illustration tied to lesson palette and verse mood.,"Gallery still for «ashes»: a compelling real-world subject — figure, object, or weather — in turquoise and weathered gold; impressionistic realism; moment from a larger story; kanji 灰 only if carved, cast, or woven into the scene.",landscape,none,implied,ink-deep focus,moderate,ink-deep focus; exhibition depth,transition
10,2,点,point,point,V1 KML-NOIR: study illustration tied to lesson palette and verse mood.,"Gallery still for «point»: a compelling real-world subject — figure, object, or weather — in turquoise and weathered gold; impressionistic realism; moment from a larger story; kanji 点 only if carved, cast, or woven into the scene.",still_life,none,implied,ink-deep focus,moderate,ink-deep focus; exhibition depth,transition
10,3,照,illuminate,illuminate,V1 KML-NOIR: study illustration tied to lesson palette and verse mood.,"Gallery still for «illuminate»: a compelling real-world subject — figure, object, or weather — in turquoise and weathered gold; impressionistic realism; moment from a larger story; kanji 照 only if carved, cast, or woven into the scene.",still_life,none,implied,ink-deep focus,moderate,ink-deep focus; exhibition depth,hero
10,4,魚,fish,fish,V1 KML-NOIR: study illustration tied to lesson palette and verse mood.,"Early morning: a fish at the forest margin, breath visible, dew on grass — impressionistic realism, story implied beyond the edge of trees.",animal,none,active,ink-deep focus,moderate,"living air, tactile detail",supporting
10,5,漁,fishing,fishing,V1 KML-NOIR: study illustration tied to lesson palette and verse mood.,"A fishing caught mid-movement in turquoise and weathered gold light — fur, scale, or feather rendered with tactile realism; the animal owns the frame.",animal,none,active,ink-deep focus,moderate,"living air, tactile detail",supporting
10,6,里,home_village,home_village,V1 KML-NOIR: study illustration tied to lesson palette and verse mood.,"Gallery still for «home_village»: a compelling real-world subject — figure, object, or weather — in turquoise and weathered gold; impressionistic realism; moment from a larger story; kanji 里 only if carved, cast, or woven into the scene.",human,secondary,implied,ink-deep focus,moderate,ink-deep focus; exhibition depth,supporting
10,7,黒,black,black,V1 KML-NOIR: study illustration tied to lesson palette and verse mood.,"Gallery still for «black»: a compelling real-world subject — figure, object, or weather — in turquoise and weathered gold; impressionistic realism; moment from a larger story; kanji 黒 only if carved, cast, or woven into the scene.",still_life,none,implied,ink-deep focus,moderate,ink-deep focus; exhibition depth,supporting
10,8,墨,black_ink,black_ink,V1 KML-NOIR: study illustration tied to lesson palette and verse mood.,"Gallery still for «black_ink»: a compelling real-world subject — figure, object, or weather — in turquoise and weathered gold; impressionistic realism; moment from a larger story; kanji 墨 only if carved, cast, or woven into the scene.",mixed,implied,implied,ink-deep focus,moderate,ink-deep focus; exhibition depth,supporting
10,9,鯉,carp,carp,V1 KML-NOIR: study illustration tied to lesson palette and verse mood.,"A carp caught mid-movement in turquoise and weathered gold light — fur, scale, or feather rendered with tactile realism; the animal owns the frame.",animal,none,active,ink-deep focus,moderate,"living air, tactile detail",supporting
10,10,量,quantity,quantity,V1 KML-NOIR: study illustration tied to lesson palette and verse mood.,"Gallery still for «quantity»: a compelling real-world subject — figure, object, or weather — in turquoise and weathered gold; impressionistic realism; moment from a larger story; kanji 量 only if carved, cast, or woven into the scene.",mixed,implied,implied,ink-deep focus,moderate,ink-deep focus; exhibition depth,feature
10,11,厘,thousandth,thousandth,V1 KML-NOIR: study illustration tied to lesson palette and verse mood.,"Gallery still for «thousandth»: a compelling real-world subject — figure, object, or weather — in turquoise and weathered gold; impressionistic realism; moment from a larger story; kanji 厘 only if carved, cast, or woven into the scene.",still_life,none,implied,ink-deep focus,moderate,ink-deep focus; exhibition depth,supporting
10,12,埋,bury,bury,V1 KML-NOIR: study illustration tied to lesson palette and verse mood.,"Gallery still for «bury»: a compelling real-world subject — figure, object, or weather — in turquoise and weathered gold; impressionistic realism; moment from a larger story; kanji 埋 only if carved, cast, or woven into the scene.",mixed,implied,implied,ink-deep focus,moderate,ink-deep focus; exhibition depth,supporting
10,13,同,same,same,V1 KML-NOIR: study illustration tied to lesson palette and verse mood.,"Gallery still for «same»: a compelling real-world subject — figure, object, or weather — in turquoise and weathered gold; impressionistic realism; moment from a larger story; kanji 同 only if carved, cast, or woven into the scene.",landscape,none,implied,ink-deep focus,moderate,ink-deep focus; exhibition depth,supporting
10,14,洞,den,den,V1 KML-NOIR: study illustration tied to lesson palette and verse mood.,"Gallery still for «den»: a compelling real-world subject — figure, object, or weather — in turquoise and weathered gold; impressionistic realism; moment from a larger story; kanji 洞 only if carved, cast, or woven into the scene.",landscape,none,implied,ink-deep focus,moderate,ink-deep focus; exhibition depth,supporting
10,15,胴,trunk,trunk,V1 KML-NOIR: study illustration tied to lesson palette and verse mood.,"Mid-action freeze: a figure trunking through weather — coat or cloth caught by wind; diagonal energy, cinematic still.",human,primary,active,kinetic resolve,moderate,motion blur on rain,supporting
10,16,向,yonder,yonder,V1 KML-NOIR: study illustration tied to lesson palette and verse mood.,"Gallery still for «yonder»: a compelling real-world subject — figure, object, or weather — in turquoise and weathered gold; impressionistic realism; moment from a larger story; kanji 向 only if carved, cast, or woven into the scene.",mixed,implied,implied,ink-deep focus,moderate,ink-deep focus; exhibition depth,supporting
10,17,尚,esteem,esteem,V1 KML-NOIR: study illustration tied to lesson palette and verse mood.,"Gallery still for «esteem»: a compelling real-world subject — figure, object, or weather — in turquoise and weathered gold; impressionistic realism; moment from a larger story; kanji 尚 only if carved, cast, or woven into the scene.",mixed,implied,implied,ink-deep focus,moderate,ink-deep focus; exhibition depth,supporting
10,18,字,letter,letter,V1 KML-NOIR: study illustration tied to lesson palette and verse mood.,"Desk at night: paper, ink, one lamp — reader leaning close; scholarly intimacy, not instruction.",still_life,secondary,implied,scholarly calm,restrained,"lamp pool, parchment cream",hero
10,19,守,guard,guard,V1 KML-NOIR: study illustration tied to lesson palette and verse mood.,"Gallery still for «guard»: a compelling real-world subject — figure, object, or weather — in turquoise and weathered gold; impressionistic realism; moment from a larger story; kanji 守 only if carved, cast, or woven into the scene.",mixed,implied,implied,ink-deep focus,moderate,ink-deep focus; exhibition depth,feature
10,20,完,complete,complete,V1 KML-NOIR: study illustration tied to lesson palette and verse mood.,"Gallery still for «complete»: a compelling real-world subject — figure, object, or weather — in turquoise and weathered gold; impressionistic realism; moment from a larger story; kanji 完 only if carved, cast, or woven into the scene.",landscape,none,implied,ink-deep focus,moderate,ink-deep focus; exhibition depth,hero
11,1,宣,proclaim,proclaim,V1 KML-WASH: study illustration tied to lesson palette and verse mood.,"Gallery still for «proclaim»: a compelling real-world subject — figure, object, or weather — in earth umber and parchment cream; impressionistic realism; moment from a larger story; kanji 宣 only if carved, cast, or woven into the scene.",landscape,none,implied,"generous, leafy",restrained,"generous, leafy; exhibition depth",transition
11,2,宵,early_morning,early_morning,V1 KML-WASH: study illustration tied to lesson palette and verse mood.,"Window scene: interior dark, exterior lit — the hour itself is the subject.",weather,implied,implied,temporal hush,rich,amber and silver split,transition
11,3,安,relax,relax,V1 KML-WASH: study illustration tied to lesson palette and verse mood.,"Gallery still for «relax»: a compelling real-world subject — figure, object, or weather — in earth umber and parchment cream; impressionistic realism; moment from a larger story; kanji 安 only if carved, cast, or woven into the scene.",human,secondary,implied,"generous, leafy",restrained,"generous, leafy; exhibition depth",transition
11,4,宴,banquet,banquet,V1 KML-WASH: study illustration tied to lesson palette and verse mood.,"Gallery still for «banquet»: a compelling real-world subject — figure, object, or weather — in earth umber and parchment cream; impressionistic realism; moment from a larger story; kanji 宴 only if carved, cast, or woven into the scene.",mixed,implied,implied,"generous, leafy",restrained,"generous, leafy; exhibition depth",hero
11,5,寄,draw_near,draw_near,V1 KML-WASH: study illustration tied to lesson palette and verse mood.,"Gallery still for «draw_near»: a compelling real-world subject — figure, object, or weather — in earth umber and parchment cream; impressionistic realism; moment from a larger story; kanji 寄 only if carved, cast, or woven into the scene.",human,secondary,implied,"generous, leafy",restrained,"generous, leafy; exhibition depth",supporting
11,6,富,wealth,wealth,V1 KML-WASH: study illustration tied to lesson palette and verse mood.,"Gallery still for «wealth»: a compelling real-world subject — figure, object, or weather — in earth umber and parchment cream; impressionistic realism; moment from a larger story; kanji 富 only if carved, cast, or woven into the scene.",human,secondary,implied,"generous, leafy",restrained,"generous, leafy; exhibition depth",supporting
11,7,貯,savings,savings,V1 KML-WASH: study illustration tied to lesson palette and verse mood.,"Gallery still for «savings»: a compelling real-world subject — figure, object, or weather — in earth umber and parchment cream; impressionistic realism; moment from a larger story; kanji 貯 only if carved, cast, or woven into the scene.",still_life,none,implied,"generous, leafy",restrained,"generous, leafy; exhibition depth",supporting
11,8,木,tree,tree,V1 KML-WASH: study illustration tied to lesson palette and verse mood.,A single tree holding wind in its branches — roots gripping stone; earth umber and parchment cream; landscape as portrait.,landscape,secondary,implied,grounded life,restrained,"green depth, gold rim light",supporting
11,9,林,woods,woods,V1 KML-WASH: study illustration tied to lesson palette and verse mood.,A single woods holding wind in its branches — roots gripping stone; earth umber and parchment cream; landscape as portrait.,landscape,secondary,implied,grounded life,restrained,"green depth, gold rim light",supporting
11,10,森,forest,forest,V1 KML-WASH: study illustration tied to lesson palette and verse mood.,A single forest holding wind in its branches — roots gripping stone; earth umber and parchment cream; landscape as portrait.,landscape,secondary,implied,grounded life,restrained,"green depth, gold rim light",feature
11,11,桂,judas_tree,judas_tree,V1 KML-WASH: study illustration tied to lesson palette and verse mood.,"Planting or harvest moment: hands near soil, seedling or leaf backlit — growth as narrative, not botany slide.",landscape,secondary,implied,grounded life,restrained,"green depth, gold rim light",supporting
11,12,柏,oak,oak,V1 KML-WASH: study illustration tied to lesson palette and verse mood.,A single oak holding wind in its branches — roots gripping stone; earth umber and parchment cream; landscape as portrait.,landscape,secondary,implied,grounded life,restrained,"green depth, gold rim light",supporting
11,13,枠,frame,frame,V1 KML-WASH: study illustration tied to lesson palette and verse mood.,"Gallery still for «frame»: a compelling real-world subject — figure, object, or weather — in earth umber and parchment cream; impressionistic realism; moment from a larger story; kanji 枠 only if carved, cast, or woven into the scene.",landscape,none,implied,"generous, leafy",restrained,"generous, leafy; exhibition depth",supporting
11,14,梢,treetops,treetops,V1 KML-WASH: study illustration tied to lesson palette and verse mood.,"Planting or harvest moment: hands near soil, seedling or leaf backlit — growth as narrative, not botany slide.",landscape,secondary,implied,grounded life,restrained,"green depth, gold rim light",supporting
11,15,棚,shelf,shelf,V1 KML-WASH: study illustration tied to lesson palette and verse mood.,"Gallery still for «shelf»: a compelling real-world subject — figure, object, or weather — in earth umber and parchment cream; impressionistic realism; moment from a larger story; kanji 棚 only if carved, cast, or woven into the scene.",still_life,none,implied,"generous, leafy",restrained,"generous, leafy; exhibition depth",supporting
11,16,杏,apricot,apricot,V1 KML-WASH: study illustration tied to lesson palette and verse mood.,A single apricot holding wind in its branches — roots gripping stone; earth umber and parchment cream; landscape as portrait.,landscape,secondary,implied,grounded life,restrained,"green depth, gold rim light",supporting
11,17,桐,paulownia_tree,paulownia_tree,V1 KML-WASH: study illustration tied to lesson palette and verse mood.,"Planting or harvest moment: hands near soil, seedling or leaf backlit — growth as narrative, not botany slide.",landscape,secondary,implied,grounded life,restrained,"green depth, gold rim light",supporting
11,18,植,plant,plant,V1 KML-WASH: study illustration tied to lesson palette and verse mood.,"Planting or harvest moment: hands near soil, seedling or leaf backlit — growth as narrative, not botany slide.",landscape,secondary,implied,grounded life,restrained,"green depth, gold rim light",supporting
11,19,椅,chair,chair,V1 KML-WASH: study illustration tied to lesson palette and verse mood.,"Gallery still for «chair»: a compelling real-world subject — figure, object, or weather — in earth umber and parchment cream; impressionistic realism; moment from a larger story; kanji 椅 only if carved, cast, or woven into the scene.",human,secondary,implied,"generous, leafy",restrained,"generous, leafy; exhibition depth",feature
11,20,枯,wither,wither,V1 KML-WASH: study illustration tied to lesson palette and verse mood.,"Planting or harvest moment: hands near soil, seedling or leaf backlit — growth as narrative, not botany slide.",landscape,secondary,implied,grounded life,restrained,"green depth, gold rim light",hero
12,1,朴,crude,crude,V1 KML-IMPR: study illustration tied to lesson palette and verse mood.,"Gallery still for «crude»: a compelling real-world subject — figure, object, or weather — in warm red and orange with ivory strokes; impressionistic realism; moment from a larger story; kanji 朴 only if carved, cast, or woven into the scene.",mixed,implied,implied,"reflective, bittersweet",moderate,"reflective, bittersweet; exhibition depth",transition
12,2,村,village,village,V1 KML-IMPR: study illustration tied to lesson palette and verse mood.,"Gallery still for «village»: a compelling real-world subject — figure, object, or weather — in warm red and orange with ivory strokes; impressionistic realism; moment from a larger story; kanji 村 only if carved, cast, or woven into the scene.",human,secondary,implied,"reflective, bittersweet",moderate,"reflective, bittersweet; exhibition depth",transition
12,3,相,mutual,mutual,V1 KML-IMPR: study illustration tied to lesson palette and verse mood.,"Gallery still for «mutual»: a compelling real-world subject — figure, object, or weather — in warm red and orange with ivory strokes; impressionistic realism; moment from a larger story; kanji 相 only if carved, cast, or woven into the scene.",mixed,implied,implied,"reflective, bittersweet",moderate,"reflective, bittersweet; exhibition depth",transition
12,4,机,desk,desk,V1 KML-IMPR: study illustration tied to lesson palette and verse mood.,"Gallery still for «desk»: a compelling real-world subject — figure, object, or weather — in warm red and orange with ivory strokes; impressionistic realism; moment from a larger story; kanji 机 only if carved, cast, or woven into the scene.",landscape,none,implied,"reflective, bittersweet",moderate,"reflective, bittersweet; exhibition depth",supporting
12,5,本,book,book,V1 KML-IMPR: study illustration tied to lesson palette and verse mood.,"Open book on windowsill, breeze lifting a corner — words implied, world outside in soft focus.",still_life,secondary,implied,scholarly calm,restrained,"lamp pool, parchment cream",supporting
12,6,札,tag,tag,V1 KML-IMPR: study illustration tied to lesson palette and verse mood.,"Gallery still for «tag»: a compelling real-world subject — figure, object, or weather — in warm red and orange with ivory strokes; impressionistic realism; moment from a larger story; kanji 札 only if carved, cast, or woven into the scene.",human,secondary,implied,"reflective, bittersweet",moderate,"reflective, bittersweet; exhibition depth",supporting
12,7,暦,calendar,calendar,V1 KML-IMPR: study illustration tied to lesson palette and verse mood.,"Gallery still for «calendar»: a compelling real-world subject — figure, object, or weather — in warm red and orange with ivory strokes; impressionistic realism; moment from a larger story; kanji 暦 only if carved, cast, or woven into the scene.",human,secondary,implied,"reflective, bittersweet",moderate,"reflective, bittersweet; exhibition depth",hero
12,8,案,plan,plan,V1 KML-IMPR: study illustration tied to lesson palette and verse mood.,"Gallery still for «plan»: a compelling real-world subject — figure, object, or weather — in warm red and orange with ivory strokes; impressionistic realism; moment from a larger story; kanji 案 only if carved, cast, or woven into the scene.",human,secondary,implied,"reflective, bittersweet",moderate,"reflective, bittersweet; exhibition depth",supporting
12,9,燥,parch,parch,V1 KML-IMPR: study illustration tied to lesson palette and verse mood.,"Gallery still for «parch»: a compelling real-world subject — figure, object, or weather — in warm red and orange with ivory strokes; impressionistic realism; moment from a larger story; kanji 燥 only if carved, cast, or woven into the scene.",landscape,none,implied,"reflective, bittersweet",moderate,"reflective, bittersweet; exhibition depth",supporting
12,10,未,not_yet,not_yet,V1 KML-IMPR: study illustration tied to lesson palette and verse mood.,"Gallery still for «not_yet»: a compelling real-world subject — figure, object, or weather — in warm red and orange with ivory strokes; impressionistic realism; moment from a larger story; kanji 未 only if carved, cast, or woven into the scene.",landscape,none,implied,"reflective, bittersweet",moderate,"reflective, bittersweet; exhibition depth",feature
12,11,末,extremity,extremity,V1 KML-IMPR: study illustration tied to lesson palette and verse mood.,"Gallery still for «extremity»: a compelling real-world subject — figure, object, or weather — in warm red and orange with ivory strokes; impressionistic realism; moment from a larger story; kanji 末 only if carved, cast, or woven into the scene.",landscape,none,implied,"reflective, bittersweet",moderate,"reflective, bittersweet; exhibition depth",supporting
12,12,昧,obscure,obscure,V1 KML-IMPR: study illustration tied to lesson palette and verse mood.,"Gallery still for «obscure»: a compelling real-world subject — figure, object, or weather — in warm red and orange with ivory strokes; impressionistic realism; moment from a larger story; kanji 昧 only if carved, cast, or woven into the scene.",still_life,none,implied,"reflective, bittersweet",moderate,"reflective, bittersweet; exhibition depth",supporting
12,13,沫,splash,splash,V1 KML-IMPR: study illustration tied to lesson palette and verse mood.,"Gallery still for «splash»: a compelling real-world subject — figure, object, or weather — in warm red and orange with ivory strokes; impressionistic realism; moment from a larger story; kanji 沫 only if carved, cast, or woven into the scene.",still_life,none,implied,"reflective, bittersweet",moderate,"reflective, bittersweet; exhibition depth",supporting
12,14,味,flavor,flavor,V1 KML-IMPR: study illustration tied to lesson palette and verse mood.,"Gallery still for «flavor»: a compelling real-world subject — figure, object, or weather — in warm red and orange with ivory strokes; impressionistic realism; moment from a larger story; kanji 味 only if carved, cast, or woven into the scene.",still_life,none,implied,"reflective, bittersweet",moderate,"reflective, bittersweet; exhibition depth",supporting
12,15,妹,younger_sister,younger_sister,V1 KML-IMPR: study illustration tied to lesson palette and verse mood.,"Gallery still for «younger_sister»: a compelling real-world subject — figure, object, or weather — in warm red and orange with ivory strokes; impressionistic realism; moment from a larger story; kanji 妹 only if carved, cast, or woven into the scene.",human,secondary,implied,"reflective, bittersweet",moderate,"reflective, bittersweet; exhibition depth",supporting
12,16,朱,vermilion,vermilion,V1 KML-IMPR: study illustration tied to lesson palette and verse mood.,"Gallery still for «vermilion»: a compelling real-world subject — figure, object, or weather — in warm red and orange with ivory strokes; impressionistic realism; moment from a larger story; kanji 朱 only if carved, cast, or woven into the scene.",still_life,none,implied,"reflective, bittersweet",moderate,"reflective, bittersweet; exhibition depth",supporting
12,17,株,stocks,stocks,V1 KML-IMPR: study illustration tied to lesson palette and verse mood.,"Gallery still for «stocks»: a compelling real-world subject — figure, object, or weather — in warm red and orange with ivory strokes; impressionistic realism; moment from a larger story; kanji 株 only if carved, cast, or woven into the scene.",landscape,none,implied,"reflective, bittersweet",moderate,"reflective, bittersweet; exhibition depth",supporting
12,18,若,young,young,V1 KML-IMPR: study illustration tied to lesson palette and verse mood.,"Gallery still for «young»: a compelling real-world subject — figure, object, or weather — in warm red and orange with ivory strokes; impressionistic realism; moment from a larger story; kanji 若 only if carved, cast, or woven into the scene.",human,secondary,implied,"reflective, bittersweet",moderate,"reflective, bittersweet; exhibition depth",feature
12,19,草,grass,grass,V1 KML-IMPR: study illustration tied to lesson palette and verse mood.,"Planting or harvest moment: hands near soil, seedling or leaf backlit — growth as narrative, not botany slide.",landscape,secondary,implied,grounded life,moderate,"green depth, gold rim light",feature
12,20,苦,suffering,suffering,V1 KML-IMPR: study illustration tied to lesson palette and verse mood.,"Gallery still for «suffering»: a compelling real-world subject — figure, object, or weather — in warm red and orange with ivory strokes; impressionistic realism; moment from a larger story; kanji 苦 only if carved, cast, or woven into the scene.",mixed,implied,implied,"reflective, bittersweet",moderate,"reflective, bittersweet; exhibition depth",hero
13,1,苛,bullying,bullying,V1 KML-WASH: study illustration tied to lesson palette and verse mood.,"Gallery still for «bullying»: a compelling real-world subject — figure, object, or weather — in turquoise and weathered gold; impressionistic realism; moment from a larger story; kanji 苛 only if carved, cast, or woven into the scene.",mixed,implied,implied,"grounded, tactile, living world",moderate,"grounded, tactile, living world; exhibition depth",transition
13,2,寛,tolerant,tolerant,V1 KML-WASH: study illustration tied to lesson palette and verse mood.,"Gallery still for «tolerant»: a compelling real-world subject — figure, object, or weather — in turquoise and weathered gold; impressionistic realism; moment from a larger story; kanji 寛 only if carved, cast, or woven into the scene.",still_life,none,implied,"grounded, tactile, living world",moderate,"grounded, tactile, living world; exhibition depth",transition
13,3,薄,dilute,dilute,V1 KML-WASH: study illustration tied to lesson palette and verse mood.,"Gallery still for «dilute»: a compelling real-world subject — figure, object, or weather — in turquoise and weathered gold; impressionistic realism; moment from a larger story; kanji 薄 only if carved, cast, or woven into the scene.",still_life,none,implied,"grounded, tactile, living world",moderate,"grounded, tactile, living world; exhibition depth",transition
13,4,葉,leaf,leaf,V1 KML-WASH: study illustration tied to lesson palette and verse mood.,"Planting or harvest moment: hands near soil, seedling or leaf backlit — growth as narrative, not botany slide.",landscape,secondary,implied,grounded life,moderate,"green depth, gold rim light",supporting
13,5,模,imitation,imitation,V1 KML-WASH: study illustration tied to lesson palette and verse mood.,"Gallery still for «imitation»: a compelling real-world subject — figure, object, or weather — in turquoise and weathered gold; impressionistic realism; moment from a larger story; kanji 模 only if carved, cast, or woven into the scene.",still_life,none,implied,"grounded, tactile, living world",moderate,"grounded, tactile, living world; exhibition depth",supporting
13,6,漠,vague,vague,V1 KML-WASH: study illustration tied to lesson palette and verse mood.,"Gallery still for «vague»: a compelling real-world subject — figure, object, or weather — in turquoise and weathered gold; impressionistic realism; moment from a larger story; kanji 漠 only if carved, cast, or woven into the scene.",mixed,implied,implied,"grounded, tactile, living world",moderate,"grounded, tactile, living world; exhibition depth",supporting
13,7,墓,grave,grave,V1 KML-WASH: study illustration tied to lesson palette and verse mood.,"Architectural passage — corridor, gate, or alley — figure crossing threshold; weathered stone, turquoise and weathered gold.",architecture,secondary,implied,institutional calm,moderate,"stone grey, lantern amber",hero
13,8,暮,livelihood,livelihood,V1 KML-WASH: study illustration tied to lesson palette and verse mood.,"Gallery still for «livelihood»: a compelling real-world subject — figure, object, or weather — in turquoise and weathered gold; impressionistic realism; moment from a larger story; kanji 暮 only if carved, cast, or woven into the scene.",human,secondary,implied,"grounded, tactile, living world",moderate,"grounded, tactile, living world; exhibition depth",supporting
13,9,膜,membrane,membrane,V1 KML-WASH: study illustration tied to lesson palette and verse mood.,"Gallery still for «membrane»: a compelling real-world subject — figure, object, or weather — in turquoise and weathered gold; impressionistic realism; moment from a larger story; kanji 膜 only if carved, cast, or woven into the scene.",human,secondary,implied,"grounded, tactile, living world",moderate,"grounded, tactile, living world; exhibition depth",supporting
13,10,苗,seedling,seedling,V1 KML-WASH: study illustration tied to lesson palette and verse mood.,A single seedling holding wind in its branches — roots gripping stone; turquoise and weathered gold; landscape as portrait.,landscape,secondary,implied,grounded life,moderate,"green depth, gold rim light",feature
13,11,兆,portent,portent,V1 KML-WASH: study illustration tied to lesson palette and verse mood.,"Gallery still for «portent»: a compelling real-world subject — figure, object, or weather — in turquoise and weathered gold; impressionistic realism; moment from a larger story; kanji 兆 only if carved, cast, or woven into the scene.",landscape,none,implied,"grounded, tactile, living world",moderate,"grounded, tactile, living world; exhibition depth",supporting
13,12,桃,peach_tree,peach_tree,V1 KML-WASH: study illustration tied to lesson palette and verse mood.,"Planting or harvest moment: hands near soil, seedling or leaf backlit — growth as narrative, not botany slide.",landscape,secondary,implied,grounded life,moderate,"green depth, gold rim light",hero
13,13,眺,stare,stare,V1 KML-WASH: study illustration tied to lesson palette and verse mood.,"Gallery still for «stare»: a compelling real-world subject — figure, object, or weather — in turquoise and weathered gold; impressionistic realism; moment from a larger story; kanji 眺 only if carved, cast, or woven into the scene.",still_life,none,implied,"grounded, tactile, living world",moderate,"grounded, tactile, living world; exhibition depth",supporting
13,14,犬,dog,dog,V1 KML-WASH: study illustration tied to lesson palette and verse mood.,"Early morning: a dog at the forest margin, breath visible, dew on grass — impressionistic realism, story implied beyond the edge of trees.",animal,none,active,"grounded, tactile, living world",moderate,"living air, tactile detail",supporting
13,15,状,status_quo,status_quo,V1 KML-WASH: study illustration tied to lesson palette and verse mood.,"Gallery still for «status_quo»: a compelling real-world subject — figure, object, or weather — in turquoise and weathered gold; impressionistic realism; moment from a larger story; kanji 状 only if carved, cast, or woven into the scene.",human,secondary,implied,"grounded, tactile, living world",moderate,"grounded, tactile, living world; exhibition depth",supporting
13,16,黙,silence,silence,V1 KML-WASH: study illustration tied to lesson palette and verse mood.,"Gallery still for «silence»: a compelling real-world subject — figure, object, or weather — in turquoise and weathered gold; impressionistic realism; moment from a larger story; kanji 黙 only if carved, cast, or woven into the scene.",still_life,none,implied,"grounded, tactile, living world",moderate,"grounded, tactile, living world; exhibition depth",supporting
13,17,然,sort_of_thing,sort_of_thing,V1 KML-WASH: study illustration tied to lesson palette and verse mood.,"Gallery still for «sort_of_thing»: a compelling real-world subject — figure, object, or weather — in turquoise and weathered gold; impressionistic realism; moment from a larger story; kanji 然 only if carved, cast, or woven into the scene.",landscape,none,implied,"grounded, tactile, living world",moderate,"grounded, tactile, living world; exhibition depth",supporting
13,18,荻,reed,reed,V1 KML-WASH: study illustration tied to lesson palette and verse mood.,A single reed holding wind in its branches — roots gripping stone; turquoise and weathered gold; landscape as portrait.,landscape,secondary,implied,grounded life,moderate,"green depth, gold rim light",supporting
13,19,狩,hunt,hunt,V1 KML-WASH: study illustration tied to lesson palette and verse mood.,"Mid-action freeze: a figure hunting through weather — coat or cloth caught by wind; diagonal energy, cinematic still.",human,primary,active,kinetic resolve,moderate,motion blur on rain,feature
13,20,猫,cat,cat,V1 KML-WASH: study illustration tied to lesson palette and verse mood.,"Early morning: a cat at the forest margin, breath visible, dew on grass — impressionistic realism, story implied beyond the edge of trees.",animal,none,active,"grounded, tactile, living world",moderate,"living air, tactile detail",hero
14,1,牛,cow,cow,V1 KML-POSTER: study illustration tied to lesson palette and verse mood.,"Early morning: a cow at the forest margin, breath visible, dew on grass — impressionistic realism, story implied beyond the edge of trees.",animal,none,active,"grounded, tactile, living world",moderate,"living air, tactile detail",transition
14,2,特,special,special,V1 KML-POSTER: study illustration tied to lesson palette and verse mood.,"Gallery still for «special»: a compelling real-world subject — figure, object, or weather — in deep indigo and muted gold with cool ivory strokes; impressionistic realism; moment from a larger story; kanji 特 only if carved, cast, or woven into the scene.",mixed,implied,implied,"grounded, tactile, living world",moderate,"grounded, tactile, living world; exhibition depth",transition
14,3,告,revelation,revelation,V1 KML-POSTER: study illustration tied to lesson palette and verse mood.,"Gallery still for «revelation»: a compelling real-world subject — figure, object, or weather — in deep indigo and muted gold with cool ivory strokes; impressionistic realism; moment from a larger story; kanji 告 only if carved, cast, or woven into the scene.",mixed,implied,implied,"grounded, tactile, living world",moderate,"grounded, tactile, living world; exhibition depth",transition
14,4,先,previous,previous,V1 KML-POSTER: study illustration tied to lesson palette and verse mood.,"Gallery still for «previous»: a compelling real-world subject — figure, object, or weather — in deep indigo and muted gold with cool ivory strokes; impressionistic realism; moment from a larger story; kanji 先 only if carved, cast, or woven into the scene.",still_life,none,implied,"grounded, tactile, living world",moderate,"grounded, tactile, living world; exhibition depth",supporting
14,5,洗,wash,wash,V1 KML-POSTER: study illustration tied to lesson palette and verse mood.,"Gallery still for «wash»: a compelling real-world subject — figure, object, or weather — in deep indigo and muted gold with cool ivory strokes; impressionistic realism; moment from a larger story; kanji 洗 only if carved, cast, or woven into the scene.",landscape,none,implied,"grounded, tactile, living world",moderate,"grounded, tactile, living world; exhibition depth",hero
14,6,介,jammed_in,jammed_in,V1 KML-POSTER: study illustration tied to lesson palette and verse mood.,"Gallery still for «jammed_in»: a compelling real-world subject — figure, object, or weather — in deep indigo and muted gold with cool ivory strokes; impressionistic realism; moment from a larger story; kanji 介 only if carved, cast, or woven into the scene.",human,secondary,implied,"grounded, tactile, living world",moderate,"grounded, tactile, living world; exhibition depth",supporting
14,7,界,world,world,V1 KML-POSTER: study illustration tied to lesson palette and verse mood.,"Gallery still for «world»: a compelling real-world subject — figure, object, or weather — in deep indigo and muted gold with cool ivory strokes; impressionistic realism; moment from a larger story; kanji 界 only if carved, cast, or woven into the scene.",mixed,implied,implied,"grounded, tactile, living world",moderate,"grounded, tactile, living world; exhibition depth",supporting
14,8,茶,tea,tea,V1 KML-POSTER: study illustration tied to lesson palette and verse mood.,"Gallery still for «tea»: a compelling real-world subject — figure, object, or weather — in deep indigo and muted gold with cool ivory strokes; impressionistic realism; moment from a larger story; kanji 茶 only if carved, cast, or woven into the scene.",human,secondary,implied,"grounded, tactile, living world",moderate,"grounded, tactile, living world; exhibition depth",supporting
14,9,脊,stature,stature,V1 KML-POSTER: study illustration tied to lesson palette and verse mood.,"Gallery still for «stature»: a compelling real-world subject — figure, object, or weather — in deep indigo and muted gold with cool ivory strokes; impressionistic realism; moment from a larger story; kanji 脊 only if carved, cast, or woven into the scene.",still_life,none,implied,"grounded, tactile, living world",moderate,"grounded, tactile, living world; exhibition depth",supporting
14,10,合,fit,fit,V1 KML-POSTER: study illustration tied to lesson palette and verse mood.,"Gallery still for «fit»: a compelling real-world subject — figure, object, or weather — in deep indigo and muted gold with cool ivory strokes; impressionistic realism; moment from a larger story; kanji 合 only if carved, cast, or woven into the scene.",still_life,none,implied,"grounded, tactile, living world",moderate,"grounded, tactile, living world; exhibition depth",feature
14,11,塔,pagoda,pagoda,V1 KML-POSTER: study illustration tied to lesson palette and verse mood.,"Twilight on rooftops and tiles, smoke from one chimney — town as breathing organism.",architecture,secondary,implied,institutional calm,moderate,"stone grey, lantern amber",supporting
14,12,王,king,king,V1 KML-POSTER: study illustration tied to lesson palette and verse mood.,"Gallery still for «king»: a compelling real-world subject — figure, object, or weather — in deep indigo and muted gold with cool ivory strokes; impressionistic realism; moment from a larger story; kanji 王 only if carved, cast, or woven into the scene.",still_life,none,implied,"grounded, tactile, living world",moderate,"grounded, tactile, living world; exhibition depth",supporting
14,13,玉,ball,ball,V1 KML-POSTER: study illustration tied to lesson palette and verse mood.,"Gallery still for «ball»: a compelling real-world subject — figure, object, or weather — in deep indigo and muted gold with cool ivory strokes; impressionistic realism; moment from a larger story; kanji 玉 only if carved, cast, or woven into the scene.",mixed,implied,implied,"grounded, tactile, living world",moderate,"grounded, tactile, living world; exhibition depth",supporting
14,14,宝,treasure,treasure,V1 KML-POSTER: study illustration tied to lesson palette and verse mood.,"Artisan hands polishing or weighing — material honesty, deep indigo and muted gold with cool ivory strokes.",still_life,secondary,static,material reverence,moderate,"specular highlight, dark ground",supporting
14,15,珠,pearl,pearl,V1 KML-POSTER: study illustration tied to lesson palette and verse mood.,"Artisan hands polishing or weighing — material honesty, deep indigo and muted gold with cool ivory strokes.",still_life,secondary,static,material reverence,moderate,"specular highlight, dark ground",supporting
14,16,現,present,present,V1 KML-POSTER: study illustration tied to lesson palette and verse mood.,"Gallery still for «present»: a compelling real-world subject — figure, object, or weather — in deep indigo and muted gold with cool ivory strokes; impressionistic realism; moment from a larger story; kanji 現 only if carved, cast, or woven into the scene.",still_life,none,implied,"grounded, tactile, living world",moderate,"grounded, tactile, living world; exhibition depth",supporting
14,17,玩,toy_with,toy_with,V1 KML-POSTER: study illustration tied to lesson palette and verse mood.,"Gallery still for «toy_with»: a compelling real-world subject — figure, object, or weather — in deep indigo and muted gold with cool ivory strokes; impressionistic realism; moment from a larger story; kanji 玩 only if carved, cast, or woven into the scene.",landscape,none,implied,"grounded, tactile, living world",moderate,"grounded, tactile, living world; exhibition depth",supporting
14,18,狂,lunatic,lunatic,V1 KML-POSTER: study illustration tied to lesson palette and verse mood.,"Gallery still for «lunatic»: a compelling real-world subject — figure, object, or weather — in deep indigo and muted gold with cool ivory strokes; impressionistic realism; moment from a larger story; kanji 狂 only if carved, cast, or woven into the scene.",landscape,none,implied,"grounded, tactile, living world",moderate,"grounded, tactile, living world; exhibition depth",supporting
14,19,旺,flourishing,flourishing,V1 KML-POSTER: study illustration tied to lesson palette and verse mood.,"Gallery still for «flourishing»: a compelling real-world subject — figure, object, or weather — in deep indigo and muted gold with cool ivory strokes; impressionistic realism; moment from a larger story; kanji 旺 only if carved, cast, or woven into the scene.",human,secondary,implied,"grounded, tactile, living world",moderate,"grounded, tactile, living world; exhibition depth",feature
14,20,皇,emperor,emperor,V1 KML-POSTER: study illustration tied to lesson palette and verse mood.,"Gallery still for «emperor»: a compelling real-world subject — figure, object, or weather — in deep indigo and muted gold with cool ivory strokes; impressionistic realism; moment from a larger story; kanji 皇 only if carved, cast, or woven into the scene.",mixed,implied,implied,"grounded, tactile, living world",moderate,"grounded, tactile, living world; exhibition depth",hero
15,1,呈,display,display,V1 KML-CLASS: study illustration tied to lesson palette and verse mood.,"Gallery still for «display»: a compelling real-world subject — figure, object, or weather — in earth umber and parchment cream; impressionistic realism; moment from a larger story; kanji 呈 only if carved, cast, or woven into the scene.",landscape,none,implied,"grounded, tactile, living world",moderate,"grounded, tactile, living world; exhibition depth",transition
15,2,全,whole,whole,V1 KML-CLASS: study illustration tied to lesson palette and verse mood.,"Gallery still for «whole»: a compelling real-world subject — figure, object, or weather — in earth umber and parchment cream; impressionistic realism; moment from a larger story; kanji 全 only if carved, cast, or woven into the scene.",mixed,implied,implied,"grounded, tactile, living world",moderate,"grounded, tactile, living world; exhibition depth",transition
15,3,栓,plug,plug,V1 KML-CLASS: study illustration tied to lesson palette and verse mood.,"Gallery still for «plug»: a compelling real-world subject — figure, object, or weather — in earth umber and parchment cream; impressionistic realism; moment from a larger story; kanji 栓 only if carved, cast, or woven into the scene.",still_life,none,implied,"grounded, tactile, living world",moderate,"grounded, tactile, living world; exhibition depth",transition
15,4,理,logic,logic,V1 KML-CLASS: study illustration tied to lesson palette and verse mood.,"Gallery still for «logic»: a compelling real-world subject — figure, object, or weather — in earth umber and parchment cream; impressionistic realism; moment from a larger story; kanji 理 only if carved, cast, or woven into the scene.",mixed,implied,implied,"grounded, tactile, living world",moderate,"grounded, tactile, living world; exhibition depth",supporting
15,5,主,master,master,V1 KML-CLASS: study illustration tied to lesson palette and verse mood.,"Gallery still for «master»: a compelling real-world subject — figure, object, or weather — in earth umber and parchment cream; impressionistic realism; moment from a larger story; kanji 主 only if carved, cast, or woven into the scene.",landscape,none,implied,"grounded, tactile, living world",moderate,"grounded, tactile, living world; exhibition depth",supporting
15,6,注,pour,pour,V1 KML-CLASS: study illustration tied to lesson palette and verse mood.,"Gallery still for «pour»: a compelling real-world subject — figure, object, or weather — in earth umber and parchment cream; impressionistic realism; moment from a larger story; kanji 注 only if carved, cast, or woven into the scene.",still_life,none,implied,"grounded, tactile, living world",moderate,"grounded, tactile, living world; exhibition depth",supporting
15,7,柱,pillar,pillar,V1 KML-CLASS: study illustration tied to lesson palette and verse mood.,"Gallery still for «pillar»: a compelling real-world subject — figure, object, or weather — in earth umber and parchment cream; impressionistic realism; moment from a larger story; kanji 柱 only if carved, cast, or woven into the scene.",still_life,none,implied,"grounded, tactile, living world",moderate,"grounded, tactile, living world; exhibition depth",supporting
15,8,金,gold,gold,V1 KML-CLASS: study illustration tied to lesson palette and verse mood.,"Artisan hands polishing or weighing — material honesty, earth umber and parchment cream.",still_life,secondary,static,material reverence,moderate,"specular highlight, dark ground",hero
15,9,銑,pig_iron,pig_iron,V1 KML-CLASS: study illustration tied to lesson palette and verse mood.,"Artisan hands polishing or weighing — material honesty, earth umber and parchment cream.",still_life,secondary,static,material reverence,moderate,"specular highlight, dark ground",supporting
15,10,鉢,bowl,bowl,V1 KML-CLASS: study illustration tied to lesson palette and verse mood.,"Gallery still for «bowl»: a compelling real-world subject — figure, object, or weather — in earth umber and parchment cream; impressionistic realism; moment from a larger story; kanji 鉢 only if carved, cast, or woven into the scene.",mixed,implied,implied,"grounded, tactile, living world",moderate,"grounded, tactile, living world; exhibition depth",feature
15,11,銅,copper,copper,V1 KML-CLASS: study illustration tied to lesson palette and verse mood.,"Still life on cloth: metal or stone object catching slit light — patina, scratch, weight; museum case without the case.",still_life,secondary,static,material reverence,moderate,"specular highlight, dark ground",supporting
15,12,釣,angling,angling,V1 KML-CLASS: study illustration tied to lesson palette and verse mood.,"Gallery still for «angling»: a compelling real-world subject — figure, object, or weather — in earth umber and parchment cream; impressionistic realism; moment from a larger story; kanji 釣 only if carved, cast, or woven into the scene.",still_life,none,implied,"grounded, tactile, living world",moderate,"grounded, tactile, living world; exhibition depth",supporting
15,13,針,needle,needle,V1 KML-CLASS: study illustration tied to lesson palette and verse mood.,"Gallery still for «needle»: a compelling real-world subject — figure, object, or weather — in earth umber and parchment cream; impressionistic realism; moment from a larger story; kanji 針 only if carved, cast, or woven into the scene.",mixed,implied,implied,"grounded, tactile, living world",moderate,"grounded, tactile, living world; exhibition depth",supporting
15,14,銘,inscription,inscription,V1 KML-CLASS: study illustration tied to lesson palette and verse mood.,"Gallery still for «inscription»: a compelling real-world subject — figure, object, or weather — in earth umber and parchment cream; impressionistic realism; moment from a larger story; kanji 銘 only if carved, cast, or woven into the scene.",still_life,none,implied,"grounded, tactile, living world",moderate,"grounded, tactile, living world; exhibition depth",supporting
15,15,鎮,tranquilize,tranquilize,V1 KML-CLASS: study illustration tied to lesson palette and verse mood.,"Gallery still for «tranquilize»: a compelling real-world subject — figure, object, or weather — in earth umber and parchment cream; impressionistic realism; moment from a larger story; kanji 鎮 only if carved, cast, or woven into the scene.",mixed,implied,implied,"grounded, tactile, living world",moderate,"grounded, tactile, living world; exhibition depth",supporting
15,16,道,road,road,V1 KML-CLASS: study illustration tied to lesson palette and verse mood.,"Gallery still for «road»: a compelling real-world subject — figure, object, or weather — in earth umber and parchment cream; impressionistic realism; moment from a larger story; kanji 道 only if carved, cast, or woven into the scene.",still_life,none,implied,"grounded, tactile, living world",moderate,"grounded, tactile, living world; exhibition depth",supporting
15,17,導,guidance,guidance,V1 KML-CLASS: study illustration tied to lesson palette and verse mood.,"Gallery still for «guidance»: a compelling real-world subject — figure, object, or weather — in earth umber and parchment cream; impressionistic realism; moment from a larger story; kanji 導 only if carved, cast, or woven into the scene.",human,secondary,implied,"grounded, tactile, living world",moderate,"grounded, tactile, living world; exhibition depth",supporting
15,18,辻,crossing,crossing,V1 KML-CLASS: study illustration tied to lesson palette and verse mood.,"Mid-action freeze: a figure crossinging through weather — coat or cloth caught by wind; diagonal energy, cinematic still.",human,primary,active,kinetic resolve,moderate,motion blur on rain,supporting
15,19,迅,swift,swift,V1 KML-CLASS: study illustration tied to lesson palette and verse mood.,"Gallery still for «swift»: a compelling real-world subject — figure, object, or weather — in earth umber and parchment cream; impressionistic realism; moment from a larger story; kanji 迅 only if carved, cast, or woven into the scene.",mixed,implied,implied,"grounded, tactile, living world",moderate,"grounded, tactile, living world; exhibition depth",hero
15,20,造,create,create,V1 KML-CLASS: study illustration tied to lesson palette and verse mood.,"Gallery still for «create»: a compelling real-world subject — figure, object, or weather — in earth umber and parchment cream; impressionistic realism; moment from a larger story; kanji 造 only if carved, cast, or woven into the scene.",mixed,implied,implied,"grounded, tactile, living world",moderate,"grounded, tactile, living world; exhibition depth",hero
16,1,迫,urge,urge,V1 KML-CINE: study illustration tied to lesson palette and verse mood.,"Gallery still for «urge»: a compelling real-world subject — figure, object, or weather — in turquoise and weathered gold; impressionistic realism; moment from a larger story; kanji 迫 only if carved, cast, or woven into the scene.",landscape,none,implied,"grounded, tactile, living world",moderate,"grounded, tactile, living world; exhibition depth",transition
16,2,逃,escape,escape,V1 KML-CINE: study illustration tied to lesson palette and verse mood.,"Gallery still for «escape»: a compelling real-world subject — figure, object, or weather — in turquoise and weathered gold; impressionistic realism; moment from a larger story; kanji 逃 only if carved, cast, or woven into the scene.",still_life,none,implied,"grounded, tactile, living world",moderate,"grounded, tactile, living world; exhibition depth",hero
16,3,辺,environs,environs,V1 KML-CINE: study illustration tied to lesson palette and verse mood.,"Still life on cloth: metal or stone object catching slit light — patina, scratch, weight; museum case without the case.",still_life,secondary,static,material reverence,moderate,"specular highlight, dark ground",transition
16,4,巡,patrol,patrol,V1 KML-CINE: study illustration tied to lesson palette and verse mood.,"Gallery still for «patrol»: a compelling real-world subject — figure, object, or weather — in turquoise and weathered gold; impressionistic realism; moment from a larger story; kanji 巡 only if carved, cast, or woven into the scene.",landscape,none,implied,"grounded, tactile, living world",moderate,"grounded, tactile, living world; exhibition depth",supporting
16,5,車,car,car,V1 KML-CINE: study illustration tied to lesson palette and verse mood.,"Gallery still for «car»: a compelling real-world subject — figure, object, or weather — in turquoise and weathered gold; impressionistic realism; moment from a larger story; kanji 車 only if carved, cast, or woven into the scene.",landscape,none,implied,"grounded, tactile, living world",moderate,"grounded, tactile, living world; exhibition depth",supporting
16,6,連,take_along,take_along,V1 KML-CINE: study illustration tied to lesson palette and verse mood.,"Gallery still for «take_along»: a compelling real-world subject — figure, object, or weather — in turquoise and weathered gold; impressionistic realism; moment from a larger story; kanji 連 only if carved, cast, or woven into the scene.",human,secondary,implied,"grounded, tactile, living world",moderate,"grounded, tactile, living world; exhibition depth",supporting
16,7,軌,rut,rut,V1 KML-CINE: study illustration tied to lesson palette and verse mood.,"Gallery still for «rut»: a compelling real-world subject — figure, object, or weather — in turquoise and weathered gold; impressionistic realism; moment from a larger story; kanji 軌 only if carved, cast, or woven into the scene.",human,secondary,implied,"grounded, tactile, living world",moderate,"grounded, tactile, living world; exhibition depth",supporting
16,8,輸,transport,transport,V1 KML-CINE: study illustration tied to lesson palette and verse mood.,"Gallery still for «transport»: a compelling real-world subject — figure, object, or weather — in turquoise and weathered gold; impressionistic realism; moment from a larger story; kanji 輸 only if carved, cast, or woven into the scene.",mixed,implied,implied,"grounded, tactile, living world",moderate,"grounded, tactile, living world; exhibition depth",supporting
16,9,喩,metaphor,metaphor,V1 KML-CINE: study illustration tied to lesson palette and verse mood.,"Gallery still for «metaphor»: a compelling real-world subject — figure, object, or weather — in turquoise and weathered gold; impressionistic realism; moment from a larger story; kanji 喩 only if carved, cast, or woven into the scene.",mixed,implied,implied,"grounded, tactile, living world",moderate,"grounded, tactile, living world; exhibition depth",hero
16,10,前,in_front,in_front,V1 KML-CINE: study illustration tied to lesson palette and verse mood.,"Gallery still for «in_front»: a compelling real-world subject — figure, object, or weather — in turquoise and weathered gold; impressionistic realism; moment from a larger story; kanji 前 only if carved, cast, or woven into the scene.",human,secondary,implied,"grounded, tactile, living world",moderate,"grounded, tactile, living world; exhibition depth",feature
16,11,煎,roast,roast,V1 KML-CINE: study illustration tied to lesson palette and verse mood.,"Hearth or forge corner: ember core, face lit from below if a figure tends flame — crimson accent in indigo room.",weather,secondary,active,compressed heat,rich,ember and shadow,supporting
16,12,各,each,each,V1 KML-CINE: study illustration tied to lesson palette and verse mood.,"Gallery still for «each»: a compelling real-world subject — figure, object, or weather — in turquoise and weathered gold; impressionistic realism; moment from a larger story; kanji 各 only if carved, cast, or woven into the scene.",mixed,implied,implied,"grounded, tactile, living world",moderate,"grounded, tactile, living world; exhibition depth",supporting
16,13,格,status,status,V1 KML-CINE: study illustration tied to lesson palette and verse mood.,"Gallery still for «status»: a compelling real-world subject — figure, object, or weather — in turquoise and weathered gold; impressionistic realism; moment from a larger story; kanji 格 only if carved, cast, or woven into the scene.",still_life,none,implied,"grounded, tactile, living world",moderate,"grounded, tactile, living world; exhibition depth",supporting
16,14,賂,graft,graft,V1 KML-CINE: study illustration tied to lesson palette and verse mood.,"Gallery still for «graft»: a compelling real-world subject — figure, object, or weather — in turquoise and weathered gold; impressionistic realism; moment from a larger story; kanji 賂 only if carved, cast, or woven into the scene.",mixed,implied,implied,"grounded, tactile, living world",moderate,"grounded, tactile, living world; exhibition depth",supporting
16,15,略,abbreviation,abbreviation,V1 KML-CINE: study illustration tied to lesson palette and verse mood.,"Gallery still for «abbreviation»: a compelling real-world subject — figure, object, or weather — in turquoise and weathered gold; impressionistic realism; moment from a larger story; kanji 略 only if carved, cast, or woven into the scene.",mixed,implied,implied,"grounded, tactile, living world",moderate,"grounded, tactile, living world; exhibition depth",supporting
16,16,客,guest,guest,V1 KML-CINE: study illustration tied to lesson palette and verse mood.,"Gallery still for «guest»: a compelling real-world subject — figure, object, or weather — in turquoise and weathered gold; impressionistic realism; moment from a larger story; kanji 客 only if carved, cast, or woven into the scene.",human,secondary,implied,"grounded, tactile, living world",moderate,"grounded, tactile, living world; exhibition depth",supporting
16,17,額,amount,amount,V1 KML-CINE: study illustration tied to lesson palette and verse mood.,"Gallery still for «amount»: a compelling real-world subject — figure, object, or weather — in turquoise and weathered gold; impressionistic realism; moment from a larger story; kanji 額 only if carved, cast, or woven into the scene.",landscape,none,implied,"grounded, tactile, living world",moderate,"grounded, tactile, living world; exhibition depth",supporting
16,18,夏,summer,summer,V1 KML-CINE: study illustration tied to lesson palette and verse mood.,"Gallery still for «summer»: a compelling real-world subject — figure, object, or weather — in turquoise and weathered gold; impressionistic realism; moment from a larger story; kanji 夏 only if carved, cast, or woven into the scene.",landscape,none,implied,"grounded, tactile, living world",moderate,"grounded, tactile, living world; exhibition depth",supporting
16,19,処,dispose,dispose,V1 KML-CINE: study illustration tied to lesson palette and verse mood.,"Gallery still for «dispose»: a compelling real-world subject — figure, object, or weather — in turquoise and weathered gold; impressionistic realism; moment from a larger story; kanji 処 only if carved, cast, or woven into the scene.",human,secondary,implied,"grounded, tactile, living world",moderate,"grounded, tactile, living world; exhibition depth",feature
16,20,条,clause,clause,V1 KML-CINE: study illustration tied to lesson palette and verse mood.,"Gallery still for «clause»: a compelling real-world subject — figure, object, or weather — in turquoise and weathered gold; impressionistic realism; moment from a larger story; kanji 条 only if carved, cast, or woven into the scene.",still_life,none,implied,"grounded, tactile, living world",moderate,"grounded, tactile, living world; exhibition depth",hero
17,1,落,fall,fall,V1 KML-IMPR: study illustration tied to lesson palette and verse mood.,"Gallery still for «fall»: a compelling real-world subject — figure, object, or weather — in warm red and orange with ivory strokes; impressionistic realism; moment from a larger story; kanji 落 only if carved, cast, or woven into the scene.",mixed,implied,implied,"grounded, tactile, living world",moderate,"grounded, tactile, living world; exhibition depth",transition
17,2,冗,superfluous,superfluous,V1 KML-IMPR: study illustration tied to lesson palette and verse mood.,"Gallery still for «superfluous»: a compelling real-world subject — figure, object, or weather — in warm red and orange with ivory strokes; impressionistic realism; moment from a larger story; kanji 冗 only if carved, cast, or woven into the scene.",still_life,none,implied,"grounded, tactile, living world",moderate,"grounded, tactile, living world; exhibition depth",transition
17,3,冥,hades,hades,V1 KML-IMPR: study illustration tied to lesson palette and verse mood.,"Gallery still for «hades»: a compelling real-world subject — figure, object, or weather — in warm red and orange with ivory strokes; impressionistic realism; moment from a larger story; kanji 冥 only if carved, cast, or woven into the scene.",mixed,implied,implied,"grounded, tactile, living world",moderate,"grounded, tactile, living world; exhibition depth",transition
17,4,軍,army,army,V1 KML-IMPR: study illustration tied to lesson palette and verse mood.,"Gallery still for «army»: a compelling real-world subject — figure, object, or weather — in warm red and orange with ivory strokes; impressionistic realism; moment from a larger story; kanji 軍 only if carved, cast, or woven into the scene.",human,secondary,implied,"grounded, tactile, living world",moderate,"grounded, tactile, living world; exhibition depth",supporting
17,5,輝,radiance,radiance,V1 KML-IMPR: study illustration tied to lesson palette and verse mood.,"Gallery still for «radiance»: a compelling real-world subject — figure, object, or weather — in warm red and orange with ivory strokes; impressionistic realism; moment from a larger story; kanji 輝 only if carved, cast, or woven into the scene.",mixed,implied,implied,"grounded, tactile, living world",moderate,"grounded, tactile, living world; exhibition depth",hero
17,6,運,carry,carry,V1 KML-IMPR: study illustration tied to lesson palette and verse mood.,"Footprints in wet sand leading toward horizon — journey implied, figure small but decisive.",human,primary,active,kinetic resolve,moderate,motion blur on rain,supporting
17,7,冠,crown,crown,V1 KML-IMPR: study illustration tied to lesson palette and verse mood.,"Gallery still for «crown»: a compelling real-world subject — figure, object, or weather — in warm red and orange with ivory strokes; impressionistic realism; moment from a larger story; kanji 冠 only if carved, cast, or woven into the scene.",still_life,none,implied,"grounded, tactile, living world",moderate,"grounded, tactile, living world; exhibition depth",supporting
17,8,夢,dream,dream,V1 KML-IMPR: study illustration tied to lesson palette and verse mood.,"Gallery still for «dream»: a compelling real-world subject — figure, object, or weather — in warm red and orange with ivory strokes; impressionistic realism; moment from a larger story; kanji 夢 only if carved, cast, or woven into the scene.",landscape,none,implied,"grounded, tactile, living world",moderate,"grounded, tactile, living world; exhibition depth",hero
17,9,坑,pit,pit,V1 KML-IMPR: study illustration tied to lesson palette and verse mood.,"Gallery still for «pit»: a compelling real-world subject — figure, object, or weather — in warm red and orange with ivory strokes; impressionistic realism; moment from a larger story; kanji 坑 only if carved, cast, or woven into the scene.",landscape,none,implied,"grounded, tactile, living world",moderate,"grounded, tactile, living world; exhibition depth",supporting
17,10,高,tall,tall,V1 KML-IMPR: study illustration tied to lesson palette and verse mood.,"Gallery still for «tall»: a compelling real-world subject — figure, object, or weather — in warm red and orange with ivory strokes; impressionistic realism; moment from a larger story; kanji 高 only if carved, cast, or woven into the scene.",human,secondary,implied,"grounded, tactile, living world",moderate,"grounded, tactile, living world; exhibition depth",feature
17,11,享,receive,receive,V1 KML-IMPR: study illustration tied to lesson palette and verse mood.,"Gallery still for «receive»: a compelling real-world subject — figure, object, or weather — in warm red and orange with ivory strokes; impressionistic realism; moment from a larger story; kanji 享 only if carved, cast, or woven into the scene.",human,secondary,implied,"grounded, tactile, living world",moderate,"grounded, tactile, living world; exhibition depth",supporting
17,12,塾,cram_school,cram_school,V1 KML-IMPR: study illustration tied to lesson palette and verse mood.,"Gallery still for «cram_school»: a compelling real-world subject — figure, object, or weather — in warm red and orange with ivory strokes; impressionistic realism; moment from a larger story; kanji 塾 only if carved, cast, or woven into the scene.",still_life,none,implied,"grounded, tactile, living world",moderate,"grounded, tactile, living world; exhibition depth",supporting
17,13,熟,ripe,ripe,V1 KML-IMPR: study illustration tied to lesson palette and verse mood.,"Gallery still for «ripe»: a compelling real-world subject — figure, object, or weather — in warm red and orange with ivory strokes; impressionistic realism; moment from a larger story; kanji 熟 only if carved, cast, or woven into the scene.",mixed,implied,implied,"grounded, tactile, living world",moderate,"grounded, tactile, living world; exhibition depth",supporting
17,14,亭,pavilion,pavilion,V1 KML-IMPR: study illustration tied to lesson palette and verse mood.,"Twilight on rooftops and tiles, smoke from one chimney — town as breathing organism.",architecture,secondary,implied,institutional calm,moderate,"stone grey, lantern amber",supporting
17,15,京,capital,capital,V1 KML-IMPR: study illustration tied to lesson palette and verse mood.,"Gallery still for «capital»: a compelling real-world subject — figure, object, or weather — in warm red and orange with ivory strokes; impressionistic realism; moment from a larger story; kanji 京 only if carved, cast, or woven into the scene.",landscape,none,implied,"grounded, tactile, living world",moderate,"grounded, tactile, living world; exhibition depth",supporting
17,16,涼,refreshing,refreshing,V1 KML-IMPR: study illustration tied to lesson palette and verse mood.,"Gallery still for «refreshing»: a compelling real-world subject — figure, object, or weather — in warm red and orange with ivory strokes; impressionistic realism; moment from a larger story; kanji 涼 only if carved, cast, or woven into the scene.",mixed,implied,implied,"grounded, tactile, living world",moderate,"grounded, tactile, living world; exhibition depth",supporting
17,17,景,scenery,scenery,V1 KML-IMPR: study illustration tied to lesson palette and verse mood.,"Gallery still for «scenery»: a compelling real-world subject — figure, object, or weather — in warm red and orange with ivory strokes; impressionistic realism; moment from a larger story; kanji 景 only if carved, cast, or woven into the scene.",landscape,none,implied,"grounded, tactile, living world",moderate,"grounded, tactile, living world; exhibition depth",supporting
17,18,鯨,whale,whale,V1 KML-IMPR: study illustration tied to lesson palette and verse mood.,"Portrait of a whale in shallow depth of field, background dissolved into indigo shadow — a gallery animal study, not an emblem.",animal,none,active,"grounded, tactile, living world",moderate,"living air, tactile detail",supporting
17,19,舎,cottage,cottage,V1 KML-IMPR: study illustration tied to lesson palette and verse mood.,"Twilight on rooftops and tiles, smoke from one chimney — town as breathing organism.",architecture,secondary,implied,institutional calm,moderate,"stone grey, lantern amber",feature
17,20,周,circumference,circumference,V1 KML-IMPR: study illustration tied to lesson palette and verse mood.,"Gallery still for «circumference»: a compelling real-world subject — figure, object, or weather — in warm red and orange with ivory strokes; impressionistic realism; moment from a larger story; kanji 周 only if carved, cast, or woven into the scene.",human,secondary,implied,"grounded, tactile, living world",moderate,"grounded, tactile, living world; exhibition depth",hero
18,1,週,week,week,V1 KML-ANIME: study illustration tied to lesson palette and verse mood.,"Gallery still for «week»: a compelling real-world subject — figure, object, or weather — in moss green and aged bronze; impressionistic realism; moment from a larger story; kanji 週 only if carved, cast, or woven into the scene.",mixed,implied,implied,"grounded, tactile, living world",moderate,"grounded, tactile, living world; exhibition depth",transition
18,2,士,gentleman,gentleman,V1 KML-ANIME: study illustration tied to lesson palette and verse mood.,"Gallery still for «gentleman»: a compelling real-world subject — figure, object, or weather — in moss green and aged bronze; impressionistic realism; moment from a larger story; kanji 士 only if carved, cast, or woven into the scene.",human,secondary,implied,"grounded, tactile, living world",moderate,"grounded, tactile, living world; exhibition depth",transition
18,3,吉,good_luck,good_luck,V1 KML-ANIME: study illustration tied to lesson palette and verse mood.,"Gallery still for «good_luck»: a compelling real-world subject — figure, object, or weather — in moss green and aged bronze; impressionistic realism; moment from a larger story; kanji 吉 only if carved, cast, or woven into the scene.",still_life,none,implied,"grounded, tactile, living world",moderate,"grounded, tactile, living world; exhibition depth",transition
18,4,壮,robust,robust,V1 KML-ANIME: study illustration tied to lesson palette and verse mood.,"Gallery still for «robust»: a compelling real-world subject — figure, object, or weather — in moss green and aged bronze; impressionistic realism; moment from a larger story; kanji 壮 only if carved, cast, or woven into the scene.",mixed,implied,implied,"grounded, tactile, living world",moderate,"grounded, tactile, living world; exhibition depth",supporting
18,5,荘,villa,villa,V1 KML-ANIME: study illustration tied to lesson palette and verse mood.,"Architectural passage — corridor, gate, or alley — figure crossing threshold; weathered stone, moss green and aged bronze.",architecture,secondary,implied,institutional calm,moderate,"stone grey, lantern amber",supporting
18,6,売,sell,sell,V1 KML-ANIME: study illustration tied to lesson palette and verse mood.,"Gallery still for «sell»: a compelling real-world subject — figure, object, or weather — in moss green and aged bronze; impressionistic realism; moment from a larger story; kanji 売 only if carved, cast, or woven into the scene.",still_life,none,implied,"grounded, tactile, living world",moderate,"grounded, tactile, living world; exhibition depth",supporting
18,7,学,study,study,V1 KML-ANIME: study illustration tied to lesson palette and verse mood.,"Open book on windowsill, breeze lifting a corner — words implied, world outside in soft focus.",still_life,secondary,implied,scholarly calm,restrained,"lamp pool, parchment cream",supporting
18,8,覚,memorize,memorize,V1 KML-ANIME: study illustration tied to lesson palette and verse mood.,"Gallery still for «memorize»: a compelling real-world subject — figure, object, or weather — in moss green and aged bronze; impressionistic realism; moment from a larger story; kanji 覚 only if carved, cast, or woven into the scene.",mixed,implied,implied,"grounded, tactile, living world",moderate,"grounded, tactile, living world; exhibition depth",supporting
18,9,栄,flourish,flourish,V1 KML-ANIME: study illustration tied to lesson palette and verse mood.,"Gallery still for «flourish»: a compelling real-world subject — figure, object, or weather — in moss green and aged bronze; impressionistic realism; moment from a larger story; kanji 栄 only if carved, cast, or woven into the scene.",mixed,implied,implied,"grounded, tactile, living world",moderate,"grounded, tactile, living world; exhibition depth",supporting
18,10,書,write,write,V1 KML-ANIME: study illustration tied to lesson palette and verse mood.,"Open book on windowsill, breeze lifting a corner — words implied, world outside in soft focus.",still_life,secondary,implied,scholarly calm,restrained,"lamp pool, parchment cream",feature
18,11,津,haven,haven,V1 KML-ANIME: study illustration tied to lesson palette and verse mood.,"Gallery still for «haven»: a compelling real-world subject — figure, object, or weather — in moss green and aged bronze; impressionistic realism; moment from a larger story; kanji 津 only if carved, cast, or woven into the scene.",landscape,none,implied,"grounded, tactile, living world",moderate,"grounded, tactile, living world; exhibition depth",supporting
18,12,牧,breed,breed,V1 KML-ANIME: study illustration tied to lesson palette and verse mood.,"Gallery still for «breed»: a compelling real-world subject — figure, object, or weather — in moss green and aged bronze; impressionistic realism; moment from a larger story; kanji 牧 only if carved, cast, or woven into the scene.",human,secondary,implied,"grounded, tactile, living world",moderate,"grounded, tactile, living world; exhibition depth",supporting
18,13,攻,aggression,aggression,V1 KML-ANIME: study illustration tied to lesson palette and verse mood.,"Gallery still for «aggression»: a compelling real-world subject — figure, object, or weather — in moss green and aged bronze; impressionistic realism; moment from a larger story; kanji 攻 only if carved, cast, or woven into the scene.",mixed,implied,implied,"grounded, tactile, living world",moderate,"grounded, tactile, living world; exhibition depth",hero
18,14,敗,failure,failure,V1 KML-ANIME: study illustration tied to lesson palette and verse mood.,"Gallery still for «failure»: a compelling real-world subject — figure, object, or weather — in moss green and aged bronze; impressionistic realism; moment from a larger story; kanji 敗 only if carved, cast, or woven into the scene.",landscape,none,implied,"grounded, tactile, living world",moderate,"grounded, tactile, living world; exhibition depth",supporting
18,15,枚,sheet_of,sheet_of,V1 KML-ANIME: study illustration tied to lesson palette and verse mood.,"Gallery still for «sheet_of»: a compelling real-world subject — figure, object, or weather — in moss green and aged bronze; impressionistic realism; moment from a larger story; kanji 枚 only if carved, cast, or woven into the scene.",mixed,implied,implied,"grounded, tactile, living world",moderate,"grounded, tactile, living world; exhibition depth",supporting
18,16,故,happenstance,happenstance,V1 KML-ANIME: study illustration tied to lesson palette and verse mood.,"Gallery still for «happenstance»: a compelling real-world subject — figure, object, or weather — in moss green and aged bronze; impressionistic realism; moment from a larger story; kanji 故 only if carved, cast, or woven into the scene.",still_life,none,implied,"grounded, tactile, living world",moderate,"grounded, tactile, living world; exhibition depth",supporting
18,17,敬,awe,awe,V1 KML-ANIME: study illustration tied to lesson palette and verse mood.,"Gallery still for «awe»: a compelling real-world subject — figure, object, or weather — in moss green and aged bronze; impressionistic realism; moment from a larger story; kanji 敬 only if carved, cast, or woven into the scene.",landscape,none,implied,"grounded, tactile, living world",moderate,"grounded, tactile, living world; exhibition depth",hero
18,18,言,say,say,V1 KML-ANIME: study illustration tied to lesson palette and verse mood.,"Gallery still for «say»: a compelling real-world subject — figure, object, or weather — in moss green and aged bronze; impressionistic realism; moment from a larger story; kanji 言 only if carved, cast, or woven into the scene.",landscape,none,implied,"grounded, tactile, living world",moderate,"grounded, tactile, living world; exhibition depth",supporting
18,19,警,admonish,admonish,V1 KML-ANIME: study illustration tied to lesson palette and verse mood.,"Gallery still for «admonish»: a compelling real-world subject — figure, object, or weather — in moss green and aged bronze; impressionistic realism; moment from a larger story; kanji 警 only if carved, cast, or woven into the scene.",still_life,none,implied,"grounded, tactile, living world",moderate,"grounded, tactile, living world; exhibition depth",feature
18,20,計,plot,plot,V1 KML-ANIME: study illustration tied to lesson palette and verse mood.,"Gallery still for «plot»: a compelling real-world subject — figure, object, or weather — in moss green and aged bronze; impressionistic realism; moment from a larger story; kanji 計 only if carved, cast, or woven into the scene.",mixed,implied,implied,"grounded, tactile, living world",moderate,"grounded, tactile, living world; exhibition depth",hero
19,1,詮,elucidate,elucidate,V1 KML-CLASS: study illustration tied to lesson palette and verse mood.,"Gallery still for «elucidate»: a compelling real-world subject — figure, object, or weather — in turquoise and weathered gold; impressionistic realism; moment from a larger story; kanji 詮 only if carved, cast, or woven into the scene.",mixed,implied,implied,"grounded, tactile, living world",moderate,"grounded, tactile, living world; exhibition depth",transition
19,2,獄,prison,prison,V1 KML-CLASS: study illustration tied to lesson palette and verse mood.,"Gallery still for «prison»: a compelling real-world subject — figure, object, or weather — in turquoise and weathered gold; impressionistic realism; moment from a larger story; kanji 獄 only if carved, cast, or woven into the scene.",mixed,implied,implied,"grounded, tactile, living world",moderate,"grounded, tactile, living world; exhibition depth",transition
19,3,訂,revise,revise,V1 KML-CLASS: study illustration tied to lesson palette and verse mood.,"Gallery still for «revise»: a compelling real-world subject — figure, object, or weather — in turquoise and weathered gold; impressionistic realism; moment from a larger story; kanji 訂 only if carved, cast, or woven into the scene.",landscape,none,implied,"grounded, tactile, living world",moderate,"grounded, tactile, living world; exhibition depth",transition
19,4,訃,obituary,obituary,V1 KML-CLASS: study illustration tied to lesson palette and verse mood.,"Gallery still for «obituary»: a compelling real-world subject — figure, object, or weather — in turquoise and weathered gold; impressionistic realism; moment from a larger story; kanji 訃 only if carved, cast, or woven into the scene.",still_life,none,implied,"grounded, tactile, living world",moderate,"grounded, tactile, living world; exhibition depth",supporting
19,5,討,chastise,chastise,V1 KML-CLASS: study illustration tied to lesson palette and verse mood.,"Gallery still for «chastise»: a compelling real-world subject — figure, object, or weather — in turquoise and weathered gold; impressionistic realism; moment from a larger story; kanji 討 only if carved, cast, or woven into the scene.",mixed,implied,implied,"grounded, tactile, living world",moderate,"grounded, tactile, living world; exhibition depth",supporting
19,6,訓,instruction,instruction,V1 KML-CLASS: study illustration tied to lesson palette and verse mood.,"Gallery still for «instruction»: a compelling real-world subject — figure, object, or weather — in turquoise and weathered gold; impressionistic realism; moment from a larger story; kanji 訓 only if carved, cast, or woven into the scene.",landscape,none,implied,"grounded, tactile, living world",moderate,"grounded, tactile, living world; exhibition depth",supporting
19,7,詔,imperial_edict,imperial_edict,V1 KML-CLASS: study illustration tied to lesson palette and verse mood.,"Gallery still for «imperial_edict»: a compelling real-world subject — figure, object, or weather — in turquoise and weathered gold; impressionistic realism; moment from a larger story; kanji 詔 only if carved, cast, or woven into the scene.",human,secondary,implied,"grounded, tactile, living world",moderate,"grounded, tactile, living world; exhibition depth",hero
19,8,詰,packed,packed,V1 KML-CLASS: study illustration tied to lesson palette and verse mood.,"Gallery still for «packed»: a compelling real-world subject — figure, object, or weather — in turquoise and weathered gold; impressionistic realism; moment from a larger story; kanji 詰 only if carved, cast, or woven into the scene.",human,secondary,implied,"grounded, tactile, living world",moderate,"grounded, tactile, living world; exhibition depth",supporting
19,9,話,talk,talk,V1 KML-CLASS: study illustration tied to lesson palette and verse mood.,"Gallery still for «talk»: a compelling real-world subject — figure, object, or weather — in turquoise and weathered gold; impressionistic realism; moment from a larger story; kanji 話 only if carved, cast, or woven into the scene.",human,secondary,implied,"grounded, tactile, living world",moderate,"grounded, tactile, living world; exhibition depth",supporting
19,10,詠,recitation,recitation,V1 KML-CLASS: study illustration tied to lesson palette and verse mood.,"Gallery still for «recitation»: a compelling real-world subject — figure, object, or weather — in turquoise and weathered gold; impressionistic realism; moment from a larger story; kanji 詠 only if carved, cast, or woven into the scene.",still_life,none,implied,"grounded, tactile, living world",moderate,"grounded, tactile, living world; exhibition depth",feature
19,11,詩,poem,poem,V1 KML-CLASS: study illustration tied to lesson palette and verse mood.,"Open book on windowsill, breeze lifting a corner — words implied, world outside in soft focus.",still_life,secondary,implied,scholarly calm,restrained,"lamp pool, parchment cream",hero
19,12,語,language,language,V1 KML-CLASS: study illustration tied to lesson palette and verse mood.,"Open book on windowsill, breeze lifting a corner — words implied, world outside in soft focus.",still_life,secondary,implied,scholarly calm,restrained,"lamp pool, parchment cream",supporting
19,13,読,read,read,V1 KML-CLASS: study illustration tied to lesson palette and verse mood.,"Open book on windowsill, breeze lifting a corner — words implied, world outside in soft focus.",still_life,secondary,implied,scholarly calm,restrained,"lamp pool, parchment cream",supporting
19,14,調,tune,tune,V1 KML-CLASS: study illustration tied to lesson palette and verse mood.,"Gallery still for «tune»: a compelling real-world subject — figure, object, or weather — in turquoise and weathered gold; impressionistic realism; moment from a larger story; kanji 調 only if carved, cast, or woven into the scene.",still_life,none,implied,"grounded, tactile, living world",moderate,"grounded, tactile, living world; exhibition depth",supporting
19,15,談,discuss,discuss,V1 KML-CLASS: study illustration tied to lesson palette and verse mood.,"Gallery still for «discuss»: a compelling real-world subject — figure, object, or weather — in turquoise and weathered gold; impressionistic realism; moment from a larger story; kanji 談 only if carved, cast, or woven into the scene.",human,secondary,implied,"grounded, tactile, living world",moderate,"grounded, tactile, living world; exhibition depth",supporting
19,16,諾,consent,consent,V1 KML-CLASS: study illustration tied to lesson palette and verse mood.,"Gallery still for «consent»: a compelling real-world subject — figure, object, or weather — in turquoise and weathered gold; impressionistic realism; moment from a larger story; kanji 諾 only if carved, cast, or woven into the scene.",mixed,implied,implied,"grounded, tactile, living world",moderate,"grounded, tactile, living world; exhibition depth",supporting
19,17,諭,rebuke,rebuke,V1 KML-CLASS: study illustration tied to lesson palette and verse mood.,"Gallery still for «rebuke»: a compelling real-world subject — figure, object, or weather — in turquoise and weathered gold; impressionistic realism; moment from a larger story; kanji 諭 only if carved, cast, or woven into the scene.",human,secondary,implied,"grounded, tactile, living world",moderate,"grounded, tactile, living world; exhibition depth",supporting
19,18,式,style,style,V1 KML-CLASS: study illustration tied to lesson palette and verse mood.,"Gallery still for «style»: a compelling real-world subject — figure, object, or weather — in turquoise and weathered gold; impressionistic realism; moment from a larger story; kanji 式 only if carved, cast, or woven into the scene.",still_life,none,implied,"grounded, tactile, living world",moderate,"grounded, tactile, living world; exhibition depth",supporting
19,19,試,test,test,V1 KML-CLASS: study illustration tied to lesson palette and verse mood.,"Gallery still for «test»: a compelling real-world subject — figure, object, or weather — in turquoise and weathered gold; impressionistic realism; moment from a larger story; kanji 試 only if carved, cast, or woven into the scene.",still_life,none,implied,"grounded, tactile, living world",moderate,"grounded, tactile, living world; exhibition depth",feature
19,20,弐,formal_two,formal_two,V1 KML-CLASS: study illustration tied to lesson palette and verse mood.,"Gallery still for «formal_two»: a compelling real-world subject — figure, object, or weather — in turquoise and weathered gold; impressionistic realism; moment from a larger story; kanji 弐 only if carved, cast, or woven into the scene.",mixed,implied,implied,"grounded, tactile, living world",moderate,"grounded, tactile, living world; exhibition depth",hero
20,1,域,range,range,V1 KML-POSTER: study illustration tied to lesson palette and verse mood.,"Gallery still for «range»: a compelling real-world subject — figure, object, or weather — in earth umber and parchment cream; impressionistic realism; moment from a larger story; kanji 域 only if carved, cast, or woven into the scene.",mixed,implied,implied,"grounded, tactile, living world",moderate,"grounded, tactile, living world; exhibition depth",transition
20,2,賊,burglar,burglar,V1 KML-POSTER: study illustration tied to lesson palette and verse mood.,"Gallery still for «burglar»: a compelling real-world subject — figure, object, or weather — in earth umber and parchment cream; impressionistic realism; moment from a larger story; kanji 賊 only if carved, cast, or woven into the scene.",mixed,implied,implied,"grounded, tactile, living world",moderate,"grounded, tactile, living world; exhibition depth",transition
20,3,栽,plantation,plantation,V1 KML-POSTER: study illustration tied to lesson palette and verse mood.,"Gallery still for «plantation»: a compelling real-world subject — figure, object, or weather — in earth umber and parchment cream; impressionistic realism; moment from a larger story; kanji 栽 only if carved, cast, or woven into the scene.",still_life,none,implied,"grounded, tactile, living world",moderate,"grounded, tactile, living world; exhibition depth",transition
20,4,載,load,load,V1 KML-POSTER: study illustration tied to lesson palette and verse mood.,"Gallery still for «load»: a compelling real-world subject — figure, object, or weather — in earth umber and parchment cream; impressionistic realism; moment from a larger story; kanji 載 only if carved, cast, or woven into the scene.",landscape,none,implied,"grounded, tactile, living world",moderate,"grounded, tactile, living world; exhibition depth",supporting
20,5,茂,overgrown,overgrown,V1 KML-POSTER: study illustration tied to lesson palette and verse mood.,"Gallery still for «overgrown»: a compelling real-world subject — figure, object, or weather — in earth umber and parchment cream; impressionistic realism; moment from a larger story; kanji 茂 only if carved, cast, or woven into the scene.",landscape,none,implied,"grounded, tactile, living world",moderate,"grounded, tactile, living world; exhibition depth",supporting
20,6,戚,relatives,relatives,V1 KML-POSTER: study illustration tied to lesson palette and verse mood.,"Gallery still for «relatives»: a compelling real-world subject — figure, object, or weather — in earth umber and parchment cream; impressionistic realism; moment from a larger story; kanji 戚 only if carved, cast, or woven into the scene.",landscape,none,implied,"grounded, tactile, living world",moderate,"grounded, tactile, living world; exhibition depth",supporting
20,7,成,become,become,V1 KML-POSTER: study illustration tied to lesson palette and verse mood.,"Gallery still for «become»: a compelling real-world subject — figure, object, or weather — in earth umber and parchment cream; impressionistic realism; moment from a larger story; kanji 成 only if carved, cast, or woven into the scene.",still_life,none,implied,"grounded, tactile, living world",moderate,"grounded, tactile, living world; exhibition depth",supporting
20,8,城,castle,castle,V1 KML-POSTER: study illustration tied to lesson palette and verse mood.,"Architectural passage — corridor, gate, or alley — figure crossing threshold; weathered stone, earth umber and parchment cream.",architecture,secondary,implied,institutional calm,moderate,"stone grey, lantern amber",supporting
20,9,誠,sincerity,sincerity,V1 KML-POSTER: study illustration tied to lesson palette and verse mood.,"Gallery still for «sincerity»: a compelling real-world subject — figure, object, or weather — in earth umber and parchment cream; impressionistic realism; moment from a larger story; kanji 誠 only if carved, cast, or woven into the scene.",still_life,none,implied,"grounded, tactile, living world",moderate,"grounded, tactile, living world; exhibition depth",hero
20,10,威,intimidate,intimidate,V1 KML-POSTER: study illustration tied to lesson palette and verse mood.,"Gallery still for «intimidate»: a compelling real-world subject — figure, object, or weather — in earth umber and parchment cream; impressionistic realism; moment from a larger story; kanji 威 only if carved, cast, or woven into the scene.",landscape,none,implied,"grounded, tactile, living world",moderate,"grounded, tactile, living world; exhibition depth",feature
20,11,滅,destroy,destroy,V1 KML-POSTER: study illustration tied to lesson palette and verse mood.,"Gallery still for «destroy»: a compelling real-world subject — figure, object, or weather — in earth umber and parchment cream; impressionistic realism; moment from a larger story; kanji 滅 only if carved, cast, or woven into the scene.",still_life,none,implied,"grounded, tactile, living world",moderate,"grounded, tactile, living world; exhibition depth",hero
20,12,減,dwindle,dwindle,V1 KML-POSTER: study illustration tied to lesson palette and verse mood.,"Gallery still for «dwindle»: a compelling real-world subject — figure, object, or weather — in earth umber and parchment cream; impressionistic realism; moment from a larger story; kanji 減 only if carved, cast, or woven into the scene.",mixed,implied,implied,"grounded, tactile, living world",moderate,"grounded, tactile, living world; exhibition depth",supporting
20,13,蔑,disdain,disdain,V1 KML-POSTER: study illustration tied to lesson palette and verse mood.,"Gallery still for «disdain»: a compelling real-world subject — figure, object, or weather — in earth umber and parchment cream; impressionistic realism; moment from a larger story; kanji 蔑 only if carved, cast, or woven into the scene.",still_life,none,implied,"grounded, tactile, living world",moderate,"grounded, tactile, living world; exhibition depth",supporting
20,14,桟,scaffold,scaffold,V1 KML-POSTER: study illustration tied to lesson palette and verse mood.,"Gallery still for «scaffold»: a compelling real-world subject — figure, object, or weather — in earth umber and parchment cream; impressionistic realism; moment from a larger story; kanji 桟 only if carved, cast, or woven into the scene.",still_life,none,implied,"grounded, tactile, living world",moderate,"grounded, tactile, living world; exhibition depth",supporting
20,15,銭,coin,coin,V1 KML-POSTER: study illustration tied to lesson palette and verse mood.,"Still life on cloth: metal or stone object catching slit light — patina, scratch, weight; museum case without the case.",still_life,secondary,static,material reverence,moderate,"specular highlight, dark ground",supporting
20,16,浅,shallow,shallow,V1 KML-POSTER: study illustration tied to lesson palette and verse mood.,"Gallery still for «shallow»: a compelling real-world subject — figure, object, or weather — in earth umber and parchment cream; impressionistic realism; moment from a larger story; kanji 浅 only if carved, cast, or woven into the scene.",landscape,none,implied,"grounded, tactile, living world",moderate,"grounded, tactile, living world; exhibition depth",supporting
20,17,止,stop,stop,V1 KML-POSTER: study illustration tied to lesson palette and verse mood.,"Gallery still for «stop»: a compelling real-world subject — figure, object, or weather — in earth umber and parchment cream; impressionistic realism; moment from a larger story; kanji 止 only if carved, cast, or woven into the scene.",human,secondary,implied,"grounded, tactile, living world",moderate,"grounded, tactile, living world; exhibition depth",supporting
20,18,歩,walk,walk,V1 KML-POSTER: study illustration tied to lesson palette and verse mood.,"Mid-action freeze: a figure walking through weather — coat or cloth caught by wind; diagonal energy, cinematic still.",human,primary,active,kinetic resolve,moderate,motion blur on rain,feature
20,19,渉,ford,ford,V1 KML-POSTER: study illustration tied to lesson palette and verse mood.,"River or shore at blue hour, current carrying reflected sky — a figure optional at the margin; earth umber and parchment cream; water as moving light.",landscape,secondary,implied,flowing calm,moderate,"wet stone, atmospheric depth",feature
20,20,頻,repeatedly,repeatedly,V1 KML-POSTER: study illustration tied to lesson palette and verse mood.,"Gallery still for «repeatedly»: a compelling real-world subject — figure, object, or weather — in earth umber and parchment cream; impressionistic realism; moment from a larger story; kanji 頻 only if carved, cast, or woven into the scene.",human,secondary,implied,"grounded, tactile, living world",moderate,"grounded, tactile, living world; exhibition depth",hero
21,1,肯,agreement,agreement,V1 KML-CINE: study illustration tied to lesson palette and verse mood.,"Gallery still for «agreement»: a compelling real-world subject — figure, object, or weather — in warm red and orange with ivory strokes; impressionistic realism; moment from a larger story; kanji 肯 only if carved, cast, or woven into the scene.",human,secondary,implied,"grounded, tactile, living world",moderate,"grounded, tactile, living world; exhibition depth",transition
21,2,企,undertake,undertake,V1 KML-CINE: study illustration tied to lesson palette and verse mood.,"Gallery still for «undertake»: a compelling real-world subject — figure, object, or weather — in warm red and orange with ivory strokes; impressionistic realism; moment from a larger story; kanji 企 only if carved, cast, or woven into the scene.",human,secondary,implied,"grounded, tactile, living world",moderate,"grounded, tactile, living world; exhibition depth",transition
21,3,歴,curriculum,curriculum,V1 KML-CINE: study illustration tied to lesson palette and verse mood.,"Gallery still for «curriculum»: a compelling real-world subject — figure, object, or weather — in warm red and orange with ivory strokes; impressionistic realism; moment from a larger story; kanji 歴 only if carved, cast, or woven into the scene.",mixed,implied,implied,"grounded, tactile, living world",moderate,"grounded, tactile, living world; exhibition depth",transition
21,4,武,warrior,warrior,V1 KML-CINE: study illustration tied to lesson palette and verse mood.,"Gallery still for «warrior»: a compelling real-world subject — figure, object, or weather — in warm red and orange with ivory strokes; impressionistic realism; moment from a larger story; kanji 武 only if carved, cast, or woven into the scene.",landscape,none,implied,"grounded, tactile, living world",moderate,"grounded, tactile, living world; exhibition depth",hero
21,5,賦,levy,levy,V1 KML-CINE: study illustration tied to lesson palette and verse mood.,"Gallery still for «levy»: a compelling real-world subject — figure, object, or weather — in warm red and orange with ivory strokes; impressionistic realism; moment from a larger story; kanji 賦 only if carved, cast, or woven into the scene.",human,secondary,implied,"grounded, tactile, living world",moderate,"grounded, tactile, living world; exhibition depth",supporting
21,6,正,correct,correct,V1 KML-CINE: study illustration tied to lesson palette and verse mood.,"Gallery still for «correct»: a compelling real-world subject — figure, object, or weather — in warm red and orange with ivory strokes; impressionistic realism; moment from a larger story; kanji 正 only if carved, cast, or woven into the scene.",landscape,none,implied,"grounded, tactile, living world",moderate,"grounded, tactile, living world; exhibition depth",supporting
21,7,証,evidence,evidence,V1 KML-CINE: study illustration tied to lesson palette and verse mood.,"Gallery still for «evidence»: a compelling real-world subject — figure, object, or weather — in warm red and orange with ivory strokes; impressionistic realism; moment from a larger story; kanji 証 only if carved, cast, or woven into the scene.",human,secondary,implied,"grounded, tactile, living world",moderate,"grounded, tactile, living world; exhibition depth",supporting
21,8,政,politics,politics,V1 KML-CINE: study illustration tied to lesson palette and verse mood.,"Gallery still for «politics»: a compelling real-world subject — figure, object, or weather — in warm red and orange with ivory strokes; impressionistic realism; moment from a larger story; kanji 政 only if carved, cast, or woven into the scene.",still_life,none,implied,"grounded, tactile, living world",moderate,"grounded, tactile, living world; exhibition depth",supporting
21,9,定,determine,determine,V1 KML-CINE: study illustration tied to lesson palette and verse mood.,"Gallery still for «determine»: a compelling real-world subject — figure, object, or weather — in warm red and orange with ivory strokes; impressionistic realism; moment from a larger story; kanji 定 only if carved, cast, or woven into the scene.",mixed,implied,implied,"grounded, tactile, living world",moderate,"grounded, tactile, living world; exhibition depth",supporting
21,10,錠,lock,lock,V1 KML-CINE: study illustration tied to lesson palette and verse mood.,"Gallery still for «lock»: a compelling real-world subject — figure, object, or weather — in warm red and orange with ivory strokes; impressionistic realism; moment from a larger story; kanji 錠 only if carved, cast, or woven into the scene.",mixed,implied,implied,"grounded, tactile, living world",moderate,"grounded, tactile, living world; exhibition depth",hero
21,11,走,run,run,V1 KML-CINE: study illustration tied to lesson palette and verse mood.,"Footprints in wet sand leading toward horizon — journey implied, figure small but decisive.",human,primary,active,kinetic resolve,moderate,motion blur on rain,supporting
21,12,超,transcend,transcend,V1 KML-CINE: study illustration tied to lesson palette and verse mood.,"Gallery still for «transcend»: a compelling real-world subject — figure, object, or weather — in warm red and orange with ivory strokes; impressionistic realism; moment from a larger story; kanji 超 only if carved, cast, or woven into the scene.",human,secondary,implied,"grounded, tactile, living world",moderate,"grounded, tactile, living world; exhibition depth",supporting
21,13,赴,proceed,proceed,V1 KML-CINE: study illustration tied to lesson palette and verse mood.,"Gallery still for «proceed»: a compelling real-world subject — figure, object, or weather — in warm red and orange with ivory strokes; impressionistic realism; moment from a larger story; kanji 赴 only if carved, cast, or woven into the scene.",still_life,none,implied,"grounded, tactile, living world",moderate,"grounded, tactile, living world; exhibition depth",supporting
21,14,越,surpass,surpass,V1 KML-CINE: study illustration tied to lesson palette and verse mood.,"Gallery still for «surpass»: a compelling real-world subject — figure, object, or weather — in warm red and orange with ivory strokes; impressionistic realism; moment from a larger story; kanji 越 only if carved, cast, or woven into the scene.",still_life,none,implied,"grounded, tactile, living world",moderate,"grounded, tactile, living world; exhibition depth",supporting
21,15,是,just_so,just_so,V1 KML-CINE: study illustration tied to lesson palette and verse mood.,"Gallery still for «just_so»: a compelling real-world subject — figure, object, or weather — in warm red and orange with ivory strokes; impressionistic realism; moment from a larger story; kanji 是 only if carved, cast, or woven into the scene.",still_life,none,implied,"grounded, tactile, living world",moderate,"grounded, tactile, living world; exhibition depth",supporting
21,16,題,topic,topic,V1 KML-CINE: study illustration tied to lesson palette and verse mood.,"Gallery still for «topic»: a compelling real-world subject — figure, object, or weather — in warm red and orange with ivory strokes; impressionistic realism; moment from a larger story; kanji 題 only if carved, cast, or woven into the scene.",human,secondary,implied,"grounded, tactile, living world",moderate,"grounded, tactile, living world; exhibition depth",supporting
21,17,堤,dike,dike,V1 KML-CINE: study illustration tied to lesson palette and verse mood.,"Gallery still for «dike»: a compelling real-world subject — figure, object, or weather — in warm red and orange with ivory strokes; impressionistic realism; moment from a larger story; kanji 堤 only if carved, cast, or woven into the scene.",landscape,none,implied,"grounded, tactile, living world",moderate,"grounded, tactile, living world; exhibition depth",supporting
21,18,建,build,build,V1 KML-CINE: study illustration tied to lesson palette and verse mood.,"Gallery still for «build»: a compelling real-world subject — figure, object, or weather — in warm red and orange with ivory strokes; impressionistic realism; moment from a larger story; kanji 建 only if carved, cast, or woven into the scene.",landscape,none,implied,"grounded, tactile, living world",moderate,"grounded, tactile, living world; exhibition depth",supporting
21,19,鍵,key,key,V1 KML-CINE: study illustration tied to lesson palette and verse mood.,"Gallery still for «key»: a compelling real-world subject — figure, object, or weather — in warm red and orange with ivory strokes; impressionistic realism; moment from a larger story; kanji 鍵 only if carved, cast, or woven into the scene.",landscape,none,implied,"grounded, tactile, living world",moderate,"grounded, tactile, living world; exhibition depth",feature
21,20,延,prolong,prolong,V1 KML-CINE: study illustration tied to lesson palette and verse mood.,"Gallery still for «prolong»: a compelling real-world subject — figure, object, or weather — in warm red and orange with ivory strokes; impressionistic realism; moment from a larger story; kanji 延 only if carved, cast, or woven into the scene.",mixed,implied,implied,"grounded, tactile, living world",moderate,"grounded, tactile, living world; exhibition depth",hero
22,1,誕,nativity,nativity,V1 KML-WASH: study illustration tied to lesson palette and verse mood.,"Gallery still for «nativity»: a compelling real-world subject — figure, object, or weather — in deep indigo and muted gold with cool ivory strokes; impressionistic realism; moment from a larger story; kanji 誕 only if carved, cast, or woven into the scene.",still_life,none,implied,"grounded, tactile, living world",moderate,"grounded, tactile, living world; exhibition depth",transition
22,2,礎,cornerstone,cornerstone,V1 KML-WASH: study illustration tied to lesson palette and verse mood.,"Gallery still for «cornerstone»: a compelling real-world subject — figure, object, or weather — in deep indigo and muted gold with cool ivory strokes; impressionistic realism; moment from a larger story; kanji 礎 only if carved, cast, or woven into the scene.",human,secondary,implied,"grounded, tactile, living world",moderate,"grounded, tactile, living world; exhibition depth",transition
22,3,婿,bridegroom,bridegroom,V1 KML-WASH: study illustration tied to lesson palette and verse mood.,"Gallery still for «bridegroom»: a compelling real-world subject — figure, object, or weather — in deep indigo and muted gold with cool ivory strokes; impressionistic realism; moment from a larger story; kanji 婿 only if carved, cast, or woven into the scene.",still_life,none,implied,"grounded, tactile, living world",moderate,"grounded, tactile, living world; exhibition depth",transition
22,4,衣,garment,garment,V1 KML-WASH: study illustration tied to lesson palette and verse mood.,"Gallery still for «garment»: a compelling real-world subject — figure, object, or weather — in deep indigo and muted gold with cool ivory strokes; impressionistic realism; moment from a larger story; kanji 衣 only if carved, cast, or woven into the scene.",landscape,none,implied,"grounded, tactile, living world",moderate,"grounded, tactile, living world; exhibition depth",supporting
22,5,裁,judge,judge,V1 KML-WASH: study illustration tied to lesson palette and verse mood.,"Gallery still for «judge»: a compelling real-world subject — figure, object, or weather — in deep indigo and muted gold with cool ivory strokes; impressionistic realism; moment from a larger story; kanji 裁 only if carved, cast, or woven into the scene.",landscape,none,implied,"grounded, tactile, living world",moderate,"grounded, tactile, living world; exhibition depth",supporting
22,6,装,attire,attire,V1 KML-WASH: study illustration tied to lesson palette and verse mood.,"Gallery still for «attire»: a compelling real-world subject — figure, object, or weather — in deep indigo and muted gold with cool ivory strokes; impressionistic realism; moment from a larger story; kanji 装 only if carved, cast, or woven into the scene.",landscape,none,implied,"grounded, tactile, living world",moderate,"grounded, tactile, living world; exhibition depth",supporting
22,7,裏,reverse_side,reverse_side,V1 KML-WASH: study illustration tied to lesson palette and verse mood.,"Gallery still for «reverse_side»: a compelling real-world subject — figure, object, or weather — in deep indigo and muted gold with cool ivory strokes; impressionistic realism; moment from a larger story; kanji 裏 only if carved, cast, or woven into the scene.",landscape,none,implied,"grounded, tactile, living world",moderate,"grounded, tactile, living world; exhibition depth",supporting
22,8,壊,demolition,demolition,V1 KML-WASH: study illustration tied to lesson palette and verse mood.,"Gallery still for «demolition»: a compelling real-world subject — figure, object, or weather — in deep indigo and muted gold with cool ivory strokes; impressionistic realism; moment from a larger story; kanji 壊 only if carved, cast, or woven into the scene.",mixed,implied,implied,"grounded, tactile, living world",moderate,"grounded, tactile, living world; exhibition depth",supporting
22,9,哀,pathetic,pathetic,V1 KML-WASH: study illustration tied to lesson palette and verse mood.,"Gallery still for «pathetic»: a compelling real-world subject — figure, object, or weather — in deep indigo and muted gold with cool ivory strokes; impressionistic realism; moment from a larger story; kanji 哀 only if carved, cast, or woven into the scene.",still_life,none,implied,"grounded, tactile, living world",moderate,"grounded, tactile, living world; exhibition depth",hero
22,10,遠,far,far,V1 KML-WASH: study illustration tied to lesson palette and verse mood.,"Gallery still for «far»: a compelling real-world subject — figure, object, or weather — in deep indigo and muted gold with cool ivory strokes; impressionistic realism; moment from a larger story; kanji 遠 only if carved, cast, or woven into the scene.",mixed,implied,implied,"grounded, tactile, living world",moderate,"grounded, tactile, living world; exhibition depth",hero
22,11,猿,monkey,monkey,V1 KML-WASH: study illustration tied to lesson palette and verse mood.,"Portrait of a monkey in shallow depth of field, background dissolved into indigo shadow — a gallery animal study, not an emblem.",animal,none,active,"grounded, tactile, living world",moderate,"living air, tactile detail",supporting
22,12,初,first_time,first_time,V1 KML-WASH: study illustration tied to lesson palette and verse mood.,"Gallery still for «first_time»: a compelling real-world subject — figure, object, or weather — in deep indigo and muted gold with cool ivory strokes; impressionistic realism; moment from a larger story; kanji 初 only if carved, cast, or woven into the scene.",landscape,none,implied,"grounded, tactile, living world",moderate,"grounded, tactile, living world; exhibition depth",supporting
22,13,巾,towel,towel,V1 KML-WASH: study illustration tied to lesson palette and verse mood.,"Gallery still for «towel»: a compelling real-world subject — figure, object, or weather — in deep indigo and muted gold with cool ivory strokes; impressionistic realism; moment from a larger story; kanji 巾 only if carved, cast, or woven into the scene.",landscape,none,implied,"grounded, tactile, living world",moderate,"grounded, tactile, living world; exhibition depth",supporting
22,14,布,linen,linen,V1 KML-WASH: study illustration tied to lesson palette and verse mood.,"Gallery still for «linen»: a compelling real-world subject — figure, object, or weather — in deep indigo and muted gold with cool ivory strokes; impressionistic realism; moment from a larger story; kanji 布 only if carved, cast, or woven into the scene.",landscape,none,implied,"grounded, tactile, living world",moderate,"grounded, tactile, living world; exhibition depth",supporting
22,15,帆,sail,sail,V1 KML-WASH: study illustration tied to lesson palette and verse mood.,"Gallery still for «sail»: a compelling real-world subject — figure, object, or weather — in deep indigo and muted gold with cool ivory strokes; impressionistic realism; moment from a larger story; kanji 帆 only if carved, cast, or woven into the scene.",still_life,none,implied,"grounded, tactile, living world",moderate,"grounded, tactile, living world; exhibition depth",supporting
22,16,幅,breadth,breadth,V1 KML-WASH: study illustration tied to lesson palette and verse mood.,"Desk at night: paper, ink, one lamp — reader leaning close; scholarly intimacy, not instruction.",still_life,secondary,implied,scholarly calm,restrained,"lamp pool, parchment cream",supporting
22,17,帽,cap,cap,V1 KML-WASH: study illustration tied to lesson palette and verse mood.,"Gallery still for «cap»: a compelling real-world subject — figure, object, or weather — in deep indigo and muted gold with cool ivory strokes; impressionistic realism; moment from a larger story; kanji 帽 only if carved, cast, or woven into the scene.",landscape,none,implied,"grounded, tactile, living world",moderate,"grounded, tactile, living world; exhibition depth",supporting
22,18,幕,curtain,curtain,V1 KML-WASH: study illustration tied to lesson palette and verse mood.,"Gallery still for «curtain»: a compelling real-world subject — figure, object, or weather — in deep indigo and muted gold with cool ivory strokes; impressionistic realism; moment from a larger story; kanji 幕 only if carved, cast, or woven into the scene.",mixed,implied,implied,"grounded, tactile, living world",moderate,"grounded, tactile, living world; exhibition depth",supporting
22,19,幌,canopy,canopy,V1 KML-WASH: study illustration tied to lesson palette and verse mood.,"Gallery still for «canopy»: a compelling real-world subject — figure, object, or weather — in deep indigo and muted gold with cool ivory strokes; impressionistic realism; moment from a larger story; kanji 幌 only if carved, cast, or woven into the scene.",still_life,none,implied,"grounded, tactile, living world",moderate,"grounded, tactile, living world; exhibition depth",feature
22,20,錦,brocade,brocade,V1 KML-WASH: study illustration tied to lesson palette and verse mood.,"Gallery still for «brocade»: a compelling real-world subject — figure, object, or weather — in deep indigo and muted gold with cool ivory strokes; impressionistic realism; moment from a larger story; kanji 錦 only if carved, cast, or woven into the scene.",human,secondary,implied,"grounded, tactile, living world",moderate,"grounded, tactile, living world; exhibition depth",hero
23,1,市,market,market,V1 KML-IMPR: study illustration tied to lesson palette and verse mood.,"Gallery still for «market»: a compelling real-world subject — figure, object, or weather — in earth umber and parchment cream; impressionistic realism; moment from a larger story; kanji 市 only if carved, cast, or woven into the scene.",still_life,none,implied,"grounded, tactile, living world",moderate,"grounded, tactile, living world; exhibition depth",transition
23,2,柿,persimmon,persimmon,V1 KML-IMPR: study illustration tied to lesson palette and verse mood.,"Gallery still for «persimmon»: a compelling real-world subject — figure, object, or weather — in earth umber and parchment cream; impressionistic realism; moment from a larger story; kanji 柿 only if carved, cast, or woven into the scene.",human,secondary,implied,"grounded, tactile, living world",moderate,"grounded, tactile, living world; exhibition depth",transition
23,3,姉,older_sister,older_sister,V1 KML-IMPR: study illustration tied to lesson palette and verse mood.,"Gallery still for «older_sister»: a compelling real-world subject — figure, object, or weather — in earth umber and parchment cream; impressionistic realism; moment from a larger story; kanji 姉 only if carved, cast, or woven into the scene.",mixed,implied,implied,"grounded, tactile, living world",moderate,"grounded, tactile, living world; exhibition depth",transition
23,4,肺,lungs,lungs,V1 KML-IMPR: study illustration tied to lesson palette and verse mood.,"Gallery still for «lungs»: a compelling real-world subject — figure, object, or weather — in earth umber and parchment cream; impressionistic realism; moment from a larger story; kanji 肺 only if carved, cast, or woven into the scene.",human,secondary,implied,"grounded, tactile, living world",moderate,"grounded, tactile, living world; exhibition depth",supporting
23,5,帯,sash,sash,V1 KML-IMPR: study illustration tied to lesson palette and verse mood.,"Gallery still for «sash»: a compelling real-world subject — figure, object, or weather — in earth umber and parchment cream; impressionistic realism; moment from a larger story; kanji 帯 only if carved, cast, or woven into the scene.",landscape,none,implied,"grounded, tactile, living world",moderate,"grounded, tactile, living world; exhibition depth",supporting
23,6,滞,stagnate,stagnate,V1 KML-IMPR: study illustration tied to lesson palette and verse mood.,"Gallery still for «stagnate»: a compelling real-world subject — figure, object, or weather — in earth umber and parchment cream; impressionistic realism; moment from a larger story; kanji 滞 only if carved, cast, or woven into the scene.",still_life,none,implied,"grounded, tactile, living world",moderate,"grounded, tactile, living world; exhibition depth",supporting
23,7,刺,thorn,thorn,V1 KML-IMPR: study illustration tied to lesson palette and verse mood.,"Gallery still for «thorn»: a compelling real-world subject — figure, object, or weather — in earth umber and parchment cream; impressionistic realism; moment from a larger story; kanji 刺 only if carved, cast, or woven into the scene.",human,secondary,implied,"grounded, tactile, living world",moderate,"grounded, tactile, living world; exhibition depth",supporting
23,8,制,control,control,V1 KML-IMPR: study illustration tied to lesson palette and verse mood.,"Gallery still for «control»: a compelling real-world subject — figure, object, or weather — in earth umber and parchment cream; impressionistic realism; moment from a larger story; kanji 制 only if carved, cast, or woven into the scene.",landscape,none,implied,"grounded, tactile, living world",moderate,"grounded, tactile, living world; exhibition depth",supporting
23,9,製,made_in,made_in,V1 KML-IMPR: study illustration tied to lesson palette and verse mood.,"Gallery still for «made_in»: a compelling real-world subject — figure, object, or weather — in earth umber and parchment cream; impressionistic realism; moment from a larger story; kanji 製 only if carved, cast, or woven into the scene.",mixed,implied,implied,"grounded, tactile, living world",moderate,"grounded, tactile, living world; exhibition depth",supporting
23,10,転,revolve,revolve,V1 KML-IMPR: study illustration tied to lesson palette and verse mood.,"Gallery still for «revolve»: a compelling real-world subject — figure, object, or weather — in earth umber and parchment cream; impressionistic realism; moment from a larger story; kanji 転 only if carved, cast, or woven into the scene.",still_life,none,implied,"grounded, tactile, living world",moderate,"grounded, tactile, living world; exhibition depth",feature
23,11,芸,art,art,V1 KML-IMPR: study illustration tied to lesson palette and verse mood.,"Gallery still for «art»: a compelling real-world subject — figure, object, or weather — in earth umber and parchment cream; impressionistic realism; moment from a larger story; kanji 芸 only if carved, cast, or woven into the scene.",mixed,implied,implied,"grounded, tactile, living world",moderate,"grounded, tactile, living world; exhibition depth",supporting
23,12,雨,rain,rain,V1 KML-IMPR: study illustration tied to lesson palette and verse mood.,"Rain on stone basin overflowing — weather as protagonist; silver streaks, deep green moss, one wooden ladle.",landscape,secondary,implied,flowing calm,moderate,"wet stone, atmospheric depth",supporting
23,13,雲,cloud,cloud,V1 KML-IMPR: study illustration tied to lesson palette and verse mood.,"Gallery still for «cloud»: a compelling real-world subject — figure, object, or weather — in earth umber and parchment cream; impressionistic realism; moment from a larger story; kanji 雲 only if carved, cast, or woven into the scene.",landscape,none,implied,"grounded, tactile, living world",moderate,"grounded, tactile, living world; exhibition depth",supporting
23,14,曇,cloudy_weather,cloudy_weather,V1 KML-IMPR: study illustration tied to lesson palette and verse mood.,"Gallery still for «cloudy_weather»: a compelling real-world subject — figure, object, or weather — in earth umber and parchment cream; impressionistic realism; moment from a larger story; kanji 曇 only if carved, cast, or woven into the scene.",landscape,none,implied,"grounded, tactile, living world",moderate,"grounded, tactile, living world; exhibition depth",supporting
23,15,雷,thunder,thunder,V1 KML-IMPR: study illustration tied to lesson palette and verse mood.,"Gallery still for «thunder»: a compelling real-world subject — figure, object, or weather — in earth umber and parchment cream; impressionistic realism; moment from a larger story; kanji 雷 only if carved, cast, or woven into the scene.",landscape,none,implied,"grounded, tactile, living world",moderate,"grounded, tactile, living world; exhibition depth",hero
23,16,霜,frost,frost,V1 KML-IMPR: study illustration tied to lesson palette and verse mood.,"Gallery still for «frost»: a compelling real-world subject — figure, object, or weather — in earth umber and parchment cream; impressionistic realism; moment from a larger story; kanji 霜 only if carved, cast, or woven into the scene.",human,secondary,implied,"grounded, tactile, living world",moderate,"grounded, tactile, living world; exhibition depth",supporting
23,17,冬,winter,winter,V1 KML-IMPR: study illustration tied to lesson palette and verse mood.,"Gallery still for «winter»: a compelling real-world subject — figure, object, or weather — in earth umber and parchment cream; impressionistic realism; moment from a larger story; kanji 冬 only if carved, cast, or woven into the scene.",mixed,implied,implied,"grounded, tactile, living world",moderate,"grounded, tactile, living world; exhibition depth",supporting
23,18,天,heaven,heaven,V1 KML-IMPR: study illustration tied to lesson palette and verse mood.,"Gallery still for «heaven»: a compelling real-world subject — figure, object, or weather — in earth umber and parchment cream; impressionistic realism; moment from a larger story; kanji 天 only if carved, cast, or woven into the scene.",still_life,none,implied,"grounded, tactile, living world",moderate,"grounded, tactile, living world; exhibition depth",hero
23,19,妖,bewitched,bewitched,V1 KML-IMPR: study illustration tied to lesson palette and verse mood.,"Gallery still for «bewitched»: a compelling real-world subject — figure, object, or weather — in earth umber and parchment cream; impressionistic realism; moment from a larger story; kanji 妖 only if carved, cast, or woven into the scene.",landscape,none,implied,"grounded, tactile, living world",moderate,"grounded, tactile, living world; exhibition depth",feature
23,20,沃,fertile,fertile,V1 KML-IMPR: study illustration tied to lesson palette and verse mood.,"Gallery still for «fertile»: a compelling real-world subject — figure, object, or weather — in earth umber and parchment cream; impressionistic realism; moment from a larger story; kanji 沃 only if carved, cast, or woven into the scene.",landscape,none,implied,"grounded, tactile, living world",moderate,"grounded, tactile, living world; exhibition depth",hero
24,1,橋,bridge,bridge,V1 KML-WASH: study illustration tied to lesson palette and verse mood.,"Architectural passage — corridor, gate, or alley — figure crossing threshold; weathered stone, smoky violet and oxidized copper.",architecture,secondary,implied,institutional calm,moderate,"stone grey, lantern amber",transition
24,2,嬌,attractive,attractive,V1 KML-WASH: study illustration tied to lesson palette and verse mood.,"Gallery still for «attractive»: a compelling real-world subject — figure, object, or weather — in smoky violet and oxidized copper; impressionistic realism; moment from a larger story; kanji 嬌 only if carved, cast, or woven into the scene.",mixed,implied,implied,"grounded, tactile, living world",moderate,"grounded, tactile, living world; exhibition depth",transition
24,3,立,stand_up,stand_up,V1 KML-WASH: study illustration tied to lesson palette and verse mood.,"Gallery still for «stand_up»: a compelling real-world subject — figure, object, or weather — in smoky violet and oxidized copper; impressionistic realism; moment from a larger story; kanji 立 only if carved, cast, or woven into the scene.",still_life,none,implied,"grounded, tactile, living world",moderate,"grounded, tactile, living world; exhibition depth",transition
24,4,泣,cry,cry,V1 KML-WASH: study illustration tied to lesson palette and verse mood.,"Gallery still for «cry»: a compelling real-world subject — figure, object, or weather — in smoky violet and oxidized copper; impressionistic realism; moment from a larger story; kanji 泣 only if carved, cast, or woven into the scene.",mixed,implied,implied,"grounded, tactile, living world",moderate,"grounded, tactile, living world; exhibition depth",hero
24,5,章,chapter,chapter,V1 KML-WASH: study illustration tied to lesson palette and verse mood.,"Gallery still for «chapter»: a compelling real-world subject — figure, object, or weather — in smoky violet and oxidized copper; impressionistic realism; moment from a larger story; kanji 章 only if carved, cast, or woven into the scene.",mixed,implied,implied,"grounded, tactile, living world",moderate,"grounded, tactile, living world; exhibition depth",supporting
24,6,競,compete,compete,V1 KML-WASH: study illustration tied to lesson palette and verse mood.,"Gallery still for «compete»: a compelling real-world subject — figure, object, or weather — in smoky violet and oxidized copper; impressionistic realism; moment from a larger story; kanji 競 only if carved, cast, or woven into the scene.",mixed,implied,implied,"grounded, tactile, living world",moderate,"grounded, tactile, living world; exhibition depth",supporting
24,7,帝,sovereign,sovereign,V1 KML-WASH: study illustration tied to lesson palette and verse mood.,"Gallery still for «sovereign»: a compelling real-world subject — figure, object, or weather — in smoky violet and oxidized copper; impressionistic realism; moment from a larger story; kanji 帝 only if carved, cast, or woven into the scene.",mixed,implied,implied,"grounded, tactile, living world",moderate,"grounded, tactile, living world; exhibition depth",hero
24,8,諦,renunciation,renunciation,V1 KML-WASH: study illustration tied to lesson palette and verse mood.,"Gallery still for «renunciation»: a compelling real-world subject — figure, object, or weather — in smoky violet and oxidized copper; impressionistic realism; moment from a larger story; kanji 諦 only if carved, cast, or woven into the scene.",human,secondary,implied,"grounded, tactile, living world",moderate,"grounded, tactile, living world; exhibition depth",supporting
24,9,童,juvenile,juvenile,V1 KML-WASH: study illustration tied to lesson palette and verse mood.,"Gallery still for «juvenile»: a compelling real-world subject — figure, object, or weather — in smoky violet and oxidized copper; impressionistic realism; moment from a larger story; kanji 童 only if carved, cast, or woven into the scene.",mixed,implied,implied,"grounded, tactile, living world",moderate,"grounded, tactile, living world; exhibition depth",supporting
24,10,瞳,pupil,pupil,V1 KML-WASH: study illustration tied to lesson palette and verse mood.,"Gallery still for «pupil»: a compelling real-world subject — figure, object, or weather — in smoky violet and oxidized copper; impressionistic realism; moment from a larger story; kanji 瞳 only if carved, cast, or woven into the scene.",landscape,none,implied,"grounded, tactile, living world",moderate,"grounded, tactile, living world; exhibition depth",feature
24,11,鐘,bell,bell,V1 KML-WASH: study illustration tied to lesson palette and verse mood.,"Gallery still for «bell»: a compelling real-world subject — figure, object, or weather — in smoky violet and oxidized copper; impressionistic realism; moment from a larger story; kanji 鐘 only if carved, cast, or woven into the scene.",landscape,none,implied,"grounded, tactile, living world",moderate,"grounded, tactile, living world; exhibition depth",supporting
24,12,商,deal,deal,V1 KML-WASH: study illustration tied to lesson palette and verse mood.,"Gallery still for «deal»: a compelling real-world subject — figure, object, or weather — in smoky violet and oxidized copper; impressionistic realism; moment from a larger story; kanji 商 only if carved, cast, or woven into the scene.",mixed,implied,implied,"grounded, tactile, living world",moderate,"grounded, tactile, living world; exhibition depth",supporting
24,13,嫡,legitimate_wife,legitimate_wife,V1 KML-WASH: study illustration tied to lesson palette and verse mood.,"Gallery still for «legitimate_wife»: a compelling real-world subject — figure, object, or weather — in smoky violet and oxidized copper; impressionistic realism; moment from a larger story; kanji 嫡 only if carved, cast, or woven into the scene.",still_life,none,implied,"grounded, tactile, living world",moderate,"grounded, tactile, living world; exhibition depth",supporting
24,14,適,suitable,suitable,V1 KML-WASH: study illustration tied to lesson palette and verse mood.,"Gallery still for «suitable»: a compelling real-world subject — figure, object, or weather — in smoky violet and oxidized copper; impressionistic realism; moment from a larger story; kanji 適 only if carved, cast, or woven into the scene.",mixed,implied,implied,"grounded, tactile, living world",moderate,"grounded, tactile, living world; exhibition depth",supporting
24,15,滴,drip,drip,V1 KML-WASH: study illustration tied to lesson palette and verse mood.,"Gallery still for «drip»: a compelling real-world subject — figure, object, or weather — in smoky violet and oxidized copper; impressionistic realism; moment from a larger story; kanji 滴 only if carved, cast, or woven into the scene.",mixed,implied,implied,"grounded, tactile, living world",moderate,"grounded, tactile, living world; exhibition depth",supporting
24,16,敵,enemy,enemy,V1 KML-WASH: study illustration tied to lesson palette and verse mood.,"Gallery still for «enemy»: a compelling real-world subject — figure, object, or weather — in smoky violet and oxidized copper; impressionistic realism; moment from a larger story; kanji 敵 only if carved, cast, or woven into the scene.",landscape,none,implied,"grounded, tactile, living world",moderate,"grounded, tactile, living world; exhibition depth",supporting
24,17,匕, ,spoon,V1 KML-WASH: study illustration tied to lesson palette and verse mood.,"Gallery still for « »: a compelling real-world subject — figure, object, or weather — in smoky violet and oxidized copper; impressionistic realism; moment from a larger story; kanji 匕 only if carved, cast, or woven into the scene.",still_life,none,implied,"grounded, tactile, living world",moderate,"grounded, tactile, living world; exhibition depth",supporting
24,18,叱, ,scold,V1 KML-WASH: study illustration tied to lesson palette and verse mood.,"Gallery still for « »: a compelling real-world subject — figure, object, or weather — in smoky violet and oxidized copper; impressionistic realism; moment from a larger story; kanji 叱 only if carved, cast, or woven into the scene.",still_life,none,implied,"grounded, tactile, living world",moderate,"grounded, tactile, living world; exhibition depth",supporting
24,19,匂,scent,scent,V1 KML-WASH: study illustration tied to lesson palette and verse mood.,"Gallery still for «scent»: a compelling real-world subject — figure, object, or weather — in smoky violet and oxidized copper; impressionistic realism; moment from a larger story; kanji 匂 only if carved, cast, or woven into the scene.",landscape,none,implied,"grounded, tactile, living world",moderate,"grounded, tactile, living world; exhibition depth",feature
24,20,頃,about_that_time,about_that_time,V1 KML-WASH: study illustration tied to lesson palette and verse mood.,"Gallery still for «about_that_time»: a compelling real-world subject — figure, object, or weather — in smoky violet and oxidized copper; impressionistic realism; moment from a larger story; kanji 頃 only if carved, cast, or woven into the scene.",landscape,none,implied,"grounded, tactile, living world",moderate,"grounded, tactile, living world; exhibition depth",hero
25,1,北,north,north,V1 KML-IMPR: study illustration tied to lesson palette and verse mood.,"Gallery still for «north»: a compelling real-world subject — figure, object, or weather — in deep indigo and muted gold with cool ivory strokes; impressionistic realism; moment from a larger story; kanji 北 only if carved, cast, or woven into the scene.",mixed,implied,implied,"inward, reflective, spacious",moderate,"inward, reflective, spacious; exhibition depth",transition
25,2,背,back,back,V1 KML-IMPR: study illustration tied to lesson palette and verse mood.,"Intimate still life: objects associated with the body — cloth, bowl, mirror — arranged as if after bathing; deep indigo and muted gold with cool ivory strokes; human implied, not diagrammed.",still_life,implied,implied,embodied quiet,moderate,"warm interior, shallow focus",transition
25,3,比,compare,compare,V1 KML-IMPR: study illustration tied to lesson palette and verse mood.,"Gallery still for «compare»: a compelling real-world subject — figure, object, or weather — in deep indigo and muted gold with cool ivory strokes; impressionistic realism; moment from a larger story; kanji 比 only if carved, cast, or woven into the scene.",mixed,implied,implied,"inward, reflective, spacious",moderate,"inward, reflective, spacious; exhibition depth",transition
25,4,昆,descendants,descendants,V1 KML-IMPR: study illustration tied to lesson palette and verse mood.,"Gallery still for «descendants»: a compelling real-world subject — figure, object, or weather — in deep indigo and muted gold with cool ivory strokes; impressionistic realism; moment from a larger story; kanji 昆 only if carved, cast, or woven into the scene.",landscape,none,implied,"inward, reflective, spacious",moderate,"inward, reflective, spacious; exhibition depth",supporting
25,5,皆,everyone,everyone,V1 KML-IMPR: study illustration tied to lesson palette and verse mood.,"Gallery still for «everyone»: a compelling real-world subject — figure, object, or weather — in deep indigo and muted gold with cool ivory strokes; impressionistic realism; moment from a larger story; kanji 皆 only if carved, cast, or woven into the scene.",mixed,implied,implied,"inward, reflective, spacious",moderate,"inward, reflective, spacious; exhibition depth",supporting
25,6,楷,block_letters,block_letters,V1 KML-IMPR: study illustration tied to lesson palette and verse mood.,"Desk at night: paper, ink, one lamp — reader leaning close; scholarly intimacy, not instruction.",still_life,secondary,implied,scholarly calm,restrained,"lamp pool, parchment cream",supporting
25,7,諧,orderliness,orderliness,V1 KML-IMPR: study illustration tied to lesson palette and verse mood.,"Gallery still for «orderliness»: a compelling real-world subject — figure, object, or weather — in deep indigo and muted gold with cool ivory strokes; impressionistic realism; moment from a larger story; kanji 諧 only if carved, cast, or woven into the scene.",landscape,none,implied,"inward, reflective, spacious",moderate,"inward, reflective, spacious; exhibition depth",supporting
25,8,混,mix,mix,V1 KML-IMPR: study illustration tied to lesson palette and verse mood.,"Gallery still for «mix»: a compelling real-world subject — figure, object, or weather — in deep indigo and muted gold with cool ivory strokes; impressionistic realism; moment from a larger story; kanji 混 only if carved, cast, or woven into the scene.",mixed,implied,implied,"inward, reflective, spacious",moderate,"inward, reflective, spacious; exhibition depth",supporting
25,9,渇,thirst,thirst,V1 KML-IMPR: study illustration tied to lesson palette and verse mood.,"Gallery still for «thirst»: a compelling real-world subject — figure, object, or weather — in deep indigo and muted gold with cool ivory strokes; impressionistic realism; moment from a larger story; kanji 渇 only if carved, cast, or woven into the scene.",still_life,none,implied,"inward, reflective, spacious",moderate,"inward, reflective, spacious; exhibition depth",supporting
25,10,謁,audience,audience,V1 KML-IMPR: study illustration tied to lesson palette and verse mood.,"Gallery still for «audience»: a compelling real-world subject — figure, object, or weather — in deep indigo and muted gold with cool ivory strokes; impressionistic realism; moment from a larger story; kanji 謁 only if carved, cast, or woven into the scene.",human,secondary,implied,"inward, reflective, spacious",moderate,"inward, reflective, spacious; exhibition depth",feature
25,11,褐,brown,brown,V1 KML-IMPR: study illustration tied to lesson palette and verse mood.,"Gallery still for «brown»: a compelling real-world subject — figure, object, or weather — in deep indigo and muted gold with cool ivory strokes; impressionistic realism; moment from a larger story; kanji 褐 only if carved, cast, or woven into the scene.",landscape,none,implied,"inward, reflective, spacious",moderate,"inward, reflective, spacious; exhibition depth",supporting
25,12,喝,hoarse,hoarse,V1 KML-IMPR: study illustration tied to lesson palette and verse mood.,"Gallery still for «hoarse»: a compelling real-world subject — figure, object, or weather — in deep indigo and muted gold with cool ivory strokes; impressionistic realism; moment from a larger story; kanji 喝 only if carved, cast, or woven into the scene.",landscape,none,implied,"inward, reflective, spacious",moderate,"inward, reflective, spacious; exhibition depth",supporting
25,13,葛,kudzu,kudzu,V1 KML-IMPR: study illustration tied to lesson palette and verse mood.,"Gallery still for «kudzu»: a compelling real-world subject — figure, object, or weather — in deep indigo and muted gold with cool ivory strokes; impressionistic realism; moment from a larger story; kanji 葛 only if carved, cast, or woven into the scene.",landscape,none,implied,"inward, reflective, spacious",moderate,"inward, reflective, spacious; exhibition depth",supporting
25,14,旨,delicious,delicious,V1 KML-IMPR: study illustration tied to lesson palette and verse mood.,"Gallery still for «delicious»: a compelling real-world subject — figure, object, or weather — in deep indigo and muted gold with cool ivory strokes; impressionistic realism; moment from a larger story; kanji 旨 only if carved, cast, or woven into the scene.",still_life,none,implied,"inward, reflective, spacious",moderate,"inward, reflective, spacious; exhibition depth",supporting
25,15,脂,fat,fat,V1 KML-IMPR: study illustration tied to lesson palette and verse mood.,"A hands-close study: working, healing, or holding — veins and knuckle light in amber; the body as lived subject, not anatomy chart.",still_life,implied,implied,embodied quiet,moderate,"warm interior, shallow focus",supporting
25,16,詣,visit_shrine,visit_shrine,V1 KML-IMPR: study illustration tied to lesson palette and verse mood.,"Gallery still for «visit_shrine»: a compelling real-world subject — figure, object, or weather — in deep indigo and muted gold with cool ivory strokes; impressionistic realism; moment from a larger story; kanji 詣 only if carved, cast, or woven into the scene.",human,secondary,implied,"inward, reflective, spacious",moderate,"inward, reflective, spacious; exhibition depth",supporting
25,17,壱,formal_one,formal_one,V1 KML-IMPR: study illustration tied to lesson palette and verse mood.,"Gallery still for «formal_one»: a compelling real-world subject — figure, object, or weather — in deep indigo and muted gold with cool ivory strokes; impressionistic realism; moment from a larger story; kanji 壱 only if carved, cast, or woven into the scene.",mixed,implied,implied,"inward, reflective, spacious",moderate,"inward, reflective, spacious; exhibition depth",supporting
25,18,毎,every,every,V1 KML-IMPR: study illustration tied to lesson palette and verse mood.,"Gallery still for «every»: a compelling real-world subject — figure, object, or weather — in deep indigo and muted gold with cool ivory strokes; impressionistic realism; moment from a larger story; kanji 毎 only if carved, cast, or woven into the scene.",still_life,none,implied,"inward, reflective, spacious",moderate,"inward, reflective, spacious; exhibition depth",supporting
25,19,敏,cleverness,cleverness,V1 KML-IMPR: study illustration tied to lesson palette and verse mood.,"Gallery still for «cleverness»: a compelling real-world subject — figure, object, or weather — in deep indigo and muted gold with cool ivory strokes; impressionistic realism; moment from a larger story; kanji 敏 only if carved, cast, or woven into the scene.",mixed,implied,implied,"inward, reflective, spacious",moderate,"inward, reflective, spacious; exhibition depth",feature
25,20,梅,ume,ume,V1 KML-IMPR: study illustration tied to lesson palette and verse mood.,"Planting or harvest moment: hands near soil, seedling or leaf backlit — growth as narrative, not botany slide.",landscape,secondary,implied,grounded life,moderate,"green depth, gold rim light",hero
26,1,海,sea,sea,V1 KML-WASH: study illustration tied to lesson palette and verse mood.,"Gallery still for «sea»: a compelling real-world subject — figure, object, or weather — in cold blue-grey with pale ivory; impressionistic realism; moment from a larger story; kanji 海 only if carved, cast, or woven into the scene.",human,secondary,implied,"inward, reflective, spacious",moderate,"inward, reflective, spacious; exhibition depth",transition
26,2,乞,beg,beg,V1 KML-WASH: study illustration tied to lesson palette and verse mood.,"Gallery still for «beg»: a compelling real-world subject — figure, object, or weather — in cold blue-grey with pale ivory; impressionistic realism; moment from a larger story; kanji 乞 only if carved, cast, or woven into the scene.",still_life,none,implied,"inward, reflective, spacious",moderate,"inward, reflective, spacious; exhibition depth",transition
26,3,乾,drought,drought,V1 KML-WASH: study illustration tied to lesson palette and verse mood.,"Gallery still for «drought»: a compelling real-world subject — figure, object, or weather — in cold blue-grey with pale ivory; impressionistic realism; moment from a larger story; kanji 乾 only if carved, cast, or woven into the scene.",human,secondary,implied,"inward, reflective, spacious",moderate,"inward, reflective, spacious; exhibition depth",transition
26,4,腹,abdomen,abdomen,V1 KML-WASH: study illustration tied to lesson palette and verse mood.,"Gallery still for «abdomen»: a compelling real-world subject — figure, object, or weather — in cold blue-grey with pale ivory; impressionistic realism; moment from a larger story; kanji 腹 only if carved, cast, or woven into the scene.",human,secondary,implied,"inward, reflective, spacious",moderate,"inward, reflective, spacious; exhibition depth",supporting
26,5,複,duplicate,duplicate,V1 KML-WASH: study illustration tied to lesson palette and verse mood.,"Gallery still for «duplicate»: a compelling real-world subject — figure, object, or weather — in cold blue-grey with pale ivory; impressionistic realism; moment from a larger story; kanji 複 only if carved, cast, or woven into the scene.",still_life,none,implied,"inward, reflective, spacious",moderate,"inward, reflective, spacious; exhibition depth",supporting
26,6,欠,lack,lack,V1 KML-WASH: study illustration tied to lesson palette and verse mood.,"Gallery still for «lack»: a compelling real-world subject — figure, object, or weather — in cold blue-grey with pale ivory; impressionistic realism; moment from a larger story; kanji 欠 only if carved, cast, or woven into the scene.",still_life,none,implied,"inward, reflective, spacious",moderate,"inward, reflective, spacious; exhibition depth",supporting
26,7,吹,blow,blow,V1 KML-WASH: study illustration tied to lesson palette and verse mood.,"Gallery still for «blow»: a compelling real-world subject — figure, object, or weather — in cold blue-grey with pale ivory; impressionistic realism; moment from a larger story; kanji 吹 only if carved, cast, or woven into the scene.",landscape,none,implied,"inward, reflective, spacious",moderate,"inward, reflective, spacious; exhibition depth",supporting
26,8,炊,cook,cook,V1 KML-WASH: study illustration tied to lesson palette and verse mood.,"Gallery still for «cook»: a compelling real-world subject — figure, object, or weather — in cold blue-grey with pale ivory; impressionistic realism; moment from a larger story; kanji 炊 only if carved, cast, or woven into the scene.",human,secondary,implied,"inward, reflective, spacious",moderate,"inward, reflective, spacious; exhibition depth",supporting
26,9,歌,song,song,V1 KML-WASH: study illustration tied to lesson palette and verse mood.,"Gallery still for «song»: a compelling real-world subject — figure, object, or weather — in cold blue-grey with pale ivory; impressionistic realism; moment from a larger story; kanji 歌 only if carved, cast, or woven into the scene.",mixed,implied,implied,"inward, reflective, spacious",moderate,"inward, reflective, spacious; exhibition depth",supporting
26,10,軟,soft,soft,V1 KML-WASH: study illustration tied to lesson palette and verse mood.,"Gallery still for «soft»: a compelling real-world subject — figure, object, or weather — in cold blue-grey with pale ivory; impressionistic realism; moment from a larger story; kanji 軟 only if carved, cast, or woven into the scene.",mixed,implied,implied,"inward, reflective, spacious",moderate,"inward, reflective, spacious; exhibition depth",feature
26,11,次,next,next,V1 KML-WASH: study illustration tied to lesson palette and verse mood.,"Gallery still for «next»: a compelling real-world subject — figure, object, or weather — in cold blue-grey with pale ivory; impressionistic realism; moment from a larger story; kanji 次 only if carved, cast, or woven into the scene.",landscape,none,implied,"inward, reflective, spacious",moderate,"inward, reflective, spacious; exhibition depth",supporting
26,12,茨,briar,briar,V1 KML-WASH: study illustration tied to lesson palette and verse mood.,"Gallery still for «briar»: a compelling real-world subject — figure, object, or weather — in cold blue-grey with pale ivory; impressionistic realism; moment from a larger story; kanji 茨 only if carved, cast, or woven into the scene.",still_life,none,implied,"inward, reflective, spacious",moderate,"inward, reflective, spacious; exhibition depth",supporting
26,13,資,assets,assets,V1 KML-WASH: study illustration tied to lesson palette and verse mood.,"Gallery still for «assets»: a compelling real-world subject — figure, object, or weather — in cold blue-grey with pale ivory; impressionistic realism; moment from a larger story; kanji 資 only if carved, cast, or woven into the scene.",still_life,none,implied,"inward, reflective, spacious",moderate,"inward, reflective, spacious; exhibition depth",supporting
26,14,姿,figure,figure,V1 KML-WASH: study illustration tied to lesson palette and verse mood.,"Gallery still for «figure»: a compelling real-world subject — figure, object, or weather — in cold blue-grey with pale ivory; impressionistic realism; moment from a larger story; kanji 姿 only if carved, cast, or woven into the scene.",mixed,implied,implied,"inward, reflective, spacious",moderate,"inward, reflective, spacious; exhibition depth",supporting
26,15,諮,consult_with,consult_with,V1 KML-WASH: study illustration tied to lesson palette and verse mood.,"Gallery still for «consult_with»: a compelling real-world subject — figure, object, or weather — in cold blue-grey with pale ivory; impressionistic realism; moment from a larger story; kanji 諮 only if carved, cast, or woven into the scene.",mixed,implied,implied,"inward, reflective, spacious",moderate,"inward, reflective, spacious; exhibition depth",supporting
26,16,賠,compensation,compensation,V1 KML-WASH: study illustration tied to lesson palette and verse mood.,"Gallery still for «compensation»: a compelling real-world subject — figure, object, or weather — in cold blue-grey with pale ivory; impressionistic realism; moment from a larger story; kanji 賠 only if carved, cast, or woven into the scene.",landscape,none,implied,"inward, reflective, spacious",moderate,"inward, reflective, spacious; exhibition depth",supporting
26,17,培,cultivate,cultivate,V1 KML-WASH: study illustration tied to lesson palette and verse mood.,"Gallery still for «cultivate»: a compelling real-world subject — figure, object, or weather — in cold blue-grey with pale ivory; impressionistic realism; moment from a larger story; kanji 培 only if carved, cast, or woven into the scene.",mixed,implied,implied,"inward, reflective, spacious",moderate,"inward, reflective, spacious; exhibition depth",supporting
26,18,剖,divide,divide,V1 KML-WASH: study illustration tied to lesson palette and verse mood.,"Gallery still for «divide»: a compelling real-world subject — figure, object, or weather — in cold blue-grey with pale ivory; impressionistic realism; moment from a larger story; kanji 剖 only if carved, cast, or woven into the scene.",mixed,implied,implied,"inward, reflective, spacious",moderate,"inward, reflective, spacious; exhibition depth",supporting
26,19,音,sound,sound,V1 KML-WASH: study illustration tied to lesson palette and verse mood.,"Gallery still for «sound»: a compelling real-world subject — figure, object, or weather — in cold blue-grey with pale ivory; impressionistic realism; moment from a larger story; kanji 音 only if carved, cast, or woven into the scene.",human,secondary,implied,"inward, reflective, spacious",moderate,"inward, reflective, spacious; exhibition depth",feature
26,20,暗,darkness,darkness,V1 KML-WASH: study illustration tied to lesson palette and verse mood.,"Gallery still for «darkness»: a compelling real-world subject — figure, object, or weather — in cold blue-grey with pale ivory; impressionistic realism; moment from a larger story; kanji 暗 only if carved, cast, or woven into the scene.",human,secondary,implied,"inward, reflective, spacious",moderate,"inward, reflective, spacious; exhibition depth",hero
27,1,韻,rhyme,rhyme,V1 KML-IMPR: study illustration tied to lesson palette and verse mood.,"Gallery still for «rhyme»: a compelling real-world subject — figure, object, or weather — in moss green and aged bronze; impressionistic realism; moment from a larger story; kanji 韻 only if carved, cast, or woven into the scene.",still_life,none,implied,"inward, reflective, spacious",moderate,"inward, reflective, spacious; exhibition depth",transition
27,2,識,discriminating,discriminating,V1 KML-IMPR: study illustration tied to lesson palette and verse mood.,"Gallery still for «discriminating»: a compelling real-world subject — figure, object, or weather — in moss green and aged bronze; impressionistic realism; moment from a larger story; kanji 識 only if carved, cast, or woven into the scene.",landscape,none,implied,"inward, reflective, spacious",moderate,"inward, reflective, spacious; exhibition depth",transition
27,3,鏡,mirror,mirror,V1 KML-IMPR: study illustration tied to lesson palette and verse mood.,"Gallery still for «mirror»: a compelling real-world subject — figure, object, or weather — in moss green and aged bronze; impressionistic realism; moment from a larger story; kanji 鏡 only if carved, cast, or woven into the scene.",still_life,none,implied,"inward, reflective, spacious",moderate,"inward, reflective, spacious; exhibition depth",transition
27,4,境,boundary,boundary,V1 KML-IMPR: study illustration tied to lesson palette and verse mood.,"Gallery still for «boundary»: a compelling real-world subject — figure, object, or weather — in moss green and aged bronze; impressionistic realism; moment from a larger story; kanji 境 only if carved, cast, or woven into the scene.",human,secondary,implied,"inward, reflective, spacious",moderate,"inward, reflective, spacious; exhibition depth",supporting
27,5,亡,deceased,deceased,V1 KML-IMPR: study illustration tied to lesson palette and verse mood.,"Gallery still for «deceased»: a compelling real-world subject — figure, object, or weather — in moss green and aged bronze; impressionistic realism; moment from a larger story; kanji 亡 only if carved, cast, or woven into the scene.",still_life,none,implied,"inward, reflective, spacious",moderate,"inward, reflective, spacious; exhibition depth",supporting
27,6,盲,blind,blind,V1 KML-IMPR: study illustration tied to lesson palette and verse mood.,"Gallery still for «blind»: a compelling real-world subject — figure, object, or weather — in moss green and aged bronze; impressionistic realism; moment from a larger story; kanji 盲 only if carved, cast, or woven into the scene.",mixed,implied,implied,"inward, reflective, spacious",moderate,"inward, reflective, spacious; exhibition depth",supporting
27,7,妄,delusion,delusion,V1 KML-IMPR: study illustration tied to lesson palette and verse mood.,"Gallery still for «delusion»: a compelling real-world subject — figure, object, or weather — in moss green and aged bronze; impressionistic realism; moment from a larger story; kanji 妄 only if carved, cast, or woven into the scene.",landscape,none,implied,"inward, reflective, spacious",moderate,"inward, reflective, spacious; exhibition depth",hero
27,8,荒,laid_waste,laid_waste,V1 KML-IMPR: study illustration tied to lesson palette and verse mood.,"Gallery still for «laid_waste»: a compelling real-world subject — figure, object, or weather — in moss green and aged bronze; impressionistic realism; moment from a larger story; kanji 荒 only if carved, cast, or woven into the scene.",mixed,implied,implied,"inward, reflective, spacious",moderate,"inward, reflective, spacious; exhibition depth",supporting
27,9,望,ambition,ambition,V1 KML-IMPR: study illustration tied to lesson palette and verse mood.,"Gallery still for «ambition»: a compelling real-world subject — figure, object, or weather — in moss green and aged bronze; impressionistic realism; moment from a larger story; kanji 望 only if carved, cast, or woven into the scene.",human,secondary,implied,"inward, reflective, spacious",moderate,"inward, reflective, spacious; exhibition depth",supporting
27,10,方,direction,direction,V1 KML-IMPR: study illustration tied to lesson palette and verse mood.,"Gallery still for «direction»: a compelling real-world subject — figure, object, or weather — in moss green and aged bronze; impressionistic realism; moment from a larger story; kanji 方 only if carved, cast, or woven into the scene.",mixed,implied,implied,"inward, reflective, spacious",moderate,"inward, reflective, spacious; exhibition depth",feature
27,11,妨,disturb,disturb,V1 KML-IMPR: study illustration tied to lesson palette and verse mood.,"Gallery still for «disturb»: a compelling real-world subject — figure, object, or weather — in moss green and aged bronze; impressionistic realism; moment from a larger story; kanji 妨 only if carved, cast, or woven into the scene.",mixed,implied,implied,"inward, reflective, spacious",moderate,"inward, reflective, spacious; exhibition depth",supporting
27,12,坊,boy,boy,V1 KML-IMPR: study illustration tied to lesson palette and verse mood.,"Gallery still for «boy»: a compelling real-world subject — figure, object, or weather — in moss green and aged bronze; impressionistic realism; moment from a larger story; kanji 坊 only if carved, cast, or woven into the scene.",mixed,implied,implied,"inward, reflective, spacious",moderate,"inward, reflective, spacious; exhibition depth",supporting
27,13,芳,perfume,perfume,V1 KML-IMPR: study illustration tied to lesson palette and verse mood.,"Gallery still for «perfume»: a compelling real-world subject — figure, object, or weather — in moss green and aged bronze; impressionistic realism; moment from a larger story; kanji 芳 only if carved, cast, or woven into the scene.",human,secondary,implied,"inward, reflective, spacious",moderate,"inward, reflective, spacious; exhibition depth",supporting
27,14,肪,obese,obese,V1 KML-IMPR: study illustration tied to lesson palette and verse mood.,"Gallery still for «obese»: a compelling real-world subject — figure, object, or weather — in moss green and aged bronze; impressionistic realism; moment from a larger story; kanji 肪 only if carved, cast, or woven into the scene.",still_life,none,implied,"inward, reflective, spacious",moderate,"inward, reflective, spacious; exhibition depth",supporting
27,15,訪,call_on,call_on,V1 KML-IMPR: study illustration tied to lesson palette and verse mood.,"Gallery still for «call_on»: a compelling real-world subject — figure, object, or weather — in moss green and aged bronze; impressionistic realism; moment from a larger story; kanji 訪 only if carved, cast, or woven into the scene.",human,secondary,implied,"inward, reflective, spacious",moderate,"inward, reflective, spacious; exhibition depth",supporting
27,16,放,release,release,V1 KML-IMPR: study illustration tied to lesson palette and verse mood.,"Gallery still for «release»: a compelling real-world subject — figure, object, or weather — in moss green and aged bronze; impressionistic realism; moment from a larger story; kanji 放 only if carved, cast, or woven into the scene.",landscape,none,implied,"inward, reflective, spacious",moderate,"inward, reflective, spacious; exhibition depth",supporting
27,17,激,violent,violent,V1 KML-IMPR: study illustration tied to lesson palette and verse mood.,"Gallery still for «violent»: a compelling real-world subject — figure, object, or weather — in moss green and aged bronze; impressionistic realism; moment from a larger story; kanji 激 only if carved, cast, or woven into the scene.",still_life,none,implied,"inward, reflective, spacious",moderate,"inward, reflective, spacious; exhibition depth",supporting
27,18,脱,undress,undress,V1 KML-IMPR: study illustration tied to lesson palette and verse mood.,"Gallery still for «undress»: a compelling real-world subject — figure, object, or weather — in moss green and aged bronze; impressionistic realism; moment from a larger story; kanji 脱 only if carved, cast, or woven into the scene.",still_life,none,implied,"inward, reflective, spacious",moderate,"inward, reflective, spacious; exhibition depth",supporting
27,19,説,theory,theory,V1 KML-IMPR: study illustration tied to lesson palette and verse mood.,"Gallery still for «theory»: a compelling real-world subject — figure, object, or weather — in moss green and aged bronze; impressionistic realism; moment from a larger story; kanji 説 only if carved, cast, or woven into the scene.",still_life,none,implied,"inward, reflective, spacious",moderate,"inward, reflective, spacious; exhibition depth",feature
27,20,鋭,pointed,pointed,V1 KML-IMPR: study illustration tied to lesson palette and verse mood.,"Gallery still for «pointed»: a compelling real-world subject — figure, object, or weather — in moss green and aged bronze; impressionistic realism; moment from a larger story; kanji 鋭 only if carved, cast, or woven into the scene.",human,secondary,implied,"inward, reflective, spacious",moderate,"inward, reflective, spacious; exhibition depth",hero
28,1,曽,formerly,formerly,V1 KML-WASH: study illustration tied to lesson palette and verse mood.,"Gallery still for «formerly»: a compelling real-world subject — figure, object, or weather — in smoky violet and oxidized copper; impressionistic realism; moment from a larger story; kanji 曽 only if carved, cast, or woven into the scene.",human,secondary,implied,"inward, reflective, spacious",moderate,"inward, reflective, spacious; exhibition depth",transition
28,2,増,increase,increase,V1 KML-WASH: study illustration tied to lesson palette and verse mood.,"Gallery still for «increase»: a compelling real-world subject — figure, object, or weather — in smoky violet and oxidized copper; impressionistic realism; moment from a larger story; kanji 増 only if carved, cast, or woven into the scene.",human,secondary,implied,"inward, reflective, spacious",moderate,"inward, reflective, spacious; exhibition depth",transition
28,3,贈,presents,presents,V1 KML-WASH: study illustration tied to lesson palette and verse mood.,"Gallery still for «presents»: a compelling real-world subject — figure, object, or weather — in smoky violet and oxidized copper; impressionistic realism; moment from a larger story; kanji 贈 only if carved, cast, or woven into the scene.",mixed,implied,implied,"inward, reflective, spacious",moderate,"inward, reflective, spacious; exhibition depth",transition
28,4,東,east,east,V1 KML-WASH: study illustration tied to lesson palette and verse mood.,"Gallery still for «east»: a compelling real-world subject — figure, object, or weather — in smoky violet and oxidized copper; impressionistic realism; moment from a larger story; kanji 東 only if carved, cast, or woven into the scene.",mixed,implied,implied,"inward, reflective, spacious",moderate,"inward, reflective, spacious; exhibition depth",supporting
28,5,棟,ridgepole,ridgepole,V1 KML-WASH: study illustration tied to lesson palette and verse mood.,"Gallery still for «ridgepole»: a compelling real-world subject — figure, object, or weather — in smoky violet and oxidized copper; impressionistic realism; moment from a larger story; kanji 棟 only if carved, cast, or woven into the scene.",mixed,implied,implied,"inward, reflective, spacious",moderate,"inward, reflective, spacious; exhibition depth",supporting
28,6,凍,frozen,frozen,V1 KML-WASH: study illustration tied to lesson palette and verse mood.,"Gallery still for «frozen»: a compelling real-world subject — figure, object, or weather — in smoky violet and oxidized copper; impressionistic realism; moment from a larger story; kanji 凍 only if carved, cast, or woven into the scene.",landscape,none,implied,"inward, reflective, spacious",moderate,"inward, reflective, spacious; exhibition depth",supporting
28,7,妊,pregnancy,pregnancy,V1 KML-WASH: study illustration tied to lesson palette and verse mood.,"Gallery still for «pregnancy»: a compelling real-world subject — figure, object, or weather — in smoky violet and oxidized copper; impressionistic realism; moment from a larger story; kanji 妊 only if carved, cast, or woven into the scene.",still_life,none,implied,"inward, reflective, spacious",moderate,"inward, reflective, spacious; exhibition depth",supporting
28,8,廷,courts,courts,V1 KML-WASH: study illustration tied to lesson palette and verse mood.,"Gallery still for «courts»: a compelling real-world subject — figure, object, or weather — in smoky violet and oxidized copper; impressionistic realism; moment from a larger story; kanji 廷 only if carved, cast, or woven into the scene.",mixed,implied,implied,"inward, reflective, spacious",moderate,"inward, reflective, spacious; exhibition depth",supporting
28,9,染,dye,dye,V1 KML-WASH: study illustration tied to lesson palette and verse mood.,"Gallery still for «dye»: a compelling real-world subject — figure, object, or weather — in smoky violet and oxidized copper; impressionistic realism; moment from a larger story; kanji 染 only if carved, cast, or woven into the scene.",landscape,none,implied,"inward, reflective, spacious",moderate,"inward, reflective, spacious; exhibition depth",supporting
28,10,燃,burn,burn,V1 KML-WASH: study illustration tied to lesson palette and verse mood.,"Storm light on hillside, distant lightning dividing sky — fire as weather, not symbol.",weather,secondary,active,compressed heat,rich,ember and shadow,feature
28,11,賓,vip,vip,V1 KML-WASH: study illustration tied to lesson palette and verse mood.,"Gallery still for «vip»: a compelling real-world subject — figure, object, or weather — in smoky violet and oxidized copper; impressionistic realism; moment from a larger story; kanji 賓 only if carved, cast, or woven into the scene.",landscape,none,implied,"inward, reflective, spacious",moderate,"inward, reflective, spacious; exhibition depth",supporting
28,12,歳,year_end,year_end,V1 KML-WASH: study illustration tied to lesson palette and verse mood.,"Gallery still for «year_end»: a compelling real-world subject — figure, object, or weather — in smoky violet and oxidized copper; impressionistic realism; moment from a larger story; kanji 歳 only if carved, cast, or woven into the scene.",human,secondary,implied,"inward, reflective, spacious",moderate,"inward, reflective, spacious; exhibition depth",supporting
28,13,県,prefecture,prefecture,V1 KML-WASH: study illustration tied to lesson palette and verse mood.,"Gallery still for «prefecture»: a compelling real-world subject — figure, object, or weather — in smoky violet and oxidized copper; impressionistic realism; moment from a larger story; kanji 県 only if carved, cast, or woven into the scene.",human,secondary,implied,"inward, reflective, spacious",moderate,"inward, reflective, spacious; exhibition depth",supporting
28,14,栃,horse_chestnut,horse_chestnut,V1 KML-WASH: study illustration tied to lesson palette and verse mood.,"Gallery still for «horse_chestnut»: a compelling real-world subject — figure, object, or weather — in smoky violet and oxidized copper; impressionistic realism; moment from a larger story; kanji 栃 only if carved, cast, or woven into the scene.",mixed,implied,implied,"inward, reflective, spacious",moderate,"inward, reflective, spacious; exhibition depth",supporting
28,15,地,ground,ground,V1 KML-WASH: study illustration tied to lesson palette and verse mood.,"Gallery still for «ground»: a compelling real-world subject — figure, object, or weather — in smoky violet and oxidized copper; impressionistic realism; moment from a larger story; kanji 地 only if carved, cast, or woven into the scene.",human,secondary,implied,"inward, reflective, spacious",moderate,"inward, reflective, spacious; exhibition depth",supporting
28,16,池,pond,pond,V1 KML-WASH: study illustration tied to lesson palette and verse mood.,"Gallery still for «pond»: a compelling real-world subject — figure, object, or weather — in smoky violet and oxidized copper; impressionistic realism; moment from a larger story; kanji 池 only if carved, cast, or woven into the scene.",mixed,implied,implied,"inward, reflective, spacious",moderate,"inward, reflective, spacious; exhibition depth",supporting
28,17,虫,insect,insect,V1 KML-WASH: study illustration tied to lesson palette and verse mood.,"Gallery still for «insect»: a compelling real-world subject — figure, object, or weather — in smoky violet and oxidized copper; impressionistic realism; moment from a larger story; kanji 虫 only if carved, cast, or woven into the scene.",mixed,implied,implied,"inward, reflective, spacious",moderate,"inward, reflective, spacious; exhibition depth",supporting
28,18,蛍,lightning_bug,lightning_bug,V1 KML-WASH: study illustration tied to lesson palette and verse mood.,"Gallery still for «lightning_bug»: a compelling real-world subject — figure, object, or weather — in smoky violet and oxidized copper; impressionistic realism; moment from a larger story; kanji 蛍 only if carved, cast, or woven into the scene.",still_life,none,implied,"inward, reflective, spacious",moderate,"inward, reflective, spacious; exhibition depth",supporting
28,19,蛇,snake,snake,V1 KML-WASH: study illustration tied to lesson palette and verse mood.,"Gallery still for «snake»: a compelling real-world subject — figure, object, or weather — in smoky violet and oxidized copper; impressionistic realism; moment from a larger story; kanji 蛇 only if carved, cast, or woven into the scene.",mixed,implied,implied,"inward, reflective, spacious",moderate,"inward, reflective, spacious; exhibition depth",feature
28,20,虹,rainbow,rainbow,V1 KML-WASH: study illustration tied to lesson palette and verse mood.,"Gallery still for «rainbow»: a compelling real-world subject — figure, object, or weather — in smoky violet and oxidized copper; impressionistic realism; moment from a larger story; kanji 虹 only if carved, cast, or woven into the scene.",human,secondary,implied,"inward, reflective, spacious",moderate,"inward, reflective, spacious; exhibition depth",hero
29,1,蝶,butterfly,butterfly,V1 KML-GLOW: study illustration tied to lesson palette and verse mood.,"Gallery still for «butterfly»: a compelling real-world subject — figure, object, or weather — in deep indigo and muted gold with cool ivory strokes; impressionistic realism; moment from a larger story; kanji 蝶 only if carved, cast, or woven into the scene.",human,secondary,implied,"inward, reflective, spacious",moderate,"inward, reflective, spacious; exhibition depth",transition
29,2,独,alone,alone,V1 KML-GLOW: study illustration tied to lesson palette and verse mood.,"Gallery still for «alone»: a compelling real-world subject — figure, object, or weather — in deep indigo and muted gold with cool ivory strokes; impressionistic realism; moment from a larger story; kanji 独 only if carved, cast, or woven into the scene.",landscape,none,implied,"inward, reflective, spacious",moderate,"inward, reflective, spacious; exhibition depth",transition
29,3,蚕,silkworm,silkworm,V1 KML-GLOW: study illustration tied to lesson palette and verse mood.,"Gallery still for «silkworm»: a compelling real-world subject — figure, object, or weather — in deep indigo and muted gold with cool ivory strokes; impressionistic realism; moment from a larger story; kanji 蚕 only if carved, cast, or woven into the scene.",still_life,none,implied,"inward, reflective, spacious",moderate,"inward, reflective, spacious; exhibition depth",transition
29,4,風,wind,wind,V1 KML-GLOW: study illustration tied to lesson palette and verse mood.,"Gallery still for «wind»: a compelling real-world subject — figure, object, or weather — in deep indigo and muted gold with cool ivory strokes; impressionistic realism; moment from a larger story; kanji 風 only if carved, cast, or woven into the scene.",still_life,none,implied,"inward, reflective, spacious",moderate,"inward, reflective, spacious; exhibition depth",supporting
29,5,己,self,self,V1 KML-GLOW: study illustration tied to lesson palette and verse mood.,"Gallery still for «self»: a compelling real-world subject — figure, object, or weather — in deep indigo and muted gold with cool ivory strokes; impressionistic realism; moment from a larger story; kanji 己 only if carved, cast, or woven into the scene.",landscape,none,implied,"inward, reflective, spacious",moderate,"inward, reflective, spacious; exhibition depth",supporting
29,6,起,wake_up,wake_up,V1 KML-GLOW: study illustration tied to lesson palette and verse mood.,"Gallery still for «wake_up»: a compelling real-world subject — figure, object, or weather — in deep indigo and muted gold with cool ivory strokes; impressionistic realism; moment from a larger story; kanji 起 only if carved, cast, or woven into the scene.",still_life,none,implied,"inward, reflective, spacious",moderate,"inward, reflective, spacious; exhibition depth",supporting
29,7,妃,queen,queen,V1 KML-GLOW: study illustration tied to lesson palette and verse mood.,"Gallery still for «queen»: a compelling real-world subject — figure, object, or weather — in deep indigo and muted gold with cool ivory strokes; impressionistic realism; moment from a larger story; kanji 妃 only if carved, cast, or woven into the scene.",mixed,implied,implied,"inward, reflective, spacious",moderate,"inward, reflective, spacious; exhibition depth",supporting
29,8,改,reformation,reformation,V1 KML-GLOW: study illustration tied to lesson palette and verse mood.,"Gallery still for «reformation»: a compelling real-world subject — figure, object, or weather — in deep indigo and muted gold with cool ivory strokes; impressionistic realism; moment from a larger story; kanji 改 only if carved, cast, or woven into the scene.",still_life,none,implied,"inward, reflective, spacious",moderate,"inward, reflective, spacious; exhibition depth",supporting
29,9,記,scribe,scribe,V1 KML-GLOW: study illustration tied to lesson palette and verse mood.,"Gallery still for «scribe»: a compelling real-world subject — figure, object, or weather — in deep indigo and muted gold with cool ivory strokes; impressionistic realism; moment from a larger story; kanji 記 only if carved, cast, or woven into the scene.",still_life,none,implied,"inward, reflective, spacious",moderate,"inward, reflective, spacious; exhibition depth",supporting
29,10,包,wrap,wrap,V1 KML-GLOW: study illustration tied to lesson palette and verse mood.,"Gallery still for «wrap»: a compelling real-world subject — figure, object, or weather — in deep indigo and muted gold with cool ivory strokes; impressionistic realism; moment from a larger story; kanji 包 only if carved, cast, or woven into the scene.",human,secondary,implied,"inward, reflective, spacious",moderate,"inward, reflective, spacious; exhibition depth",feature
29,11,胞,placenta,placenta,V1 KML-GLOW: study illustration tied to lesson palette and verse mood.,"Gallery still for «placenta»: a compelling real-world subject — figure, object, or weather — in deep indigo and muted gold with cool ivory strokes; impressionistic realism; moment from a larger story; kanji 胞 only if carved, cast, or woven into the scene.",still_life,none,implied,"inward, reflective, spacious",moderate,"inward, reflective, spacious; exhibition depth",supporting
29,12,砲,cannon,cannon,V1 KML-GLOW: study illustration tied to lesson palette and verse mood.,"Gallery still for «cannon»: a compelling real-world subject — figure, object, or weather — in deep indigo and muted gold with cool ivory strokes; impressionistic realism; moment from a larger story; kanji 砲 only if carved, cast, or woven into the scene.",mixed,implied,implied,"inward, reflective, spacious",moderate,"inward, reflective, spacious; exhibition depth",supporting
29,13,泡,bubbles,bubbles,V1 KML-GLOW: study illustration tied to lesson palette and verse mood.,"Gallery still for «bubbles»: a compelling real-world subject — figure, object, or weather — in deep indigo and muted gold with cool ivory strokes; impressionistic realism; moment from a larger story; kanji 泡 only if carved, cast, or woven into the scene.",mixed,implied,implied,"inward, reflective, spacious",moderate,"inward, reflective, spacious; exhibition depth",supporting
29,14,亀,turtle,turtle,V1 KML-GLOW: study illustration tied to lesson palette and verse mood.,"Gallery still for «turtle»: a compelling real-world subject — figure, object, or weather — in deep indigo and muted gold with cool ivory strokes; impressionistic realism; moment from a larger story; kanji 亀 only if carved, cast, or woven into the scene.",mixed,implied,implied,"inward, reflective, spacious",moderate,"inward, reflective, spacious; exhibition depth",supporting
29,15,電,electricity,electricity,V1 KML-GLOW: study illustration tied to lesson palette and verse mood.,"Gallery still for «electricity»: a compelling real-world subject — figure, object, or weather — in deep indigo and muted gold with cool ivory strokes; impressionistic realism; moment from a larger story; kanji 電 only if carved, cast, or woven into the scene.",mixed,implied,implied,"inward, reflective, spacious",moderate,"inward, reflective, spacious; exhibition depth",supporting
29,16,竜,dragon,dragon,V1 KML-GLOW: study illustration tied to lesson palette and verse mood.,"Gallery still for «dragon»: a compelling real-world subject — figure, object, or weather — in deep indigo and muted gold with cool ivory strokes; impressionistic realism; moment from a larger story; kanji 竜 only if carved, cast, or woven into the scene.",landscape,none,implied,"inward, reflective, spacious",moderate,"inward, reflective, spacious; exhibition depth",supporting
29,17,滝,waterfall,waterfall,V1 KML-GLOW: study illustration tied to lesson palette and verse mood.,"Gallery still for «waterfall»: a compelling real-world subject — figure, object, or weather — in deep indigo and muted gold with cool ivory strokes; impressionistic realism; moment from a larger story; kanji 滝 only if carved, cast, or woven into the scene.",still_life,none,implied,"inward, reflective, spacious",moderate,"inward, reflective, spacious; exhibition depth",supporting
29,18,豚,pork,pork,V1 KML-GLOW: study illustration tied to lesson palette and verse mood.,"Gallery still for «pork»: a compelling real-world subject — figure, object, or weather — in deep indigo and muted gold with cool ivory strokes; impressionistic realism; moment from a larger story; kanji 豚 only if carved, cast, or woven into the scene.",still_life,none,implied,"inward, reflective, spacious",moderate,"inward, reflective, spacious; exhibition depth",supporting
29,19,逐,pursue,pursue,V1 KML-GLOW: study illustration tied to lesson palette and verse mood.,"Gallery still for «pursue»: a compelling real-world subject — figure, object, or weather — in deep indigo and muted gold with cool ivory strokes; impressionistic realism; moment from a larger story; kanji 逐 only if carved, cast, or woven into the scene.",still_life,none,implied,"inward, reflective, spacious",moderate,"inward, reflective, spacious; exhibition depth",feature
29,20,遂,consummate,consummate,V1 KML-GLOW: study illustration tied to lesson palette and verse mood.,"Gallery still for «consummate»: a compelling real-world subject — figure, object, or weather — in deep indigo and muted gold with cool ivory strokes; impressionistic realism; moment from a larger story; kanji 遂 only if carved, cast, or woven into the scene.",human,secondary,implied,"inward, reflective, spacious",moderate,"inward, reflective, spacious; exhibition depth",hero
30,1,家,house,house,V1 KML-CINE: study illustration tied to lesson palette and verse mood.,"Gallery still for «house»: a compelling real-world subject — figure, object, or weather — in moss green and aged bronze; impressionistic realism; moment from a larger story; kanji 家 only if carved, cast, or woven into the scene.",landscape,none,implied,"inward, reflective, spacious",moderate,"inward, reflective, spacious; exhibition depth",transition
30,2,嫁,marry_into,marry_into,V1 KML-CINE: study illustration tied to lesson palette and verse mood.,"Gallery still for «marry_into»: a compelling real-world subject — figure, object, or weather — in moss green and aged bronze; impressionistic realism; moment from a larger story; kanji 嫁 only if carved, cast, or woven into the scene.",still_life,none,implied,"inward, reflective, spacious",moderate,"inward, reflective, spacious; exhibition depth",transition
30,3,豪,overpowering,overpowering,V1 KML-CINE: study illustration tied to lesson palette and verse mood.,"Gallery still for «overpowering»: a compelling real-world subject — figure, object, or weather — in moss green and aged bronze; impressionistic realism; moment from a larger story; kanji 豪 only if carved, cast, or woven into the scene.",still_life,none,implied,"inward, reflective, spacious",moderate,"inward, reflective, spacious; exhibition depth",transition
30,4,腸,intestines,intestines,V1 KML-CINE: study illustration tied to lesson palette and verse mood.,"Gallery still for «intestines»: a compelling real-world subject — figure, object, or weather — in moss green and aged bronze; impressionistic realism; moment from a larger story; kanji 腸 only if carved, cast, or woven into the scene.",still_life,none,implied,"inward, reflective, spacious",moderate,"inward, reflective, spacious; exhibition depth",supporting
30,5,場,location,location,V1 KML-CINE: study illustration tied to lesson palette and verse mood.,"Gallery still for «location»: a compelling real-world subject — figure, object, or weather — in moss green and aged bronze; impressionistic realism; moment from a larger story; kanji 場 only if carved, cast, or woven into the scene.",landscape,none,implied,"inward, reflective, spacious",moderate,"inward, reflective, spacious; exhibition depth",supporting
30,6,湯,hot_water,hot_water,V1 KML-CINE: study illustration tied to lesson palette and verse mood.,"Gallery still for «hot_water»: a compelling real-world subject — figure, object, or weather — in moss green and aged bronze; impressionistic realism; moment from a larger story; kanji 湯 only if carved, cast, or woven into the scene.",mixed,implied,implied,"inward, reflective, spacious",moderate,"inward, reflective, spacious; exhibition depth",supporting
30,7,羊,sheep,sheep,V1 KML-CINE: study illustration tied to lesson palette and verse mood.,"Portrait of a sheep in shallow depth of field, background dissolved into indigo shadow — a gallery animal study, not an emblem.",animal,none,active,"inward, reflective, spacious",moderate,"living air, tactile detail",supporting
30,8,美,beauty,beauty,V1 KML-CINE: study illustration tied to lesson palette and verse mood.,"Gallery still for «beauty»: a compelling real-world subject — figure, object, or weather — in moss green and aged bronze; impressionistic realism; moment from a larger story; kanji 美 only if carved, cast, or woven into the scene.",mixed,implied,implied,"inward, reflective, spacious",moderate,"inward, reflective, spacious; exhibition depth",supporting
30,9,洋,ocean,ocean,V1 KML-CINE: study illustration tied to lesson palette and verse mood.,"Gallery still for «ocean»: a compelling real-world subject — figure, object, or weather — in moss green and aged bronze; impressionistic realism; moment from a larger story; kanji 洋 only if carved, cast, or woven into the scene.",landscape,none,implied,"inward, reflective, spacious",moderate,"inward, reflective, spacious; exhibition depth",supporting
30,10,詳,detailed,detailed,V1 KML-CINE: study illustration tied to lesson palette and verse mood.,"Gallery still for «detailed»: a compelling real-world subject — figure, object, or weather — in moss green and aged bronze; impressionistic realism; moment from a larger story; kanji 詳 only if carved, cast, or woven into the scene.",mixed,implied,implied,"inward, reflective, spacious",moderate,"inward, reflective, spacious; exhibition depth",feature
30,11,鮮,fresh,fresh,V1 KML-CINE: study illustration tied to lesson palette and verse mood.,"Gallery still for «fresh»: a compelling real-world subject — figure, object, or weather — in moss green and aged bronze; impressionistic realism; moment from a larger story; kanji 鮮 only if carved, cast, or woven into the scene.",mixed,implied,implied,"inward, reflective, spacious",moderate,"inward, reflective, spacious; exhibition depth",supporting
30,12,達,attain,attain,V1 KML-CINE: study illustration tied to lesson palette and verse mood.,"Gallery still for «attain»: a compelling real-world subject — figure, object, or weather — in moss green and aged bronze; impressionistic realism; moment from a larger story; kanji 達 only if carved, cast, or woven into the scene.",still_life,none,implied,"inward, reflective, spacious",moderate,"inward, reflective, spacious; exhibition depth",supporting
30,13,羨,envious,envious,V1 KML-CINE: study illustration tied to lesson palette and verse mood.,"Gallery still for «envious»: a compelling real-world subject — figure, object, or weather — in moss green and aged bronze; impressionistic realism; moment from a larger story; kanji 羨 only if carved, cast, or woven into the scene.",landscape,none,implied,"inward, reflective, spacious",moderate,"inward, reflective, spacious; exhibition depth",supporting
30,14,差,distinction,distinction,V1 KML-CINE: study illustration tied to lesson palette and verse mood.,"Gallery still for «distinction»: a compelling real-world subject — figure, object, or weather — in moss green and aged bronze; impressionistic realism; moment from a larger story; kanji 差 only if carved, cast, or woven into the scene.",human,secondary,implied,"inward, reflective, spacious",moderate,"inward, reflective, spacious; exhibition depth",supporting
30,15,着,wear,wear,V1 KML-CINE: study illustration tied to lesson palette and verse mood.,"Gallery still for «wear»: a compelling real-world subject — figure, object, or weather — in moss green and aged bronze; impressionistic realism; moment from a larger story; kanji 着 only if carved, cast, or woven into the scene.",landscape,none,implied,"inward, reflective, spacious",moderate,"inward, reflective, spacious; exhibition depth",supporting
30,16,唯,solely,solely,V1 KML-CINE: study illustration tied to lesson palette and verse mood.,"Gallery still for «solely»: a compelling real-world subject — figure, object, or weather — in moss green and aged bronze; impressionistic realism; moment from a larger story; kanji 唯 only if carved, cast, or woven into the scene.",human,secondary,implied,"inward, reflective, spacious",moderate,"inward, reflective, spacious; exhibition depth",supporting
30,17,堆,piled_high,piled_high,V1 KML-CINE: study illustration tied to lesson palette and verse mood.,"Gallery still for «piled_high»: a compelling real-world subject — figure, object, or weather — in moss green and aged bronze; impressionistic realism; moment from a larger story; kanji 堆 only if carved, cast, or woven into the scene.",landscape,none,implied,"inward, reflective, spacious",moderate,"inward, reflective, spacious; exhibition depth",supporting
30,18,椎,sweet_oak,sweet_oak,V1 KML-CINE: study illustration tied to lesson palette and verse mood.,"Gallery still for «sweet_oak»: a compelling real-world subject — figure, object, or weather — in moss green and aged bronze; impressionistic realism; moment from a larger story; kanji 椎 only if carved, cast, or woven into the scene.",landscape,none,implied,"inward, reflective, spacious",moderate,"inward, reflective, spacious; exhibition depth",supporting
30,19,誰,who,who,V1 KML-CINE: study illustration tied to lesson palette and verse mood.,"Gallery still for «who»: a compelling real-world subject — figure, object, or weather — in moss green and aged bronze; impressionistic realism; moment from a larger story; kanji 誰 only if carved, cast, or woven into the scene.",human,secondary,implied,"inward, reflective, spacious",moderate,"inward, reflective, spacious; exhibition depth",feature
30,20,焦,char,char,V1 KML-CINE: study illustration tied to lesson palette and verse mood.,"Gallery still for «char»: a compelling real-world subject — figure, object, or weather — in moss green and aged bronze; impressionistic realism; moment from a larger story; kanji 焦 only if carved, cast, or woven into the scene.",landscape,none,implied,"inward, reflective, spacious",moderate,"inward, reflective, spacious; exhibition depth",hero
31,1,礁,reef,reef,V1 KML-IMPR: study illustration tied to lesson palette and verse mood.,"Gallery still for «reef»: a compelling real-world subject — figure, object, or weather — in charcoal black and ember red; impressionistic realism; moment from a larger story; kanji 礁 only if carved, cast, or woven into the scene.",mixed,implied,implied,"inward, reflective, spacious",moderate,"inward, reflective, spacious; exhibition depth",transition
31,2,集,gather,gather,V1 KML-IMPR: study illustration tied to lesson palette and verse mood.,"Gallery still for «gather»: a compelling real-world subject — figure, object, or weather — in charcoal black and ember red; impressionistic realism; moment from a larger story; kanji 集 only if carved, cast, or woven into the scene.",still_life,none,implied,"inward, reflective, spacious",moderate,"inward, reflective, spacious; exhibition depth",transition
31,3,准,quasi,quasi,V1 KML-IMPR: study illustration tied to lesson palette and verse mood.,"Gallery still for «quasi»: a compelling real-world subject — figure, object, or weather — in charcoal black and ember red; impressionistic realism; moment from a larger story; kanji 准 only if carved, cast, or woven into the scene.",landscape,none,implied,"inward, reflective, spacious",moderate,"inward, reflective, spacious; exhibition depth",transition
31,4,進,advance,advance,V1 KML-IMPR: study illustration tied to lesson palette and verse mood.,"Gallery still for «advance»: a compelling real-world subject — figure, object, or weather — in charcoal black and ember red; impressionistic realism; moment from a larger story; kanji 進 only if carved, cast, or woven into the scene.",landscape,none,implied,"inward, reflective, spacious",moderate,"inward, reflective, spacious; exhibition depth",supporting
31,5,雑,miscellaneous,miscellaneous,V1 KML-IMPR: study illustration tied to lesson palette and verse mood.,"Gallery still for «miscellaneous»: a compelling real-world subject — figure, object, or weather — in charcoal black and ember red; impressionistic realism; moment from a larger story; kanji 雑 only if carved, cast, or woven into the scene.",human,secondary,implied,"inward, reflective, spacious",moderate,"inward, reflective, spacious; exhibition depth",supporting
31,6,雌,female,female,V1 KML-IMPR: study illustration tied to lesson palette and verse mood.,"Gallery still for «female»: a compelling real-world subject — figure, object, or weather — in charcoal black and ember red; impressionistic realism; moment from a larger story; kanji 雌 only if carved, cast, or woven into the scene.",human,secondary,implied,"inward, reflective, spacious",moderate,"inward, reflective, spacious; exhibition depth",supporting
31,7,準,conform,conform,V1 KML-IMPR: study illustration tied to lesson palette and verse mood.,"Gallery still for «conform»: a compelling real-world subject — figure, object, or weather — in charcoal black and ember red; impressionistic realism; moment from a larger story; kanji 準 only if carved, cast, or woven into the scene.",still_life,none,implied,"inward, reflective, spacious",moderate,"inward, reflective, spacious; exhibition depth",supporting
31,8,奮,stirred_up,stirred_up,V1 KML-IMPR: study illustration tied to lesson palette and verse mood.,"Gallery still for «stirred_up»: a compelling real-world subject — figure, object, or weather — in charcoal black and ember red; impressionistic realism; moment from a larger story; kanji 奮 only if carved, cast, or woven into the scene.",mixed,implied,implied,"inward, reflective, spacious",moderate,"inward, reflective, spacious; exhibition depth",supporting
31,9,奪,rob,rob,V1 KML-IMPR: study illustration tied to lesson palette and verse mood.,"Gallery still for «rob»: a compelling real-world subject — figure, object, or weather — in charcoal black and ember red; impressionistic realism; moment from a larger story; kanji 奪 only if carved, cast, or woven into the scene.",landscape,none,implied,"inward, reflective, spacious",moderate,"inward, reflective, spacious; exhibition depth",supporting
31,10,確,assurance,assurance,V1 KML-IMPR: study illustration tied to lesson palette and verse mood.,"Gallery still for «assurance»: a compelling real-world subject — figure, object, or weather — in charcoal black and ember red; impressionistic realism; moment from a larger story; kanji 確 only if carved, cast, or woven into the scene.",landscape,none,implied,"inward, reflective, spacious",moderate,"inward, reflective, spacious; exhibition depth",feature
31,11,午,noon,noon,V1 KML-IMPR: study illustration tied to lesson palette and verse mood.,"Gallery still for «noon»: a compelling real-world subject — figure, object, or weather — in charcoal black and ember red; impressionistic realism; moment from a larger story; kanji 午 only if carved, cast, or woven into the scene.",still_life,none,implied,"inward, reflective, spacious",moderate,"inward, reflective, spacious; exhibition depth",supporting
31,12,許,permit,permit,V1 KML-IMPR: study illustration tied to lesson palette and verse mood.,"Gallery still for «permit»: a compelling real-world subject — figure, object, or weather — in charcoal black and ember red; impressionistic realism; moment from a larger story; kanji 許 only if carved, cast, or woven into the scene.",landscape,none,implied,"inward, reflective, spacious",moderate,"inward, reflective, spacious; exhibition depth",supporting
31,13,歓,delight,delight,V1 KML-IMPR: study illustration tied to lesson palette and verse mood.,"Gallery still for «delight»: a compelling real-world subject — figure, object, or weather — in charcoal black and ember red; impressionistic realism; moment from a larger story; kanji 歓 only if carved, cast, or woven into the scene.",mixed,implied,implied,"inward, reflective, spacious",moderate,"inward, reflective, spacious; exhibition depth",supporting
31,14,権,rights,rights,V1 KML-IMPR: study illustration tied to lesson palette and verse mood.,"Gallery still for «rights»: a compelling real-world subject — figure, object, or weather — in charcoal black and ember red; impressionistic realism; moment from a larger story; kanji 権 only if carved, cast, or woven into the scene.",still_life,none,implied,"inward, reflective, spacious",moderate,"inward, reflective, spacious; exhibition depth",supporting
31,15,観,observe,observe,V1 KML-IMPR: study illustration tied to lesson palette and verse mood.,"Gallery still for «observe»: a compelling real-world subject — figure, object, or weather — in charcoal black and ember red; impressionistic realism; moment from a larger story; kanji 観 only if carved, cast, or woven into the scene.",landscape,none,implied,"inward, reflective, spacious",moderate,"inward, reflective, spacious; exhibition depth",supporting
31,16,羽,feathers,feathers,V1 KML-IMPR: study illustration tied to lesson palette and verse mood.,"Gallery still for «feathers»: a compelling real-world subject — figure, object, or weather — in charcoal black and ember red; impressionistic realism; moment from a larger story; kanji 羽 only if carved, cast, or woven into the scene.",landscape,none,implied,"inward, reflective, spacious",moderate,"inward, reflective, spacious; exhibition depth",supporting
31,17,習,learn,learn,V1 KML-IMPR: study illustration tied to lesson palette and verse mood.,"Gallery still for «learn»: a compelling real-world subject — figure, object, or weather — in charcoal black and ember red; impressionistic realism; moment from a larger story; kanji 習 only if carved, cast, or woven into the scene.",still_life,none,implied,"inward, reflective, spacious",moderate,"inward, reflective, spacious; exhibition depth",supporting
31,18,翌,following_day,following_day,V1 KML-IMPR: study illustration tied to lesson palette and verse mood.,"Horizon ceremony: following day light breaking through cloud vault — land or sea below, no floating symbols.",weather,implied,implied,temporal hush,rich,amber and silver split,supporting
31,19,曜,weekday,weekday,V1 KML-IMPR: study illustration tied to lesson palette and verse mood.,"Horizon ceremony: weekday light breaking through cloud vault — land or sea below, no floating symbols.",weather,implied,implied,temporal hush,rich,amber and silver split,feature
31,20,濯,laundry,laundry,V1 KML-IMPR: study illustration tied to lesson palette and verse mood.,"Gallery still for «laundry»: a compelling real-world subject — figure, object, or weather — in charcoal black and ember red; impressionistic realism; moment from a larger story; kanji 濯 only if carved, cast, or woven into the scene.",landscape,none,implied,"inward, reflective, spacious",moderate,"inward, reflective, spacious; exhibition depth",hero
32,1,曰, ,sayeth,V1 KML-CLASS: study illustration tied to lesson palette and verse mood.,"Gallery still for « »: a compelling real-world subject — figure, object, or weather — in cold blue-grey with pale ivory; impressionistic realism; moment from a larger story; kanji 曰 only if carved, cast, or woven into the scene.",landscape,none,implied,"inward, reflective, spacious",moderate,"inward, reflective, spacious; exhibition depth",transition
32,2,困,quandary,quandary,V1 KML-CLASS: study illustration tied to lesson palette and verse mood.,"Gallery still for «quandary»: a compelling real-world subject — figure, object, or weather — in cold blue-grey with pale ivory; impressionistic realism; moment from a larger story; kanji 困 only if carved, cast, or woven into the scene.",still_life,none,implied,"inward, reflective, spacious",moderate,"inward, reflective, spacious; exhibition depth",transition
32,3,固,hard,hard,V1 KML-CLASS: study illustration tied to lesson palette and verse mood.,"Gallery still for «hard»: a compelling real-world subject — figure, object, or weather — in cold blue-grey with pale ivory; impressionistic realism; moment from a larger story; kanji 固 only if carved, cast, or woven into the scene.",mixed,implied,implied,"inward, reflective, spacious",moderate,"inward, reflective, spacious; exhibition depth",transition
32,4,錮,weld,weld,V1 KML-CLASS: study illustration tied to lesson palette and verse mood.,"Gallery still for «weld»: a compelling real-world subject — figure, object, or weather — in cold blue-grey with pale ivory; impressionistic realism; moment from a larger story; kanji 錮 only if carved, cast, or woven into the scene.",landscape,none,implied,"inward, reflective, spacious",moderate,"inward, reflective, spacious; exhibition depth",supporting
32,5,国,country,country,V1 KML-CLASS: study illustration tied to lesson palette and verse mood.,"Gallery still for «country»: a compelling real-world subject — figure, object, or weather — in cold blue-grey with pale ivory; impressionistic realism; moment from a larger story; kanji 国 only if carved, cast, or woven into the scene.",landscape,none,implied,"inward, reflective, spacious",moderate,"inward, reflective, spacious; exhibition depth",supporting
32,6,団,group,group,V1 KML-CLASS: study illustration tied to lesson palette and verse mood.,"Gallery still for «group»: a compelling real-world subject — figure, object, or weather — in cold blue-grey with pale ivory; impressionistic realism; moment from a larger story; kanji 団 only if carved, cast, or woven into the scene.",human,secondary,implied,"inward, reflective, spacious",moderate,"inward, reflective, spacious; exhibition depth",supporting
32,7,因,reason,reason,V1 KML-CLASS: study illustration tied to lesson palette and verse mood.,"Gallery still for «reason»: a compelling real-world subject — figure, object, or weather — in cold blue-grey with pale ivory; impressionistic realism; moment from a larger story; kanji 因 only if carved, cast, or woven into the scene.",landscape,none,implied,"inward, reflective, spacious",moderate,"inward, reflective, spacious; exhibition depth",supporting
32,8,姻,matrimony,matrimony,V1 KML-CLASS: study illustration tied to lesson palette and verse mood.,"Gallery still for «matrimony»: a compelling real-world subject — figure, object, or weather — in cold blue-grey with pale ivory; impressionistic realism; moment from a larger story; kanji 姻 only if carved, cast, or woven into the scene.",mixed,implied,implied,"inward, reflective, spacious",moderate,"inward, reflective, spacious; exhibition depth",supporting
32,9,咽,gullet,gullet,V1 KML-CLASS: study illustration tied to lesson palette and verse mood.,"Gallery still for «gullet»: a compelling real-world subject — figure, object, or weather — in cold blue-grey with pale ivory; impressionistic realism; moment from a larger story; kanji 咽 only if carved, cast, or woven into the scene.",still_life,none,implied,"inward, reflective, spacious",moderate,"inward, reflective, spacious; exhibition depth",supporting
32,10,園,garden,garden,V1 KML-CLASS: study illustration tied to lesson palette and verse mood.,"Gallery still for «garden»: a compelling real-world subject — figure, object, or weather — in cold blue-grey with pale ivory; impressionistic realism; moment from a larger story; kanji 園 only if carved, cast, or woven into the scene.",landscape,none,implied,"inward, reflective, spacious",moderate,"inward, reflective, spacious; exhibition depth",feature
32,11,回,occurrences,occurrences,V1 KML-CLASS: study illustration tied to lesson palette and verse mood.,"Gallery still for «occurrences»: a compelling real-world subject — figure, object, or weather — in cold blue-grey with pale ivory; impressionistic realism; moment from a larger story; kanji 回 only if carved, cast, or woven into the scene.",human,secondary,implied,"inward, reflective, spacious",moderate,"inward, reflective, spacious; exhibition depth",supporting
32,12,壇,podium,podium,V1 KML-CLASS: study illustration tied to lesson palette and verse mood.,"Gallery still for «podium»: a compelling real-world subject — figure, object, or weather — in cold blue-grey with pale ivory; impressionistic realism; moment from a larger story; kanji 壇 only if carved, cast, or woven into the scene.",still_life,none,implied,"inward, reflective, spacious",moderate,"inward, reflective, spacious; exhibition depth",supporting
32,13,店,store,store,V1 KML-CLASS: study illustration tied to lesson palette and verse mood.,"Gallery still for «store»: a compelling real-world subject — figure, object, or weather — in cold blue-grey with pale ivory; impressionistic realism; moment from a larger story; kanji 店 only if carved, cast, or woven into the scene.",human,secondary,implied,"inward, reflective, spacious",moderate,"inward, reflective, spacious; exhibition depth",supporting
32,14,庫,storage,storage,V1 KML-CLASS: study illustration tied to lesson palette and verse mood.,"Gallery still for «storage»: a compelling real-world subject — figure, object, or weather — in cold blue-grey with pale ivory; impressionistic realism; moment from a larger story; kanji 庫 only if carved, cast, or woven into the scene.",still_life,none,implied,"inward, reflective, spacious",moderate,"inward, reflective, spacious; exhibition depth",supporting
32,15,庭,courtyard,courtyard,V1 KML-CLASS: study illustration tied to lesson palette and verse mood.,"Gallery still for «courtyard»: a compelling real-world subject — figure, object, or weather — in cold blue-grey with pale ivory; impressionistic realism; moment from a larger story; kanji 庭 only if carved, cast, or woven into the scene.",human,secondary,implied,"inward, reflective, spacious",moderate,"inward, reflective, spacious; exhibition depth",supporting
32,16,庁,government_office,government_office,V1 KML-CLASS: study illustration tied to lesson palette and verse mood.,"Gallery still for «government_office»: a compelling real-world subject — figure, object, or weather — in cold blue-grey with pale ivory; impressionistic realism; moment from a larger story; kanji 庁 only if carved, cast, or woven into the scene.",human,secondary,implied,"inward, reflective, spacious",moderate,"inward, reflective, spacious; exhibition depth",supporting
32,17,床,bed,bed,V1 KML-CLASS: study illustration tied to lesson palette and verse mood.,"Gallery still for «bed»: a compelling real-world subject — figure, object, or weather — in cold blue-grey with pale ivory; impressionistic realism; moment from a larger story; kanji 床 only if carved, cast, or woven into the scene.",still_life,none,implied,"inward, reflective, spacious",moderate,"inward, reflective, spacious; exhibition depth",supporting
32,18,麻,hemp,hemp,V1 KML-CLASS: study illustration tied to lesson palette and verse mood.,"Gallery still for «hemp»: a compelling real-world subject — figure, object, or weather — in cold blue-grey with pale ivory; impressionistic realism; moment from a larger story; kanji 麻 only if carved, cast, or woven into the scene.",human,secondary,implied,"inward, reflective, spacious",moderate,"inward, reflective, spacious; exhibition depth",supporting
32,19,磨,grind,grind,V1 KML-CLASS: study illustration tied to lesson palette and verse mood.,"Gallery still for «grind»: a compelling real-world subject — figure, object, or weather — in cold blue-grey with pale ivory; impressionistic realism; moment from a larger story; kanji 磨 only if carved, cast, or woven into the scene.",mixed,implied,implied,"inward, reflective, spacious",moderate,"inward, reflective, spacious; exhibition depth",feature
32,20,心,heart,heart,V1 KML-CLASS: study illustration tied to lesson palette and verse mood.,"A hands-close study: working, healing, or holding — veins and knuckle light in amber; the body as lived subject, not anatomy chart.",still_life,implied,implied,embodied quiet,moderate,"warm interior, shallow focus",hero
33,1,忘,forget,forget,V1 KML-IMPR: study illustration tied to lesson palette and verse mood.,"Gallery still for «forget»: a compelling real-world subject — figure, object, or weather — in moss green and aged bronze; impressionistic realism; moment from a larger story; kanji 忘 only if carved, cast, or woven into the scene.",landscape,none,implied,"inward, reflective, spacious",moderate,"inward, reflective, spacious; exhibition depth",transition
33,2,恣,selfish,selfish,V1 KML-IMPR: study illustration tied to lesson palette and verse mood.,"Gallery still for «selfish»: a compelling real-world subject — figure, object, or weather — in moss green and aged bronze; impressionistic realism; moment from a larger story; kanji 恣 only if carved, cast, or woven into the scene.",human,secondary,implied,"inward, reflective, spacious",moderate,"inward, reflective, spacious; exhibition depth",transition
33,3,忍,endure_silently,endure_silently,V1 KML-IMPR: study illustration tied to lesson palette and verse mood.,"Gallery still for «endure_silently»: a compelling real-world subject — figure, object, or weather — in moss green and aged bronze; impressionistic realism; moment from a larger story; kanji 忍 only if carved, cast, or woven into the scene.",human,secondary,implied,"inward, reflective, spacious",moderate,"inward, reflective, spacious; exhibition depth",transition
33,4,認,acknowledge,acknowledge,V1 KML-IMPR: study illustration tied to lesson palette and verse mood.,"Gallery still for «acknowledge»: a compelling real-world subject — figure, object, or weather — in moss green and aged bronze; impressionistic realism; moment from a larger story; kanji 認 only if carved, cast, or woven into the scene.",human,secondary,implied,"inward, reflective, spacious",moderate,"inward, reflective, spacious; exhibition depth",supporting
33,5,忌,mourning,mourning,V1 KML-IMPR: study illustration tied to lesson palette and verse mood.,"Gallery still for «mourning»: a compelling real-world subject — figure, object, or weather — in moss green and aged bronze; impressionistic realism; moment from a larger story; kanji 忌 only if carved, cast, or woven into the scene.",still_life,none,implied,"inward, reflective, spacious",moderate,"inward, reflective, spacious; exhibition depth",supporting
33,6,志,intention,intention,V1 KML-IMPR: study illustration tied to lesson palette and verse mood.,"Gallery still for «intention»: a compelling real-world subject — figure, object, or weather — in moss green and aged bronze; impressionistic realism; moment from a larger story; kanji 志 only if carved, cast, or woven into the scene.",landscape,none,implied,"inward, reflective, spacious",moderate,"inward, reflective, spacious; exhibition depth",supporting
33,7,誌,document,document,V1 KML-IMPR: study illustration tied to lesson palette and verse mood.,"Gallery still for «document»: a compelling real-world subject — figure, object, or weather — in moss green and aged bronze; impressionistic realism; moment from a larger story; kanji 誌 only if carved, cast, or woven into the scene.",landscape,none,implied,"inward, reflective, spacious",moderate,"inward, reflective, spacious; exhibition depth",supporting
33,8,芯,core,core,V1 KML-IMPR: study illustration tied to lesson palette and verse mood.,"Gallery still for «core»: a compelling real-world subject — figure, object, or weather — in moss green and aged bronze; impressionistic realism; moment from a larger story; kanji 芯 only if carved, cast, or woven into the scene.",still_life,none,implied,"inward, reflective, spacious",moderate,"inward, reflective, spacious; exhibition depth",supporting
33,9,忠,loyalty,loyalty,V1 KML-IMPR: study illustration tied to lesson palette and verse mood.,"Gallery still for «loyalty»: a compelling real-world subject — figure, object, or weather — in moss green and aged bronze; impressionistic realism; moment from a larger story; kanji 忠 only if carved, cast, or woven into the scene.",human,secondary,implied,"inward, reflective, spacious",moderate,"inward, reflective, spacious; exhibition depth",supporting
33,10,串,skewer,skewer,V1 KML-IMPR: study illustration tied to lesson palette and verse mood.,"Gallery still for «skewer»: a compelling real-world subject — figure, object, or weather — in moss green and aged bronze; impressionistic realism; moment from a larger story; kanji 串 only if carved, cast, or woven into the scene.",still_life,none,implied,"inward, reflective, spacious",moderate,"inward, reflective, spacious; exhibition depth",feature
33,11,患,afflicted,afflicted,V1 KML-IMPR: study illustration tied to lesson palette and verse mood.,"Gallery still for «afflicted»: a compelling real-world subject — figure, object, or weather — in moss green and aged bronze; impressionistic realism; moment from a larger story; kanji 患 only if carved, cast, or woven into the scene.",still_life,none,implied,"inward, reflective, spacious",moderate,"inward, reflective, spacious; exhibition depth",supporting
33,12,思,think,think,V1 KML-IMPR: study illustration tied to lesson palette and verse mood.,"Gallery still for «think»: a compelling real-world subject — figure, object, or weather — in moss green and aged bronze; impressionistic realism; moment from a larger story; kanji 思 only if carved, cast, or woven into the scene.",human,secondary,implied,"inward, reflective, spacious",moderate,"inward, reflective, spacious; exhibition depth",supporting
33,13,恩,grace,grace,V1 KML-IMPR: study illustration tied to lesson palette and verse mood.,"Gallery still for «grace»: a compelling real-world subject — figure, object, or weather — in moss green and aged bronze; impressionistic realism; moment from a larger story; kanji 恩 only if carved, cast, or woven into the scene.",human,secondary,implied,"inward, reflective, spacious",moderate,"inward, reflective, spacious; exhibition depth",supporting
33,14,応,respond,respond,V1 KML-IMPR: study illustration tied to lesson palette and verse mood.,"Gallery still for «respond»: a compelling real-world subject — figure, object, or weather — in moss green and aged bronze; impressionistic realism; moment from a larger story; kanji 応 only if carved, cast, or woven into the scene.",mixed,implied,implied,"inward, reflective, spacious",moderate,"inward, reflective, spacious; exhibition depth",supporting
33,15,意,idea,idea,V1 KML-IMPR: study illustration tied to lesson palette and verse mood.,"Gallery still for «idea»: a compelling real-world subject — figure, object, or weather — in moss green and aged bronze; impressionistic realism; moment from a larger story; kanji 意 only if carved, cast, or woven into the scene.",human,secondary,implied,"inward, reflective, spacious",moderate,"inward, reflective, spacious; exhibition depth",supporting
33,16,臆,cowardice,cowardice,V1 KML-IMPR: study illustration tied to lesson palette and verse mood.,"Gallery still for «cowardice»: a compelling real-world subject — figure, object, or weather — in moss green and aged bronze; impressionistic realism; moment from a larger story; kanji 臆 only if carved, cast, or woven into the scene.",mixed,implied,implied,"inward, reflective, spacious",moderate,"inward, reflective, spacious; exhibition depth",supporting
33,17,想,concept,concept,V1 KML-IMPR: study illustration tied to lesson palette and verse mood.,"Gallery still for «concept»: a compelling real-world subject — figure, object, or weather — in moss green and aged bronze; impressionistic realism; moment from a larger story; kanji 想 only if carved, cast, or woven into the scene.",mixed,implied,implied,"inward, reflective, spacious",moderate,"inward, reflective, spacious; exhibition depth",supporting
33,18,息,breath,breath,V1 KML-IMPR: study illustration tied to lesson palette and verse mood.,"Gallery still for «breath»: a compelling real-world subject — figure, object, or weather — in moss green and aged bronze; impressionistic realism; moment from a larger story; kanji 息 only if carved, cast, or woven into the scene.",landscape,none,implied,"inward, reflective, spacious",moderate,"inward, reflective, spacious; exhibition depth",supporting
33,19,憩,recess,recess,V1 KML-IMPR: study illustration tied to lesson palette and verse mood.,"Gallery still for «recess»: a compelling real-world subject — figure, object, or weather — in moss green and aged bronze; impressionistic realism; moment from a larger story; kanji 憩 only if carved, cast, or woven into the scene.",still_life,none,implied,"inward, reflective, spacious",moderate,"inward, reflective, spacious; exhibition depth",feature
33,20,恵,favor,favor,V1 KML-IMPR: study illustration tied to lesson palette and verse mood.,"Gallery still for «favor»: a compelling real-world subject — figure, object, or weather — in moss green and aged bronze; impressionistic realism; moment from a larger story; kanji 恵 only if carved, cast, or woven into the scene.",mixed,implied,implied,"inward, reflective, spacious",moderate,"inward, reflective, spacious; exhibition depth",hero
34,1,恐,fear,fear,V1 KML-CHAG: study illustration tied to lesson palette and verse mood.,"Child on a dark stairwell landing, hand on railing, listening to rain — fear as listening, not screaming.",human,primary,static,hushed dread,rich,"indigo stairwell, single floor light",feature
34,2,惑,beguile,beguile,V1 KML-CHAG: study illustration tied to lesson palette and verse mood.,"Street magician fanning cards, observer leaning too close — charm as dangerous proximity.",human,primary,active,seductive misdirection,moderate,"festival dusk, lantern bokeh",feature
34,3,感,feeling,feeling,V1 KML-CHAG: study illustration tied to lesson palette and verse mood.,Hands overlapping on a shared umbrella handle in sudden rain — feeling before speech.,human,primary,implied,tender recognition,moderate,"silver rain, blurred crossing",hero
34,4,憂,melancholy,melancholy,V1 KML-CHAG: study illustration tied to lesson palette and verse mood.,"Empty swing moving in wind at an abandoned playground, long shadow — absence as motion.",landscape,implied,implied,sweet ache,restrained,"late afternoon violet, dust in light",feature
34,5,寡,widow,widow,V1 KML-CHAG: study illustration tied to lesson palette and verse mood.,Black obi folded on a chair beside an untouched tea cup — room still arranged for two.,still_life,implied,static,reverent absence,restrained,"muted interior, grey daylight",feature
34,6,忙,busy,busy,V1 KML-CHAG: study illustration tied to lesson palette and verse mood.,"Kitchen before service: three cooks crossing in steam, knives and flame — beautiful hurry.",human,primary,active,controlled frenzy,rich,"copper flame, white steam",supporting
34,7,悦,ecstasy,ecstasy,V1 KML-CHAG: study illustration tied to lesson palette and verse mood.,"Dancer mid-spin, skirt blooming, face lifted to spotlit dust — joy as physical law.",human,primary,active,radiant release,rich,"amber stage, dark void",hero
34,8,恒,constancy,constancy,V1 KML-CHAG: study illustration tied to lesson palette and verse mood.,"Same bench through four seasons in four-panel composition — one tree, changing light.",landscape,implied,implied,faithful return,moderate,"seasonal cycle, restrained palette each panel",feature
34,9,悼,lament,lament,V1 KML-CHAG: study illustration tied to lesson palette and verse mood.,"Funeral procession from above, umbrellas like dark petals on wet street — collective grief.",mixed,secondary,implied,solemn weight,restrained,"rain gloss, black fabric",feature
34,10,悟,enlightenment,enlightenment,V1 KML-CHAG: study illustration tied to lesson palette and verse mood.,"Monk extinguishing a candle at dawn, smile barely there — light released, not seized.",human,primary,static,quiet clarity,moderate,"first blue hour, smoke thread",hero
34,11,怖,dreadful,dreadful,V1 KML-CHAG: study illustration tied to lesson palette and verse mood.,"Hospital corridor perspective, fluorescent hum, figure waiting outside closed door.",architecture,secondary,implied,clinical dread,restrained,"green-white fluorescent, linoleum gleam",supporting
34,12,慌,disconcerted,disconcerted,V1 KML-CHAG: study illustration tied to lesson palette and verse mood.,"Woman holding two ringing phones, city blur behind glass — nowhere to look.",human,primary,active,frayed attention,moderate,"urban night, reflected neon",supporting
34,13,悔,repent,repent,V1 KML-CHAG: study illustration tied to lesson palette and verse mood.,"Kneeling figure rinsing hands in stone basin, sleeves dark with soil — repentance as labor.",human,primary,active,humble reckoning,restrained,"courtyard night, water sound implied",feature
34,14,憎,hate,hate,V1 KML-CHAG: study illustration tied to lesson palette and verse mood.,"Two men back to back in snow, fists unclenched but shoulders rigid — hatred as cold distance.",human,primary,static,frozen hostility,restrained,"whiteout edge, black coats",feature
34,15,慣,accustomed,accustomed,V1 KML-CHAG: study illustration tied to lesson palette and verse mood.,Barista making the same pour for a regular at the window seat — habit as tenderness.,human,primary,implied,easy familiarity,moderate,"morning coffee gold, steam",supporting
34,16,愉,pleasure,pleasure,V1 KML-CHAG: study illustration tied to lesson palette and verse mood.,"Bare feet in summer river, head thrown back, fruit in hand — pleasure without performance.",human,primary,active,unselfconscious delight,rich,"green water, dappled sun",feature
34,17,惰,lazy,lazy,V1 KML-CHAG: study illustration tied to lesson palette and verse mood.,"Cat and human both napping on tatami, book open on chest — afternoon surrendered.",mixed,primary,static,guilty peace,restrained,"slatted shade, dust motes",supporting
34,18,慎,humility,humility,V1 KML-CHAG: study illustration tied to lesson palette and verse mood.,"Craftsman bowing to customer while presenting a bowl, both hands visible — humility as offering.",human,primary,static,respectful lowering,moderate,"shop interior, clay and linen",feature
34,19,憾,remorse,remorse,V1 KML-CHAG: study illustration tied to lesson palette and verse mood.,"Letter half-written, crumpled drafts in basket, rain on glass — words failed.",still_life,implied,implied,aching regret,restrained,"desk lamp, grey window",feature
34,20,憶,recollection,recollection,V1 KML-CHAG: study illustration tied to lesson palette and verse mood.,"Elderly man finding a child's marble in a coat pocket, garden out of focus — memory in palm.",human,primary,static,tender surprise,moderate,"autumn garden bokeh, amber leaf",hero
