kanji,heisig_number,heisig_keyword,heisig_components,kml_primitives,primitive_count,cluster_components,collapse_to
一,1,one,floor,一,1,one,一
二,2,two,floor; floor,一|一,2,two,二
三,3,three,floor; floor; floor,一|一|一,3,three,三
四,4,four,pent in; human legs,口|儿,2,four,四
五,5,five,five,五,1,five,五
六,6,six,top hat;split,亠|八,2,lid|split,六
七,7,seven,diced,七,1,cut,七
八,8,eight,expand,八,1,split,八
九,9,nine,baseball,九,1,ball,九
十,10,ten,needle,十,1,ten,十
口,11,mouth,mouth,口,1,mouth,口
日,12,day,sun,日,1,sun,日
月,13,moon,moon; flesh,月,1,moon,月
田,14,rice field,brains,田,1,field,田
目,15,eye,eye,目,1,eye,目
古,16,old,tombstone; gravestone; church; ten; needle; mouth,十|口,2,old,古
吾,17,I,five; mouth,五|口,2,I,吾
冒,18,risk,sun; eye,日|目,2,risk,冒
朋,19,companion,moon,月|月,2,companion,朋
明,20,bright,sun; moon,日|月,2,bright,明
唱,21,chant,mouth; prosperous; sun; tongue wagging,口|日|日,3,chant,唱
晶,22,sparkle,day; sun,日|日|日,3,sparkle,晶
品,23,goods,mouth,口|口|口,3,goods,品
呂,24,spine,mouth; drop,口|丶|口,2,spine,呂
昌,25,prosperous,sun;sun,日|日,2,prosperous,昌
早,26,early,sunflower; sun; ten; needle,日|十,2,early,早
旭,27,rising sun,nine; baseball, 九|日,2,rising sun,旭
世,28,generation,ten; twenty,十|十|一,3,generation,世
胃,29,stomach,rice field; brains; moon,田|月,2,stomach,胃
旦,30,nightbreak,sun; one; floor,日|一,2,nightbreak,旦
胆,31,gall bladder,gallbladder; moon; nightbreak; sun; one; floor,月|旦,2,gall bladder,胆
亘,32,span,one; ceiling; sun; one; floor,一|日|一,3,span,亘
凹,33,concave,,concave,1,concave,凹
凸,34,convex,,convex,1,convex,凸
旧,35,olden times,vertical stroke; sun,丨|日,2,olden times,旧
自,36,oneself,drop; eye,丶|目,2,oneself,自
白,37,white,drop; sun,丶|日,2,white,白
百,38,hundred,one; ceiling; white; dove,一|白,2,hundred,百
中,39,in,stick; mouth,口|丨,2,in,中
千,40,thousand,drop; ten; needle,丶|十,2,thousand,千
舌,41,tongue,thousand; drop; ten; needle; mouth,千|口,2,tongue,舌
升,42,measuring box,thousand; drop; ten; needle,丶|十|十,3,measuring box,升
昇,43,rise up,sun; measuring box; thousand; drop; ten; needle,日|升,2,rise up,昇
丸,44,round,drop; nine; baseball,丶|九,2,round,丸
寸,45,measurement,glue; drop; ten with a hook,十|丶|乙,3,measurement,寸
肘,46,elbow,moon; glue,月|寸,2,elbow,肘
専,47,specialty,ten; needle; rice field; brains; glue,十|田|寸,3,specialty,専
博,48,Dr.,ten; needle; acupuncturist; specialty; drop; ten; needle; rice field; brains; glue,十|専,2,doctor,博
占,49,fortune-telling,magic wand; augury; divining rod; mouth,卜|口,2,fortune-telling,占
上,50,above,magic wand; augury; divining rod; one; floor,卜|一,2,above,上
下,51,below,one; ceiling; magic wand; augury; divining rod,一|卜,2,below,下
卓,52,eminent,magic wand; augury; divinging rod; sunflower; sun; ten; needle,卜|早,2,eminent,卓
朝,53,morning,mist; ten; needle; early; sun; moon,十|早|月,3,morning,朝
嘲,54,derision,mouth; morning; mist; ten; needle; early; sun; moon,口|朝,2,derision,嘲
只,55,only,mouth; animal legs; eight,口|八,2,only,只
貝,56,shellfish,clam; oyster; eye; animal legs; eight,目|八,2,shellfish,貝
唄,57,pop song,mouth; shellfish; clam; oyster; eye; animal legs; eight,口|貝,2,pop song,唄
貞,58,upright,magic wand; augury; divining rod; shellfish; clam; oyster; eye; animal legs; eight,卜|貝,2,upright,貞
員,59,employee,mouth; shellfish; clam; oyster; eye; animal legs; eight,口|貝,2,employee,員
貼,60,post a bill,shell; fortune-telling; magic wand; augury; mouth,貝|占,2,post a bill,貼
見,61,see,eye; human legs,目|儿,2,see,見
児,62,newborn babe,olden times; stick; sun; human legs,一|見,2,newborn babe,児
元,63,beginning,two; human legs,二|儿,2,beginning,元
頁,64,page,one; ceiling; drop; shellfish; clam; oyster; eye; animal legs; eight,頁,1,page,頁
頑,65,stubborn,beginning; two; human legs; head; page; one; ceiling; drop; shellfish; clam; oyster; eye; animal legs; eight,元|頁,2,stubborn,頑
凡,66,mediocre,drop; wind,几|丶,2,mediocre,凡
負,67,defeat,bound up; shellfish; clam; oyster; eye; animal legs; eight,⺈|貝,2,defeat,負
万,68,ten thousand,one; ceiling; bound up,一|⼓,2,ten thousand,万
旬,69,phrase,wrapping; mouth,⼓|口,2,phrase,旬
肌,70,texture,moon; wind,月|几,2,texture,肌
勺,72,ladle,bound up; drop,⼓|丶,2,ladle,勺
的,73,bull's eye,bull’s eye; white; dove; ladle; bound up; drop,白|勺,1,bull's eye,的
首,74,neck,horns; nose; one; ceiling; drop; eye,首,１,neck,首
乙,75,fish guts,fishguts; fishhook,乙,1,fish guts,乙
乱,76,riot,tongue; thousand; drop; ten; needle; mouth; fishhook,舌|⺃,2,riot,乱
直,77,straightaway,ten; needle; eye; fishhook,十|目,2,straightaway,直
具,78,tool,eye; one; animal legs; eight,目|一|八,3,tool,具
真,79,true,ten; needle; eye; tool; one; animal legs; eight,十|具,2,true,真
工,80,craft,artificial,工,1,craft,工
左,81,left,by one’s side; craft,工,1,left,左
右,82,right,by one’s side; mouth,口,1,right,右
有,83,possess,by one’s side; moon,月,2,possess,有
賄,84,bribe,shell; possess; by one’s side; moon,貝|有,2,bribe,賄
貢,85,tribute,craft; shellfish; clam; oyster; eye; animal legs; eight,工|貝,2,tribute,貢
項,86,paragraph,craft; head; page; one; ceiling; drop; shellfish; clam; oyster; eye; animal legs; eight,工|頁,2,paragraph,項
刀,87,sword,dagger,刀,1,sword,刀
刃,88,blade,drop; sword; dagger,刀|丶,1,blade,刃
切,89,cut,seven; diced; sword; dagger,七|刀,1,cut,切
召,90,seduce,sword; dagger; mouth,刀|口,1,seduce,召
昭,91,shining,sun; seduce; summon; sword; dagger; mouth,日|召,2,shining,昭
則,92,rule,shell; sword; sabre; saber,貝|⺉,2,rule,則
副,93,vice-,wealth; one; ceiling; mouth; rice field; brains; sword; sabre; saber,一|口|田|⺉,4,vice-,副
別,94,separate,mouth; bound up; sword; sabre; saber,口|刀|⺉,3,separate,別
丁,95,street,nail; spike,一|乙,2,street,丁
町,96,village,rice field; brains; street; nail; spike,田|丁,2,village,町
可,97,can,mouth; street; street; nail; spike,丁|口,2,can,可
頂,98,place on the head,street; nail; spike; head; page; one; ceiling; drop; shellfish; clam; oyster; eye; animal legs; eight,丁|頁,2,place on the head,頂
子,99,child,,子,1,child,子
孔,100,cavity,child; fishhook,子|⺃,1,cavity,孔
了,101,complete,child with arms wrapped up,,0,complete,了
女,102,woman,,女,1,woman,女
好,103,fond,woman; child,女|子,2,fond,好
如,104,likeness,woman; mouth,女|口,2,likeness,如
母,105,mama,mother; breasts,女|丶,3,mama,母
貫,106,pierce,mama; mother; breasts; oyster; shellfish; clam; oyster; eye; animal legs; eight,毌|貝,2,pierce,貫
兄,107,elder brother,teenager; mouth; human legs,口|儿,2,elder brother,兄
呪,108,curse,mouth; elder brother; teenager; mouth; human legs,口|兄,2,curse,呪
克,109,overcome,ten; needle; elder brother; teenager; mouth; human legs,十|口|legs,3,overcome,克
小,110,little,small,小,1,little,小
少,111,few,little; small; drop,小|丶,2,few,
大,112,large,St. Bernard,,0,large,
多,113,many,evening,evening,1,many,
夕,114,evening,,evening,1,evening,
汐,115,eventide,water; water droplets; water pistol; evening,水|evening,2,eventide,
外,116,outside,evening; magic wand; augury,evening,1,outside,
名,117,name,evening; mouth,evening|口,2,name,
石,118,stone,cliff; mouth,cliff|口,2,stone,
肖,119,resemblance,spark; candle; small; little; moon,小|月,3,resemblance,
硝,120,nitrate,stone; rock; resemblance; spark; candle; small; little; moon,石|小|月,4,nitrate,
砕,121,smash,stone; rock; ninety; nine; baseball; ten; needle,石|ball|十,3,smash,
砂,122,sand,stone; rock; few,石,1,sand,
妬,123,jealous,woman; stone; rock,女|石,2,jealous,
削,124,plane,resemblance; spark; candle; small; little; moon; sword; sabre; saber,小|月,3,plane,
光,125,ray,small; little; human legs,小|legs,2,ray,
太,126,plump,large; St. Bernard; drop,丶,1,plump,
器,127,utensil,mouth; large; St. Bernard,口,1,utensil,
臭,128,stinking,nose; drop; eye; large; St. Bernard,鼻|丶|目,3,stinking,
嗅,129,sniff,,,0,sniff,
妙,130,exquisite,woman; few,女,1,exquisite,
省,131,focus,few; eye,目,1,focus,
厚,132,thick,cliff; sun; child,cliff|日|子,3,thick,
奇,133,strange,large; St. Bernard; can; mouth; street; nail; spike,口,1,strange,
川,134,stream,flood,,0,stream,
州,135,state,stream; flood; drops,,0,state,
順,136,obey,stream; flood; head; page; one; ceiling; drop; shellfish; clam; oyster; eye; animal legs; eight,一|丶|貝|目|legs|split,6,obey,
水,137,water,,water,1,water,
氷,138,icicle,drop; water,丶|水,2,icicle,
永,139,eternity,drop; water,丶|水,2,eternity,
泉,140,spring,white; dove; water,水,1,spring,
腺,141,gland,moon; spring; white; dove; water,月|水,3,gland,
原,142,meadow,cliff; spring; white; dove; small; little,cliff|小,2,meadow,
願,143,petition,meadow; cliff; white; dove; small; little; head; page; one; ceiling; drop; shellfish; clam; oyster; eye; animal legs; eight,cliff|小|一|丶|貝|目|legs|split,8,petition,
泳,144,swim,water; water droplets; water pistol; eternity,水,1,swim,
沼,145,marsh,water; water droplets; water pistol; summon; seduce; sword; dagger; mouth,水|口,2,marsh,
沖,146,open sea,water; water droplets; water pistol; in; stick; mouth,水|口,2,open sea,
汎,147,pan-,water; water droplets; water pistol; mediocre; wind; drop,水|丶,2,pan-,
江,148,creek,water; water droplets; water pistol; craft,水,1,creek,
汰,149,cleanse,water; water droplets; water pistol; plump; large; St. Bernard; drop,水|丶,2,cleanse,
汁,150,soup,water; water droplets; water pistol; ten; needle,水|十,2,soup,
沙,151,grains of sand,water; water droplets; water pistol; few,水,1,grains of sand,
潮,152,tide,water; water droplets; water pistol; morning; mist; ten; needle; early; sun; moon,水|十|日|月,5,tide,
源,153,source,water; water droplets; water pistol; meadow; cliff; sun; small; little,水|cliff|日|小,4,source,
活,154,lively,water; water droplets; water pistol; tongue; drop; old; tombstone; gravestone; church; ten; needle; mouth,水|丶|十|口,4,lively,
消,155,extinguish,water; water droplets; water pistol; resemblance; spark; candle; small; little; moon,水|小|月,4,extinguish,
況,156,but of course,water; water droplets; water pistol; elder brother; teenager; mouth; human legs,水|口|legs,3,but of course,
河,157,river,water; water droplets; water pistol; can; street; nail; spike; mouth,水|口,2,river,
泊,158,overnight,water; water droplets; water pistol; white; dove,水,1,overnight,
湖,159,lake,water; water droplets; water pistol; uncivilized; zombie; old; tombstone; gravestone; church; ten; needle; mouth; moon,水|十|口|月,5,lake,
測,160,fathom,water; water droplets; water pistol; rule; shell; sword; sabre; saber,水|貝|目|legs|split,5,fathom,
土,161,soil,dirt; ground,ground,1,soil,
吐,162,spit,mouth; soil; dirt; ground,口|土,2,spit,
圧,163,pressure,cliff; soil; dirt; ground,cliff|土,2,pressure,
埼,164,cape,soil; dirt; ground; strange; large; St. Bernard; street; nail; spike; mouth,土|口,2,cape,
垣,165,hedge,soil; dirt; ground; span; one; ceiling; sun; one; floor; one,土|一|日,3,hedge,
填,166,inlay,,,0,inlay,
圭,167,squared jewel,square jewel; ivy; soil; dirt; ground,土,1,squared jewel,
封,168,seal,ivy; square jewel; soil; dirt; ground; glue,土,1,seal,
涯,169,horizon,water; water droplets; water pistol; cliff; ivy; square jewel; soil; dirt; ground,水|cliff|土,3,horizon,
寺,170,Buddhist temple,buddhist temple; soil; dirt; ground; glue,土,1,Buddhist temple,
時,171,time,sun; Buddhist temple; soil; dirt; ground; glue,日|土,2,time,
均,172,level,soil; dirt; ground; ladle; drop,土|丶,2,level,
火,173,fire,,fire,1,fire,
炎,174,inflammation,fire,火,1,inflammation,
煩,175,anxiety,fire; head; page; one; ceiling; drop; shellfish; clam; oyster; eye; animal legs; eight,火|一|丶|貝|目|legs|split,7,anxiety,
淡,176,thin,water; water droplets; water pistol; inflammation; fire,水|火,2,thin,
灯,177,lamp,fire; street; nail; spike,火,1,lamp,
畑,178,farm,fire; rice field; brains,火|田,2,farm,
災,179,disaster,stream; flood; fire,火,1,disaster,
灰,180,ashes,cliff; fire,cliff|火,2,ashes,
点,181,spot,fortune-telling; magic wand; augury; mouth; oven-fire; four fire dots,占|four fire dots,1,spot,点
照,182,illuminate,shining; sun; summon; seduce; sword; dagger; mouth; oven-fire; barbecue,昭|灬,2,illuminate,照
魚,183,fish,bound up; rice field; brains; oven-fire; barbecue,⺈|田|灬,1,fish,
漁,184,fishing,water; water droplets; water pistol; fish; bound up; rice field; brains; oven-fire; barbecue,水|田,2,fishing,
里,185,ri,computer; rice field; brains; soil; dirt; ground,田|土,2,ri,
黒,186,black,computer; oven-fire; barbecue,,0,black,
墨,187,black ink,black; computer; oven-fire; barbecue,,0,black ink,
鯉,188,carp,fish; bound up; rice field; brains; oven-fire; barbecue; computer,田,1,carp,
量,189,quantity,nightbreak; sun; one; floor; computer,日|一,2,quantity,
厘,190,rin,cliff; computer,cliff,1,rin,
埋,191,bury,soil; dirt; ground; computer,土,1,bury,
同,192,same,monks; hood; one; mouth,一|口,2,same,
洞,193,den,water; water droplets; water pistol; same; monks; hood; one; mouth,水|一|口,3,den,
胴,194,trunk,moon; same; monks; hood; one; mouth,月|一|口,4,trunk,
向,195,yonder,alien; drop; helmet; hood; mouth,丶|口,2,yonder,
尚,196,esteem,small; little; alien; glass canopy; hood; mouth,小|口,2,esteem,
字,197,character,house; child,子,1,character,
守,198,guard,house; glue,,0,guard,
完,199,perfect,house; beginning; two; human legs,一|legs,2,perfect,
宣,200,proclaim,house; span; one; ceiling; sun; one; floor; one,一|日,2,proclaim,
宵,201,wee hours,house; resemblance; spark; candle; small; little; moon,小|月,3,wee hours,
安,202,relax,house; woman,女,1,relax,
宴,203,banquet,relax; house; sun; tongue wagging; woman,日|女,2,banquet,
寄,204,draw near,house; strange; large; St. Bernard; can; street; nail; spike; mouth,口,1,draw near,
富,205,wealth,house; one; ceiling; mouth; rice field; brains,一|口|田,3,wealth,
貯,206,savings,shell; house; street; nail; spike,貝|目|legs|split,4,savings,
木,207,tree,wood,tree,1,tree,
林,208,grove,tree; wood,木,1,grove,
森,209,forest,tree; wood,木,1,forest,
桂,210,Japanese Judas-tree,Japanese Judas tree; tree; wood; ivy; square jewel; soil; dirt; ground,木|土,2,Japanese Judas-tree,
柏,211,oak,tree; wood; white; dove,木,1,oak,
枠,212,frame,tree; wood; ninety; nine; baseball; ten; needle,木|ball|十,3,frame,
梢,213,treetops,tree; wood; resemblance; spark; candle; small; little; moon,木|小|月,4,treetops,
棚,214,shelf,tree; wood; companion; moon; flesh,木|月,3,shelf,
杏,215,apricot,tree; wood; mouth,木|口,2,apricot,
桐,216,paulownia,tree; wood; same; monks; hood; one; mouth,木|一|口,3,paulownia,
植,217,plant,tree; wood; straightaway; ten; needle; eye; fishhook,木|十|目,3,plant,
椅,218,chair,tree; wood; strange; large; St. Bernard; street; nail; spike; mouth,木|口,2,chair,
枯,219,wither,tree; wood; old; tombstone; gravestone; church; ten; needle; mouth,木|十|口,3,wither,
朴,220,crude,tree; wood; magic wand; augury,木,1,crude,
村,221,town,tree; wood; measure; glue,木,1,town,
相,222,inter-,tree; wood; eye,木|目,2,inter-,
机,223,desk,tree; wood; wind,木,1,desk,
本,224,book,tree; wood; one,木|一,2,book,
札,225,tag,tree; wood; fishhook,木,1,tag,
暦,226,calendar,cliff; grove; tree; wood; sun;cliff; tree; sun,3,,calendar,
案,227,plan,relax; house; woman; tree; wood,女|木,2,plan,
燥,228,parch,fire; furniture; wooden goods; mouth; tree; wood,火|口|木,3,parch,
未,229,not yet,tree; wood; one,木|一,2,not yet,
末,230,extremity,tree; wood; one,木|一,2,extremity,
昧,231,obscure,sun; not yet; one; tree; wood,日|一|木,3,obscure,
沫,232,splash,water; water droplets; water pistol; extremity; one; tree; wood,水|一|木,3,splash,
味,233,flavor,mouth; not yet; one; tree; wood,口|一|木,3,flavor,
妹,234,younger sister,woman; not yet; one; tree; wood,女|一|木,3,younger sister,
朱,235,vermilion,vermillion; drop; not yet; one; tree; wood,丶|一|木,3,vermilion,
株,236,stocks,tree; wood; vermillion; drop; not yet; one; tree; wood,木|丶|一,3,stocks,
若,237,young,flowers; right; by one’s side; mouth,口,1,young,
草,238,grass,flowers; sunflower; early; sun; ten; needle,日|十,2,grass,
苦,239,suffering,flowers; old; tombstone; gravestone; church; ten; needle; mouth,十|口,2,suffering,
苛,240,bullying,flowers; can; mouth; street; street; nail; spike,口,1,bullying,
寛,241,tolerant,house; flowers; look; see; telescope; eye; human legs,目|legs,2,tolerant,
薄,242,dilute,flowers; water; water droplets; water pistol; acupuncturist; specialty; drop; ten; needle; rice field; brains; glue,水|丶|十|田,4,dilute,
葉,243,leaf,flowers; Tarzan; generation; tree; wood,木,1,leaf,
模,244,imitation,tree; wood; graveyard; flowers; sun; large; St. Bernard,木|日,2,imitation,
漠,245,vague,water; water droplets; water pistol; graveyard; flowers; sun; large; St. Bernard,水|日,2,vague,
墓,246,grave,graveyard; flowers; sun; large; St. Bernard; soil; dirt; ground,日|土,2,grave,
暮,247,livelihood,graveyard; flowers; sun; large; St. Bernard,日,1,livelihood,
膜,248,membrane,moon; graveyard; flowers; sun; large; St. Bernard,月|日,3,membrane,
苗,249,seedling,flowers; rice field; brains,田,1,seedling,
兆,250,portent,turtle,,0,portent,
桃,251,peach tree,tree; wood; portent; turtle,木,1,peach tree,
眺,252,stare,eye; portent; turtle,目,1,stare,
犬,253,dog,large; St. Bernard; drop,丶,1,dog,
状,254,status quo,turtle; chihuahua; dog; large; drop,丶,1,status quo,
黙,255,silence,black; computer; chihuahua; dog; large; drop; oven-fire; barbecue,丶,1,silence,
然,256,sort of thing,moon; crescent moon; chihuahua; dog; large; drop; oven-fire; barbecue,月|丶,3,sort of thing,
荻,257,reed,flowers; pack of wild dogs; fire,火,1,reed,
狩,258,hunt,pack of wild dogs; guard; house; glue,,0,hunt,
猫,259,cat,pack of wild dogs; seedlings; flowers; rice field; brains,田,1,cat,
牛,260,cow,,,0,cow,
特,261,special,cow; Buddhist temple; soil; dirt; ground; glue,土,1,special,
告,262,revelation,cow; mouth,口,1,revelation,
先,263,before,cow; human legs,legs,1,before,
洗,264,wash,water; water droplets; water pistol; before; cow; human legs,水|legs,2,wash,
介,265,jammed in,umbrella; stick; walking cane,,0,jammed in,
界,266,world,rice field; brains; jammed in; umbrella; stick; cane,田,1,world,
茶,267,tea,flowers; umbrella; wooden pole,,0,tea,
脊,268,spinal column,I Ching; Master Po; umbrella; moon,月,2,spinal column,
合,269,fit,meeting; umbrella; one; mouth,一|口,2,fit,
塔,270,pagoda,soil; dirt; ground; flowers; fit; meeting; umbrella; one; mouth,土|一|口,3,pagoda,
王,271,king,jewel; ball,ball,1,king,
玉,272,jewel,king; ball; earring; drop,ball|丶,2,jewel,
宝,273,treasure,house; king; jewel; ball; earring; drop,ball|丶,2,treasure,
珠,274,pearl,king; jewel; ball; vermillion; drop; not yet; one; tree; wood,ball|丶|一|木,4,pearl,
現,275,present,king; jewel; ball; see; telescope; eye; human legs,ball|目|legs,3,present,
玩,276,toy,king; jewel; ball; beginning; two; human legs,ball|一|legs,3,toy,
狂,277,lunatic,pack of wild dogs; king; jewel; ball,ball,1,lunatic,
旺,278,effulgent,sun; king; jewel; ball,日|ball,2,effulgent,
皇,279,emperor,white; dove; king; jewel; ball,ball,1,emperor,
呈,280,display,mouth; king; jewel; ball,口|ball,2,display,
全,281,whole,umbrella; king; jewel; ball,ball,1,whole,
栓,282,plug,tree; wood; whole; umbrella; king; jewel; ball,木|ball,2,plug,
理,283,logic,king; jewel; ball; computer,ball,1,logic,
主,284,lord,drop; king; jewel; ball,丶|ball,2,lord,
注,285,pour,water; water droplets; water pistol; candlestick; lord; drop; king; jewel; ball,水|丶|ball,3,pour,
柱,286,pillar,tree; wood; candlestick; lord; drop; king; jewel; ball,木|丶|ball,3,pillar,
金,287,gold,metal; umbrella; drop; king; jewel; ball,metal|丶|ball,3,gold,
銑,288,pig iron,pig-iron; metal; gold; before; cow; human legs,金|legs,2,pig iron,
鉢,289,bowl,metal; gold; origin; book; tree; wood; one,金|木|一,3,bowl,
銅,290,copper,metal; gold; same; monks; hood; one; mouth,金|一|口,3,copper,
釣,291,angling,metal; gold; ladle; bound up; drop,金|丶,2,angling,
針,292,needle,metal; gold; ten,金|十,2,needle,
銘,293,inscription,metal; gold; name; evening; mouth,金|evening|口,3,inscription,
鎮,294,tranquillize,tranquilize; metal; gold; true; truth; ten; needle; eye; tool; animal legs; eight,金|十|目|legs|split,5,tranquillize,
道,295,road-way,neck; horns; drop; eye; road,horns|丶|目,3,road-way,
導,296,guidance,neck; horns; drop; eye; road; glue,horns|丶|目,3,guidance,
辻,297,crossing,cross; ten; needle; road,十,1,crossing,
迅,298,swift,fishhook; cross; ten; needle; road,十,1,swift,
造,299,create,revelation; cow; mouth; road,口,1,create,
迫,300,urge,white; dove; road,,0,urge,
逃,301,escape,turtle; portent; road,,0,escape,
辺,302,environs,dagger; sword; road,,0,environs,
巡,303,patrol,deluge; stream; flood; road,,0,patrol,
車,304,car,sun; ten; needle,日|十,2,car,
連,305,take along,car; road,,0,take along,
軌,306,rut,car; nine; baseball,ball,1,rut,
輸,307,transport,car; meeting of butchers; umbrella; one; moon; sword; sabre; saber,一|月,3,transport,
喩,308,metaphor,,,0,metaphor,
前,309,in front,horns; butcher; moon; sword; sabre; saber,horns|月,3,in front,
煎,310,roast,in front; horns; butcher; moon; sword; sabre; saber; oven-fire; barbecue,horns|月,3,roast,
各,311,each,walking legs; mouth,口,1,each,
格,312,status,tree; wood; each; walking legs; mouth,木|口,2,status,
賂,313,graft,shell; each; walking legs; mouth,貝|目|legs|split|口,5,graft,
略,314,abbreviation,rice field; brains; each; walking legs; mouth,田|口,2,abbreviation,
客,315,guest,house; each; walking legs; mouth,口,1,guest,
額,316,forehead,guest; house; each; walking legs; mouth; head; page; one; ceiling; drop; shellfish; clam; oyster; eye; animal legs; eight,口|一|丶|貝|目|legs|split,7,forehead,
夏,317,summer,one; ceiling; drop; eye; walking legs,一|丶|目,3,summer,
処,318,dispose,walking legs; wind,,0,dispose,
条,319,twig,walking legs; tree; wood,木,1,twig,
落,320,fall,flowers; water; water droplets; water pistol; each; walking legs; mouth,水|口,2,fall,
冗,321,superfluous,crown; weathercock; wind,,0,superfluous,
冥,322,Hades,hades; crown; sun; six,日,1,Hades,
軍,323,army,chariot; crown; vehicle; car,,0,army,
輝,324,radiance,ray; small; little; human legs; army; chariot; crown; vehicle; car,小|legs,2,radiance,
運,325,carry,army; chariot; crown; vehicle; car; road,,0,carry,
冠,326,crown,beginning; two; human legs; glue,一|legs,2,crown,
夢,327,dream,flowers; eye; cross-eyed; net; crown; evening,目|evening,2,dream,
坑,328,pit,soil; dirt; ground; whirlwind; top hat; wind,土|lid,2,pit,
高,329,tall,top hat; mouth; alien; hood; mouth,lid|口,2,tall,
享,330,receive,tall; top hat; mouth; children,lid|口,2,receive,
塾,331,cram school,receive; tall; top hat; mouth; child; children; round; nine; baseball; drop; soil; dirt; ground,lid|口|子|ball|丶|土,6,cram school,
熟,332,mellow,receive; tall; top hat; mouth; child; children; round; nine; baseball; drop; oven-fire; barbecue,lid|口|子|ball|丶,5,mellow,
亭,333,pavilion,tall; top hat; mouth; crown; street; nail; spike,lid|口,2,pavilion,
京,334,capital,tall; top hat; mouth; small; little,lid|口|小,3,capital,
涼,335,refreshing,water droplets; water pistol capital; tall; top hat; mouth; small; little,lid|口|小,3,refreshing,
景,336,scenery,sun; capital; tall; top hat; mouth; small; little,日|lid|口|小,4,scenery,
鯨,337,whale,fish; bound up; rice field; brains; oven-fire; barbecue; capital; tall; top hat; mouth; small; little,田|lid|口|小,4,whale,
舎,338,cottage,umbrella; earthenware jar; lidded crock; soil; dirt; ground; mouth,土|口,2,cottage,
周,339,circumference,glass hood; earthenware jar; lidded crock; soil; dirt; ground; mouth,土|口,2,circumference,
週,340,week,circumference; running track; earthenware jar; lidded crock; soil; dirt; ground; mouth; road,土|口,2,week,
士,341,gentleman,samurai,,0,gentleman,
吉,342,good luck,samurai; mouth,口,1,good luck,
壮,343,robust,turtle; samurai,,0,robust,
荘,344,villa,flowers; robust; turtle; samurai,,0,villa,
売,345,sell,samurai; paper punch; Miss World; crown; human legs,legs,1,sell,
学,346,study,schoolhouse; owl; crown; child,子,1,study,
覚,347,memorize,schoolhouse; owl; crown; see; telescope; eye; human legs,目|legs,2,memorize,
栄,348,flourish,schoolhouse; owl; crown; tree; wood,木,1,flourish,
書,349,write,brush; tongue wagging; sun;sun,1,,write,
津,350,haven,water; water droplets; water pistol; brush,水,1,haven,
牧,351,breed,cow; taskmaster,,0,breed,
攻,352,aggression,craft; taskmaster,,0,aggression,
敗,353,failure,shell; taskmaster,貝|目|legs|split,4,failure,
枚,354,a sheet of,sheet of…; tree; wood; taskmaster,木,1,a sheet of,
故,355,happenstance,old; tombstone; gravestone; church; ten; needle; mouth; taskmaster,十|口,2,happenstance,
敬,356,awe,flowers; phrase; bound up; mouth; taskmaster,口,1,awe,
言,357,say,words; keitai; mouth,口,1,say,
警,358,admonish,awe; flowers; phrase; bound up; mouth; taskmaster; say; words; keitai; mouth,口,1,admonish,
計,359,plot,say; words; keitai; mouth; ten; needle,口|十,2,plot,
詮,360,elucidate,say; words; keitai; mouth; whole; umbrella; king; jewel; ball,口|ball,2,elucidate,
獄,361,prison,pack of wild dogs; say; words; keitai; mouth; chihuahua; dog; large; drop,口|丶,2,prison,
訂,362,revise,say; words; keitai; mouth; street; nail; spike,口,1,revise,
訃,363,obituary,,,0,obituary,
討,364,chastise,say; words; keitai; mouth; glue,口,1,chastise,
訓,365,instruction,say; words; keitai; mouth; stream; flood,口,1,instruction,
詔,366,imperial edict,say; words; keitai; mouth; summon; seduce; sword; dagger; mouth,口,1,imperial edict,
詰,367,packed,say; words; keitai; mouth; aerosol; good luck; samurai; mouth,口,1,packed,
話,368,tale,say; words; keitai; mouth; tongue; thousand; mouth,口,1,tale,
詠,369,recitation,say; words; keitai; mouth; eternity; drop; water,口|丶|水,3,recitation,
詩,370,poem,say; words; keitai; mouth; Buddhist temple; soil; dirt; ground; glue,口|土,2,poem,
語,371,word,say; words; keitai; mouth; I; five; mouth,口|five,2,word,
読,372,read,say; words; keitai; mouth; sell; sale; samurai; paper punch; Miss World; crown; human legs,口|legs,2,read,
調,373,tune,say; words; keitai; mouth; circumference; running track; soil; dirt; ground; mouth,口|土,2,tune,
談,374,discuss,say; words; keitai; mouth; inflammation; fire,口|火,2,discuss,
諾,375,consent,say; words; keitai; mouth; young; flowers; by one’s side; mouth,口,1,consent,
諭,376,rebuke,say; words; keitai; mouth; meeting of butchers; moon; sword; sabre; saber,口|月,3,rebuke,
式,377,style,arrow; craft,,0,style,
試,378,test,say; words; keitai; mouth; style; arrow; craft,口,1,test,
弐,379,II (two),II; two; arrows; quiver,一,1,II (two),
域,380,range,soil; dirt; ground; pope; fiesta; mouth; one; floor,土|口|一,3,range,
賊,381,burglar,shell; ten; needle; fiesta,貝|目|legs|split|十,5,burglar,
栽,382,plantation,Thanksgiving; harvest festival; ten; needle; fiesta; tree; wood,十|木,2,plantation,
載,383,load,Thanksgiving; harvest festival; ten; needle; fiesta; car; vehicle,十,1,load,
茂,384,overgrown,flowers; parade,,0,overgrown,
戚,385,relatives,half-uncle; above; small; little; parade,小,1,relatives,
成,386,turn into,parade; sword; dagger,,0,turn into,
城,387,castle,soil; dirt; ground; turn into; parade; sword; dagger,土,1,castle,
誠,388,sincerity,say; words; keitai; mouth; turn into; sword; dagger; parade,口,1,sincerity,
威,389,intimidate,march; women; woman,女,1,intimidate,
滅,390,destroy,water; water droplets; water pistol; march; fire,水|火,2,destroy,
減,391,dwindle,water; water droplets; water pistol; march; mouth,水|口,2,dwindle,
蔑,392,revile,flowers; eye; cross-eyed; net; march,目,1,revile,
桟,393,scaffold,tree; wood; float; fiesta,木,1,scaffold,
銭,394,coin,metal; gold; float; fiesta,金,1,coin,
浅,395,shallow,water; water droplets; water pistol; float; fiesta,水,1,shallow,
止,396,stop,footprint,,0,stop,
歩,397,walk,stop; footprint; few,,0,walk,
渉,398,ford,water; water droplets; water pistol; walk; stop; footprint; few,水,1,ford,
頻,399,repeatedly,walk; stop; footprint; few; head; page; one; ceiling; drop; shellfish; clam; oyster; eye; animal legs; eight,一|丶|貝|目|legs|split,6,repeatedly,
肯,400,agreement,stop; footprint; moon,月,2,agreement,
企,401,undertake,umbrella; stop; footprint,,0,undertake,
歴,402,curriculum,cliff; grove; tree; wood; stop; footprint,cliff|木,2,curriculum,
武,403,warrior,one; arrow; stop; footprint,一,1,warrior,
賦,404,levy,shell; warrior; one; stop; footprint; arrow,貝|目|legs|split|一,5,levy,
正,405,correct,one; ceiling; stop; footprint,一,1,correct,
証,406,evidence,say; words; keitai; mouth; correct; one; ceiling; stop; footprint,口|一,2,evidence,
政,407,politics,correct; one; ceiling; stop; footprint; taskmaster,一,1,politics,
定,408,determine,house; mend,,0,determine,
錠,409,lock,metal; gold; determine; determined; house; mend,金,1,lock,
走,410,run,soil; dirt; ground; mend,土,1,run,
超,411,transcend,run; soil; dirt; ground; mend; summon; seduce; sword; dagger; mouth,土|口,2,transcend,
赴,412,proceed,run; soil; dirt; ground; mend; magic wand; augury,土,1,proceed,
越,413,surpass,run; soil; dirt; ground; mend; parade,土,1,surpass,
是,414,just so,sun; mend,日,1,just so,
題,415,topic,just so; sun; mend; head; page; one; ceiling; drop; shellfish; clam; oyster; eye; animal legs; eight,日|一|丶|貝|目|legs|split,7,topic,
堤,416,dike,soil; dirt; ground; just so; sun; mend,土|日,2,dike,
建,417,build,brush; stretch,,0,build,
鍵,418,key,metal; gold; build; brush; stretch,金,1,key,
延,419,prolong,drop; stop; footprint; stretch,丶,1,prolong,
誕,420,nativity,say; words; keitai; mouth; prolonged; drop; stop; footprint; stretch,口|丶,2,nativity,
礎,421,cornerstone,stone; rock; grove; tree; wood; zoo; critters,石|木,2,cornerstone,
婿,422,bridegroom,woman; zoo; critters; moon,女|月,3,bridegroom,
衣,423,garment,top hat; scarf; cloth; clothes; clothing,lid,1,garment,
裁,424,tailor,Thanksgiving; harvest festival; ten; needle; fiesta; top hat; scarf; cloth; clothes; clothing; garment,十|lid,2,tailor,
装,425,attire,turtle; samurai; top hat; scarf; cloth; clothes; clothing; garment,lid,1,attire,
裏,426,back,top hat; scarf; computer,lid,1,back,
壊,427,demolition,soil; dirt; ground; poltergeist; BernaE; ten; needle; eye; cross-eyed; net; top hat; scarf; cloth; clothes; clothing; garment,土|十|目|lid,4,demolition,
哀,428,pathetic,top hat; scarf; mouth,lid|口,2,pathetic,
遠,429,distant,earthenware jar; lidded crock; soil; dirt; ground; mouth; scarf; road,土|口,2,distant,
猿,430,monkey,pack of wild dogs; earthenware jar; lidded crock; soil; dirt; ground; mouth; scarf,土|口,2,monkey,
初,431,first time,cloak; sword; dagger,,0,first time,
巾,432,towel,,,0,towel,
布,433,linen,by one’s side; towel,,0,linen,
帆,434,sail,towel; mediocre; drop; wind,丶,1,sail,
幅,435,hanging scroll,towel; wealth; one; ceiling; mouth; rice field; brains,一|口|田,3,hanging scroll,
帽,436,cap,towel; risk; sun; eye,日|目,2,cap,
幕,437,curtain,graveyard; flowers; sun; large; St. Bernard; towel,日,1,curtain,
幌,438,canopy,towel; limpid; sun; ray; small; little; human legs,日|小|legs,3,canopy,
錦,439,brocade,metal; gold; napkin; white; dove; towel,金,1,brocade,
市,440,market,top hat; towel,lid,1,market,
柿,441,persimmon,tree; wood; market; top hat; towel,木|lid,2,persimmon,
姉,442,elder sister,woman; market; top hat; towel,女|lid,2,elder sister,
肺,443,lungs,moon; market; top hat; towel,月|lid,3,lungs,
帯,444,sash,buckle; apron; crown; towel,,0,sash,
滞,445,stagnate,water; water droplets; water pistol; sash; buckle; apron; crown; towel,水,1,stagnate,
刺,446,thorn,tree; wood; belt; sword; sabre; saber,木,1,thorn,
制,447,system,cow; belt; sword; sabre; saber,,0,system,
製,448,made in...,made in…; system; cow; belt; sword; sabre; saber; hat; scarf; cloth; clothes; clothing; garment,,0,made in...,
転,449,revolve,car; rising cloud; two; elbow; wall,一,1,revolve,
芸,450,technique,flowers; rising cloud; two; elbow; wall,一,1,technique,
雨,451,rain,weather,,0,rain,
雲,452,cloud,rain; weather; rising cloud; two; elbow; wall,一,1,cloud,
曇,453,cloudy weather,sun; cloud; rain; weather; rising cloud; two; elbow; wall,日|一,2,cloudy weather,
雷,454,thunder,rain; weather; rice field; brains,田,1,thunder,
霜,455,frost,rain; weather; inter; Inter Milan; tree; wood; eye,木|目,2,frost,
冬,456,winter,walking legs; ice,,0,winter,
天,457,heavens,one; ceiling; large,一,1,heavens,
妖,458,bewitched,woman; sapling,女,1,bewitched,
沃,459,irrigate,water; water droplets; water pistol; sapling,水,1,irrigate,
橋,460,bridge,tree; wood; angel; heavens; mouth; hood; mouth,木|口,2,bridge,
嬌,461,attractive,woman; angel; heavens; mouth; hood; mouth,女|口,2,attractive,
立,462,stand up,vase,,0,stand up,
泣,463,cry,water; water droplets; water pistol; vase; stand up,水,1,cry,
章,464,badge,vase; stand up; sunflower; early; sun; ten; needle,日|十,2,badge,
競,465,vie,vase; stand up; elder brother; teenager; mouth; human legs,口|legs,2,vie,
帝,466,sovereign,vase; stand up; apron; crown; towel,,0,sovereign,
諦,467,renunciation,say; words; keitai; mouth; sovereign; vase; stand up; apron; crown; towel,口,1,renunciation,
童,468,juvenile,vase; stand up; computer,,0,juvenile,
瞳,469,pupil,eye; juvenile; vase; stand up; computer,目,1,pupil,
鐘,470,bell,metal; gold; juvenile; vase; stand up; computer,金,1,bell,
商,471,make a deal,vase; stand up; alien; hood; human legs; mouth,legs|口,2,make a deal,
嫡,472,legitimate wife,woman; antique; vase; stand up; hood; old; tombstone; gravestone; church; ten; needle; mouth,女|十|口,3,legitimate wife,
適,473,suitable,antique; vase; stand up; hood; old; tombstone; gravestone; church; ten; needle; mouth; road,十|口,2,suitable,
滴,474,drip,water; water droplets; water pistol; antique; vase; stand up; hood; old; tombstone; gravestone; church; ten; needle; mouth,水|十|口,3,drip,
敵,475,enemy,antique; vase; stand up; hood; old; tombstone; gravestone; church; ten; needle; mouth; taskmaster,十|口,2,enemy,
匕,476,spoon,sitting on the ground,,0,spoon,
叱,477,scold,mouth; diced; seven; spoon; sitting on the ground,口|cut,2,scold,
匂,478,aroma,bound up; spoon; sitting on the ground,,0,aroma,
頃,479,about that time,spoon; sitting on the ground; head; page; one; ceiling; drop; shellfish; clam; oyster; eye; animal legs; eight,一|丶|貝|目|legs|split,6,about that time,
北,480,north,spoon; sitting on the ground,,0,north,
背,481,stature,north; spoon; sitting on the ground; moon,月,2,stature,
比,482,compare,spoon; sitting on the ground,,0,compare,
昆,483,descendants,sun; compare; spoon; sitting on the ground,日,1,descendants,
皆,484,all,compare; spoon; sitting on the ground; white; dove,,0,all,
楷,485,block letters,,,0,block letters,
諧,486,orderliness,,,0,orderliness,
混,487,mix,water; water droplets; water pistol; descendants; sun; compare; spoon; sitting on the ground,水|日,2,mix,
渇,488,thirst,water; water droplets; water pistol; mexican bandit; muchacho; siesta; sun; aroma; bound up; spoon; sitting on the ground,水|日,2,thirst,
謁,489,audience,say; words; keitai; mouth; mexican bandit; muchacho; siesta; sun; aroma; bound up; spoon; sitting on the ground,口|日,2,audience,
褐,490,brown,cloak; mexican bandit; muchacho; siesta; sun; aroma; bound up; spoon; sitting on the ground,日,1,brown,
喝,491,hoarse,mouth; mexican bandit; muchacho; siesta; sun; aroma; bound up; spoon; sitting on the ground,口|日,2,hoarse,
葛,492,kudzu,flowers; mexican bandit; muchacho; siesta; sun; aroma; bound up; spoon; sitting on the ground,日,1,kudzu,
旨,493,delicious,spoon; sitting on the ground; sun;sun,1,,delicious,
脂,494,fat,moon; delicious; spoon; sun;moon; sun,3,,fat,
詣,495,visit a shrine,say; words; keitai; mouth; delicious; spoon; sitting on the ground; sun;mouth; sun,2,,visit a shrine,
壱,496,I (one),1 (one); samurai; crown; spoon; sitting on the ground,,0,I (one),
毎,497,every,reclining; lying down; mother,女,1,every,
敏,498,cleverness,every; reclining; lying down; mother; breasts; taskmaster,女|体,2,cleverness,
梅,499,plum,tree; wood; every; reclining; lying down; mother; breasts,木|女|体,3,plum,
海,500,sea,water; water droplets; water pistol; every; reclining; lying down; mother; breasts,水|女|体,3,sea,
乞,501,beg,reclining; lying down; fishhook,,0,beg,
乾,502,drought,mist; ten; needle; early; sun; beg; reclining; lying down; fishhook,十|日,2,drought,
腹,503,abdomen,moon; fold back; double back; reclining; lying down; sun; walking legs,月|日,3,abdomen,
複,504,duplicate,cloak; fold back; double back; reclining; lying down; sun; walking legs,日,1,duplicate,
欠,505,lack,yawn,,0,lack,
吹,506,blow,mouth; lack; yawn,口,1,blow,
炊,507,cook,fire; lack; yawn,火,1,cook,
歌,508,song,cancan; can; mouth; street; nail; spike; lack; yawn,口,1,song,
軟,509,soft,car; lack; yawn,,0,soft,
次,510,next,ice; lack; yawn,,0,next,
茨,511,briar,flowers; next; ice; lack; yawn,,0,briar,
資,512,assets,next; ice; lack; yawn; shellfish; clam; oyster; eye; animal legs; eight,貝|目|legs|split,4,assets,
姿,513,figure,next; ice; lack; yawn; woman,女,1,figure,
諮,514,consult with,say; words; keitai; mouth; next; ice; lack; yawn; mouth,口,1,consult with,
賠,515,compensation,shell; muzzle; vase; stand up; mouth,貝|目|legs|split|口,5,compensation,
培,516,cultivate,soil; dirt; ground; muzzle; vase; stand up; mouth,土|口,2,cultivate,
剖,517,divide,muzzle; vase; stand up; mouth; sword; sabre; saber,口,1,divide,
音,518,sound,vase; stand up; sun; tongue wagging,日,1,sound,
暗,519,darkness,sun; sound; vase; stand up; sun;sun,1,,darkness,
韻,520,rhyme,sound; vase; stand up; sun; employee; mouth; shellfish; clam; oyster; eye; animal legs; eight,日|口|貝|目|legs|split,6,rhyme,
識,521,discriminating,say; words; keitai; mouth; kazoo; sound; vase; stand up; sun; fiesta,口|日,2,discriminating,
鏡,522,mirror,metal; gold; vase; stand up; sun; human legs,金|日|legs,3,mirror,
境,523,boundary,soil; dirt; ground; mirror; vase; stand up; sun; human legs,土|日|legs,3,boundary,
亡,524,deceased,perish; top hat; fishhook,lid,1,deceased,
盲,525,blind,deceased; perish; top hat; fishhook; eye,lid|目,2,blind,
妄,526,delusion,deceased; perish; top hat; fishhook; woman,lid|女,2,delusion,
荒,527,laid waste,wreath; flowers; deceased; perish; top hat; fishhook; stream; flood,lid,1,laid waste,
望,528,ambition,deceased; perish; top hat; fishhook; moon; king; jewel; ball,lid|月|ball,4,ambition,
方,529,direction,compass,,0,direction,
妨,530,disturb,compass; direction; woman,女,1,disturb,
坊,531,boy,soil; dirt; ground; compass; direction,土,1,boy,
芳,532,perfumed,perfume; flowers; compass; direction,,0,perfumed,
肪,533,obese,moon; compass; direction,月,2,obese,
訪,534,call on,say; words; keitai; mouth; compass; direction,口,1,call on,
放,535,set free,compass; direction; taskmaster,,0,set free,
激,536,violent,water; water droplets; water pistol; white; dove; compass; direction; taskmaster,水,1,violent,
脱,537,undress,moon; devil; horns; elder brother; teenager; mouth; human legs,月|horns|口|legs,5,undress,
説,538,explanation,rumor; say; words; keitai; mouth; devil; horns; elder brother; teenager; mouth; human legs,口|horns|legs,3,explanation,
鋭,539,pointed,metal; gold; devil; horns; elder brother; teenager; mouth; human legs,金|horns|口|legs,4,pointed,
曽,540,formerly,increase; horns; rice field; brains; sun;horns; field; sun,3,,formerly,
増,541,increase,soil; dirt; ground; formerly; horns; rice field; brains; sun;ground; horns; field; sun,4,,increase,
贈,542,presents,shell; increase; formerly; horns; rice field; brains; sun;shell; eye; legs; split; horns; field; sun,7,,presents,
東,543,east,sun; tree; wood,日|木,2,east,
棟,544,ridgepole,tree; wood; east; tree; wood; sun;tree; sun,2,,ridgepole,
凍,545,frozen,ice; east; tree; wood; sun;tree; sun,2,,frozen,
妊,546,pregnancy,woman; porter; drop; samurai,女|丶,2,pregnancy,
廷,547,courts,porter; drop; samurai; stretch,丶,1,courts,
染,548,dye,water; water droplets; water pistol; nine; baseball; tree; wood,水|ball|木,3,dye,
燃,549,burn,fire; sort of thing; moon; crescent moon; chihuahua; dog; large; drop; oven-fire; barbecue,火|月|丶,4,burn,
賓,550,V.I.P.,house; one; ceiling; few; shellfish; clam; oyster; eye; animal legs; eight,一|貝|目|legs|split,5,V.I.P.,
歳,551,year-end,year end; stop; footprint; one; little; small; march,一|小,2,year-end,
県,552,prefecture,eye; fishhook; small; little,目|小,2,prefecture,
栃,553,horse chestnut,tree; wood; Wimbledon; cliff; ten thousand; one; bound up,木|cliff|一,3,horse chestnut,
地,554,ground,soil; dirt; scorpion,土,1,ground,
池,555,pond,water; water droplets; water pistol; scorpion,水,1,pond,
虫,556,insect,in; stick; mouth,口,1,insect,
蛍,557,lightning bug,lightning-bug; schoolhouse; owl; crown; insect,,0,lightning bug,
蛇,558,snake,insect; wind chimes; house; spoon; sitting on the ground,,0,snake,
虹,559,rainbow,insect; craft,,0,rainbow,
蝶,560,butterfly,insect; Tarzan; generation; tree; wood,木,1,butterfly,
独,561,single,pack of wild dogs; insect,,0,single,
蚕,562,silkworm,heavens; insect,,0,silkworm,
風,563,wind,gnats; drop; insect,丶,1,wind,
己,564,self,snake,,0,self,
起,565,rouse,run; soil; dirt; ground; mend; snake; self,土,1,rouse,
妃,566,queen,woman; snake; self,女,1,queen,
改,567,reformation,snake; self; taskmaster,,0,reformation,
記,568,scribe,say; words; keitai; mouth; snake; self,口,1,scribe,
包,569,wrap,bound up; snake; self,,0,wrap,
胞,570,placenta,moon; wrap; bound up; snake; self,月,2,placenta,
砲,571,cannon,stone; rock; wrap; bound up; snake; self,石,1,cannon,
泡,572,bubble,water; water droplets; water pistol; wrap; bound up; snake; self,水,1,bubble,
亀,573,tortoise,bound up; eels; sun;sun,1,,tortoise,
電,574,electricity,rain; weather; eel; sun;sun,1,,electricity,
竜,575,dragon,vase; stand up; eel; sun;sun,1,,dragon,
滝,576,waterfall,water; water droplets; water pistol; dragon; vase; stand up; eel; sun;water; sun,2,,waterfall,
豚,577,pork,moon; sow; pig,月,2,pork,
逐,578,pursue,sow; pig; road,,0,pursue,
遂,579,consummate,horns; sow; pig; road,horns,1,consummate,
家,580,house,sow; pig,,0,house,
嫁,581,marry into,woman; house; sow; pig,女,1,marry into,
豪,582,overpowering,tall; top hat; mouth; crown; sow; pig,lid|口,2,overpowering,
腸,583,intestines,moon; piggy bank; sun; piglets,月|日,3,intestines,
場,584,location,soil; dirt; ground; piggy bank; sun; piglets,土|日,2,location,
湯,585,hot water,water; water droplets; water pistol; piggy bank; sun; piglets,水|日,2,hot water,
羊,586,sheep,horns,horns,1,sheep,
美,587,beauty,sheep; large; St. Bernard,,0,beauty,
洋,588,ocean,water; water droplets; water pistol; sheep,水,1,ocean,
詳,589,detailed,say; words; keitai; mouth; sheep,口,1,detailed,
鮮,590,fresh,fish; bound up; rice field; brains; oven-fire; barbecue; sheep,田,1,fresh,
達,591,accomplished,soil; dirt; ground; sheep; road,土,1,accomplished,
羨,592,envious,sheep; water; water droplets; water pistol; lack; yawn,水,1,envious,
差,593,distinction,wool; sheep; craft,,0,distinction,
着,594,don,wool; sheep; eye,目,1,don,
唯,595,solely,mouth; turkey,口,1,solely,
堆,596,piled high,soil; dirt; ground; turkey,土,1,piled high,
椎,597,sweet oak,tree; wood; turkey,木,1,sweet oak,
誰,598,who?,who; say; words; keitai; mouth; turkey,口,1,who?,
焦,599,char,turkey; oven-fire; barbecue,,0,char,
礁,600,reef,stone; rock; char; turkey; oven-fire; barbecue,石,1,reef,
集,601,gather,turkey; tree; wood,木,1,gather,
准,602,quasi-,ice; turkey,,0,quasi-,
進,603,advance,turkey; road,,0,advance,
雑,604,miscellaneous,nine; baseball; tree; wood; turkey,ball|木,2,miscellaneous,
雌,605,female,Prince; this here; stop; footprint; spoon; sitting on the ground; turkey,,0,female,
準,606,semi-,water; water droplets; water pistol; turkey; ten; needle,水|十,2,semi-,
奮,607,stirred up,large; St. Bernard; turkey; rice field; brains,田,1,stirred up,
奪,608,rob,large; St. Bernard; turkey; glue,,0,rob,
確,609,assurance,stone; rock; turkeyhouse; house; turkey,石,1,assurance,
午,610,noon,horse; pantomime horse; sign of the horse,,0,noon,
許,611,permit,say; words; keitai; mouth; horse; pantomime horse; noon; sign of the horse,口,1,permit,
歓,612,delight,pegasus; horse; pantomime horse; noon; sign of the horse; turkey; lack; yawn,,0,delight,
権,613,authority,tree; wood; pegasus; horse; pantomime horse; noon; sign of the horse; turkey,木,1,authority,
観,614,outlook,pegasus; horse; pantomime horse; noon; sign of the horse; turkey; see; telescope; eye; human legs,目|legs,2,outlook,
羽,615,feathers,wings,,0,feathers,
習,616,learn,feathers; wings; white; dove,,0,learn,
翌,617,the following,feathers; wings; vase; stand up,,0,the following,
曜,618,weekday,sun; futon; feathers; wings; turkey,日,1,weekday,
濯,619,laundry,water; water droplets; water pistol; futon; feathers; wings; turkey,水,1,laundry,
曰,620,sayeth,pent in; one,囗|一,2,sayeth,
困,621,quandary,pent in; tree; wood,囗|木,2,quandary,
固,622,harden,pent in; old; tombstone; gravestone; church; ten; needle; mouth,囗|十|口,3,harden,
錮,623,weld,,,0,weld,
国,624,country,pent in; king; jewel; ball; earring; drop,囗|ball|丶,3,country,
団,625,group,pent in; glue,囗,1,group,
因,626,cause,pent in; large; St. Bernard,囗,1,cause,
姻,627,matrimony,woman; cause; pent in; large; St. Bernard,女|囗,2,matrimony,
咽,628,windpipe,mouth; cause; pent in; large; St. Bernard,口|囗,2,windpipe,
園,629,park,pent in; earthenware jar; lidded crock; soil; dirt; ground; mouth; scarf,囗|土|口,3,park,
回,630,-times,times; pent in; mouth,囗|口,2,-times,
壇,631,podium,soil; dirt; ground; Churchill; top hat; -times; pent in; mouth; nightbreak; sun; one; floor,土|lid|囗|口|日|一,6,podium,
店,632,store,cave; fortune-telling; magic wand; augury; mouth,口,1,store,
庫,633,warehouse,cave; car,,0,warehouse,
庭,634,courtyard,cave; courts; porter; drop; samurai; stretch,丶,1,courtyard,
庁,635,government office,cave; street; nail; spike,,0,government office,
床,636,bed,cave; tree; wood,木,1,bed,
麻,637,hemp,cave; grove; tree; wood,木,1,hemp,
磨,638,grind,hemp; cave; grove; tree; wood; stone; rock,木|石,2,grind,
心,639,heart,drops; fishhook,,0,heart,
忘,640,forget,perish; deceased; top hat; fishhook; heart,lid,1,forget,
恣,641,selfish,,,0,selfish,
忍,642,endure,blade; sword; dagger; drop; heart,丶,1,endure,
認,643,acknowledge,say; words; keitai; mouth; endure; blade; sword; dagger; drop; heart,口|丶,2,acknowledge,
忌,644,mourning,snake; self; heart,,0,mourning,
志,645,intention,samurai; heart,,0,intention,
誌,646,document,say; words; keitai; mouth; intention; samurai; heart,口,1,document,
芯,647,wick,flowers; heart,,0,wick,
忠,648,loyalty,in; stick; mouth; heart,口,1,loyalty,
串,649,shish kebab,kebab; in; stick; mouth,口,1,shish kebab,
患,650,afflicted,kebab; in; stick; mouth; heart,口,1,afflicted,
思,651,think,rice field; brains; heart,田,1,think,
恩,652,grace,cause; pent in; large; St. Bernard; heart,囗,1,grace,
応,653,apply,cave; heart,,0,apply,
意,654,idea,sound; vase; stand up; sun; heart,日,1,idea,
臆,655,cowardice,moon; idea; sound; vase; stand up; sun; heart,月|日,3,cowardice,
想,656,concept,inter milan; inter; tree; wood; eye; heart,木|目,2,concept,
息,657,breath,nose; drop; eye; heart,鼻|丶|目,3,breath,
憩,658,recess,tongue; thousand; mouth; nose; drop; eye; heart,口|鼻|丶|目,4,recess,
恵,659,favor,ten; needle; rice field; brains; heart,十|田,2,favor,
恐,660,fear,barge; craft; mediocre; drop; wind; heart,丶,1,fear,
惑,661,beguile,a; pope; fiesta; mouth; one; floor; heart,口|一,2,beguile,
感,662,emotion,march; mouth; heart,口,1,emotion,
憂,663,melancholy,summer; head; page; crown; heart; walking legs,,0,melancholy,
寡,664,widow,house; head; page; animal legs; eight; sword; dagger,legs|split,2,widow,
忙,665,busy,Freud; state of mind; deceased; perish; top hat; fishhook,lid,1,busy,
悦,666,ecstasy,Freud; state of mind; devil; horns; elder brother; teenager; mouth; human legs,horns|口|legs,3,ecstasy,
恒,667,constancy,Freud; state of mind; span; one; ceiling; sun; one; floor; one,一|日,2,constancy,
悼,668,lament,Freud; state of mind; eminent; magic wand; augury; sun; ten; needle,日|十,2,lament,
悟,669,enlightenment,Freud; state of mind; I; five; mouth,five|口,2,enlightenment,
怖,670,dreadful,Freud; state of mind; linen; by one’s side; towel,,0,dreadful,
慌,671,disconcerted,Freud; state of mind; laid waste; wreath; flowers; deceased; perish; top hat; fishhook; stream; flood,lid,1,disconcerted,
悔,672,repent,Freud; state of mind; every; reclining; lying down; mother; breasts,女|体,2,repent,
憎,673,hate,Freud; state of mind; increase; formerly; horns; rice field; brains; sun;horns; field; sun,3,,hate,
慣,674,accustomed,Freud; state of mind; pierce; mother; breasts; shellfish; clam; oyster; eye; animal legs; eight,女|体|貝|目|legs|split,6,accustomed,
愉,675,pleasure,Freud; state of mind; meeting; umbrella; butchers; moon; sword; sabre; saber,月,2,pleasure,
惰,676,lazy,Freud; state of mind; left-handed; left; by one’s side; craft; moon,月,2,lazy,
慎,677,humility,Freud; state of mind; true; truth; ten; needle; eye; tool; animal legs; eight,十|目|legs|split,4,humility,
憾,678,remorse,Freud; state of mind; emotion; march; mouth; heart,口,1,remorse,
憶,679,recollection,Freud; state of mind; idea; sound; vase; stand up; sun; heart,日,1,recollection,
惧,680,disquieting,,,0,disquieting,
憧,681,yearn,Freud; state of mind; juvenile; vase; stand up; computer,,0,yearn,
憬,682,hanker,,,0,hanker,
慕,683,pining,graveyard; flowers; sun; large; St. Bernard; valentine,日,1,pining,
添,684,annexed,water; water droplets; water pistol; heavens; valentine,水,1,annexed,
必,685,invariably,heart; stick; drop; fishhook,丶,1,invariably,
泌,686,ooze,water; water droplets; water pistol; invariably; heart; stick; drop; fishhook,水|丶,2,ooze,
手,687,hand,,,0,hand,
看,688,watch over,hand; eye,目,1,watch over,
摩,689,chafe,hemp; cave; grove; tree; wood; hand,木,1,chafe,
我,690,ego,hand; fiesta,,0,ego,
義,691,righteousness,sheep; ego; hand; fiesta,,0,righteousness,
議,692,deliberation,say; words; keitai; mouth; righteousness; sheep; ego; hand; fiesta,口,1,deliberation,
犠,693,sacrifice,cow; righteousness; sheep; ego; hand; fiesta,,0,sacrifice,
抹,694,rub,finger; fingers; extremity; one; tree; wood,一|木,2,rub,
拭,695,wipe,finger; fingers; style; arrow; craft,,0,wipe,
拉,696,yank,,,0,yank,
抱,697,embrace,finger; fingers; wrap; bound up; snake; self,,0,embrace,
搭,698,board,finger; fingers; flowers; fit; meeting; umbrella; one; mouth,一|口,2,board,
抄,699,extract,finger; fingers; few,,0,extract,
抗,700,confront,finger; fingers; whirlwind; top hat; wind,lid,1,confront,
批,701,criticism,finger; fingers; compare; spoon; sitting on the ground,,0,criticism,
招,702,beckon,finger; fingers; summon; seduce; sword; dagger; mouth,口,1,beckon,
拓,703,clear the land,finger; fingers; stone; rock,石,1,clear the land,
拍,704,clap,finger; fingers; white; dove,,0,clap,
打,705,strike,finger; fingers; street; nail; spike,,0,strike,
拘,706,arrest,finger; fingers; phrase; bound up; mouth,口,1,arrest,
捨,707,discard,finger; fingers; cottage; little-thatch; umbrella; lidded crock; earthenware jar; soil; dirt; ground; mouth,土|口,2,discard,
拐,708,kidnap,finger; fingers; mouth; sword; dagger,口,1,kidnap,
摘,709,pinch,finger; fingers; antique; vase; stand up; hood; old; tombstone; gravestone; church; ten; needle; mouth,十|口,2,pinch,
挑,710,challenge,finger; fingers; turtle; portent,,0,challenge,
指,711,finger,fingers; delicious; spoon; sitting on the ground; sun;sun,1,,finger,
持,712,hold,finger; fingers; Buddhist temple; soil; dirt; ground; glue,土,1,hold,
拶,713,imminent,finger; fingers; stream; flood; evening,evening,1,imminent,
括,714,fasten,finger; fingers; tongue; thousand; mouth,口,1,fasten,
揮,715,brandish,finger; fingers; army; chariot; crown; car; vehicle,,0,brandish,
推,716,conjecture,finger; fingers; turkey,,0,conjecture,
揚,717,hoist,finger; fingers; piggy bank; sun; piglets,日,1,hoist,
提,718,propose,finger; fingers; just so; sun; mend,日,1,propose,
損,719,damage,finger; fingers; employee; mouth; shellfish; clam; oyster; eye; animal legs; eight,口|貝|目|legs|split,5,damage,
拾,720,pick up,finger; fingers; fit; meeting; umbrella; one; mouth,一|口,2,pick up,
担,721,shouldering,finger; fingers; nightbreak; sun; one; floor,日|一,2,shouldering,
拠,722,foothold,finger; fingers; dispose; walking legs; wind,,0,foothold,
描,723,sketch,finger; fingers; seedlings; flowers; rice field; brains,田,1,sketch,
操,724,maneuver,finger; fingers; wooden goods; furniture; goods; mouth; tree; wood,口|木,2,maneuver,
接,725,touch,finger; fingers; concubine; vase; stand up; woman,女,1,touch,
掲,726,put up a notice,put up (a notice); finger; fingers; mexican bandit; muchacho; siesta; sun; aroma; bound up; spoon; sitting on the ground,日,1,put up a notice,
掛,727,hang,finger; fingers; ivy; square jewel; soil; dirt; ground; magic wand; augury,土,1,hang,
捗,728,make headway,finger; fingers; walk; stop; footprint; few,,0,make headway,
研,729,polish,stone; rock; two hands,石,1,polish,
戒,730,commandment,two hands; fiesta,,0,commandment,
弄,731,tinker with,king; jewel; ball; two hands,ball,1,tinker with,
械,732,contraption,tree; wood; commandments; two hands; fiesta,木,1,contraption,
鼻,733,nose,drop; eye; rice field; brains; two hands,丶|目|田,3,nose,
刑,734,punish,two hands; sword; sabre; saber,,0,punish,
型,735,mould,punish; two hands; sword; sabre; saber; soil; dirt; ground,土,1,mould,
才,736,genius,genie,,0,genius,
財,737,property,shell; genie,貝|目|legs|split,4,property,
材,738,lumber,tree; wood; genie,木,1,lumber,
存,739,suppose,genie; child,子,1,suppose,
在,740,exist,genie; soil; dirt; ground,土,1,exist,
乃,741,from,fist,,0,from,
携,742,portable,finger; fingers; turkey; fist; from,,0,portable,
及,743,reach out,fist; from; drop,丶,1,reach out,
吸,744,suck,mouth; reach out,口,1,suck,
扱,745,handle,finger; fingers; reach out,,0,handle,
丈,746,length,stick; tucked under the arm,,0,length,
史,747,history,mouth; tucked under the arm,口,1,history,
吏,748,officer,history; length; stick; one; mouth; tucked under the arm,一|口,2,officer,
更,749,grow late,Ameratasu; one; ceiling; sun; tucked under the arm,一|日,2,grow late,
硬,750,stiff,stone; rock; grow late; Ameratasu; one; ceiling; sun; tucked under the arm,石|一|日,3,stiff,
梗,751,spiny,tree; wood; grow late; Ameratasu; one; ceiling; sun; tucked under the arm,木|一|日,3,spiny,
又,752,or again,crotch,,0,or again,
双,753,pair,crotch,,0,pair,
桑,754,mulberry,crotch; tree; wood,木,1,mulberry,
隻,755,vessels,turkey; crotch,,0,vessels,
護,756,safeguard,say; words; keitai; mouth; radio caroline; flowers; vessels; turkey; crotch,口,1,safeguard,
獲,757,seize,pack of wild dogs; radio caroline; flowers; vessels; turkey; crotch,,0,seize,
奴,758,guy,woman; crotch,女,1,guy,
怒,759,angry,guy; woman; crotch; heart,女,1,angry,
友,760,friend,by one’s side; crotch,,0,friend,
抜,761,slip out,finger; fingers; friend; woman; crotch,女,1,slip out,
投,762,throw,finger; fingers; cruise missile; missile; wind; crotch,,0,throw,
没,763,drown,water; water droplets; water pistol; cruise missile; missile; wind; crotch,水,1,drown,
股,764,thigh,moon; cruise missile; missile; wind; crotch,月,2,thigh,
設,765,establishment,say; words; keitai; mouth; cruise missile; missile; wind; crotch,口,1,establishment,
撃,766,beat,tank; car; cruise missile; missile; wind; crotch; hand,,0,beat,
殻,767,husk,samurai; superfluous; crown; wind; cruise missile; missile; wind; crotch,,0,husk,
支,768,branch,ten; needle; crotch,十,1,branch,
技,769,skill,finger; fingers; branch; ten; needle; crotch,十,1,skill,
枝,770,bough,tree; wood; branch; ten; needle; crotch,木|十,2,bough,
肢,771,limb,moon; branch; ten; needle; crotch,月|十,3,limb,
茎,772,stalk,flowers; spool; clod; toilet paper; crotch; soil; dirt; ground,土,1,stalk,
怪,773,suspicious,Freud; state of mind; spool; clod; toilet paper; crotch; soil; dirt; ground,土,1,suspicious,
軽,774,lightly,car; spool; clod; toilet paper; crotch; soil; dirt; ground,土,1,lightly,
叔,775,uncle,above; small; little; crotch,小,1,uncle,
督,776,coach,uncle; above; small; little; crotch; eye,小|目,2,coach,
寂,777,loneliness,house; uncle; above; small; little; crotch,小,1,loneliness,
淑,778,graceful,water; water droplets; water pistol; uncle; above; small; little; crotch,水|小,2,graceful,
反,779,anti-,demonstation; cliff; crotch,cliff,1,anti-,
坂,780,slope,soil; dirt; ground; anti-; demonstration; cliff; crotch,土|cliff,2,slope,
板,781,plank,tree; wood; anti-; demonstration; cliff; crotch,木|cliff,2,plank,
返,782,return,anti-; demonstration; cliff; crotch; road,cliff,1,return,
販,783,marketing,shell; anti-; demonstration; cliff; crotch,貝|目|legs|split|cliff,5,marketing,
爪,784,claw,vulture,,0,claw,
妥,785,gentle,claw; vulture; woman,女,1,gentle,
乳,786,milk,fledgling; claw; vulture; child; fishhook,子,1,milk,
浮,787,floating,water; water droplets; water pistol; fledgling; claw; vulture; child,水|子,2,floating,
淫,788,lewd,water; water droplets; water pistol; claw; vulture; porter; drop; samurai,水|丶,2,lewd,
将,789,leader,turtle; claw; vulture; glue,,0,leader,
奨,790,exhort,leader; turtle; claw; vulture; glue; large; St. Bernard,,0,exhort,
采,791,grab,claw; vulture; tree; wood,木,1,grab,
採,792,pick,finger; fingers; grab; claw; vulture; tree; wood,木,1,pick,
菜,793,vegetable,flowers; grab; claw; vulture; tree; wood,木,1,vegetable,
受,794,accept,birdhouse; birdcage; claw; vulture; crown; crotch,,0,accept,
授,795,impart,finger; fingers; accept; birdhouse; birdcage; claw; vulture; crown; crotch,,0,impart,
愛,796,love,birdhouse; birdcage; claw; vulture; crown; love birds; heart; walking legs,,0,love,
曖,797,unclear,sun; love; birdhouse; birdcage; claw; vulture; crown; love birds; heart; walking legs,日,1,unclear,
払,798,pay,finger; fingers; elbow,,0,pay,
広,799,wide,cave; elbow,,0,wide,
勾,800,hooked,bound up; elbow,,0,hooked,
拡,801,broaden,finger; fingers; wide; cave; elbow,,0,broaden,
鉱,802,mineral,metal; gold; wide; cave; elbow,金,1,mineral,
弁,803,valve,elbow; two hands,,0,valve,
雄,804,male,Yamanote; by one’s side; elbow; turkey,,0,male,
台,805,pedestal,elbow; mouth,口,1,pedestal,
怠,806,neglect,pedestal; elbow; mouth; heart,口,1,neglect,
治,807,reign,water; water droplets; water pistol; pedestal; elbow; mouth,水|口,2,reign,
冶,808,metallurgy,ice; pedestal; elbow; mouth,口,1,metallurgy,
始,809,commence,woman; pedestal; elbow; mouth,女|口,2,commence,
胎,810,womb,moon; pedestal; elbow; mouth,月|口,3,womb,
窓,811,window,hole; house; human legs; elbow; heart,legs,1,window,
去,812,gone,soil; dirt; ground; elbow,土,1,gone,
法,813,method,water; water droplets; water pistol; gone; soil; dirt; ground; elbow,水|土,2,method,
会,814,meeting,one; wall; umbrella; rising cloud; two; elbow; wall,一,1,meeting,
至,815,climax,wall; one; ceiling; elbow; soil; dirt; ground,一|土,2,climax,
室,816,room,house; climax; wall; one; ceiling; elbow; soil; dirt; ground,一|土,2,room,
到,817,arrival,climax; wall; one; ceiling; elbow; soil; dirt; ground; sword; sabre; saber,一|土,2,arrival,
致,818,doth,climax; wall; one; ceiling; elbow; soil; dirt; ground; taskmaster,一|土,2,doth,
互,819,mutually,one; ceiling; one; floor,一,1,mutually,
棄,820,abandon,infant; toddler; top hat; elbow; buckle; tree; wood,lid|木,2,abandon,
育,821,bring up,infant; toddler; top hat; elbow; moon,lid|月,3,bring up,
撤,822,remove,finger; fingers; borstal; bring up; infant; toddler; top hat; elbow; moon; taskmaster,lid|月,3,remove,
充,823,allot,infant; toddler; top hat; elbow; human legs,lid|legs,2,allot,
銃,824,gun,metal; gold; allot; infant; toddler; top hat; elbow; human legs,金|lid|legs,3,gun,
硫,825,sulfur,sulphur; stone; rock; lifebelt; infant; toddler; top hat; elbow; stream; flood,石|lid,2,sulfur,
流,826,current,water; water droplets; water pistol; lifebelt; infant; toddler; top hat; elbow; stream; flood,水|lid,2,current,
允,827,license,elbow; human legs,legs,1,license,
唆,828,tempt,mouth; streetwalker; Ministry of silly walks; John Cleese; license; elbow; human legs; walking legs,口|legs,2,tempt,
出,829,exit,,,0,exit,
山,830,mountain,,,0,mountain,
拙,831,bungling,finger; fingers; exit,,0,bungling,
岩,832,boulder,mountain; stone; rock,石,1,boulder,
炭,833,charcoal,mountain; ashes; cliff; fire,cliff|火,2,charcoal,
岐,834,branch off,mountain; branch; ten; needle; crotch,十,1,branch off,
峠,835,mountain pass,mountain; above; below,,0,mountain pass,
崩,836,crumble,mountain; companion; moon,月,2,crumble,
密,837,secrecy,house; invariably; heart; mountain,,0,secrecy,
蜜,838,honey,house; invariably; heart; insect,,0,honey,
嵐,839,storm,mountain; wind; gnats; drop; insect,丶,1,storm,
崎,840,promontory,mountain; strange; large; St. Bernard; can; street; nail; spike; mouth,口,1,promontory,
崖,841,bluffs,mountain; cliff; ivy; square jewel; soil; dirt; ground,cliff|土,2,bluffs,
入,842,enter,,,0,enter,
込,843,crowded,enter; road,,0,crowded,
分,844,part,eight; sword; dagger,split,1,part,
貧,845,poverty,part; eight; sword; dagger; shellfish; clam; oyster; eye; animal legs; eight,split|貝|目|legs,4,poverty,
頒,846,partition,part; eight; sword; dagger; head; page; one; ceiling; drop; shellfish; clam; oyster; eye; animal legs; eight,split|一|丶|貝|目|legs,6,partition,
公,847,public,eight; elbow,split,1,public,
松,848,pine tree,tree; wood; public; eight; elbows,木|split,2,pine tree,
翁,849,venerable old man,public; eight; elbows; feathers; wings,split,1,venerable old man,
訟,850,sue,say; words; keitai; mouth; public; eight; elbows,口|split,2,sue,
谷,851,valley,eight; umbrella; mouth,split|口,2,valley,
浴,852,bathe,water; water droplets; water pistol; valley; eight; umbrella; mouth,水|split|口,3,bathe,
容,853,contain,house; valley; eight; umbrella; mouth,split|口,2,contain,
溶,854,melt,water; water droplets; water pistol; contents; contain; house; valley; animal legs; eight; umbrella; mouth,水|legs|split|口,4,melt,
欲,855,longing,valley; eight; umbrella; mouth; lack; yawn,split|口,2,longing,
裕,856,abundant,cloak; valley; eight; umbrella; mouth,split|口,2,abundant,
鉛,857,lead (metal),lead; metal; gold; gully; eight; mouth,金|split|口,3,lead (metal),
沿,858,run alongside,water; water droplets; water pistol; gully; eight; mouth,水|split|口,3,run alongside,
賞,859,prize,outhouse; small; little; crown; mouth; shellfish; clam; oyster; eye; animal legs; eight,小|口|貝|目|legs|split,6,prize,
党,860,party,outhouse; small; little; crown; mouth; human legs,小|口|legs,3,party,
堂,861,hall,outhouse; small; little; crown; mouth; soil; dirt; ground,小|口|土,3,hall,
常,862,usual,outhouse; small; little; crown; mouth; towel,小|口,2,usual,
裳,863,skirt,outhouse; small; little; crown; mouth; cloth; clothes; clothing; garment,小|口,2,skirt,
掌,864,manipulate,outhouse; small; little; crown; mouth; hand,小|口,2,manipulate,
皮,865,pelt,branch; ten; needle; crotch; hook,十|乙,2,pelt,
波,866,waves,water; water droplets; water pistol; pelt; branch; ten; needle; crotch; hook,水|十|乙,3,waves,
婆,867,old woman,wave; water; water droplets; water pistol; pelt; branch; ten; needle; crotch; hook; woman,水|十|乙|女,4,old woman,
披,868,expose,finger; fingers; pelt; branch; ten; needle; crotch; hook,十|乙,2,expose,
破,869,rend,stone; rock; pelt; branch; ten; needle; crotch; hook,石|十|乙,3,rend,
被,870,incur,cloak; pelt; branch; ten; needle; crotch; hook,十|乙,2,incur,
残,871,remainder,bones; one; ceiling; evening; float,一|evening,2,remainder,
殉,872,martyrdom,bones; one; ceiling; evening; decameron; bound up; sun;line; evening; sun,3,,martyrdom,
殊,873,particularly,bones; one; ceiling; evening; vermilion; drop; not yet; one; tree; wood,一|evening|丶|木,4,particularly,
殖,874,augment,bones; one; ceiling; evening; straightaway; ten; needle; eye; fishhook,一|evening|十|目,4,augment,
列,875,file,bones; one; ceiling; evening; sword; sabre; saber,一|evening,2,file,
裂,876,split,file; bones; one; ceiling; evening; sword; sabre; saber; cloth; clothes; clothing; garment,一|evening,2,split,
烈,877,ardent,file; bones; one; ceiling; evening; sword; sabre; saber; oven-fire; barbecue,一|evening,2,ardent,
死,878,death,bones; one; ceiling; evening; spoon; sitting on the ground,一|evening,2,death,
葬,879,interment,flowers; death; bones; one; ceiling; evening; spoon; sitting on the ground; two hands,一|evening,2,interment,
瞬,880,wink,eye; Rose of Sharon; birdhouse; birdcage; claw; vulture; crown; sunglasses; dancing legs; ballerina; evening,目|evening,2,wink,
耳,881,ear,,,0,ear,
取,882,take,ear; crotch,,0,take,
趣,883,gist,run; soil; dirt; ground; mend; take; ear; crotch,土,1,gist,
最,884,utmost,sun; take; ear; crotch,日,1,utmost,
撮,885,snapshot,finger; fingers; utmost; sun; take; ear; crotch,日,1,snapshot,
恥,886,shame,ear; heart,,0,shame,
職,887,post,ear; kazoo; sound; vase; stand up; sun; fiesta,日,1,post,
聖,888,holy,ear; mouth; king; jewel; ball,口|ball,2,holy,
敢,889,daring,street; nail; spike; ear; taskmaster,,0,daring,
聴,890,listen,ear; stethoscope; camel; ten; needle; eye; cross-eyed; net; heart,十|目,2,listen,
懐,891,pocket,Freud; state of mind; poltergeist; BernaE; ten; needle; eye; cross-eyed; net; top hat; scarf; cloth; clothes; clothing; garment,十|目|lid,3,pocket,
慢,892,ridicule,Freud; state of mind; mandala; sun; eye; cross-eyed; net; crotch,日|目,2,ridicule,
漫,893,loose,water; water droplets; water pistol; mandala; sun; eye; cross-eyed; net; crotch,水|日|目,3,loose,
買,894,buy,eye; cross-eyed; net; shellfish; clam; oyster; eye; animal legs; eight,目|貝|legs|split,4,buy,
置,895,placement,eye; cross-eyed; net; straightaway; ten; needle; eye; fishhook,目|十,2,placement,
罰,896,penalty,eye; cross-eyed; net; say; words; keitai; mouth; sword; sabre; saber,目|口,2,penalty,
寧,897,rather,house; heart; eye; cross-eyed; net; street; nail; spike,目,1,rather,
濁,898,voiced,water; water droplets; water pistol; spider; eye; cross-eyed; net; bound up; insect,水|目,2,voiced,
環,899,ring,king; jewel; ball; trampoline; eye; cross-eyed; net; one; ceiling; mouth; scarf,ball|目|一|口,4,ring,
還,900,send back,trampoline; eye; cross-eyed; net; one; ceiling; mouth; scarf; road,目|一|口,3,send back,
夫,901,husband,one; large,一,1,husband,
扶,902,aid,finger; fingers; husband,,0,aid,
渓,903,mountain stream,water; water droplets; water pistol; claw; vulture; husband,水,1,mountain stream,
規,904,standard,husband; see; telescope; eye; human legs,目|legs,2,standard,
替,905,exchange,husband; sun; tongue wagging,日,1,exchange,
賛,906,approve,husband; shellfish; clam; oyster; eye; animal legs; eight,貝|目|legs|split,4,approve,
潜,907,submerge,water; water droplets; water pistol; exchange; husband; sun; tongue wagging,水|日,2,submerge,
失,908,lose,drop; husband,丶,1,lose,
鉄,909,iron,metal; gold; lose; drop; husband,金|丶,2,iron,
迭,910,alternate,transfer; lose; drop; husband; road,丶,1,alternate,
臣,911,retainer,slave,,0,retainer,
姫,912,princess,woman; retainer; slave,女,1,princess,
蔵,913,storehouse,flowers; parade; retainer; slave,,0,storehouse,
臓,914,entrails,moon; storehouse; flowers; parade; retainer; slave,月,2,entrails,
賢,915,intelligent,loincloth; retainer; slave; crotch; shellfish; clam; oyster; eye; animal legs; eight,貝|目|legs|split,4,intelligent,
腎,916,kidney,loincloth; retainer; slave; crotch; moon,月,2,kidney,
堅,917,strict,loincloth; retainer; slave; crotch; soil; dirt; ground,土,1,strict,
臨,918,look to,retainer; slave; reclining; lying down; goods; mouth,口,1,look to,
覧,919,perusal,retainer; slave; reclining; lying down; one; floor; look; see; telescope; eye; human legs,一|目|legs,3,perusal,
巨,920,gigantic,Fafner,,0,gigantic,
拒,921,repel,finger; fingers; gigantic; Fafner,,0,repel,
力,922,power,muscle; arnold,,0,power,
男,923,man,rice field; brains; power; muscle; arnold,田,1,man,
労,924,labor,schoolhouse; owl; crown; power; muscle; arnold,,0,labor,
募,925,recruit,graveyard; flowers; sun; large; St. Bernard; power; muscle; arnold,日,1,recruit,
劣,926,inferiority,few; power; muscle; arnold,,0,inferiority,
功,927,achievement,craft; powered; power; muscle; arnold,,0,achievement,
勧,928,persuade,pegasus; horse; pantomime horse; noon; sign of the horse; turkey; power; muscle; arnold,,0,persuade,
努,929,toil,guy; woman; crotch; power; muscle; arnold,女,1,toil,
勃,930,uprising,bishop; cross; ten; needle; crown; child; power; muscle; arnold,十|子,2,uprising,
励,931,encourage,Wimbledon; cliff; ten thousand; power; muscle; arnold,cliff,1,encourage,
加,932,add,power; muscle; arnold; mouth,口,1,add,
賀,933,congratulations,add; power; muscle; arnold; mouth; shellfish; clam; oyster; eye; animal legs; eight,口|貝|目|legs|split,5,congratulations,
架,934,erect,add; power; muscle; arnold; mouth; tree; wood,口|木,2,erect,
脇,935,armpit,moon; triceps; power; muscle; arnold,月,2,armpit,
脅,936,threaten,triceps; power; muscle; arnold; moon,月,2,threaten,
協,937,co-,ten; needle; triceps; power; muscle; arnold,十,1,co-,
行,938,going,boulevard,,0,going,
律,939,rhythm,Nelson; column; going; line; brush,一,1,rhythm,
復,940,restore,Nelson; column; going; line; fold back; double back; reclining; lying down; sun; walking legs,一|日,2,restore,
得,941,gain,Nelson; column; going; line; bill posters; nightbreak; sun; one; floor; glue,一|日,2,gain,
従,942,accompany,Nelson; column; going; line; horns; mend,一|horns,2,accompany,
徒,943,junior,Nelson; column; going; line; run; soil; dirt; ground; mend,一|土,2,junior,
待,944,wait,Nelson; column; going; line; Buddhist temple; soil; dirt; ground; glue,一|土,2,wait,
往,945,journey,Nelson; column; going; line; candlestick; lord; drop; king; jewel; ball,一|丶|ball,3,journey,
征,946,subjugate,Nelson; column; going; line; correct; one; ceiling; stop; footprint,一,1,subjugate,
径,947,diameter,Nelson; column; going; line; spool; clod; toilet paper; crotch; soil; dirt; ground,一|土,2,diameter,
彼,948,he,Nelson; column; going; line; pelt; branch; ten; needle; crotch; hook,一|十|乙,3,he,
役,949,duty,Nelson; column; going; line; cruise missile; missile; wind; crotch,一,1,duty,
徳,950,benevolence,Nelson; column; going; line; stethoscope; camel; ten; needle; eye; cross-eyed; net; heart,一|十|目,3,benevolence,
徹,951,penetrate,Nelson; column; going; line; borstal; bring up; infant; toddler; top hat; elbow; moon; taskmaster,一|lid|月,4,penetrate,
徴,952,indications,sherpa; Nelson; column; going; line; mountain; king; jewel; ball; taskmaster,一|ball,2,indications,
懲,953,penal,indications; sherpa; Nelson; column; going; line; mountain; king; jewel; ball; taskmaster; heart,一|ball,2,penal,
微,954,delicate,sherpa; Nelson; column; going; line; mountain; one; ceiling; human legs; taskmaster,一|legs,2,delicate,
街,955,boulevard,going; ivy; square jewel; soil; dirt; ground,土,1,boulevard,
桁,956,girder,tree; wood; going,木,1,girder,
衡,957,equilibrium,boulevard; going; bound up; rice field; brains; large; St. Bernard,田,1,equilibrium,
稿,958,draft,wheat; cereal; tall; top hat; mouth; hood; mouth,lid|口,2,draft,
稼,959,earnings,wheat; cereal; house; sow; pig,,0,earnings,
程,960,extent,wheat; cereal; display; mouth; king; jewel; ball,口|ball,2,extent,
税,961,tax,wheat; cereal; devil; horns; elder brother; teenager; mouth; human legs,horns|口|legs,3,tax,
稚,962,immature,wheat; cereal; turkey,,0,immature,
和,963,harmony,wheat; cereal; mouth,口,1,harmony,
移,964,shift,wheat; cereal; many; evening,evening,1,shift,
秒,965,second,wheat; cereal; few,,0,second,
秋,966,autumn,wheat; cereal; fire,火,1,autumn,
愁,967,distress,autumn; wheat; cereal; fire; heart,火,1,distress,
私,968,private,wheat; cereal; elbow,,0,private,
秩,969,regularity,wheat; cereal; lose; drop; husband,丶,1,regularity,
秘,970,secret,wheat; cereal; invariably; heart; drop,丶,1,secret,
称,971,appellation,wheat; cereal; hammock; reclining; lying down; small; little,小,1,appellation,
利,972,profit,wheat; cereal; sword; sabre; saber,,0,profit,
梨,973,pear tree,profit; wheat; cereal; sword; sabre; saber; tree; wood,木,1,pear tree,
穫,974,harvest,wheat; cereal; radio caroline; flowers; vessels; turkey; crotch,,0,harvest,
穂,975,ear of a plant,ear (of a plant); wheat; cereal; favour; favor; ten; needle; rice field; brains; heart,十|田,2,ear of a plant,
稲,976,rice plant,wheat; cereal; claw; vulture; old days; olden times; stick; sun;sun,1,,rice plant,
香,977,incense,wheat; cereal; sun;sun,1,,incense,
季,978,seasons,wheat; cereal; child,子,1,seasons,
委,979,committee,wheat; cereal; woman,女,1,committee,
秀,980,excel,wheat; cereal; fist; from,,0,excel,
透,981,transparent,excel; wheat; cereal; fist; from; road,,0,transparent,
誘,982,entice,say; words; keitai; mouth; excel; wheat; cereal; fist; from,口,1,entice,
稽,983,training,wheat; cereal; understandably; chihuahua with one human leg; delicious; spoon; sitting on the ground; sun;sun,1,,training,
穀,984,cereals,samurai; crown; wheat; cereal; cruise missile; missile; wind; crotch,,0,cereals,
菌,985,germ,flowers; pent in; wheat; cereal,囗,1,germ,
萎,986,numb,flowers; committee; wheat; cereal; woman,女,1,numb,
米,987,rice,,,0,rice,
粉,988,flour,rice; part; eight; sword; dagger,split,1,flour,
粘,989,sticky,rice; fortune-telling; magic wand; augury; mouth,口,1,sticky,
粒,990,grains,rice; vase; stand up,,0,grains,
粧,991,cosmetics,rice; shire; cave; soil; dirt; ground,土,1,cosmetics,
迷,992,astray,rice; road,,0,astray,
粋,993,chic,rice; ninety; nine; baseball; ten; needle,ball|十,2,chic,
謎,994,riddle,say; words; keitai; mouth; astray; rice; road,口,1,riddle,
糧,995,provisions,rice; quantity; nightbreak; sun; one; floor; computer,日|一,2,provisions,
菊,996,chrysanthemum,flowers; rice cooker; bound up; rice,,0,chrysanthemum,
奥,997,core,drop; pent in; rice; large; St. Bernard,丶|囗,2,core,
数,998,number,rice; woman; taskmaster,女,1,number,
楼,999,watchtower,tree; wood; rice; woman,木|女,2,watchtower,
類,1000,sort,rice; large; St. Bernard; head; page; one; ceiling; drop; shellfish; clam; oyster; eye; animal legs; eight,一|丶|貝|目|legs|split,6,sort,
漆,1001,lacquer,water; water droplets; water pistol; tree; wood; umbrella; grains of rice,水|木,2,lacquer,
膝,1002,knee,moon; tree; wood; umbrella; grains of rice,月|木,3,knee,
様,1003,Esq.,tree; wood; sheep; grains of rice,木,1,Esq.,
求,1004,request,arrow; grains of rice,,0,request,
球,1005,ball,king; jewel; request; arrow; grains of rice,,0,ball,
救,1006,salvation,request; arrow; grains of rice; taskmaster,,0,salvation,
竹,1007,bamboo,,,0,bamboo,
笑,1008,laugh,bamboo; heavens,,0,laugh,
笠,1009,bamboo hat,bamboo; vase; stand up,,0,bamboo hat,
笹,1010,bamboo grass,bamboo; generation,,0,bamboo grass,
箋,1011,stationery,,,0,stationery,
筋,1012,muscle,bamboo; moon; power; arnold,月,2,muscle,
箱,1013,box,bamboo; inter; Inter Milan; tree; wood; eye,木|目,2,box,
筆,1014,writing brush,bamboo; brush,,0,writing brush,
筒,1015,cylinder,bamboo; same; monks; hood; one; mouth,一|口,2,cylinder,
等,1016,etc.,bamboo; Buddhist temple; soil; dirt; ground; glue,土,1,etc.,
算,1017,calculate,bamboo; eye; two hands,目,1,calculate,
答,1018,solution,bamboo; fit; meeting; umbrella; one; mouth,一|口,2,solution,
策,1019,scheme,bamboo; tree; wood; belt,木,1,scheme,
簿,1020,register,bamboo; water; water droplets; water pistol; acupuncturist; specialty; drop; ten; needle; rice field; brains; glue,水|丶|十|田,4,register,
築,1021,fabricate,bamboo; barge; craft; mediocre; wind; drop; tree; wood,丶|木,2,fabricate,
篭,1022,basket,,,0,basket,
人,1023,person,,person,1,person,
佐,1024,assistant,person; left; by one’s side; craft,人,1,assistant,
侶,1025,partner,person; spine; mouth; drop; mouth,人|口|丶,3,partner,
但,1026,however,person; nightbreak; sun; one; floor,人|日|一,3,however,
住,1027,dwell,person; candlestick; lord; drop; king; jewel; ball,人|丶|ball,3,dwell,
位,1028,rank,person; vase; stand up,人,1,rank,
仲,1029,go-between,person; in; stick; mouth,人|口,2,go-between,
体,1030,body,person; origin; book; tree; wood; one,人|木|一,3,body,
悠,1031,remote,permanence; person; stick; fred astaire; taskmaster; heart,人,1,remote,
件,1032,affair,person; cow,人,1,affair,
仕,1033,attend,person; samurai,人,1,attend,
他,1034,other,person; scorpion,人,1,other,
伏,1035,prostrated,person; chihuahua; dog; large; drop,人|丶,2,prostrated,
伝,1036,transmit,person; rising cloud; two; elbow; wall,人|一,2,transmit,
仏,1037,Buddha,buddha; person; elbow,人,1,Buddha,
休,1038,rest,person; tree; wood,人|木,2,rest,
仮,1039,provisional,sham; person; anti-; demonstration; cliff; crotch,人|cliff,2,provisional,
伎,1040,performing artist,person; branch; ten; needle; crotch,人|十,2,performing artist,
伯,1041,chief,person; white; dove,人,1,chief,
俗,1042,vulgar,person; valley; eight; umbrella; mouth,人|split|口,3,vulgar,
信,1043,faith,person; say; words; keitai; mouth,人|口,2,faith,
佳,1044,excellent,person; ivy; square jewel; soil; dirt; ground,人|土,2,excellent,
依,1045,reliant,person; cloth; clothes; clothing; garment,人,1,reliant,
例,1046,example,person; file; bones; one; ceiling; evening; sword; sabre; saber,人|一|evening,3,example,
個,1047,individual,person; harden; pent in; old; tombstone; gravestone; church; ten; needle; mouth,人|囗|十|口,4,individual,
健,1048,healthy,person; build; brush; stretch,人,1,healthy,
側,1049,side,person; rule; shell; sword; sabre; saber,人|貝|目|legs|split,5,side,
侍,1050,waiter,person; Buddhist temple; soil; dirt; ground; glue,人|土,2,waiter,
停,1051,halt,person; pavilion; tall; top hat; mouth; crown; street; nail; spike,人|lid|口,3,halt,
値,1052,price,person; straightaway; ten; needle; eye; fishhook,人|十|目,3,price,
倣,1053,emulate,person; set free; compass; direction; taskmaster,人,1,emulate,
傲,1054,arrogance,,,0,arrogance,
倒,1055,overthrow,person; arrival; climax; wall; one; ceiling; elbow; soil; dirt; ground; sword; sabre; saber,人|一|土,3,overthrow,
偵,1056,spy,person; upright; magic wand; augury; shellfish; clam; oyster; eye; animal legs; eight,人|貝|目|legs|split,5,spy,
僧,1057,Buddhist priest,buddhist priest; person; increase; formerly; horns; rice field; brains; sun;person; horns; field; sun,4,,Buddhist priest,
億,1058,hundred million,person; idea; sound; vase; stand up; sun; heart,人|日,2,hundred million,
儀,1059,ceremony,person; righteousness; sheep; ego; hand; fiesta,人,1,ceremony,
償,1060,reparation,person; prize; outhouse; small; little; crown; mouth; shellfish; clam; oyster; eye; animal legs; eight,人|小|口|貝|目|legs|split,7,reparation,
仙,1061,hermit,person; mountain,人,1,hermit,
催,1062,sponsor,person; mountain; turkey,人,1,sponsor,
仁,1063,humanity,person; two,人|一,2,humanity,
侮,1064,scorn,person; every; reclining; lying down; mother; breasts,人|女|体,3,scorn,
使,1065,use,person; history; length; stick; mouth; tucked under the arm,人|口,2,use,
便,1066,convenience,person; grow late; Ameratasu; one; ceiling; sun; tucked under the arm,人|一|日,3,convenience,
倍,1067,double,person; muzzle; vase; stand up; mouth,人|口,2,double,
優,1068,tenderness,person; melancholy; summer; head; page; crown; heart; walking legs,人,1,tenderness,
伐,1069,fell,person; fiesta,人,1,fell,
宿,1070,inn,house; person; hundred; one; ceiling; white; dove,人|一,2,inn,
傷,1071,wound,person; reclining; lying down; piggy bank; sun; piglets,人|日,2,wound,
保,1072,protect,person; dumbfounded; mouth; tree; wood,人|口|木,3,protect,
褒,1073,praise,top hat; protect; person; dumbfounded; mouth; tree; wood; scarf,lid|人|口|木,4,praise,
傑,1074,greatness,person; sunglasses; dancing legs; ballerina; evening; tree; wood,人|evening|木,3,greatness,
付,1075,adhere,person; glue,人,1,adhere,
符,1076,token,bamboo; adhere; sellotape; person; glue,人,1,token,
府,1077,municipality,borough; cave; adhere; sellotape; person; glue,人,1,municipality,
任,1078,responsibility,person; porter; drop; samurai,人|丶,2,responsibility,
賃,1079,fare,responsibility; person; porter; drop; samurai; shellfish; clam; oyster; eye; animal legs; eight,人|丶|貝|目|legs|split,6,fare,
代,1080,substitute,person; arrow,人,1,substitute,
袋,1081,sack,substitute; person; arrow; garment,人,1,sack,
貸,1082,lend,substitute; person; arrow; shellfish; clam; oyster; eye; animal legs; eight,人|貝|目|legs|split,5,lend,
化,1083,change,person; spoon; sitting on the ground,人,1,change,
花,1084,flower,flowers; change; person; spoon; sitting on the ground,人,1,flower,
貨,1085,freight,change; person; spoon; sitting on the ground; shellfish; clam; oyster; eye; animal legs; eight,人|貝|目|legs|split,5,freight,
傾,1086,lean,change; person; about that time; spoon; sitting on the ground; head; page; one; ceiling; drop; shellfish; clam; oyster; eye; animal legs; eight,人|一|丶|貝|目|legs|split,7,lean,
何,1087,what,person; can; mouth; street; nail; spike,人|口,2,what,
荷,1088,baggage,flowers; what; person; can; mouth; street; nail; spike,人|口,2,baggage,
俊,1089,sagacious,person; streetwalker; Ministry of silly walks; John Cleese; license; elbow; human legs; walking legs,人|legs,2,sagacious,
傍,1090,bystander,person; traffic cop; fez; vase; stand up; crown; compass; direction,人,1,bystander,
俺,1091,myself,person; dachshund; large; St. Bernard; eel; sun;person; sun,2,,myself,
久,1092,long time,bound up; person; mummy,人,1,long time,
畝,1093,furrow,top hat; rice field; brains; long time; mummy; bound up; person,lid|田|人,3,furrow,
囚,1094,captured,pent in; person,囗|人,2,captured,
内,1095,inside,person; belt,人,1,inside,
丙,1096,third class,one; ceiling; inside; person; belt,一|人,2,third class,
柄,1097,design,tree; wood; third class; one; ceiling; inside; person; belt,木|一|人,3,design,
肉,1098,meat,person; inside; belt; person,人,1,meat,
腐,1099,rot,borough; municipality; cave; adhere; sellotape; person; glue; meat; inside; belt; person,人,1,rot,
座,1100,sit,squat; cave; shire; assembly line; person; soil; dirt; ground,人|土,2,sit,
挫,1101,sprain,finger; fingers; sitting in meditation; assembly line; person; soil; dirt; ground,人|土,2,sprain,
卒,1102,graduate,top hat; assembly line; person; ten; needle,lid|人|十,3,graduate,
傘,1103,umbrella,assembly line; person; ten; needle,人|十,2,umbrella,
匁,1104,monme,bound up; tucked under the arm,,0,monme,
以,1105,by means of,plow; drop; person,丶|人,2,by means of,
似,1106,similar,becoming; person; by means of; plow; drop; person,人|丶,2,similar,
併,1107,join,person; puzzle; horns; two hands,人|horns,2,join,
瓦,1108,tile,one; ceiling; cane; stick; drop; fishhook; ice,一|丶,2,tile,
瓶,1109,flower pot,puzzle; horns; two hands; tile; one; ceiling; cane; stick; drop; fishhook; ice,horns|一|丶,3,flower pot,
宮,1110,Shinto shrine,shinto shrine; house; spine; mouth; drop,口|丶,2,Shinto shrine,
営,1111,occupation,schoolhouse; owl; crown; spine; mouth; drop,口|丶,2,occupation,
善,1112,virtuous,sheep; horns; mouth,horns|口,2,virtuous,
膳,1113,dining tray,moon; virtuous; sheep; horns; mouth,月|horns|口,4,dining tray,
年,1114,year,sign of the horse; sunglasses,,0,year,
夜,1115,night,top hat; person; walking legs; drop,lid|人|丶,3,night,
液,1116,fluid,water; water droplets; water pistol; night; top hat; person; walking legs; drop,水|lid|人|丶,4,fluid,
塚,1117,hillock,soil; dirt; ground; crown; pig; sow,土,1,hillock,
幣,1118,cash,shredder; small; little; belt; taskmaster; towel,小,1,cash,
蔽,1119,cover over,flowers; shredder; small; little; belt; taskmaster,小,1,cover over,
弊,1120,abuse,shredder; small; little; belt; taskmaster; two hands,小,1,abuse,
喚,1121,yell,mouth; bound up; four; large; St. Bernard,口,1,yell,
換,1122,interchange,finger; fingers; bound up; four; large; St. Bernard,,0,interchange,
融,1123,dissolve,tripod; one; ceiling; mouth; hood; human legs; street; nail; spike; insect,一|口|legs,3,dissolve,
施,1124,alms,banner; direction; compass; direction; reclining; lying down; scorpion,,0,alms,
旋,1125,rotation,banner; direction; compass; direction; reclining; lying down; zoo; critters,,0,rotation,
遊,1126,play,banner; direction; compass; direction; reclining; lying down; child; road,子,1,play,
旅,1127,trip,banner; direction; compass; direction; reclining; lying down; Carol in rags; person; rag,人,1,trip,
勿,1128,not,knot; piglet’s tail,,0,not,
物,1129,thing,cow; knot; piglet’s tail,,0,thing,
易,1130,easy,sun; knot; piglet’s tail,日,1,easy,
賜,1131,grant,shell; easy; sun; knot; piglet’s tail,貝|目|legs|split|日,5,grant,
尿,1132,urine,flag; water,水,1,urine,
尼,1133,nun,flag; spoon; sitting on the ground,,0,nun,
尻,1134,buttocks,flag; nine; baseball,ball,1,buttocks,
泥,1135,mud,water; water droplets; water pistol; nun; flag; spoon; sitting on the ground,水,1,mud,
塀,1136,fence,soil; dirt; ground; folding screen; flag; puzzle; horns; two hands,土|horns,2,fence,
履,1137,footgear,flag; restore; Nelson; column; going; line; fold back; double back; reclining; lying down; sun; walking legs,一|日,2,footgear,
屋,1138,roof,flag; climax; wall; one; ceiling; elbow; soil; dirt; ground,一|土,2,roof,
握,1139,grip,finger; fingers; roof; flag climax; wall; one; ceiling; elbow; soil; dirt; ground,宀|一|土,3,grip,
屈,1140,yield,flag; exit,,0,yield,
掘,1141,dig,finger; fingers; yield; flag; exit,,0,dig,
堀,1142,ditch,moat; soil; dirt; ground; yield; flag; exit,土,1,ditch,
居,1143,reside,flag; old; tombstone; gravestone; church; ten; needle; mouth,十|口,2,reside,
据,1144,set,finger; fingers; reside; flag; old; tombstone; gravestone; church; ten; needle; mouth,十|口,2,set,
裾,1145,hem,cloak; reside; flag; old; tombstone; gravestone; church; ten; needle; mouth,十|口,2,hem,
層,1146,stratum,flag; increase; formerly; horns; rice field; brains; sun;horns; field; sun,3,,stratum,
局,1147,bureau,flag; phrase; bound up; mouth,口,1,bureau,
遅,1148,slow,flag; sheep; road,,0,slow,
漏,1149,leak,water; water droplets; water pistol; flag; rain; weather,水,1,leak,
刷,1150,printing,flag; towel; sword; sabre; saber,,0,printing,
尺,1151,shaku,flag; stick,,0,shaku,
尽,1152,exhaust,shaku-hachi; flag; stick; ice,,0,exhaust,
沢,1153,swamp,water; water droplets; water pistol; shaku-hachi; flag; stick,水,1,swamp,
訳,1154,translate,say; words; keitai; mouth; shaku-hachi; flag; stick,口,1,translate,
択,1155,choose,finger; fingers; shaku-hachi; flag; stick,,0,choose,
昼,1156,daytime,shaku-hachi; flag; stick; nightbreak; sun; one; floor,日|一,2,daytime,
戸,1157,door,one; flag,一,1,door,
肩,1158,shoulder,door; one; ceiling; flag; moon,一|月,3,shoulder,
房,1159,tassel,door; one; ceiling; flag; compass; direction,一,1,tassel,
扇,1160,fan,door; one; ceiling; flag; feathers; wings,一,1,fan,
炉,1161,hearth,hearth-fire; door; one; ceiling; flag,一,1,hearth,
戻,1162,re-,door; one; ceiling; flag; large; St. Bernard,一,1,re-,
涙,1163,tears,water; water droplets; water pistol; re-; door; one; ceiling; flag; large; St. Bernard,水|一,2,tears,
雇,1164,employ,door; one; ceiling; flag; turkey,一,1,employ,
顧,1165,look back,employ; door; one; ceiling; flag; turkey; head; page; one; ceiling; drop; shellfish; clam; oyster; eye; animal legs; eight,一|丶|貝|目|legs|split,6,look back,
啓,1166,disclose,bouncer; door; one; ceiling; flag; taskmaster; mouth,一|口,2,disclose,
示,1167,show,altar; two; small,一|小,2,show,
礼,1168,salutation,salute; altar; fishhook,,0,salutation,
祥,1169,auspicious,altar; sheep,,0,auspicious,
祝,1170,celebrate,altar; elder brother; teenager; mouth; human legs,口|legs,2,celebrate,
福,1171,blessing,altar; wealth; one; ceiling; mouth; rice field; brains,一|口|田,3,blessing,
祉,1172,welfare,altar; stop; footprint,,0,welfare,
社,1173,company,altar; soil; dirt; ground,土,1,company,
視,1174,inspection,altar; see; telescope; eye; human legs,目|legs,2,inspection,
奈,1175,Nara,nara; large; St. Bernard; altar; show; two; small,一|小,2,Nara,
尉,1176,military officer,flag; altar; show; two; small; glue,一|小,2,military officer,
慰,1177,consolation,military officer; flag; altar; show; two; small; glue; heart,一|小,2,consolation,
款,1178,goodwill,samurai; altar; show; two; small; lack; yawn,一|小,2,goodwill,
禁,1179,prohibition,grove; tree; wood; altar; show; two; small,木|一|小,3,prohibition,
襟,1180,collar,cloak; prohibition; grove; tree; wood; altar; show; two; small,木|一|小,3,collar,
宗,1181,religion,house; altar; show; two; small,一|小,2,religion,
崇,1182,adore,mountain; religion; house; altar; show; two; small,一|小,2,adore,
祭,1183,ritual,moon; crotch; altar; show; two; small,月|一|小,4,ritual,
察,1184,guess,house; ritual; moon; crotch; altar; show; two; small,月|一|小,4,guess,
擦,1185,grate,finger; fingers; guess; house; ritual; moon; crotch; altar; show; two; small,月|一|小,4,grate,
由,1186,wherefore,sprout; shoot,,0,wherefore,
抽,1187,pluck,finger; fingers; sprout; shoot,,0,pluck,
油,1188,oil,water; water droplets; water pistol; sprout; shoot,水,1,oil,
袖,1189,sleeve,cloak; sprout; shoot,,0,sleeve,
宙,1190,mid-air,house; sprout; shoot,,0,mid-air,
届,1191,deliver,flag; sprout; shoot,,0,deliver,
笛,1192,flute,bamboo; sprout; shoot,,0,flute,
軸,1193,axis,car; sprout; shoot,,0,axis,
甲,1194,armor,armour; roots,,0,armor,
押,1195,push,finger; fingers; armour; armor; roots,,0,push,
岬,1196,headland,mountain; armour; armor; roots,,0,headland,
挿,1197,insert,finger; fingers; thousand; armour; armor; roots,,0,insert,
申,1198,speaketh,monkey; sun; stick,日,1,speaketh,
伸,1199,expand,person; monkey; sun; stick,人|日,2,expand,
神,1200,gods,altar; monkey; sun; stick,日,1,gods,
捜,1201,search,finger; fingers; Buddha’s hand; monkey; sun; stick; crotch,日,1,search,
果,1202,fruit,rice field; brains; tree; wood,田|木,2,fruit,
菓,1203,confectionary,flowers; fruit; rice field; brains; tree; wood,田|木,2,confectionary,
課,1204,chapter,say; words; keitai; mouth; fruit; rice field; brains; tree; wood,口|田|木,3,chapter,
裸,1205,naked,cloak; fruit; rice field; brains; tree; wood,田|木,2,naked,
斤,1206,ax,axe,,0,ax,
析,1207,chop,tree; wood; axe,木,1,chop,
所,1208,place,door; one; ceiling; flag; axe,一,1,place,
祈,1209,pray,altar; axe,,0,pray,
近,1210,near,axe; road,,0,near,
折,1211,fold,finger; fingers; axe,,0,fold,
哲,1212,philosophy,fold; finger; fingers; axe; mouth,口,1,philosophy,
逝,1213,departed,fold; finger; fingers; axe; road,,0,departed,
誓,1214,vow,fold; finger; fingers; axe; say; words; keitai; mouth,口,1,vow,
斬,1215,chop off,executioner; car; axe,,0,chop off,
暫,1216,temporarily,executioner; chop off; car; axe; sun;sun,1,,temporarily,
漸,1217,steadily,water; water droplets; water pistol; executioner; chop off; car; axe,水,1,steadily,
断,1218,severance,fishhook; rice; axe,,0,severance,
質,1219,substance,axe; shellfish; clam; oyster; eye; animal legs; eight,貝|目|legs|split,4,substance,
斥,1220,reject,axe; drop,丶,1,reject,
訴,1221,accusation,say; words; keitai; mouth; reject; axe; drop,口|丶,2,accusation,
昨,1222,yesterday,sun; saw,日,1,yesterday,
詐,1223,lie,say; words; keitai; mouth; saw,口,1,lie,
作,1224,make,person; saw,人,1,make,
雪,1225,snow,rain; weather; broom,,0,snow,
録,1226,record,metal; gold; dustpan; broom; grains of rice,金,1,record,
剥,1227,peel off,,,0,peel off,
尋,1228,inquire,broom; craft; mouth; glue,口,1,inquire,
急,1229,hurry,bound up; broom; heart,,0,hurry,
穏,1230,calm,wheat; cereal; hideaway; claw; vulture; broom; heart,,0,calm,
侵,1231,encroach,person; French maid; tickle; broom; crown; crotch,人,1,encroach,
浸,1232,immersed,water; water droplets; water pistol; French maid; tickle; broom; crown; crotch,水,1,immersed,
寝,1233,lie down,house; turtle; French maid; tickle; broom; crown; crotch,,0,lie down,
婦,1234,lady,woman; feather duster; broom; apron; crown; towel,女,1,lady,
掃,1235,sweep,finger; fingers; feather duster; broom; apron; crown; towel,,0,sweep,
当,1236,hit,small; broom,小,1,hit,
彙,1237,glossary,broken broom; mutual; crown; fruit; rice field; brains; tree; wood; broom*,田|木,2,glossary,
争,1238,contend,bound up; rake,,0,contend,
浄,1239,clean,water; water droplets; water pistol; contend; bound up; rake,水,1,clean,
事,1240,matter,one; ceiling; mouth; rake,一|口,2,matter,
唐,1241,T'ang,T’ang; cave; rake; mouth,口,1,T'ang,
糖,1242,sugar,rice; T’ang; cave; rake; mouth,口,1,sugar,
康,1243,sane,ease; cave; sieve; rake; grains of rice,,0,sane,
逮,1244,apprehend,sieve; rake; grains of rice; road,,0,apprehend,
伊,1245,Italy,italy; person; mop,人,1,Italy,
君,1246,old boy,mop; mouth,口,1,old boy,
群,1247,flock,old boy; mop; mouth; sheep,口,1,flock,
耐,1248,-proof,comb; glue,,0,-proof,
需,1249,demand,rain; weather; comb,,0,demand,
儒,1250,Confucian,confucian; person; demand; rain; weather; comb,人,1,Confucian,
端,1251,edge,vase; stand up; pick-axe; mountain; comb,,0,edge,
両,1252,both,street; nail; spike; belt; shovel,,0,both,
満,1253,full,water; water droplets; water pistol; flowers; both; street; nail; spike; belt; shovel,水,1,full,
画,1254,brush-stroke,one; ceiling; sprout; shoot; shovel,一,1,brush-stroke,
歯,1255,tooth,stop; footprint; bag of rice; shovel,,0,tooth,
曲,1256,bend,rice field; brains; stick,田,1,bend,
曹,1257,cadet,one; bend; sun;line; sun,2,,cadet,
遭,1258,encounter,cadet; one; bend; sun; road,一|日,2,encounter,
漕,1259,rowing,water; water droplets; water pistol; cadet; one; bend; sun;water; line; sun,3,,rowing,
槽,1260,vat,tree; wood; cadet; one; bend; sun;tree; line; sun,3,,vat,
斗,1261,Big Dipper,big dipper; measuring cup; big dipper; The Plough; drop; ten; needle,丶|十,2,Big Dipper,
料,1262,fee,rice; measuring cup; big dipper; The Plough; drop; ten; needle,丶|十,2,fee,
科,1263,department,wheat; cereal; measuring cup; big dipper; The Plough; drop; ten; needle,丶|十,2,department,
図,1264,map,pent in; measuring cup; big dipper; The Plough; drop; ten; needle,囗|丶|十,3,map,
用,1265,utilize,moon; walking stick,月,2,utilize,
庸,1266,comfortable,commonplace; cave; rake; screwdriver; utilise; utilize; moon; walking stick,月,2,comfortable,
備,1267,equip,person; flowers; cliff; screwdriver; utilise; utilize; moon; walking stick,人|cliff|月,4,equip,
昔,1268,once upon a time,salad; flowers; one; floor; sun;line; sun,2,,once upon a time,
錯,1269,confused,metal; gold; once upon a time; storyteller; salad; sun;metal; sun,2,,confused,
借,1270,borrow,person; once upon a time; storyteller; salad; sun;person; sun,2,,borrow,
惜,1271,pity,Freud; state of mind; once upon a time; storyteller; salad; sun;sun,1,,pity,
措,1272,set aside,finger; fingers; once upon a time; storyteller; salad; sun;sun,1,,set aside,
散,1273,scatter,salad; moon; taskmaster,月,2,scatter,
廿,1274,twenty,,,0,twenty,
庶,1275,commoner,caverns; cave; twenty; oven-fire; barbecue,,0,commoner,
遮,1276,intercept,commoner; caverns; cave; twenty; oven-fire; barbecue; road,,0,intercept,
席,1277,seat,caverns; cave; twenty; towel,,0,seat,
度,1278,degrees,caverns; cave; twenty; crotch,,0,degrees,
渡,1279,transit,water; water droplets; water pistol; degrees; caverns; cave; twenty; crotch,水,1,transit,
奔,1280,bustle,large; St. Bernard; haystack; ten; needle,十,1,bustle,
噴,1281,erupt,mouth; pitchfork; haystack; ten; needle; shellfish; clam; oyster; eye; animal legs; eight,口|十|貝|目|legs|split,6,erupt,
墳,1282,tomb,soil; dirt; ground; pitchfork; haystack; ten; needle; shellfish; clam; oyster; eye; animal legs; eight,土|十|貝|目|legs|split,6,tomb,
憤,1283,aroused,Freud; state of mind; pitchfork; haystack; ten; needle; shellfish; clam; oyster; eye; animal legs; eight,十|貝|目|legs|split,5,aroused,
焼,1284,bake,hearth fire; lofty; strawman; wickerman; haystack; ten; needle; one; human legs,十|一|legs,3,bake,
暁,1285,daybreak,sun; lofty; strawman; wickerman; haystack; ten; needle; one; human legs,日|十|一|legs,4,daybreak,
半,1286,half,small; ten; needle,小|十,2,half,
伴,1287,consort,person; half,人,1,consort,
畔,1288,paddy ridge,paddy-ridge; rice field; brains; half,田,1,paddy ridge,
判,1289,judgment,judgement; half; sword; sabre; saber,,0,judgment,
拳,1290,fist,quarter; hand,,0,fist,
券,1291,ticket,quarter; sword; dagger,,0,ticket,
巻,1292,scroll,quarter; snake; self,,0,scroll,
圏,1293,sphere,pent in; scroll; quarter; snake; self,囗,1,sphere,
勝,1294,victory,edam; moon; quarter; power; muscle; arnold,月,2,victory,
藤,1295,wisteria,flowers; edam; moon; quarter; grains of rice,月,2,wisteria,
謄,1296,facsimilie,mimeograph; facsimile; edam; moon; quarter; say; words; keitai; mouth,月|口,3,facsimilie,
片,1297,one-sided,waiter with wine on tray,,0,one-sided,
版,1298,printing block,one-sided; waiter with wine on tray; anti-; demonstration; cliff; crotch,cliff,1,printing block,
之,1299,of,Zorro; building blocks; zig-zag,,0,of,
乏,1300,destitution,drop; of; Zorro; building blocks; zig-zag,丶,1,destitution,
芝,1301,turf,flowers; of; Zorro; building blocks; zig-zag,,0,turf,
不,1302,negative,one; ceiling; person; drop,一|人|丶,3,negative,
否,1303,negate,negative; mouth,口,1,negate,
杯,1304,cupfuls,tree; wood; negative,木,1,cupfuls,
矢,1305,dart,drop; heavens,丶,1,dart,
矯,1306,rectify,dart; drop; heavens; angel; heavens; mouth; hood; mouth,丶|口,2,rectify,
族,1307,tribe,banner; direction; compass; direction; reclining; lying down; dart; drop; heavens,丶,1,tribe,
知,1308,know,dart; drop; heavens; mouth,丶|口,2,know,
智,1309,wisdom,know; dart; drop; heavens; mouth; sun; tongue wagging,丶|口|日,3,wisdom,
挨,1310,shove,finger; fingers; elbow; dart; drop; heavens,丶,1,shove,
矛,1311,halberd,beforehand,,0,halberd,
柔,1312,tender,halberd; beforehand; tree; wood,木,1,tender,
務,1313,task,halberd; beforehand; taskmaster; power; muscle; arnold,,0,task,
霧,1314,fog,rain; weather; task; halberd; beforehand; taskmaster; power; muscle; arnold,,0,fog,
班,1315,squad,sword; spear; cutlass; king; jewel; ball,ball,1,squad,
帰,1316,homecoming,sword; spear; cutlass; feather duster; broom; apron; crown; towel,,0,homecoming,
弓,1317,bow,,,0,bow,
引,1318,pull,bow; stick,,0,pull,
弔,1319,condolences,bow; walking stick,,0,condolences,
弘,1320,vast,bow; elbow,,0,vast,
強,1321,strong,bow; elbow; insect,,0,strong,
弥,1322,more and more,bow; hammock; reclining; lying down; small; little,小,1,more and more,
弱,1323,weak,bow; ice,,0,weak,
溺,1324,drowning,water; water droplets; water pistol; weak; bow; ice,水,1,drowning,
沸,1325,seethe,water; water droplets; water pistol; dollar; bow; stick,水,1,seethe,
費,1326,expense,dollar; bow; stick; shellfish; clam; oyster; eye; animal legs; eight,貝|目|legs|split,4,expense,
第,1327,No.,no.; bamboo; dollar; bow; stick,,0,No.,
弟,1328,younger brother,horns; dollar; bow; stick,horns,1,younger brother,
巧,1329,adroit,craft; snare,,0,adroit,
号,1330,nickname,mouth; snare,口,1,nickname,
朽,1331,decay,tree; wood; snare,木,1,decay,
誇,1332,boast,say; words; keitai; mouth; Batman; large; St. Bernard; chandelier; one; ceiling; snare,口|一,2,boast,
顎,1333,chin,mousetrap; mouth; one; ceiling; snare; head; page; one; ceiling; drop; shellfish; clam; oyster; eye; animal legs; eight,口|一|丶|貝|目|legs|split,7,chin,
汚,1334,dirty,water; water droplets; water pistol; snare; one; spike; stick,水|一,2,dirty,
与,1335,bestow,slingshot; catapult; one,一,1,bestow,
写,1336,copy,crown; bestow; slingshot; catapult; one,一,1,copy,
身,1337,somebody,nose,鼻,1,somebody,
射,1338,shoot,somebody; nose; glue,鼻,1,shoot,
謝,1339,apologize,say; words; keitai; mouth; shoot bang bang; somebody; nose; glue,口|鼻,2,apologize,
老,1340,old man,soil; dirt; ground; spoon; sitting on the ground,土,1,old man,
考,1341,consider,old man; slingshot; catapult,,0,consider,
孝,1342,filial piety,old man; child,子,1,filial piety,
教,1343,teach,filial piety; old man; child; taskmaster,子,1,teach,
拷,1344,torture,finger; fingers; consider; old man; slingshot; catapult,,0,torture,
者,1345,someone,puppet; sooty; old man; sun;sun,1,,someone,
煮,1346,boil,someone; puppet; sooty; old man; sun; oven-fire; barbecue,日,1,boil,
著,1347,renowned,flowers; someone; puppet; sooty; old man; sun;sun,1,,renowned,
箸,1348,chopsticks,bamboo; someone; puppet; sooty; old man; sun;sun,1,,chopsticks,
署,1349,signature,eye; cross-eyed; net; someone; puppet; sooty; old man; sun;eye; sun,2,,signature,
暑,1350,sultry,sun; someone; puppet; sooty; old man,日,1,sultry,
諸,1351,various,say; words; keitai; mouth; someone; puppet; sooty; old man; sun;mouth; sun,2,,various,
猪,1352,boar,pack of wild dogs; someone; puppet; sooty; old man; sun;sun,1,,boar,
渚,1353,strand,water; water droplets; water pistol; someone; puppet; sooty; old man; sun;water; sun,2,,strand,
賭,1354,gamble,shell; someone; puppet; sooty; old man; sun;shell; eye; legs; split; sun,5,,gamble,
峡,1355,gorge,mountain; scissors; husband; horns,horns,1,gorge,
狭,1356,cramped,pack of wild dogs; scissors; husband; horns,horns,1,cramped,
挟,1357,sandwiched,finger; fingers; scissors; husband; horns,horns,1,sandwiched,
頬,1358,cheek,,,0,cheek,
追,1359,chase,maestro; road,,0,chase,
阜,1360,large hill,maestro; ten; needle,十,1,large hill,
師,1361,expert,maestro; noren; one; ceiling; towel,一,1,expert,
帥,1362,commander,maestro; towel,,0,commander,
官,1363,bureaucrat,house; maestro without baton,,0,bureaucrat,
棺,1364,coffin,tree; wood; bureaucrat; house; maestro without baton,木,1,coffin,
管,1365,pipe,bamboo; bureaucrat; house; maestro without baton,,0,pipe,
父,1366,father,,,0,father,
釜,1367,cauldron,father; metal; gold,金,1,cauldron,
交,1368,mingle,top hat; father,lid,1,mingle,
効,1369,merit,mingle; top hat; father; power; muscle; arnold,lid,1,merit,
較,1370,contrast,car; mingle; top hat; father,lid,1,contrast,
校,1371,exam,tree; wood; mingle; top hat; father,木|lid,2,exam,
足,1372,leg,mouth; mending; mend,口,1,leg,
促,1373,stimulate,person; leg; mouth; mending; mend,人|口,2,stimulate,
捉,1374,nab,finger; fingers; leg; mouth; mend,口,1,nab,
距,1375,long-distance,wooden leg; mouth; stop; footprint; giant,口,1,long-distance,
路,1376,path,wooden leg; mouth; stop; footprint; each; walking legs; mouth,口,1,path,
露,1377,dew,rain; weather; path; wooden leg; mouth; stop; footprint; each; walking legs; mouth,口,1,dew,
跳,1378,hop,wooden leg; mouth; stop; footprint; portent; omen,口,1,hop,
躍,1379,leap,wooden leg; mouth; stop; footprint; futon; feathers; wings; turkey,口,1,leap,
践,1380,tread,wooden leg; mouth; stop; footprint; parade float,口,1,tread,
踏,1381,step,wooden leg; mouth; stop; footprint; wednesday; boots; water; sun;mouth; water; sun,3,,step,
踪,1382,trail,,,0,trail,
骨,1383,skeleton,joint; moon,月,2,skeleton,
滑,1384,slippery,water; water droplets; water pistol; skeleton; joint; moon,水|月,3,slippery,
髄,1385,marrow,skeleton; joint; moon; highwayman; possess; by one’s side; road,月,2,marrow,
禍,1386,calamity,altar; jawbone; joint; hood; mouth,口,1,calamity,
渦,1387,whirlpool,water; water droplets; water pistol; jawbone; joint; hood; mouth,水|口,2,whirlpool,
鍋,1388,pot,metal; gold; jawbone; joint; hood; mouth,金|口,2,pot,
過,1389,overdo,jawbone; joint; hood; mouth; road,口,1,overdo,
阪,1390,Heights,heights; pinnacle; parthenon; acropolis; anti-; demonstration; cliff; crotch,cliff,1,Heights,
阿,1391,Africa,africa; pinnacle; parthenon; acropolis; can; mouth; street; nail; spike,口,1,Africa,
際,1392,occasion,pinnacle; parthenon; acropolis; ritual; moon; crotch; altar; show; two; small,月|一|小,4,occasion,
障,1393,hinder,pinnacle; parthenon; acropolis; badge; vase; stand up; sunflower; early; sun; ten; needle,日|十,2,hinder,
隙,1394,chink,pinnacle; parthenon; acropolis; small; little; sun; little,小|日,2,chink,
随,1395,follow,pinnacle; parthenon; acropolis; highwayman; possess; by one’s side; moon; road,月,2,follow,
陪,1396,auxiliary,obeisance; pinnacle; parthenon; acropolis; muzzle; vase; stand up; mouth,口,1,auxiliary,
陽,1397,sunshine,pinnacle; parthenon; acropolis; piggy bank; sun; piglets,日,1,sunshine,
陳,1398,line up,exhibit; pinnacle; parthenon; acropolis; east; tree; wood; sun;tree; sun,2,,line up,
防,1399,ward off,pinnacle; parthenon; acropolis; compass; direction,,0,ward off,
附,1400,affixed,pinnacle; parthenon; acropolis; adhere; sellotape; person; glue,人,1,affixed,
院,1401,Inst.,pinnacle; parthenon; acropolis; perfect; house; beginnings; two; human legs,一|legs,2,Inst.,
陣,1402,camp,pinnacle; parthenon; acropolis; car,,0,camp,
隊,1403,regiment,pinnacle; parthenon; acropolis; animal horns; sow; pig; wart hog; regimental mascot,,0,regiment,
墜,1404,crash,regiment; pinnacle; parthenon; acropolis; animal horns; sow; pig; wart hog; regimental mascot; soil; dirt; ground,土,1,crash,
降,1405,descend,pinnacle; parthenon; acropolis; walking legs; sunglasses with one lens missing; monocle,,0,descend,
階,1406,story,storey; pinnacle; parthenon; acropolis; all; compare; spoon; sitting on the ground; white; dove,,0,story,
陛,1407,highness,pinnacle; parthenon; acropolis; compare; spoon; sitting on the ground; soil; dirt; ground,土,1,highness,
隣,1408,neighboring,neighbouring; pinnacle; parthenon; acropolis; shoeshine; rice; sunglasses; dancing legs; ballerina; evening,evening,1,neighboring,
隔,1409,isolate,pinnacle; parthenon; acropolis; tripod; one; ceiling; mouth; hood; human legs; street; nail; spike,一|口|legs,3,isolate,
隠,1410,conceal,pinnacle; parthenon; acropolis; hideaway; claw; vulture; broom; heart,,0,conceal,
堕,1411,degenerate,pinnacle; parthenon; acropolis; possess; by one’s side; moon; ground; soil; dirt; ground,月|土,3,degenerate,
陥,1412,collapse,pinnacle; parthenon; acropolis; straight-jacket; bound up; olden times; old days; stick; sun;sun,1,,collapse,
穴,1413,hole,house; eight,split,1,hole,
空,1414,empty,hole; house; human legs; craft,legs,1,empty,
控,1415,withdraw,finger; fingers; empty; sky; hole; house; human legs; craft,legs,1,withdraw,
突,1416,stab,hole; house; human legs; large; St. Bernard,legs,1,stab,
究,1417,research,hole; house; human legs; nine; baseball,legs|ball,2,research,
窒,1418,plug up,hole; house; human legs; climax; wall; one; ceiling; elbow; soil; dirt; ground,legs|一|土,3,plug up,
窃,1419,stealth,hole; house; human legs; cut; seven; sword; dagger,legs|cut,2,stealth,
窟,1420,cavern,hole; house; human legs; yield; flag; exit,legs,1,cavern,
窪,1421,depression,hole; house; human legs; water; water droplets; water pistol; ivy; square jewel; soil; dirt; ground,legs|水|土,3,depression,
搾,1422,squeeze,finger; fingers; tight; hole; house; human legs; saw,legs,1,squeeze,
窯,1423,kiln,hole; house; human legs; sheep; oven-fire; barbecue,legs,1,kiln,
窮,1424,hard up,hole; house; human legs; somebody; nose; bow,legs|鼻,2,hard up,
探,1425,grope,finger; fingers; paper punch; Miss World; hole; house; human legs; tree; wood,legs|木,2,grope,
深,1426,deep,water; water droplets; water pistol; paper punch; Miss World; hole; house; human legs; tree; wood,水|legs|木,3,deep,
丘,1427,hill,axe; one; floor,一,1,hill,
岳,1428,Point,point; hill; axe; one; floor; mountain,一,1,Point,
兵,1429,soldier,hill; axe; one; floor; animal legs; eight,一|legs|split,3,soldier,
浜,1430,seacoast,water; water droplets; water pistol; soldier; hill; axe; one; floor; animal legs; eight,水|一|legs|split,4,seacoast,
糸,1431,thread,spiderman,thread,1,thread,
織,1432,weave,thread; spiderman; kazoo; sound; vase; stand up; sun; fiesta,糸|日,2,weave,
繕,1433,darning,thread; spiderman; virtuous; sheep; horns; mouth,糸|horns|口,3,darning,
縮,1434,shrink,thread; spiderman; inn; house; person; hundred; one; ceiling; white; dove,糸|人|一,3,shrink,
繁,1435,luxuriant,cleverness; reclining; lying down; mother; breasts; taskmaster; thread; spiderman,女|体|糸,3,luxuriant,
縦,1436,vertical,thread; spiderman; accompany; Nelson; column; going; line; horns; mend,糸|一|horns,3,vertical,
緻,1437,fine,,,0,fine,
線,1438,line,thread; spiderman; spring; white; dove; water,糸|水,2,line,
綻,1439,come apart at the seams,thread; spiderman; determine; determined; house; mend,糸,1,come apart at the seams,
締,1440,tighten,thread; spiderman; sovereign; vase; stand up; apron; crown; towel,糸,1,tighten,
維,1441,fiber,thread; spiderman; turkey,糸,1,fiber,
羅,1442,gauze,eye; cross-eyed; net; fibre; thread; spiderman; turkey,目|糸,2,gauze,
練,1443,practice,thread; spiderman; east; tree; wood; sun;thread; tree; sun,3,,practice,
緒,1444,thong,thread; spiderman; someone; puppet; sooty; old man; sun;thread; sun,2,,thong,
続,1445,continue,thread; spiderman; sell; samurai; crown; human legs,糸|legs,2,continue,
絵,1446,picture,thread; spiderman; meeting; one; wall; umbrella; rising cloud; two; elbow; wall,糸|一,2,picture,
統,1447,overall,thread; spiderman; allot; infant; toddler; top hat; elbow; human legs,糸|lid|legs,3,overall,
絞,1448,strangle,thread; spiderman; mingle; top hat; father,糸|lid,2,strangle,
給,1449,salary,thread; spiderman; fit; meeting; umbrella; one; mouth,糸|一|口,3,salary,
絡,1450,entwine,thread; spiderman; each; walking legs; mouth,糸|口,2,entwine,
結,1451,tie,thread; spiderman; aerosol; samurai; mouth,糸|口,2,tie,
終,1452,end,thread; spiderman; winter; walking legs; ice; drop,糸|丶,2,end,
級,1453,class,thread; spiderman; reach out; outstretched hands,糸,1,class,
紀,1454,chronicle,thread; spiderman; snake; self,糸,1,chronicle,
紅,1455,crimson,thread; spiderman; craft,糸,1,crimson,
納,1456,settlement,thread; spiderman; inside; person; belt,糸|人,2,settlement,
紡,1457,spinning,thread; spiderman; compass; direction,糸,1,spinning,
紛,1458,distract,thread; spiderman; part; eight; sword; dagger,糸|split,2,distract,
紹,1459,introduce,thread; spiderman; summon; seduce; sword; dagger; mouth,糸|口,2,introduce,
経,1460,sutra,thread; spiderman; spool; clod; toilet paper; crotch; soil; dirt; ground,糸|土,2,sutra,
紳,1461,sire,thread; spiderman; monkey; sun; stick,糸|日,2,sire,
約,1462,promise,thread; spiderman; ladle,糸,1,promise,
細,1463,dainty,thread; spiderman; rice field; brains,糸|田,2,dainty,
累,1464,accumulate,rice field; brains; thread; spiderman,田|糸,2,accumulate,
索,1465,cord,bishop; cross; ten; needle; crown; thread; spiderman,十|糸,2,cord,
総,1466,general,thread; spiderman; public; eight; elbows; heart,糸|split,2,general,
綿,1467,cotton,thread; spiderman; napkin; white; dove; towel,糸,1,cotton,
絹,1468,silk,thread; spiderman; mouth; moon,糸|口|月,4,silk,
繰,1469,winding,thread; spiderman; furniture; goods; mouth; tree; wood,糸|口|木,3,winding,
継,1470,inherit,thread; spiderman; rice; fishhook,糸,1,inherit,
緑,1471,green,thread; spiderman; dustpan; broom; grains of rice,糸,1,green,
縁,1472,affinity,thread; spiderman; broom; sow; pig,糸,1,affinity,
網,1473,netting,thread; spiderman; glass jar; hood; horns; one; deceased; perish; top hat; fishhook,糸|horns|一|lid,4,netting,
緊,1474,tense,loincloth; retainer; slave; crotch; thread; spiderman,糸,1,tense,
紫,1475,purple,Prince; this here; stop; footprint; spoon; sitting on the ground; thread; spiderman,糸,1,purple,
縛,1476,truss,thread; spiderman; acupuncturist; specialty; drop; ten; needle; rice field; brains; glue,糸|丶|十|田,4,truss,
縄,1477,straw rope,thread; spiderman; eels; sun;thread; sun,2,,straw rope,
幼,1478,infancy,cocoon; power; muscle; arnold,,0,infancy,
後,1479,behind,Nelson; column; going; line; cocoon; walking legs,一,1,behind,
幽,1480,faint,seclude; cocoon; mountain,,0,faint,
幾,1481,how many,cocoon; person; fiesta,人,1,how many,
機,1482,mechanism,tree; wood; abacus; how many; cocoon; person; fiesta,木|人,2,mechanism,
畿,1483,capital suburbs,cocoon; rice field; brains; fiesta,田,1,capital suburbs,
玄,1484,mysterious,top hat; cocoon,lid,1,mysterious,
畜,1485,livestock,mysterious; top hat; cocoon; rice field; brains,lid|田,2,livestock,
蓄,1486,amass,flowers; livestock; mysterious; top hat; cocoon; rice field; brains,lid|田,2,amass,
弦,1487,bowstring,bow; mysterious; top hat; cocoon,lid,1,bowstring,
擁,1488,hug,finger; fingers; mysterious; top hat; cocoon; turkey,lid,1,hug,
滋,1489,nourishing,water; water droplets; water pistol; double-mysterious; mothballs; horns; one; cocoon,水|horns|一,3,nourishing,
慈,1490,mercy,double-mysterious; mothballs; horns; one; cocoon; heart,horns|一,2,mercy,
磁,1491,magnet,stone; rock; double-mysterious; mothballs; horns; one; cocoon,石|horns|一,3,magnet,
系,1492,lineage,stick; drop; thread; spiderman,丶|糸,2,lineage,
係,1493,person in charge,person; lineage; drop; thread; spiderman,人|丶|糸,3,person in charge,
孫,1494,grandchild,child; lineage; drop; thread; spiderman,子|丶|糸,3,grandchild,
懸,1495,suspend,prefecture; eye; fishhook; small; little; lineage; stick; drop; thread; spiderman; heart,目|小|丶|糸,4,suspend,
遜,1496,modest,grandchild; child; lineage; drop; thread; spiderman; road,子|丶|糸,3,modest,
却,1497,instead,gone; soil; dirt; ground; elbow; stamp,土,1,instead,
脚,1498,shins,skids; moon; instead; gone; soil; dirt; ground; elbow; stamp,月|土,3,shins,
卸,1499,wholesale,horseshoe; horse; pantomime horse; noon; sign of the horse; stop; footprint; stamp,,0,wholesale,
御,1500,honorable,Nelson; column; going; line; wholesale; horseshoe; pantomime horse; noon; sign of the horse; stop; footprint; stamp,一,1,honorable,
服,1501,clothing,moon; underpants; stamp; crotch,月,2,clothing,
命,1502,fate,fit; meeting; umbrella; one; mouth; stamp,一|口,2,fate,
令,1503,orders,meeting; chop-seal; hanko,,0,orders,
零,1504,zero,rain; weather; orders; meeting; chop-seal; hanko,,0,zero,
齢,1505,age,teeth; tooth; stop; footprint; rice; shovel; orders; meeting; chop-seal; hanko,,0,age,
冷,1506,cool,ice; orders; meeting; chop-seal; hanko,,0,cool,
領,1507,jurisdiction,orders; meeting; chop-seal; hanko; head; page; one; ceiling; drop; shellfish; clam; oyster; eye; animal legs; eight,一|丶|貝|目|legs|split,6,jurisdiction,
鈴,1508,small bell,metal; gold; orders; meeting; chop-seal; hanko,金,1,small bell,
勇,1509,courage,chop-seal; hanko; male; rice field; brains; power; muscle; arnold,田,1,courage,
湧,1510,bubble up,water; water droplets; water pistol; courageous; courage; chop-seal; hanko; male; rice field; brains; power; muscle; arnold,水|田,2,bubble up,
通,1511,traffic,pogo stick; chop-seal; hanko; utilise; utilize; road,,0,traffic,
踊,1512,jump,wooden leg; mouth; stop; footprint; pogo stick; chop-seal; hanko; utilise; utilize,口,1,jump,
疑,1513,doubt,spoon; sitting on the ground; dart; drop; heavens; chop-seal; hanko; zoo; critters,丶,1,doubt,
擬,1514,mimic,finger; fingers; doubt; spoon; sitting on the ground; dart; drop; heavens; chop-seal; hanko; zoo; critters,丶,1,mimic,
凝,1515,congeal,ice; doubt; spoon; sitting on the ground; dart; drop; heavens; chop-seal; hanko; zoo; critters,丶,1,congeal,
範,1516,pattern,bamboo; car; fingerprint,,0,pattern,
犯,1517,crime,pack of wild dogs; fingerprint,,0,crime,
氾,1518,widespread,water; water droplets; water pistol; fingerprint,水,1,widespread,
厄,1519,unlucky,cliff; fingerprint,cliff,1,unlucky,
危,1520,dangerous,bound up; unlucky; cliff; fingerprint,cliff,1,dangerous,
宛,1521,address,house; mailbox; evening; fingerprint,evening,1,address,
腕,1522,arm,moon; address; house; mailbox; evening; fingerprint,月|evening,3,arm,
苑,1523,garden,flowers; mailbox; evening; fingerprint,evening,1,garden,
怨,1524,grudge,mailbox; evening; fingerprint; heart,evening,1,grudge,
柳,1525,willow,tree; wood; blown eggs; sign of the hare; receipt; stamp,木,1,willow,
卵,1526,egg,sign of the hare; receipt; stamp; drops,,0,egg,
留,1527,detain,receipt; sword; dagger; rice field; brains,田,1,detain,
瑠,1528,marine blue,king; jewel; ball; detain; receipt; dagger; sword; rice field; brains,ball|田,2,marine blue,
貿,1529,trade,receipt; sword; dagger; shellfish; clam; oyster; eye; animal legs; eight,貝|目|legs|split,4,trade,
印,1530,stamp,staples,,0,stamp,
臼,1531,mortar,back to back staples,,0,mortar,
毀,1532,break,mortar; soil; dirt; ground; cruise missile; missile; wind; crotch,土,1,break,
興,1533,entertain,staples; same; monks; hood; one; mouth; tool; animal legs; eight,一|口|legs|split,4,entertain,
酉,1534,sign of the bird,whiskey bottle; west; one,一,1,sign of the bird,
酒,1535,sake,water; water droplets; water pistol; whiskey bottle,水,1,sake,
酌,1536,bartending,whiskey bottle; ladle,,0,bartending,
酎,1537,hooch,whiskey bottle; glue,,0,hooch,
酵,1538,fermentation,whiskey bottle; filial piety; old man; child,子,1,fermentation,
酷,1539,cruel,whiskey bottle; revelation; cow; mouth,口,1,cruel,
酬,1540,repay,whiskey bottle; state; stream; drop,丶,1,repay,
酪,1541,dairy products,whiskey bottle; each; walking legs; mouth,口,1,dairy products,
酢,1542,vinegar,whiskey bottle; saw,,0,vinegar,
酔,1543,drunk,whiskey bottle; ninety; nine; baseball; ten; needle,ball|十,2,drunk,
配,1544,distribute,whiskey bottle; snake; self,,0,distribute,
酸,1545,acid,whiskey bottle; streetwalker; Ministry of silly walks; John Cleese; license; elbow; human legs; walking legs,legs,1,acid,
猶,1546,waver,furthermore; pack of wild dogs; chieftain; Molotov cocktail; animal horns; whiskey bottle,,0,waver,
尊,1547,revered,chieftain; Molotov cocktail; animal horns; whiskey bottle; glue,,0,revered,
豆,1548,beans,table; one; mouth,一|口,2,beans,
頭,1549,head,beans; table; one; mouth; page; one; ceiling; drop; shellfish; clam; oyster; eye; animal legs; eight,一|口|丶|貝|目|legs|split,7,head,
短,1550,short,dart; drop; heavens; beans; table; one; mouth,丶|一|口,3,short,
豊,1551,bountiful,bend; beans; table; one; mouth,一|口,2,bountiful,
鼓,1552,drum,samurai; beans; table; one; mouth; branch; ten; needle; crotch,一|口|十,3,drum,
喜,1553,rejoice,drum; samurai; beans; table; one; mouth; mouth,一|口,2,rejoice,
樹,1554,timber-trees,tree; wood; drum; samurai; beans; table; one; mouth; glue,木|一|口,3,timber-trees,
皿,1555,dish,,,0,dish,
血,1556,blood,drop; dish,丶,1,blood,
盆,1557,basin,part; eight; sword; dagger; dish,split,1,basin,
盟,1558,alliance,bright; sun; moon; dish,日|月,3,alliance,
盗,1559,steal,next; ice; lack; yawn; dish,,0,steal,
温,1560,warm,water; water droplets; water pistol; sun; dish,水|日,2,warm,
蓋,1561,lid,flowers; gone; soil; dirt; ground; elbow; dish,土,1,lid,
監,1562,oversee,retainer; slave; reclining; lying down; one; floor; dish,一,1,oversee,
濫,1563,overflow,water; water droplets; water pistol; oversee; retainer; slave; reclining; lying down; one; floor; dish,水|一,2,overflow,
鑑,1564,specimen,metal; gold; oversee; retainer; slave; reclining; lying down; one; floor; dish,金|一,2,specimen,
藍,1565,indigo,flowers; oversee; retainer; slave; reclining; lying down; one; floor; dish,一,1,indigo,
猛,1566,fierce,pack of wild dogs; child; dish,子,1,fierce,
盛,1567,boom,turn into; dish,,0,boom,
塩,1568,salt,soil; dirt; ground; reclining; lying down; mouth; dish,土|口,2,salt,
銀,1569,silver,metal; gold,金,1,silver,
恨,1570,resentment,regret; Freud; state of mind; silver,,0,resentment,
根,1571,root,tree; wood; silver,木,1,root,
即,1572,instant,silver; stamp,,0,instant,
爵,1573,baron,claw; vulture; net; eye; silver; glue,目,1,baron,
節,1574,node,bamboo; instant; silver; stamp,,0,node,
退,1575,retreat,road; silver,,0,retreat,
限,1576,limit,pinnacle; parthenon; acropolis; silver,,0,limit,
眼,1577,eyeball,eye; silver,目,1,eyeball,
良,1578,good,drop; silver,丶,1,good,
朗,1579,melodious,halo; drop; silver; moon,丶|月,3,melodious,
浪,1580,wandering,water; water droplets; water pistol; halo; drop; silver,水|丶,2,wandering,
娘,1581,daughter,woman; halo; drop; silver,女|丶,2,daughter,
食,1582,eat,food; umbrella; good; halo; drop; silver,丶,1,eat,
飯,1583,meal,eat; food; umbrella; good; halo; drop; silver; anti-; demonstration; cliff; crotch,丶|cliff,2,meal,
飲,1584,drink,eat; food; umbrella; good; halo; drop; silver; lack; yawn,丶,1,drink,
飢,1585,hungry,eat; food; umbrella; good; halo; drop; silver; wind,丶,1,hungry,
餓,1586,starve,eat; food; umbrella; good; halo; drop; silver; ego; hand; fiesta,丶,1,starve,
飾,1587,decorate,eat; food; umbrella; good; halo; drop; silver; reclining; lying down; towel,丶,1,decorate,
餌,1588,feed,eat; food; umbrella; good; halo; drop; silver; ear,丶,1,feed,
館,1589,Bldg.,eat; food; umbrella; good; halo; drop; silver; bureaucrat; house; maestro without baton,丶,1,Bldg.,
餅,1590,mochi,eat; food; umbrella; good; halo; drop; silver; puzzle; horns; two hands,丶|horns,2,mochi,
養,1591,foster,sheep; eat; food; umbrella; good; halo; drop; silver,丶,1,foster,
飽,1592,sated,eat; food; umbrella; good; halo; drop; silver; wrap; bound up; snake; self,丶,1,sated,
既,1593,previously,silver; waitress,,0,previously,
概,1594,outline,roots; tree; wood; silver; waitress; previously,木,1,outline,
慨,1595,rue,regret; resentment; Freud; state of mind; silver; waitress; previously,,0,rue,
平,1596,even,water-lily; lily pad,,0,even,
呼,1597,call,mouth; even; water-lily; lily pad; question mark,口,1,call,
坪,1598,two-mat area,soil; dirt; ground; even; water-lily; lily pad,土,1,two-mat area,
評,1599,evaluate,say; words; keitai; mouth; even; water-lily; lily pad,口,1,evaluate,
刈,1600,reap,sheaf; sword; sabre; saber,,0,reap,
刹,1601,moment,sheaf; tree; wood; sword; sabre; saber,木,1,moment,
希,1602,hope,sheaf; linen; by one’s side; towel,,0,hope,
凶,1603,villain,sheaf; shovel,,0,villain,
胸,1604,bosom,moon; bound up; villain; sheaf; shovel,月,2,bosom,
離,1605,detach,sheik; top hat; villain; sheaf; shovel; belt; elbow; turkey,lid,1,detach,
璃,1606,crystal,king; jewel; ball; sheik; top hat; villain; sheaf; shovel; belt; elbow,ball|lid,2,crystal,
殺,1607,kill,sheaf; tree; wood; cruise missile; missile; wind; crotch,木,1,kill,
爽,1608,bracing,large; St. Bernard; sheaf,,0,bracing,
純,1609,genuine,thread; spiderman; earthworm; drop; shovel; fishhook,糸|丶,2,genuine,
頓,1610,immediate,earthworm; drop; shovel; fishhook; head; page; one; ceiling; drop; shellfish; clam; oyster; eye; animal legs; eight,丶|一|貝|目|legs|split,6,immediate,
鈍,1611,dull,metal; gold; earthworm; drop; shovel; fishhook,金|丶,2,dull,
辛,1612,spicy,stand up; vase; ten; needle,十,1,spicy,
辞,1613,resign,tongue; thousand; mouth; spicy; stand up; vase; ten; needle,口|十,2,resign,
梓,1614,catalpa,tree; wood; spicy; stand up; vase; ten; needle,木|十,2,catalpa,
宰,1615,superintend,house; spicy; stand up; vase; ten; needle,十,1,superintend,
壁,1616,wall,ketchup; flag; mouth; spicy; stand up; vase; ten; needle; soil; dirt; ground,口|十|土,3,wall,
璧,1617,holed gem,,,0,holed gem,
避,1618,evade,ketchup; flag; mouth; spicy; stand up; vase; ten; needle; road,口|十,2,evade,
新,1619,new,red pepper; stand up; vase; tree; wood; axe,木,1,new,
薪,1620,firewood,fuel; flowers; new; red pepper; stand up; vase; tree; wood; axe,木,1,firewood,
親,1621,parent,red pepper; stand up; vase; tree; wood; see; telescope; eye; human legs,木|目|legs,3,parent,
幸,1622,happiness,ten; needle; stand up; vase; ten; needle,十,1,happiness,
執,1623,tenacious,happiness; ten; needle; stand up; vase; fat man; musashimaru; nine; baseball; drop,十|ball|丶,3,tenacious,
摯,1624,clasp,,,0,clasp,
報,1625,report,happiness; ten; needle; stand up; vase; underpants; stamp; crotch,十,1,report,
叫,1626,shout,mouth; cornucopia,口,1,shout,
糾,1627,twist,thread; spiderman; cornucopia,糸,1,twist,
収,1628,income,cornucopia; crotch,,0,income,
卑,1629,lowly,Wayne Slob; drop; rice field; brains; cornucopia; ten; needle,丶|田|十,3,lowly,
碑,1630,tombstone,stone; rock; lowly; Wayne Slob; drop; rice field; brains; cornucopia; ten; needle,石|丶|田|十,4,tombstone,
陸,1631,land,pinnacle; parthenon; acropolis; mini-tractor; rice seedlings; soil; dirt; ground; human legs,土|legs,2,land,
睦,1632,intimate,eye; mini-tractor; rice seedlings; soil; dirt; ground; human legs,目|土|legs,3,intimate,
勢,1633,forces,mini-tractor; rice seedlings; soil; dirt; ground; human legs; fat man; musashimaru; round; nine; baseball; drop; power; muscle; arnold,土|legs|ball|丶,4,forces,
熱,1634,heat,mini-tractor; rice seedlings; soil; dirt; ground; human legs; fat man; musashimaru; round; nine; baseball; drop; oven-fire; barbecue,土|legs|ball|丶,4,heat,
菱,1635,diamond,flowers; Mao; soil; dirt; ground; human legs; walking legs,土|legs,2,diamond,
陵,1636,mausoleum,pinnacle; parthenon; acropolis; Mao; soil; dirt; ground; human legs; walking legs,土|legs,2,mausoleum,
亥,1637,sign of the hog,acorn; top hat,lid,1,sign of the hog,
核,1638,nucleus,tree; wood; sign of the hog; acorn; top hat,木|lid,2,nucleus,
刻,1639,engrave,sign of the hog; acorn; top hat; sword; sabre; saber,lid,1,engrave,
該,1640,above-stated,say; words; keitai; mouth; sign of the hog; acorn; top hat,口|lid,2,above-stated,
骸,1641,remains,skeleton; joint; moon; sign of the hog; acorn; top hat,月|lid,3,remains,
劾,1642,censure,sign of the hog; acorn; top hat; power; muscle; arnold,lid,1,censure,
述,1643,mention,resin; pole; road,,0,mention,
術,1644,art,boulevard; going; resin; pole,,0,art,
寒,1645,cold,Baba Yaga’s hut; house; celery; animal legs; ice,legs,1,cold,
塞,1646,block up,Baba Yaga’s hut; house; celery; animal legs; soil; dirt; ground,legs|土,2,block up,
醸,1647,brew,whiskey bottle; grass skirt; top hat; eight; six; animal legs; celery; scarf,lid|split|legs,3,brew,
譲,1648,defer,say; words; keitai; mouth; grass skirt; top hat; eight; six; animal legs; celery; scarf,口|lid|split|legs,4,defer,
壌,1649,lot,soil; dirt; ground; grass skirt; top hat; eight; six; animal legs; celery; scarf,土|lid|split|legs,4,lot,
嬢,1650,lass,woman; grass skirt; top hat; eight; six; animal legs; celery; scarf,女|lid|split|legs,4,lass,
毒,1651,poison,grow up; mother; breasts,女|体,2,poison,
素,1652,elementary,grow up; thread; spiderman,糸,1,elementary,
麦,1653,barley,grow up; walking legs,,0,barley,
青,1654,blue,grow up; moon; flesh,月,2,blue,
精,1655,refined,rice; blue; grow up; moon; flesh,月,2,refined,
請,1656,solicit,say; words; keitai; mouth; blue; grow up; moon; flesh,口|月,3,solicit,
情,1657,feelings,Freud; state of mind; blue; grow up; moon; flesh,月,2,feelings,
晴,1658,clear up,sun; blue; grow up; moon; flesh,日|月,3,clear up,
清,1659,pure,water; water droplets; water pistol; blue; grow up; moon; flesh,水|月,3,pure,
静,1660,quiet,blue; grow up; moon; flesh; contend; bound up; rake,月,2,quiet,
責,1661,blame,grow up; shellfish; clam; oyster; eye; animal legs; eight,貝|目|legs|split,4,blame,
績,1662,exploits,thread; spiderman; blame; grow up; shellfish; clam; oyster; eye; animal legs; eight,糸|貝|目|legs|split,5,exploits,
積,1663,volume,wheat; cereal; blame; grow up; shellfish; clam; oyster; eye; animal legs; eight,貝|目|legs|split,4,volume,
債,1664,bond,person; blame; grow up; shellfish; clam; oyster; eye; animal legs; eight,人|貝|目|legs|split,5,bond,
漬,1665,pickling,water; water droplets; water pistol; blame; grow up; shellfish; clam; oyster; eye; animal legs; eight,水|貝|目|legs|split,5,pickling,
表,1666,surface,grow up; scarf,,0,surface,
俵,1667,bag,person; surface; grow up; scarf,人,1,bag,
潔,1668,undefiled,water; water droplets; water pistol; flick knife; grow up; sword; dagger; thread; spiderman,水|糸,2,undefiled,
契,1669,pledge,flick knife; grow up; dagger; large; St. Bernard,,0,pledge,
喫,1670,consume,mouth; pledge; flick knife; grow up; dagger; large; St. Bernard,口,1,consume,
害,1671,harm,mansion; house; grow up; mouth,口,1,harm,
轄,1672,control,car; harm; mansion; house; grow up; mouth,口,1,control,
割,1673,proportion,harm; mansion; house; grow up; mouth; sword; sabre; saber,口,1,proportion,
憲,1674,constitution,mansion; house; grow up; eye; cross-eyed; net; heart,目,1,constitution,
生,1675,life,This is Your Life; cell; drop; grow up,丶,1,life,
星,1676,star,sun; life; This is Your Life; cell; drop; grow up,日|丶,2,star,
醒,1677,awakening,whiskey bottle; star; sun; life; This is Your Life; cell; drop; grow up,日|丶,2,awakening,
姓,1678,surname,woman; life; This is Your Life; cell; drop; grow up,女|丶,2,surname,
性,1679,sex,Freud; state of mind; life; This is Your Life; cell; drop; grow up,丶,1,sex,
牲,1680,animal sacrifice,cow; life; This is Your Life; cell; drop; grow up,丶,1,animal sacrifice,
産,1681,products,vase; stand up; cliff; life; This is Your Life; cell; drop; grow up,cliff|丶,2,products,
隆,1682,hump,pinnacle; parthenon; acropolis; walking legs; life; This is Your Life; cell; drop; grow up,丶,1,hump,
峰,1683,summit,mountain; Segway; Macbeth; walking legs; bushes,,0,summit,
蜂,1684,bee,insect; Segway; Macbeth; walking legs; bushes,,0,bee,
縫,1685,sew,thread; spiderman; tryst; Segway; Macbeth; walking legs; bushes; road,糸,1,sew,
拝,1686,worship,finger; fingers; one; ceiling; bushes,一,1,worship,
寿,1687,longevity,bushes; glue,,0,longevity,
鋳,1688,casting,metal; gold; longevity; bushes; glue,金,1,casting,
籍,1689,enroll,bamboo; christmas tree; wood; once upon a time; storyteller,木,1,enroll,
春,1690,springtime,bonsai; sun;sun,1,,springtime,
椿,1691,camellia,tree; wood; springtime; bonsai; sun;tree; sun,2,,camellia,
泰,1692,peaceful,bonsai; grains of rice,,0,peaceful,
奏,1693,play music,bonsai; heavens,,0,play music,
実,1694,reality,house; bonsai,,0,reality,
奉,1695,dedicate,observance; bonsai; cornstalk,,0,dedicate,
俸,1696,stipend,person; observance; dedicate; bonsai; cornstalk,人,1,stipend,
棒,1697,rod,tree; wood; observance; dedicate; bonsai; cornstalk,木,1,rod,
謹,1698,discreet,say; words; keitai; mouth; cabbage; flowers; mouth; grow up,口,1,discreet,
僅,1699,trifle,person; cabbage; flowers; mouth; grow up,人|口,2,trifle,
勤,1700,diligence,cabbage; flowers; mouth; grow up; power; muscle; arnold,口,1,diligence,
漢,1701,Sino-,sino; water; water droplets; water pistol; scarecrow; flowers; mouth; husband,水|口,2,Sino-,
嘆,1702,sigh,mouth; scarecrow; flowers; mouth; husband,口,1,sigh,
難,1703,difficult,scarecrow; flowers; mouth; husband; turkey,口,1,difficult,
華,1704,splendor,flowers; silage; ten; needle,十,1,splendor,
垂,1705,droop,drop; silage; walking cane; stick; one; floor,丶|一,2,droop,
唾,1706,saliva,mouth; droop; drop; silage; one; floor,口|丶|一,3,saliva,
睡,1707,drowsy,eye; droop; drop; silage; walking cane; stick; one; floor,目|丶|一,3,drowsy,
錘,1708,spindle,metal; gold; droop; drop; silage; walking cane; stick; one; floor,金|丶|一,3,spindle,
乗,1709,ride,wheat; cereal; silage,,0,ride,
剰,1710,surplus,ride; wheat; cereal; silage; sword; sabre; saber,,0,surplus,
今,1711,now,meeting; umbrella; one,一,1,now,
含,1712,include,now; clock; mouth,口,1,include,
貪,1713,covet,,,0,covet,
吟,1714,versify,mouth; now; clock,口,1,versify,
念,1715,wish,now; clock; heart,,0,wish,
捻,1716,wrench,finger; fingers; wish; wishbone; now; clock; heart,,0,wrench,
琴,1717,harp,king; jewel; ball; now; clock,ball,1,harp,
陰,1718,shade,pinnacle; parthenon; acropolis; now; clock; rising cloud; two; elbow; wall,一,1,shade,
予,1719,beforehand,halberd with stroke missing,,0,beforehand,
序,1720,preface,cave; beforehand,,0,preface,
預,1721,deposit,beforehand; head; page; one; ceiling; drop; shellfish; clam; oyster; eye; animal legs; eight,一|丶|貝|目|legs|split,6,deposit,
野,1722,plains,computer; beforehand,,0,plains,
兼,1723,concurrently,animal horns; rake; stick,,0,concurrently,
嫌,1724,dislike,woman; concurrently; animal horns; rake,女,1,dislike,
鎌,1725,sickle,metal; gold; concurrently; animal horns; rake,金,1,sickle,
謙,1726,self-effacing,say; words; keitai; mouth; concurrently; animal horns; rake,口,1,self-effacing,
廉,1727,bargain,cave; concurrently; animal horns; rake,,0,bargain,
西,1728,west,one; four,一,1,west,
価,1729,value,person; old west,人,1,value,
要,1730,need,old west; woman,女,1,need,
腰,1731,loins,moon; need; old west; woman,月|女,3,loins,
票,1732,ballot,old west; altar; show; two; small,一|小,2,ballot,
漂,1733,drift,water; water droplets; water pistol; ballot; old west; altar; show; two; small,水|一|小,3,drift,
標,1734,signpost,tree; wood; ballot; old west; altar; show; two; small,木|一|小,3,signpost,
栗,1735,chestnut,old west; tree; wood,木,1,chestnut,
慄,1736,shudder,,,0,shudder,
遷,1737,transition,old west; large; St. Bernard; snake; self; road,,0,transition,
覆,1738,capsize,old west; restore; Nelson; column; going; line; fold back; double back; reclining; lying down; sun; walking legs,一|日,2,capsize,
煙,1739,smoke,hearth fire; old west; soil; dirt; ground,土,1,smoke,
南,1740,south,ten; needle; belt; happiness; ten; needle; stand up; vase,十,1,south,
楠,1741,camphor tree,tree; wood; south; ten; needle; belt; happiness; ten; needle; stand up; vase,木|十,2,camphor tree,
献,1742,offering,south; ten; needle; belt; happiness; ten; needle; stand up; vase; chihuahua; dog; large; drop,十|丶,2,offering,
門,1743,gates,,,0,gates,
問,1744,question,gates; mouth,口,1,question,
閲,1745,review,gates; devil; horns; elder brother; teenager; mouth; human legs,horns|口|legs,3,review,
閥,1746,clique,gates; fell; person; fiesta,人,1,clique,
間,1747,interval,gates; sun;sun,1,,interval,
闇,1748,pitch dark,gates; sound; vase; stand up; sun;sun,1,,pitch dark,
簡,1749,simplicity,bamboo; interval; gates; sun;sun,1,,simplicity,
開,1750,open,gates; two hands,,0,open,
閉,1751,closed,gates; genie,,0,closed,
閣,1752,tower,gates; each; walking legs; mouth,口,1,tower,
閑,1753,leisure,gates; tree; wood,木,1,leisure,
聞,1754,hear,gates; ear,,0,hear,
潤,1755,wet,water; water droplets; water pistol; intercalate; gates; king; jewel; ball,水|ball,2,wet,
欄,1756,column,tree; wood; gates; east; tree; wood; sun;tree; sun,2,,column,
闘,1757,fight,gates; beans; table; one; mouth; glue,一|口,2,fight,
倉,1758,godown,meeting; single gate; umbrella; stable door; mouth,口,1,godown,
創,1759,genesis,godown; meeting; single gate; umbrella; stable door; mouth; sword; sabre; saber,口,1,genesis,
非,1760,un-,jail cell; prison bars,,0,un-,
俳,1761,haiku,person; un-; jail cell; prison bars,人,1,haiku,
排,1762,repudiate,finger; fingers; un-; jail cell; prison bars,,0,repudiate,
悲,1763,sad,un-; jail cell; prison bars; heart,,0,sad,
罪,1764,guilt,eye; cross-eyed; net; un-; jail cell; prison bars,目,1,guilt,
輩,1765,comrade,un-; jail cell; prison bars; car,,0,comrade,
扉,1766,front door,door; one; ceiling; flag; un-; jail cell; prison bars,一,1,front door,
侯,1767,marquis,person; key; dart; drop; heavens,人|丶,2,marquis,
喉,1768,throat,mouth; marquis; person; key; dart; drop; heavens,口|人|丶,3,throat,
候,1769,climate,marquis; person; stick; fred astaire; key; dart; drop; heavens,人|丶,2,climate,
決,1770,decide,water; water droplets; water pistol; guillotine; key; St. Bernard,水,1,decide,
快,1771,cheerful,Freud; state of mind; guillotine; key; St. Bernard,,0,cheerful,
偉,1772,admirable,person; locket; stick; key; mouth; monocle; sunglasses with one lens missing,人|口,2,admirable,
違,1773,difference,locket; stick; key; mouth; monocle; sunglasses with one lens missing; road,口,1,difference,
緯,1774,horizontal,thread; spiderman; locket; stick; key; mouth; monocle; sunglasses with one lens missing,糸|口,2,horizontal,
衛,1775,defense,defence; boulevard; going; locket; stick; key; mouth; monocle; sunglasses with one lens missing,口,1,defense,
韓,1776,Korea,korea; mist; ten; needle; early; sun; locket; stick; key; mouth; monocle; sunglasses with one lens missing,十|日|口,3,Korea,
干,1777,dry,clothesline,,0,dry,
肝,1778,liver,moon; dry; clothesline,月,2,liver,
刊,1779,publish,dry; clothesline; sword; sabre; saber,,0,publish,
汗,1780,sweat,water; water droplets; water pistol; dry; clothesline,水,1,sweat,
軒,1781,flats,car; dry; clothesline,,0,flats,
岸,1782,beach,mountain; cliff; dry; clothesline,cliff,1,beach,
幹,1783,tree trunk,mist; ten; needle; early; sun; umbrella; dry; clothesline,十|日,2,tree trunk,
芋,1784,potato,flowers,,0,potato,
宇,1785,eaves,house; potato,,0,eaves,
余,1786,too much,umbrella; potato; small,小,1,too much,
除,1787,exclude,pinnacle; parthenon; acropolis; scales; too much; umbrella; potato; small,小,1,exclude,
徐,1788,gradually,Nelson; column; going; line; scales; too much; umbrella; potato; small,一|小,2,gradually,
叙,1789,confer,scales; too much; umbrella; potato; small; crotch,小,1,confer,
途,1790,route,scales; too much; umbrella; potato; small; road,小,1,route,
斜,1791,diagonal,scales; too much; umbrella; potato; small; mmeasuring cup; big dipper; The Plough; drop; ten; needle,小|丶|十,3,diagonal,
塗,1792,paint,water; water droplets; water pistol; scales; too much; umbrella; potato; small; soil; dirt; ground,水|小|土,3,paint,
束,1793,bundle,Chaplin; tree; wood; mouth,木|口,2,bundle,
頼,1794,trust,bundle; Chaplin; tree; wood; mouth; head; page; one; ceiling; drop; shellfish; clam; oyster; eye; animal legs; eight,木|口|一|丶|貝|目|legs|split,8,trust,
瀬,1795,rapids,water; water droplets; water pistol; trust; bundle; Chaplin; tree; wood; mouth; head; page; one; ceiling; drop; shellfish; clam; oyster; eye; animal legs; eight,水|木|口|一|丶|貝|目|legs|split,9,rapids,
勅,1796,imperial order,bundle; Chaplin; tree; wood; mouth; power; muscle; arnold,木|口,2,imperial order,
疎,1797,alienate,zoo; critters; stop; footprint; bundle; Chaplin; tree; wood; mouth,木|口,2,alienate,
辣,1798,bitter,,,0,bitter,
速,1799,quick,bundle; Chaplin; tree; wood; mouth; road,木|口,2,quick,
整,1800,organize,organise; bundle; Chaplin; tree; wood; mouth; taskmaster; correct; one; ceiling; stop; footprint,木|口|一,3,organize,
剣,1801,saber,sabre; awl; fit; meeting; umbrella; mouth; person; sword; sabre,口|人,2,saber,
険,1802,precipitous,pinnacle; parthenon; acropolis; awl; fit; meeting; umbrella; mouth; person,口|人,2,precipitous,
検,1803,examination,tree; wood; awl; fit; meeting; umbrella; mouth; person,木|口|人,3,examination,
倹,1804,frugal,person; awl; fit; meeting; umbrella; mouth; person,人|口,2,frugal,
重,1805,heavy,thousand; computer; rice field; brains; soil; dirt; ground,田|土,2,heavy,
動,1806,move,heavy; thousand; ri; computer; power; muscle; arnold,,0,move,
腫,1807,tumor,tumour; moon; heavy; thousand; ri; computer,月,2,tumor,
勲,1808,meritorious deed,move; heavy; thousand; ri; computer; power; muscle; arnold; oven-fire; barbecue,,0,meritorious deed,
働,1809,work,person; move; heavy; thousand; ri; computer; power; muscle; arnold,人,1,work,
種,1810,species,wheat; cereal; heavy; thousand; ri; computer,,0,species,
衝,1811,collide,boulevard; going; heavy; thousand; ri; computer,,0,collide,
薫,1812,fragrant,flowers; heavy; thousand; ri; computer; oven-fire; barbecue,,0,fragrant,
病,1813,ill,sickness; hospital; third class; one; ceiling; inside,一,1,ill,
痴,1814,stupid,sickness; hospital; know; dart; drop; heavens; mouth,丶|口,2,stupid,
痘,1815,pox,sickness; hospital; beans; table; one; mouth,一|口,2,pox,
症,1816,symptoms,sickness; hospital; correct; one; ceiling; stop; footprint,一,1,symptoms,
瘍,1817,carbuncle,,,0,carbuncle,
痩,1818,lose weight,sickness; hospital; Buddha’s hand; monkey; sun; stick; crotch,日,1,lose weight,
疾,1819,rapidly,sickness; hospital; dart; drop; heavens,丶,1,rapidly,
嫉,1820,envy,woman; rapidly; sickness; hospital; dart; drop; heavens,女|丶,2,envy,
痢,1821,diarrhea,sickness; hospital; profit; wheat; cereal; sword; sabre; saber,,0,diarrhea,
痕,1822,scar,sickness; hospital; silver,,0,scar,
疲,1823,tired,exhausted; sickness; hospital; pelt; branch; ten; needle; crotch; hook,十|乙,2,tired,
疫,1824,epidemic,sickness; hospital; cruise missile; missile; wind; crotch,,0,epidemic,
痛,1825,pain,sickness; hospital; pogo stick; chop-seal; hanko; utilise; utilize,,0,pain,
癖,1826,mannerism,sickness; hospital; ketchup; flag; mouth; spicy; stand up; vase; ten; needle,口|十,2,mannerism,
匿,1827,hide,box; young; flowers; right; by one’s side; mouth,口,1,hide,
匠,1828,artisan,box; axe,,0,artisan,
医,1829,doctor,box; dart; drop; heavens,丶,1,doctor,
匹,1830,equal,box; human legs,legs,1,equal,
区,1831,ward,box; sheaf,,0,ward,
枢,1832,hinge,tree; wood; ward; box; sheaf,木,1,hinge,
殴,1833,assault,ward; box; sheaf; missile; cruise missile; wind; crotch,,0,assault,
欧,1834,Europe,europe; ward; box; sheaf; lack; yawn,,0,Europe,
抑,1835,repress,finger; fingers; stamp album; box; stamps,,0,repress,
仰,1836,faceup,face up; person; stamp album; box; stamps,人,1,faceup,
迎,1837,welcome,stamp album; box; stamps; road,,0,welcome,
登,1838,ascend,teepee; wigwam; beans; table; one; mouth,一|口,2,ascend,
澄,1839,lucidity,water; water droplets; water pistol; ascend; teepee; wigwam; beans; table; one; mouth,水|一|口,3,lucidity,
発,1840,discharge,teepee; wigwam; two; human legs,一|legs,2,discharge,
廃,1841,abolish,cave; dicharge; teepee; wigwam; two; human legs,一|legs,2,abolish,
僚,1842,colleague,person; pup tent; large; St. Bernard; sun; small; little,人|日|小,3,colleague,
瞭,1843,obvious,eye; pup tent; large; St. Bernard; sun; small; little,目|日|小,3,obvious,
寮,1844,dormitory,house; pup tent; large; St. Bernard; sun; small; little,日|小,2,dormitory,
療,1845,heal,sickness; hospital; pup tent; large; St. Bernard; sun; small; little,日|小,2,heal,
彫,1846,carve,circumference; running track; glass hood; earthenware jar; lidded crock; soil; dirt; ground; mouth; shape,土|口,2,carve,
形,1847,shape,two hands,,0,shape,
影,1848,shadow,scenery; sun; capital; tall; top hat; mouth; small; little; shape,日|lid|口|小,4,shadow,
杉,1849,cedar,tree; wood; shape,木,1,cedar,
彩,1850,coloring,claw; vulture; grab; tree; wood; shape,木,1,coloring,
彰,1851,patent,badge; vase; stand up; sunflower; early; sun; ten; needle; shape,日|十,2,patent,
彦,1852,lad,vase; stand up; cliff; shape,cliff,1,lad,
顔,1853,face,lad; vase; stand up; cliff; shape; head; page; one; ceiling; drop; shellfish; clam; oyster; eye; animal legs; eight,cliff|一|丶|貝|目|legs|split,7,face,
須,1854,ought,shape; head; page; one; ceiling; drop; shellfish; clam; oyster; eye; animal legs; eight,一|丶|貝|目|legs|split,6,ought,
膨,1855,swell,moon; drum; samurai; beans; table; one; mouth; shape,月|一|口,4,swell,
参,1856,visit,nonplussed; elbow; large; St. Bernard; shape,,0,visit,
惨,1857,wretched,Freud; state of mind; nonplussed; visit; elbow; large; St. Bernard; shape,,0,wretched,
修,1858,discipline,person; stick; fred astaire; taskmaster; shape,人,1,discipline,
珍,1859,rare,king; jewel; ball; parasol; umbrella; shape,ball,1,rare,
診,1860,checkup,check up; say; words; keitai; mouth; parasol; umbrella; shape,口,1,checkup,
文,1861,sentence,plaid; kilt; Billy Connolly,,0,sentence,
対,1862,vis-a-vis,sentence; plaid; kilt; Billy Connolly; glue,,0,vis-a-vis,
紋,1863,family crest,thread; spiderman; sentence; plaid; kilt; Billy Connolly,糸,1,family crest,
蚊,1864,mosquito,insect; sentence; sentence; plaid; kilt; Billy Connolly,,0,mosquito,
斑,1865,speckled,king; jewel; ball; sentence; plaid; kilt; Billy Connolly,ball,1,speckled,
斉,1866,adjusted,sentence; plaid; kilt; Billy Connolly; two; fenceposts; cabers,一,1,adjusted,
剤,1867,dose,adjust; adjusted; sentence; plaid; kilt; Billy Connolly; two; fenceposts; cabers; sword; sabre; saber,一,1,dose,
済,1868,finish,water; water droplets; water pistol; adjust; adjusted; sentence; plaid; kilt; Billy Connolly; two; fenceposts; cabers,水|一,2,finish,
斎,1869,purification,sentence; plaid; kilt; Billy Connolly; fenceposts; cabers; altar; show; two; small,一|小,2,purification,
粛,1870,solemn,rake; fenceposts; cabers; rice,,0,solemn,
塁,1871,bases,rice field; brains; sparkler; soil; dirt; ground,田|土,2,bases,
楽,1872,music,white; dove; sparkler; tree; wood,木,1,music,
薬,1873,medicine,flowers; music; white; dove; sparkler; tree; wood,木,1,medicine,
率,1874,ratio,mysterious; question mark; top hat; cocoon; sparkler; ten; needle,lid|十,2,ratio,
渋,1875,astringent,water; water droplets; water pistol; stop; footprint; sparkler,水,1,astringent,
摂,1876,vicarious,finger; fingers; ear; sparkler,,0,vicarious,
央,1877,center,large; St. Bernard; box body,,0,center,
英,1878,England,flowers; centre; center; large; St. Bernard,,0,England,
映,1879,reflect,sun; centre; center; large; St. Bernard,日,1,reflect,
赤,1880,red,soil; dirt; ground; sword; dagger; small,土|小,2,red,
赦,1881,pardon,red; taskmaster,,0,pardon,
変,1882,unusual,apple; walking legs,,0,unusual,
跡,1883,tracks,wooden leg; mouth; stop; footprint; apple,口,1,tracks,
蛮,1884,barbarian,apple; insect,,0,barbarian,
恋,1885,romance,apple; heart,,0,romance,
湾,1886,gulf,water; water droplets; water pistol; apple; bow,水,1,gulf,
黄,1887,yellow,salad; sprout; shoot; animal legs; eight,legs|split,2,yellow,
横,1888,sideways,tree; wood; yellow; salad; sprout; shoot; animal legs; eight,木|legs|split,3,sideways,
把,1889,grasp,finger; fingers; mosaic,,0,grasp,
色,1890,color,bound up; mosaic,,0,color,
絶,1891,discontinue,thread; spiderman; colour; color; bound up; mosaic,糸,1,discontinue,
艶,1892,glossy,bountiful; bend; beans; table; one; mouth; colour; color; bound up; mosaic,一|口,2,glossy,
肥,1893,fertilizer,moon; mosaic,月,2,fertilizer,
甘,1894,sweet,wicker basket; picnic basket,,0,sweet,
紺,1895,navy blue,thread; spiderman; sweet; wicker basket; picnic basket,糸,1,navy blue,
某,1896,so-and-so,sweet; wicker basket; picnic basket; tree; wood,木,1,so-and-so,
謀,1897,conspire,say; words; keitai; mouth; so-and-so; sweet; wicker basket; picnic basket; tree; wood,口|木,2,conspire,
媒,1898,mediator,woman; so-and-so; sweet; wicker basket; picnic basket; tree; wood,女|木,2,mediator,
欺,1899,deceit,bushel basket; hamper; animal legs; eight; lack; yawn,legs|split,2,deceit,
棋,1900,chess piece,tree; wood; bushel basket; hamper; animal legs; eight,木|legs|split,3,chess piece,
旗,1901,national flag,banner; compass; direction reclining; lying down; bushel basket; hamper; animal legs; eight,legs|split,2,national flag,
期,1902,period,bushel basket; hamper; animal legs; eight; moon,legs|split|月,4,period,
碁,1903,Go,go; bushel basket; hamper; animal legs; eight; stone; rock,legs|split|石,3,Go,
基,1904,fundamentals,bushel basket; hamper; animal legs; eight; soil; dirt; ground,legs|split|土,3,fundamentals,
甚,1905,tremendously,bushel basket; hamper; equal; human legs,legs,1,tremendously,
勘,1906,intuition,tremendously; bushel basket; hamper; equal; human legs; power; muscle; arnold,legs,1,intuition,
堪,1907,withstand,soil; dirt; ground; tremendously; bushel basket; hamper; equal; human legs,土|legs,2,withstand,
貴,1908,precious,Takanohana; purse; in; one; floor; shellfish; clam; oyster; eye; animal legs; eight,一|貝|目|legs|split,5,precious,
遺,1909,bequeath,precious; Takanohana; purse; in; one; floor; shell; road,一|貝|目|legs|split,5,bequeath,
遣,1910,dispatch,purse; in; one; floor; maestro without baton; road,一,1,dispatch,
潰,1911,defile,water; water droplets; water pistol; precious; Takanohana; purse; in; one; floor; shellfish; clam; oyster; eye; animal legs; eight,水|一|貝|目|legs|split,6,defile,
舞,1912,dance,reclining; lying down; tub; sunglasses; dancing legs; ballerina; evening,evening,1,dance,
無,1913,nothingness,reclining; lying down; tub; oven-fire; barbecue,,0,nothingness,
組,1914,association,thread; spiderman; shelf; my bookshelves,糸,1,association,
粗,1915,coarse,rice; shelf; my bookshelves,,0,coarse,
租,1916,tariff,wheat; cereal; shelf; my bookshelves,,0,tariff,
狙,1917,aim at,pack of wild dogs; shelf; my bookshelves,,0,aim at,
祖,1918,ancestor,altar; shelf; my bookshelves,,0,ancestor,
阻,1919,thwart,pinnacle; parthenon; acropolis; shelf; my bookshelves,,0,thwart,
査,1920,investigate,tree; wood; shelf; my bookshelves,木,1,investigate,
助,1921,help,shelf; my bookshelves; power; muscle; arnold,,0,help,
宜,1922,best regards,house; shelf; my bookshelves,,0,best regards,
畳,1923,tatami mat,rice field; brains; crown; shelf; my bookshelves,田,1,tatami mat,
並,1924,row,,,0,row,
普,1925,universal,row; sun;sun,1,,universal,
譜,1926,musical score,say; words; keitai; mouth; universal; row; sun;mouth; sun,2,,musical score,
湿,1927,damp,water; water droplets; water pistol; sun; row,水|日,2,damp,
顕,1928,appear,sun; row; head; page; one; ceiling; drop; shellfish; clam; oyster; eye; animal legs; eight,日|一|丶|貝|目|legs|split,7,appear,
繊,1929,slender,thread; spiderman; Thanksgiving; harvest festival; ten; needle; fiesta; row,糸|十,2,slender,
霊,1930,spirits,rain; weather; two; row,一,1,spirits,
業,1931,profession,business; upside down in a row; not yet; tree; wood,木,1,profession,
撲,1932,slap,finger; fingers; upside down in a row; husband,,0,slap,
僕,1933,me,person; upside down in a row; husband,人,1,me,
共,1934,together,salad; animal legs; eight,legs|split,2,together,
供,1935,submit,person; strung together; salad; animal legs; eight,人|legs|split,3,submit,
異,1936,uncommon,rice field; brains; strung together; salad; animal legs; eight,田|legs|split,3,uncommon,
翼,1937,wing,feathers; wings; uncommon; rice field; brains; strung together; salad; animal legs; eight,田|legs|split,3,wing,
戴,1938,accept humbly,Thanksgiving; harvest festival; ten; needle; fiesta; uncommon; rice field; brains; strung together; salad; animal legs; eight,十|田|legs|split,4,accept humbly,
洪,1939,deluge,water; water droplets; water pistol; strung together; salad; animal legs; eight,水|legs|split,3,deluge,
港,1940,harbor,deluge; water; water droplets; water pistol; scene; strung together; salad; animal legs; eight; snake; self,水|legs|split,3,harbor,
暴,1941,outburst,sun; strung together; salad; animal legs; eight; grains of rice,日|legs|split,3,outburst,
爆,1942,bomb,fire; outburst; strung together; salad; animal legs; eight; grains of rice,火|legs|split,3,bomb,
恭,1943,respect,strung together; salad; animal legs; eight; valentine,legs|split,2,respect,
選,1944,elect,southeast; snake; self; strung together; salad; animal legs; eight; road,legs|split,2,elect,
殿,1945,Mr.,Mr; flag; strung together; salad; animal legs; eight; cruise missile; missile; wind; crotch,legs|split,2,Mr.,
井,1946,well,,,0,well,
丼,1947,donburi,well; drop,丶,1,donburi,
囲,1948,surround,pent in; well,囗,1,surround,
耕,1949,till,christmas tree; well,,0,till,
亜,1950,Asia,roman two; mouth,口,1,Asia,
悪,1951,bad,Asia; roman two; mouth; heart,口,1,bad,
円,1952,circle,yen,,0,circle,
角,1953,angle,bound up; glass canopy; hood; walking cane; stick; two,一,1,angle,
触,1954,contact,angle; bound up; glass canopy; hood; walking cane; stick; two; insect,一,1,contact,
解,1955,unravel,angle; bound up; glass canopy; hood; walking cane; stick; two; sword; dagger; cow,一,1,unravel,
再,1956,again,king; jewel; ball; belt,ball,1,again,
講,1957,lecture,say; words; keitai; mouth; funnel; cone; celery; again,口,1,lecture,
購,1958,subscription,shell; funnel; cone; celery; again,貝|目|legs|split,4,subscription,
構,1959,posture,tree; wood; funnel; cone; celery; again,木,1,posture,
溝,1960,gutter,water; water droplets; water pistol; funnel; cone; celery; again,水,1,gutter,
論,1961,argument,say; words; keitai; mouth; post-it note; meeting; scrapbook; glass canopy; hood; flowers,口,1,argument,
倫,1962,ethics,person; post-it note; meeting; scrapbook; glass canopy; hood; flowers,人,1,ethics,
輪,1963,wheel,car; post-it note; meeting; scrapbook; glass canopy; hood; flowers,,0,wheel,
偏,1964,partial,person; fishfinger; door; one; ceiling; flag; scrapbook; glass canopy; hood; flowers,人|一,2,partial,
遍,1965,everywhere,fishfinger; door; one; ceiling; flag; scrapbook; glass canopy; hood; flowers; road,一,1,everywhere,
編,1966,compilation,thread; spiderman; fishfinger; door; one; ceiling; flag; scrapbook; glass canopy; hood; flowers,糸|一,2,compilation,
冊,1967,tome,,,0,tome,
柵,1968,palisade,tree; wood; tome,木,1,palisade,
典,1969,code,bend; tool,,0,code,
氏,1970,family name,drop; fishhook,丶,1,family name,
紙,1971,paper,thread; spiderman; family name,糸,1,paper,
婚,1972,marriage,woman; dusk; family name; day,女|日,2,marriage,
低,1973,lower,person; calling card; family name; one; floor,人|一,2,lower,
抵,1974,resist,finger; fingers; calling card; family name; one; floor,一,1,resist,
底,1975,bottom,cave; calling card; family name; one; floor,一,1,bottom,
民,1976,people,mouth; family name,口,1,people,
眠,1977,sleep,eye; people; mouth; family name,目|口,2,sleep,
捕,1978,catch,finger; fingers; dog-tag; arrowhead; screwdriver; utilize; utilise,,0,catch,
哺,1979,suckle,,,0,suckle,
浦,1980,bay,water; water droplets; water pistol; dog-tag; arrowhead; screwdriver; utilize; utilise,水,1,bay,
蒲,1981,bullrush,bulrush; flowers; bay; water; water droplets; water pistol; dog-tag; arrowhead; screwdriver; utilize; utilise,水,1,bullrush,
舗,1982,shop,cottage; little-thatch; umbrella; earthenware jar; lidded crock; soil; dirt; ground; mouth; dog-tag; arrowhead; screwdriver; utilize; utilise,土|口,2,shop,
補,1983,supplement,cloak; dog-tag; arrowhead; screwdriver; utilize; utilise,,0,supplement,
邸,1984,residence,calling card; family name; one; floor; city walls,一,1,residence,
郭,1985,enclosure,receive; tall; top hat; mouth; child; children; city walls,lid|口|子,3,enclosure,
郡,1986,county,old boy; mop; mouth; city walls,口,1,county,
郊,1987,outskirts,mingle; top hat; father; city walls,lid,1,outskirts,
部,1988,section,muzzle; vase; stand up; mouth; city walls,口,1,section,
都,1989,metropolis,someone; puppet; sooty; old man; sun; city walls,日,1,metropolis,
郵,1990,mail,droop; silage; city walls,,0,mail,
邦,1991,home country,bushes; city walls,,0,home country,
那,1992,interrogative,sword; dagger; two; city walls,一,1,interrogative,
郷,1993,hometown,home town; cocoon; silver; city walls,,0,hometown,
響,1994,echo,home town; cocoon; silver; city walls; sound; vase; stand up; sun; tongue wagging,日,1,echo,
郎,1995,son,halo; good; drop; silver; city walls,丶,1,son,
廊,1996,corridor,cave; son; halo; good; drop; silver; city walls,丶,1,corridor,
盾,1997,shield,drag; ten; needle; eye,十|目,2,shield,
循,1998,sequential,Nelson; column; going; line; shield; drag; ten; needle; eye,一|十|目,3,sequential,
派,1999,faction,water; water droplets; water pistol; caveman; drag; person; rag,水|人,2,faction,
脈,2000,vein,moon; caveman; drag; person; rag,月|人,3,vein,
衆,2001,masses,blood; drop; dish; Carol in rags person; rag,丶,1,masses,
逓,2002,parcel post,drag; cornstalk; belt; road,,0,parcel post,
段,2003,grade,staple gun; cruise missile; missile; wind; crotch,,0,grade,
鍛,2004,forge,metal; gold; grade; staple gun; cruise missile; missile; wind; crotch,金,1,forge,
后,2005,empress,drag; one; ceiling; mouth,一|口,2,empress,
幻,2006,phantasm,cocoon; clothes hanger; coat hanger,,0,phantasm,
司,2007,director,clothes hanger; coat hanger; one; mouth,一|口,2,director,
伺,2008,pay respects,person; director; Ken Russel; clothes hanger; coat hanger; one; mouth,人|一|口,3,pay respects,
詞,2009,parts of speech,part of speech; say; words; keitai; mouth; director; Ken Russel; clothes hanger; coat hanger; one; mouth,口|一,2,parts of speech,
飼,2010,domesticate,eat; food; umbrella; good; halo; drop; silver; director; Ken Russel; clothes hanger; coat hanger; one; mouth,丶|一|口,3,domesticate,
嗣,2011,heir,mouth; scrapbook; glass canopy; hood; flowers; director; Ken Russel; clothes hanger; coat hanger; one; mouth,口|一,2,heir,
舟,2012,boat,,,0,boat,
舶,2013,liner,boat; white; dove,,0,liner,
航,2014,navigate,boat; whirlwind; top hat; wind,lid,1,navigate,
舷,2015,gunwale,boat; mysterious; top hat; cocoon,lid,1,gunwale,
般,2016,carrier,boat; cruise missile; missile; wind; crotch,,0,carrier,
盤,2017,tray,carrier; boat; cruise missile; missile; wind; crotch; dish,,0,tray,
搬,2018,conveyor,finger; fingers; carrier; boat; cruise missile; missile; wind; crotch,,0,conveyor,
船,2019,ship,boat; gully; eight; mouth,split|口,2,ship,
艦,2020,warship,boat; oversee; retainer; slave; reclining; lying down; one; floor; dish,一,1,warship,
艇,2021,rowboat,boat; courts; porter; drop; samurai; stretch,丶,1,rowboat,
瓜,2022,melon,claw; vulture; elbow,,0,melon,
弧,2023,arc,bow; melon; claw; vulture; elbow,,0,arc,
孤,2024,orphan,child; melon; claw; vulture; elbow,子,1,orphan,
繭,2025,cocoon,flowers; hood; stick; thread; spiderman; insect,糸,1,cocoon,
益,2026,benefit,animal horns; one; floor; animal legs; eight; dish,一|legs|split,3,benefit,
暇,2027,spare time,sun; hobby; staples; mouth; box; crotch,日|口,2,spare time,
敷,2028,spread,arrowhead; rice field; brains; compass; direction; taskmaster,田,1,spread,
来,2029,come,not yet; animal horns,,0,come,
気,2030,spirit,landed fish; reclining; lying down; one; floor; fishhook; sheaf,一,1,spirit,
汽,2031,vapor,water; water droplets; water pistol; landed fish; reclining; lying down; one; floor; fishhook,水|一,2,vapor,
飛,2032,fly,hook; propeller; measuring box; thousand; needles,乙,1,fly,
沈,2033,sink,water; water droplets; water pistol; garter; crown; human legs,水|legs,2,sink,
枕,2034,pillow,tree; wood; garter; crown; human legs,木|legs,2,pillow,
妻,2035,wife,ten; needle; rake; woman,十|女,2,wife,
凄,2036,nifty,ice; wife; ten; needle; rake; woman,十|女,2,nifty,
衰,2037,decline,pathetic; stick; top hat; scarf; mouth,lid|口,2,decline,
衷,2038,inmost,ten; needle; mouth; scarf,十|口,2,inmost,
面,2039,mask,hundred; one; ceiling; drop; pent in; eye,一|丶|囗|目,4,mask,
麺,2040,noodles,barley; grow up; walking legs; mask; hundred; one; ceiling; drop; pent in; eye,一|丶|囗|目,4,noodles,
革,2041,leather,flowers; car; mouth; ten; needle,口|十,2,leather,
靴,2042,shoes,leather; flowers; car; mouth; ten; needle; change; person; spoon; sitting on the ground,口|十|人,3,shoes,
覇,2043,hegemony,old west; leather; flowers; car; mouth; ten; needle; moon,口|十|月,4,hegemony,
声,2044,voice,samurai; flag; stick,,0,voice,
眉,2045,eyebrow,flag; stick; eye,目,1,eyebrow,
呉,2046,give,mouth; chair; tool; animal legs,口|legs,2,give,
娯,2047,recreation,woman; give; mouth; chair; tool; animal legs,女|口|legs,3,recreation,
誤,2048,mistake,say; words; keitai; mouth; give; mouth; chair; tool; animal legs,口|legs,2,mistake,
蒸,2049,steam,flowers; helping hand; complete; water; one; floor; oven-fire; barbecue,水|一,2,steam,
承,2050,acquiesce,water; complete; three,水|一,2,acquiesce,
函,2051,bin,snare; sparkler; shovel,,0,bin,
極,2052,poles,decay; tree; wood; snare; mouth; crotch; one; floor,木|口|一,3,poles,
牙,2053,tusk,,,0,tusk,
芽,2054,bud,flowers; tusk,,0,bud,
邪,2055,wicked,tusk; city walls,,0,wicked,
雅,2056,gracious,tusk; turkey,,0,gracious,
釈,2057,interpretation,animal tracks; drop; rice; shaku-hachi; flag; stick,丶,1,interpretation,
番,2058,turn,dice; animal tracks; drop; rice; rice field; brains,丶|田,2,turn,
審,2059,hearing,house; dice; animal tracks; drop; rice; rice field; brains,丶|田,2,hearing,
翻,2060,flip,dice; animal tracks; drop; rice; rice field; brains; feathers; wings,丶|田,2,flip,
藩,2061,clan,flowers; water; water droplets; water pistol; dice; animal tracks; drop; rice; rice field; brains,水|丶|田,3,clan,
毛,2062,fur,,,0,fur,
耗,2063,decrease,christmas tree; fur,,0,decrease,
尾,2064,tail,flag; fur,tail,1,tail,
宅,2065,home,house; lock of hair,,0,home,
託,2066,consign,say; words; keitai; mouth; lock of hair,口,1,consign,
為,2067,do,so; strange building; tail feathers,,0,do,
偽,2068,falsehood,person; do; so; strange building; tail feathers,人,1,falsehood,
畏,2069,apprehensive,rice field; brains; hairpin; safety-pin,田,1,apprehensive,
長,2070,long,hair; hairpin; safety-pin,,0,long,
張,2071,lengthen,bow; long,,0,lengthen,
帳,2072,notebook,towel; long,,0,notebook,
脹,2073,dilate,moon; long,月,2,dilate,
髪,2074,hair of the head,hairstyle; hair; shape; friend,,0,hair of the head,
展,2075,unfold,flag; salad; hairpin; safety-pin,,0,unfold,
喪,2076,miss,soil; dirt; ground; mouth; hairpin; safety-pin,土|口,2,miss,
巣,2077,nest,owl; fruit; rice field; brains; tree; wood,田|木,2,nest,
単,2078,simple,owl; rice field; brains; ten; needle,田|十,2,simple,
戦,2079,war,simple; owl; rice field; brains; ten; needle; fiesta,田|十,2,war,
禅,2080,Zen,zen; altar; simple; owl; rice field; brains; ten; needle,田|十,2,Zen,
弾,2081,bullet,bow; simple; owl; rice field; brains; ten; needle,田|十,2,bullet,
桜,2082,cherry tree,tree; wood; owl; woman,木|女,2,cherry tree,
獣,2083,animal,owl; rice field; brains; one; mouth; chihuahua; dog; large; drop,田|一|口|丶,4,animal,
脳,2084,brain,moon; owl; villain; sheaf; shovel,月,2,brain,
悩,2085,trouble,Freud; state of mind; owl; villain; sheaf; shovel,,0,trouble,
厳,2086,stern,owl; cliff; daring; spike; ear; taskmaster,cliff,1,stern,
鎖,2087,chain,metal; gold; small; shellfish; clam; oyster; eye; animal legs; eight,金|小|貝|目|legs|split,6,chain,
挙,2088,raise,owl; tool; hand,,0,raise,
誉,2089,reputation,owl; tool; say; words; keitai; mouth,口,1,reputation,
猟,2090,game hunting,pack of wild dogs; anemometer; owl; wind; cornstalk,,0,game hunting,
鳥,2091,bird,white; dove; one; tail feathers,一,1,bird,
鳴,2092,chirp,mouth; bird,口,1,chirp,
鶴,2093,crane,turkey house; bird,,0,crane,
烏,2094,crow,drop; mouth; one; tail feathers,丶|口|一,3,crow,
蔦,2095,vine,flowers; bird,,0,vine,
鳩,2096,pigeon,nine; baseball; bird,ball,1,pigeon,
鶏,2097,chicken,claw; vulture; husband; bird,,0,chicken,
島,2098,island,bird; mountain,,0,island,
暖,2099,warmth,sun; migrating ducks; claw; vulture; one; friend,日|一,2,warmth,
媛,2100,beautiful woman,woman; migrating ducks; claw; vulture; one; friend,女|一,2,beautiful woman,
援,2101,abet,finger; fingers; migrating ducks; claw; vulture; one; friend,一,1,abet,
緩,2102,slacken,thread; spiderman; migrating ducks; claw; vulture; one; friend,糸|一,2,slacken,
属,2103,belong,flag; gnats; drop; insect; belt,丶,1,belong,
嘱,2104,entrust,mouth; belong; flag; gnats; drop; insect; belt,口|丶,2,entrust,
偶,2105,accidentally,person; talking cricket; brains; insect; belt,人|田,2,accidentally,
遇,2106,interview,talking cricket; brains; insect; belt; road,田,1,interview,
愚,2107,foolish,talking cricket; brains; insect; belt; heart,田,1,foolish,
隅,2108,corner,pinnacle; parthenon; acropolis; talking cricket; brains; insect; belt,田,1,corner,
逆,2109,inverted,mountain goat; horns; mountain; road,horns,1,inverted,
塑,2110,model,first day of the month; mountain goat; horns; mountain; moon; soil; dirt; ground,horns|月|土,4,model,
遡,2111,go upstream,first day of the month; mountain goat; horns; mountain; moon; road,horns|月,3,go upstream,
岡,2112,Mount,mount; glass canopy; hood; mountain goat; horns; mountain,horns,1,Mount,
鋼,2113,steel,metal; gold; mount,金,1,steel,
綱,2114,hawser,thread; spiderman; mount,糸,1,hawser,
剛,2115,sturdy,mount; sword; sabre; saber,,0,sturdy,
缶,2116,tin can,noon; sign of the horse; shovel,,0,tin can,
陶,2117,pottery,pinnacle; parthenon; acropolis; bound up; tin can; noon; sign of the horse; shovel,,0,pottery,
揺,2118,swing,finger; fingers; condor; claw; vulture; king; mountain,,0,swing,
謡,2119,Noh chanting,noh chanting; say; words; keitai; mouth; condor; claw; vulture; king; mountain,口,1,Noh chanting,
鬱,2120,gloom,,,0,gloom,
就,2121,concerning,capital; tall; top hat; mouth; small; little; understandably; chihuahua with one human leg,lid|口|小,3,concerning,
蹴,2122,kick,wooden leg; mouth; stop; footprint; concerning; capital; tall; top hat; mouth; small; little; understandably; chihuahua with one human leg,口|lid|小,3,kick,
懇,2123,sociable,skunk; silver; heart,,0,sociable,
墾,2124,groundbreaking,skunk; silver; soil; dirt; ground,土,1,groundbreaking,
貌,2125,countenance,skunk; badger; white; dove; human legs,legs,1,countenance,
免,2126,excuse,village stocks; rabbit; bound up; human legs,legs,1,excuse,
逸,2127,elude,deviate; village stocks; rabbit; bound up; human legs; road,legs,1,elude,
晩,2128,nightfall,sun; village stocks; rabbit; bound up; human legs,日|legs,2,nightfall,
勉,2129,exertion,village stocks; rabbit; bound up; human legs; power; muscle; arnold,legs,1,exertion,
象,2130,elephant,colour; color; bound up; sow; pig,,0,elephant,
像,2131,statue,person; elephant; colour; color; bound up; sow; pig,人,1,statue,
馬,2132,horse,team of horses,,0,horse,
駒,2133,pony,team of horses; phrase; bound up; mouth,口,1,pony,
験,2134,verification,team of horses; awl; fit; meeting; umbrella; mouth; person,口|人,2,verification,
騎,2135,equestrian,team of horses; strange; large; St. Bernard; street; nail; spike; mouth,口,1,equestrian,
駐,2136,parking,stop-over; team of horses; candlestick; lord; drop; king; jewel; ball,丶|ball,2,parking,
駆,2137,drive,team of horses; ward; box; sheaf,,0,drive,
駅,2138,station,team of horses; shaku-hachi; flag; stick,,0,station,
騒,2139,boisterous,team of horses; crotch; insect,,0,boisterous,
駄,2140,burdensome,team of horses; plump; large; St. Bernard; drop,丶,1,burdensome,
驚,2141,wonder,awe; flowers; phrase; bound up; mouth; taskmaster; team of horses,口,1,wonder,
篤,2142,fervent,bamboo; team of horses,,0,fervent,
罵,2143,insult,eye; cross-eyed; net; team of horses,目,1,insult,
騰,2144,inflation,edam; moon; quarter; team of horses,月,2,inflation,
虎,2145,tiger,magic wand; augury; cliff; hook; diced; seven; human legs,cliff|乙|cut|legs,4,tiger,
虜,2146,captive,tiger; male; rice field; brains; power; muscle; arnold,田,1,captive,
膚,2147,skin,tiger; stomach; rice field; brains; moon,田|月,3,skin,
虚,2148,void,tiger; row,,0,void,
戯,2149,frolic,void; tiger; row; fiesta,,0,frolic,
虞,2150,uneasiness,tiger; give; mouth; chair; tool,口,1,uneasiness,
慮,2151,prudence,tiger; think; rice field; brains; heart,田,1,prudence,
劇,2152,drama,tiger; sow; pig; sword; sabre; saber,,0,drama,
虐,2153,tyrannize,tiger; one; box,一,1,tyrannize,
鹿,2154,deer,cave; antlers; compare; spoon; sitting on the ground,,0,deer,
麓,2155,foot of a mountain,grove; tree; wood; deer; cave; antlers; compare; spoon; sitting on the ground,木,1,foot of a mountain,
薦,2156,recommend,flowers; deer; cave; antlers; slingshot; catapult; tail feathers,,0,recommend,
慶,2157,jubilation,deer; cave; antlers; crown; heart; walking legs,,0,jubilation,
麗,2158,lovely,one; ceiling; mediocre; deer; cave; antlers; compare,一,1,lovely,
熊,2159,bear,ability; elbow; moon; spoon; sitting on the ground; oven-fire; barbecue,月,2,bear,
能,2160,ability,elbow; moon; spoon; sitting on the ground,月,2,ability,
態,2161,attitude,ability; elbow; moon; spoon; sitting on the ground; heart,月,2,attitude,
寅,2162,sign of the tiger,house; caterpillar; one; ceiling; sprout; shoot; animal legs; eight,一|legs|split,3,sign of the tiger,
演,2163,performance,water; water droplets; water pistol; sign of the tiger; house; caterpillar; one; ceiling; sprout; shoot; animal legs; eight,水|一|legs|split,4,performance,
辰,2164,sign of the dragon,cliff; two; hairpin; safety-pin,cliff|一,2,sign of the dragon,
辱,2165,embarrass,sign of the dragon; cliff; two; hairpin; safety-pin; glue,cliff|一,2,embarrass,
震,2166,quake,rain; weather; sign of the dragon; cliff; two; hairpin; safety-pin,cliff|一,2,quake,
振,2167,shake,finger; fingers; sign of the dragon; cliff; two; hairpin; safety-pin,cliff|一,2,shake,
娠,2168,with child,woman; sign of the dragon; cliff; two; hairpin; safety-pin,女|cliff|一,3,with child,
唇,2169,lips,sign of the dragon; cliff; two; hairpin; safety-pin; mouth,cliff|一|口,3,lips,
農,2170,agriculture,bend; sign of the dragon; cliff; two; hairpin; safety-pin,cliff|一,2,agriculture,
濃,2171,concentrated,water; water droplets; water pistol; agriculture; bend; sign of the dragon; cliff; two; hairpin; safety-pin,水|cliff|一,3,concentrated,
送,2172,send off,escort; golden calf; horns; heavens; road,horns,1,send off,
関,2173,connection,gates; golden calf; horns; heavens,horns,1,connection,
咲,2174,blossom,mouth; golden calf; horns; heavens,口|horns,2,blossom,
鬼,2175,ghost,oni; drop; brains; rice field; human legs; elbow,丶|田|legs,3,ghost,
醜,2176,ugly,whiskey bottle; ghost; oni; drop; brains; rice field; human legs; elbow,丶|田|legs,3,ugly,
魂,2177,soul,rising cloud; two; elbow; wall; ghost; oni; drop; brains; rice field; human legs; elbow,一|丶|田|legs,4,soul,
魔,2178,witch,hemp; cliff; grove; tree; wood; ghost; oni; drop; brains; rice field; human legs; elbow,cliff|木|丶|田|legs,5,witch,
魅,2179,fascination,ghost; oni; drop; brains; rice field; human legs; elbow; not yet; one; tree; wood,丶|田|legs|一|木,5,fascination,
塊,2180,clod,soil; dirt; ground; ghost; oni; drop; brains; rice field; human legs; elbow,土|丶|田|legs,4,clod,
襲,2181,attack,old dragon; vase; stand up; moon; slingshot; catapult; snake; self; three; cloth; clothes; clothing; garment; dragon*,月|一,3,attack,
嚇,2182,upbraid,menacing; mouth; incandescent; red,口,1,upbraid,
朕,2183,majestic plural,moon; golden calf; horns; heavens,月|horns,3,majestic plural,
雰,2184,atmosphere,rain; weather; part,,0,atmosphere,
箇,2185,item,bamboo; harden; pent in; old; tombstone; gravestone; church; ten; needle; mouth,囗|十|口,3,item,
錬,2186,tempering,metal; gold; east; tree; wood; sun;metal; tree; sun,3,,tempering,
遵,2187,abide by,revered; Mother Teresa; chieftain; Molotov cocktail; animal horns; whiskey bottle; glue; road,,0,abide by,
罷,2188,quit,eye; cross-eyed; net; ability; elbow; moon; spoon; sitting on the ground,目|月,3,quit,
屯,2189,barracks,earthworm; drop; shovel; fishhook,丶,1,barracks,
且,2190,moreover,shelf; my bookshelves,,0,moreover,
藻,2191,seaweed,flowers; water; water droplets; water pistol; furniture; goods; mouth; tree; wood,水|口|木,3,seaweed,
隷,2192,slave,samurai; altar; show; two; small; sieve; rake; grains of rice,一|小,2,slave,
癒,2193,healing,sickness; hospital; in the nick of time; meeting of butchers; moon; sword; sabre; saber; heart,月,2,healing,
璽,2194,imperial seal,let it be; noren; one; ceiling; eight; towel; stitching; patchwork quilt; jewel; earring,一|split,2,imperial seal,
潟,2195,lagoon,water; water droplets; water pistol; mortar; tail feathers,水,1,lagoon,
丹,2196,cinnabar,rust colored; ship´s funnel,,0,cinnabar,
丑,2197,sign of the cow,dagger; two,一,1,sign of the cow,
羞,2198,humiliate,,,0,humiliate,
卯,2199,sign of the hare,blown eggs,,0,sign of the hare,
巳,2200,sign of the snake,mosaic with bit missing,,0,sign of the snake,
此,2201,this here,,,0,this here,
柴,2202,brushwood,,,0,brushwood,
些,2203,whit,,,0,whit,
砦,2204,fort,,,0,fort,
髭,2205,beard,,,0,beard,
禽,2206,fowl,,,0,fowl,
檎,2207,apple,,,0,apple,
憐,2208,sympathize with,,,0,sympathize with,
燐,2209,phosphorus,,,0,phosphorus,
麟,2210,camelopard,,,0,camelopard,
鱗,2211,scaled,,,0,scaled,
奄,2212,encompassing,,,0,encompassing,
庵,2213,hermitage,,,0,hermitage,
掩,2214,shrouded,,,0,shrouded,
悛,2215,make amends,,,0,make amends,
駿,2216,steed,,,0,steed,
峻,2217,steep,,,0,steep,
竣,2218,complete a job,,,0,complete a job,
犀,2219,rhinoceros,,,0,rhinoceros,
皐,2220,lunar month,,,0,lunar month,
畷,2221,rice-field footpath,,,0,rice-field footpath,
綴,2222,mend,,,0,mend,
鎧,2223,suit of armor,,,0,suit of armor,
凱,2224,triumph,,,0,triumph,
呑,2225,quaff,,,0,quaff,
韮,2226,leek,,,0,leek,
籤,2227,lottery,,,0,lottery,
懺,2228,penitential,,,0,penitential,
芻,2229,hay,,,0,hay,
雛,2230,chick,,,0,chick,
趨,2231,scurry,,,0,scurry,
尤,2232,understandably,,,0,understandably,
厖,2233,immense,,,0,immense,
或,2234,a  (a certain),,,0,a  (a certain),
兎,2235,rabbit,,,0,rabbit,
也,2236,est,,,0,est,
巴,2237,comma-design,,,0,comma-design,
疋,2238,critters,,,0,critters,
菫,2239,violet,,,0,violet,
曼,2240,mandala,,,0,mandala,
云,2241,quote,,,0,quote,
莫,2242,shalt,,,0,shalt,
而,2243,and then,,,0,and then,
倭,2244,Yamato,,,0,Yamato,
侠,2245,chivalry,,,0,chivalry,
倦,2246,fed up,,,0,fed up,
俄,2247,abrupt,,,0,abrupt,
佃,2248,work a field,,,0,work a field,
仔,2249,animal offspring,,,0,animal offspring,
仇,2250,foe,,,0,foe,
伽,2251,look after,,,0,look after,
儲,2252,make a profit,,,0,make a profit,
僑,2253,emigrant,,,0,emigrant,
倶,2254,mate,,,0,mate,
侃,2255,forthright,,,0,forthright,
偲,2256,memorial,,,0,memorial,
侭,2257,as is,,,0,as is,
脩,2258,dried meat,,,0,dried meat,
倅,2259,my son,,,0,my son,
做,2260,make do,,,0,make do,
冴,2261,sharp,,,0,sharp,
凋,2262,wilt,,,0,wilt,
凌,2263,pull through,,,0,pull through,
凛,2264,stately,,,0,stately,
凧,2265,kite,,,0,kite,
凪,2266,lull,,,0,lull,
夙,2267,earlybird,,,0,earlybird,
鳳,2268,phoenix,,,0,phoenix,
剽,2269,menace,,,0,menace,
劉,2270,slaughter,,,0,slaughter,
剃,2271,shave,,,0,shave,
厭,2272,despondent,,,0,despondent,
雁,2273,wild goose,,,0,wild goose,
贋,2274,counterfeit,,,0,counterfeit,
厨,2275,kitchen,,,0,kitchen,
仄,2276,insinuate,,,0,insinuate,
哨,2277,scout,,,0,scout,
咎,2278,reprehend,,,0,reprehend,
囁,2279,whisper,,,0,whisper,
喋,2280,chatter,,,0,chatter,
嘩,2281,quarrel,,,0,quarrel,
噂,2282,gossip,,,0,gossip,
咳,2283,cough,,,0,cough,
喧,2284,clamor,,,0,clamor,
叩,2285,bash,,,0,bash,
嘘,2286,fib,,,0,fib,
啄,2287,peck at,,,0,peck at,
吠,2288,barking,,,0,barking,
吊,2289,dangle,,,0,dangle,
噛,2290,chew,,,0,chew,
叶,2291,within my ability,,,0,within my ability,
吻,2292,sides of the mouth,,,0,sides of the mouth,
吃,2293,stammer,,,0,stammer,
噺,2294,spin a tale,,,0,spin a tale,
噌,2295,miso,,,0,miso,
邑,2296,city walls,,,0,city walls,
呆,2297,dumbfounded,,,0,dumbfounded,
喰,2298,ingest,,,0,ingest,
埴,2299,clay,,,0,clay,
坤,2300,authochthonous,,,0,authochthonous,
壕,2301,dugout,,,0,dugout,
垢,2302,blemish,,,0,blemish,
坦,2303,flat,,,0,flat,
埠,2304,wharf,,,0,wharf,
堰,2305,dam,,,0,dam,
堵,2306,railing,,,0,railing,
嬰,2307,suckling infant,,,0,suckling infant,
姦,2308,violate,,,0,violate,
婢,2309,handmaiden,,,0,handmaiden,
婉,2310,well finished,,,0,well finished,
娼,2311,harlot,,,0,harlot,
妓,2312,courtesan,,,0,courtesan,
娃,2313,fair,,,0,fair,
姪,2314,niece,,,0,niece,
嬬,2315,mistress,,,0,mistress,
姥,2316,aged woman,,,0,aged woman,
姑,2317,mother-in-law,,,0,mother-in-law,
姐,2318,young miss,,,0,young miss,
嬉,2319,overjoyed,,,0,overjoyed,
孕,2320,expecting,,,0,expecting,
孜,2321,assiduous,,,0,assiduous,
宥,2322,soothe,,,0,soothe,
寓,2323,imply,,,0,imply,
宏,2324,extensive,,,0,extensive,
牢,2325,jail,,,0,jail,
宋,2326,Sung dynasty,,,0,Sung dynasty,
宍,2327,venison,,,0,venison,
屠,2328,butchering,,,0,butchering,
屁,2329,fart,,,0,fart,
屑,2330,rubbish,,,0,rubbish,
屡,2331,frequently,,,0,frequently,
屍,2332,corpse,,,0,corpse,
屏,2333,folding screen,,,0,folding screen,
嵩,2334,high-reaching,,,0,high-reaching,
崚,2335,rugged mountains,,,0,rugged mountains,
嶺,2336,mountaintop,,,0,mountaintop,
嵌,2337,fit into,,,0,fit into,
帖,2338,quire,,,0,quire,
幡,2339,banner,,,0,banner,
幟,2340,pennant,,,0,pennant,
庖,2341,cleaver,,,0,cleaver,
廓,2342,licensed quarters,,,0,licensed quarters,
庇,2343,overhang,,,0,overhang,
鷹,2344,hawk,,,0,hawk,
庄,2345,shire,,,0,shire,
廟,2346,tomb sanctuary,,,0,tomb sanctuary,
彊,2347,strengthen,,,0,strengthen,
弛,2348,loosen,,,0,loosen,
粥,2349,rice gruel,,,0,rice gruel,
挽,2350,lathe,,,0,lathe,
撞,2351,bump into,,,0,bump into,
扮,2352,disguise,,,0,disguise,
捏,2353,fabrication,,,0,fabrication,
掴,2354,clutch,,,0,clutch,
捺,2355,impress,,,0,impress,
掻,2356,scratch,,,0,scratch,
撰,2357,assortment,,,0,assortment,
揃,2358,muster,,,0,muster,
捌,2359,deal with,,,0,deal with,
按,2360,press down on,,,0,press down on,
播,2361,disseminate,,,0,disseminate,
揖,2362,collect,,,0,collect,
托,2363,receptacle,,,0,receptacle,
捧,2364,devote,,,0,devote,
撚,2365,twirl,,,0,twirl,
挺,2366,counter for tools,,,0,counter for tools,
擾,2367,commotion,,,0,commotion,
撫,2368,petting,,,0,petting,
撒,2369,sprinkle,,,0,sprinkle,
擢,2370,outstanding,,,0,outstanding,
摺,2371,rubbing,,,0,rubbing,
捷,2372,spoils,,,0,spoils,
抉,2373,gouge out,,,0,gouge out,
怯,2374,wince,,,0,wince,
惟,2375,ponder,,,0,ponder,
惚,2376,infatuation,,,0,infatuation,
怜,2377,quickwitted,,,0,quickwitted,
惇,2378,considerate,,,0,considerate,
恰,2379,as if,,,0,as if,
恢,2380,enlarge,,,0,enlarge,
悌,2381,respect for elders,,,0,respect for elders,
澪,2382,canal,,,0,canal,
洸,2383,glistening,,,0,glistening,
滉,2384,bounding main,,,0,bounding main,
漱,2385,gargle,,,0,gargle,
洲,2386,continent,,,0,continent,
洵,2387,swirling waters,,,0,swirling waters,
滲,2388,seep,,,0,seep,
洒,2389,rinse,,,0,rinse,
沐,2390,douse,,,0,douse,
泪,2391,teardrops,,,0,teardrops,
渾,2392,gushing,,,0,gushing,
涜,2393,blaspheme,,,0,blaspheme,
梁,2394,roofbeam,,,0,roofbeam,
澱,2395,sediment,,,0,sediment,
洛,2396,old Kyoto,,,0,old Kyoto,
汝,2397,thou,,,0,thou,
漉,2398,filter,,,0,filter,
瀕,2399,on the verge of,,,0,on the verge of,
濠,2400,moat,,,0,moat,
溌,2401,spray,,,0,spray,
湊,2402,port,,,0,port,
淋,2403,solitude,,,0,solitude,
浩,2404,abounding,,,0,abounding,
汀,2405,water’s edge,,,0,water’s edge,
鴻,2406,large goose,,,0,large goose,
潅,2407,souse,,,0,souse,
溢,2408,brimming,,,0,brimming,
湛,2409,inundate,,,0,inundate,
淳,2410,immaculate,,,0,immaculate,
渥,2411,moisten,,,0,moisten,
灘,2412,rough seas,,,0,rough seas,
汲,2413,draw water,,,0,draw water,
瀞,2414,river pool,,,0,river pool,
溜,2415,cumulation,,,0,cumulation,
渕,2416,abyss,,,0,abyss,
沌,2417,chaos,,,0,chaos,
濾,2418,strainer,,,0,strainer,
濡,2419,drench,,,0,drench,
淀,2420,eddy,,,0,eddy,
涅,2421,black soil,,,0,black soil,
斧,2422,hatchet,,,0,hatchet,
爺,2423,grandpa,,,0,grandpa,
猾,2424,sly,,,0,sly,
猥,2425,indecent,,,0,indecent,
狡,2426,cunning,,,0,cunning,
狸,2427,racoon dog,,,0,racoon dog,
狼,2428,wolf,,,0,wolf,
狽,2429,flustered,,,0,flustered,
狗,2430,pup,,,0,pup,
狐,2431,fox,,,0,fox,
狛,2432,a-un,,,0,a-un,
獅,2433,lion,,,0,lion,
狒,2434,baboon,,,0,baboon,
莨,2435,tobacco,,,0,tobacco,
茉,2436,jasmine,,,0,jasmine,
莉,2437,hawthorn,,,0,hawthorn,
苺,2438,strawberry,,,0,strawberry,
萩,2439,bush clover,,,0,bush clover,
藝,2440,technique (old),,,0,technique (old),
薙,2441,trim,,,0,trim,
蓑,2442,straw raincoat,,,0,straw raincoat,
苔,2443,moss,,,0,moss,
蕩,2444,prodigal,,,0,prodigal,
蔓,2445,tendril,,,0,tendril,
蓮,2446,lotus,,,0,lotus,
芙,2447,lotus flower,,,0,lotus flower,
蓉,2448,lotus blossom,,,0,lotus blossom,
蘭,2449,orchid,,,0,orchid,
芦,2450,hollow reed,,,0,hollow reed,
薯,2451,yam,,,0,yam,
菖,2452,iris,,,0,iris,
蕉,2453,banana,,,0,banana,
蕎,2454,buckwheat,,,0,buckwheat,
蕗,2455,butterbur,,,0,butterbur,
茄,2456,eggplant,,,0,eggplant,
蔭,2457,behind the scenes,,,0,behind the scenes,
蓬,2458,wormwood,,,0,wormwood,
芥,2459,mustard,,,0,mustard,
萌,2460,germinate,,,0,germinate,
葡,2461,grape,,,0,grape,
萄,2462,grape vine,,,0,grape vine,
蘇,2463,resurrect,,,0,resurrect,
蕃,2464,grow wild,,,0,grow wild,
苓,2465,cocklebur,,,0,cocklebur,
菰,2466,rush mat,,,0,rush mat,
蒙,2467,darken,,,0,darken,
茅,2468,grassy reed,,,0,grassy reed,
芭,2469,plantain,,,0,plantain,
苅,2470,mow,,,0,mow,
葱,2471,onion,,,0,onion,
葵,2472,hollyhock,,,0,hollyhock,
葺,2473,shingling,,,0,shingling,
蕊,2474,stamen,,,0,stamen,
茸,2475,mushroom,,,0,mushroom,
蒔,2476,sowing,,,0,sowing,
芹,2477,parsley,,,0,parsley,
苫,2478,thatching,,,0,thatching,
蒼,2479,pale blue,,,0,pale blue,
藁,2480,straw,,,0,straw,
蕪,2481,turnip,,,0,turnip,
藷,2482,sweet potato,,,0,sweet potato,
薮,2483,quack,,,0,quack,
蒜,2484,garlic,,,0,garlic,
蕨,2485,bracken,,,0,bracken,
蔚,2486,grow plentiful,,,0,grow plentiful,
茜,2487,madder red,,,0,madder red,
莞,2488,candle rush,,,0,candle rush,
蒐,2489,collector,,,0,collector,
菅,2490,sedge,,,0,sedge,
葦,2491,ditch reed,,,0,ditch reed,
迪,2492,Way,,,0,Way,
辿,2493,track down,,,0,track down,
這,2494,crawl,,,0,crawl,
迂,2495,detour,,,0,detour,
遁,2496,shirk,,,0,shirk,
逢,2497,tryst,,,0,tryst,
遥,2498,far off,,,0,far off,
遼,2499,faraway,,,0,faraway,
逼,2500,pressing,,,0,pressing,
迄,2501,until,,,0,until,
逗,2502,standstill,,,0,standstill,
鄭,2503,courtesy,,,0,courtesy,
隕,2504,falling,,,0,falling,
隈,2505,nook,,,0,nook,
憑,2506,possessed,,,0,possessed,
惹,2507,attract,,,0,attract,
悉,2508,without exception,,,0,without exception,
忽,2509,instantaneously,,,0,instantaneously,
惣,2510,firstborn son,,,0,firstborn son,
愈,2511,in the nick of time,,,0,in the nick of time,
恕,2512,sensitive,,,0,sensitive,
昴,2513,overarching,,,0,overarching,
晋,2514,progress,,,0,progress,
晟,2515,aglow,,,0,aglow,
暈,2516,halo,,,0,halo,
暉,2517,glitter,,,0,glitter,
旱,2518,dry weather,,,0,dry weather,
晏,2519,clear skies,,,0,clear skies,
晨,2520,morrow,,,0,morrow,
晒,2521,bleaching,,,0,bleaching,
晃,2522,limpid,,,0,limpid,
曝,2523,air out,,,0,air out,
曙,2524,dawn,,,0,dawn,
昂,2525,elevate,,,0,elevate,
昏,2526,dusk,,,0,dusk,
晦,2527,last day of the month,,,0,last day of the month,
膿,2528,pus,,,0,pus,
腑,2529,viscera,,,0,viscera,
胱,2530,bladder,,,0,bladder,
胚,2531,embryo,,,0,embryo,
肛,2532,anus,,,0,anus,
脆,2533,fragile,,,0,fragile,
肋,2534,rib,,,0,rib,
腔,2535,body cavity,,,0,body cavity,
肱,2536,armrest,,,0,armrest,
胡,2537,uncivilized,,,0,uncivilized,
楓,2538,maple tree,,,0,maple tree,
楊,2539,purple willow,,,0,purple willow,
椋,2540,Oriental elm,,,0,Oriental elm,
榛,2541,hazel,,,0,hazel,
櫛,2542,comb,,,0,comb,
槌,2543,wooden hammer,,,0,wooden hammer,
樵,2544,mallet,,,0,mallet,
梯,2545,ladder,,,0,ladder,
柑,2546,citrus tree,,,0,citrus tree,
杭,2547,picket,,,0,picket,
柊,2548,holly,,,0,holly,
柚,2549,citron,,,0,citron,
椀,2550,wooden bowl,,,0,wooden bowl,
栂,2551,hemlock,,,0,hemlock,
柾,2552,spindle tree,,,0,spindle tree,
榊,2553,sacred tree,,,0,sacred tree,
樫,2554,evergreen oak,,,0,evergreen oak,
槙,2555,black pine,,,0,black pine,
楢,2556,Japanese oak,,,0,Japanese oak,
橘,2557,mandarin orange,,,0,mandarin orange,
桧,2558,Japanese cypress,,,0,Japanese cypress,
棲,2559,roost,,,0,roost,
栖,2560,nestle,,,0,nestle,
桔,2561,bellflower,,,0,bellflower,
杜,2562,temple grove,,,0,temple grove,
杷,2563,grain rake,,,0,grain rake,
梶,2564,oar,,,0,oar,
杵,2565,wooden pestle,,,0,wooden pestle,
杖,2566,cane,,,0,cane,
樽,2567,barrel,,,0,barrel,
櫓,2568,turret,,,0,turret,
橿,2569,sturdy oak,,,0,sturdy oak,
杓,2570,wooden ladle,,,0,wooden ladle,
李,2571,damson,,,0,damson,
棉,2572,raw cotton,,,0,raw cotton,
楯,2573,escutcheon,,,0,escutcheon,
榎,2574,hackberry,,,0,hackberry,
樺,2575,birch,,,0,birch,
槍,2576,lance,,,0,lance,
柘,2577,wild mulberry,,,0,wild mulberry,
梱,2578,bale,,,0,bale,
枇,2579,loquat,,,0,loquat,
樋,2580,downspout,,,0,downspout,
橇,2581,sled,,,0,sled,
槃,2582,enjoyment,,,0,enjoyment,
栞,2583,bookmark,,,0,bookmark,
椰,2584,coconut tree,,,0,coconut tree,
檀,2585,sandalwood,,,0,sandalwood,
樗,2586,sumac,,,0,sumac,
槻,2587,zelkova,,,0,zelkova,
椙,2588,cryptomeria,,,0,cryptomeria,
彬,2589,copious,,,0,copious,
桶,2590,bucket,,,0,bucket,
楕,2591,ellipse,,,0,ellipse,
樒,2592,star-anise,,,0,star-anise,
毬,2593,furball,,,0,furball,
燿,2594,twinkle,,,0,twinkle,
燎,2595,watchfire,,,0,watchfire,
炬,2596,torch,,,0,torch,
焚,2597,kindle,,,0,kindle,
灸,2598,moxa,,,0,moxa,
煽,2599,fanning,,,0,fanning,
煤,2600,soot,,,0,soot,
煉,2601,firing,,,0,firing,
燦,2602,dazzling,,,0,dazzling,
灼,2603,refulgent,,,0,refulgent,
烙,2604,branding,,,0,branding,
焔,2605,flames,,,0,flames,
烹,2606,stew,,,0,stew,
牽,2607,tug,,,0,tug,
牝,2608,female animal,,,0,female animal,
牡,2609,male animal,,,0,male animal,
琳,2610,chime,,,0,chime,
琉,2611,lapis lazuli,,,0,lapis lazuli,
瑳,2612,burnish,,,0,burnish,
琢,2613,hone,,,0,hone,
珊,2614,coral,,,0,coral,
瑚,2615,coral reef,,,0,coral reef,
瑞,2616,fortunate,,,0,fortunate,
玖,2617,jet,,,0,jet,
瑛,2618,crystal stone,,,0,crystal stone,
玲,2619,tinkling,,,0,tinkling,
畢,2620,lastly,,,0,lastly,
畦,2621,paddy-field ridge,,,0,paddy-field ridge,
痒,2622,itch,,,0,itch,
痰,2623,phlegm,,,0,phlegm,
疹,2624,measles,,,0,measles,
痔,2625,hemorrhoids,,,0,hemorrhoids,
癌,2626,cancer,,,0,cancer,
痺,2627,paralysis,,,0,paralysis,
眸,2628,apple of the eye,,,0,apple of the eye,
眩,2629,dizzy,,,0,dizzy,
雉,2630,pheasant,,,0,pheasant,
矩,2631,carpenter’s square,,,0,carpenter’s square,
磐,2632,crag,,,0,crag,
碇,2633,grapnel,,,0,grapnel,
碧,2634,blue-green,,,0,blue-green,
硯,2635,inkstone,,,0,inkstone,
砥,2636,grindstone,,,0,grindstone,
碗,2637,teacup,,,0,teacup,
碍,2638,obstacle,,,0,obstacle,
碩,2639,illustrious,,,0,illustrious,
磯,2640,rocky beach,,,0,rocky beach,
砺,2641,whetstone,,,0,whetstone,
碓,2642,mill,,,0,mill,
禦,2643,fend off,,,0,fend off,
祷,2644,beseech,,,0,beseech,
祐,2645,ancestral tablet,,,0,ancestral tablet,
祇,2646,local god,,,0,local god,
祢,2647,ancestral shrine,,,0,ancestral shrine,
禄,2648,salarium,,,0,salarium,
禎,2649,felicitation,,,0,felicitation,
秤,2650,balancing scales,,,0,balancing scales,
黍,2651,millet,,,0,millet,
禿,2652,bald,,,0,bald,
稔,2653,bear fruit,,,0,bear fruit,
稗,2654,crabgrass,,,0,crabgrass,
穣,2655,bumper crop,,,0,bumper crop,
稜,2656,imperial authority,,,0,imperial authority,
稀,2657,sparse,,,0,sparse,
穆,2658,obeisant,,,0,obeisant,
窺,2659,peep,,,0,peep,
窄,2660,tight,,,0,tight,
穿,2661,drill,,,0,drill,
竃,2662,kitchen stove,,,0,kitchen stove,
竪,2663,longness,,,0,longness,
颯,2664,rustling,,,0,rustling,
站,2665,outpost,,,0,outpost,
靖,2666,repose,,,0,repose,
妾,2667,concubine,,,0,concubine,
衿,2668,lapel,,,0,lapel,
袷,2669,lined kimono,,,0,lined kimono,
袴,2670,pleated skirt,,,0,pleated skirt,
襖,2671,sliding door,,,0,sliding door,
笙,2672,Chinese panpipe,,,0,Chinese panpipe,
筏,2673,raft,,,0,raft,
簾,2674,bamboo blinds,,,0,bamboo blinds,
箪,2675,rattan box,,,0,rattan box,
竿,2676,pole,,,0,pole,
箆,2677,spatula,,,0,spatula,
箔,2678,foil,,,0,foil,
笥,2679,wardrobe,,,0,wardrobe,
箭,2680,arrow shaft,,,0,arrow shaft,
筑,2681,ancient harp,,,0,ancient harp,
篠,2682,slender bamboo,,,0,slender bamboo,
纂,2683,redaction,,,0,redaction,
竺,2684,bamboo cane,,,0,bamboo cane,
箕,2685,winnowing fan,,,0,winnowing fan,
笈,2686,backpack,,,0,backpack,
篇,2687,livraison,,,0,livraison,
筈,2688,should,,,0,should,
簸,2689,winnow,,,0,winnow,
粕,2690,settlings,,,0,settlings,
糟,2691,lees,,,0,lees,
糊,2692,paste,,,0,paste,
籾,2693,unhulled rice,,,0,unhulled rice,
糠,2694,rice bran,,,0,rice bran,
糞,2695,excrement,,,0,excrement,
粟,2696,foxtail millet,,,0,foxtail millet,
繋,2697,link up,,,0,link up,
綸,2698,twine,,,0,twine,
絨,2699,carpet yarn,,,0,carpet yarn,
絆,2700,ties,,,0,ties,
緋,2701,scarlet,,,0,scarlet,
綜,2702,synthesis,,,0,synthesis,
紐,2703,string,,,0,string,
紘,2704,chinstrap,,,0,chinstrap,
纏,2705,summarize,,,0,summarize,
絢,2706,gorgeous,,,0,gorgeous,
繍,2707,embroidery,,,0,embroidery,
紬,2708,pongee,,,0,pongee,
綺,2709,ornate,,,0,ornate,
綾,2710,damask,,,0,damask,
絃,2711,catgut,,,0,catgut,
縞,2712,stripe,,,0,stripe,
綬,2713,gimp,,,0,gimp,
紗,2714,gossamer,,,0,gossamer,
舵,2715,rudder,,,0,rudder,
聯,2716,strung together,,,0,strung together,
聡,2717,attentive,,,0,attentive,
聘,2718,summons,,,0,summons,
耽,2719,addiction,,,0,addiction,
耶,2720,exclamation,,,0,exclamation,
蚤,2721,flea,,,0,flea,
蟹,2722,crab,,,0,crab,
蛋,2723,protein,,,0,protein,
蟄,2724,hibernation,,,0,hibernation,
蝿,2725,housefly,,,0,housefly,
蟻,2726,ant,,,0,ant,
蝋,2727,wax,,,0,wax,
蝦,2728,shrimp,,,0,shrimp,
蛸,2729,octopus,,,0,octopus,
螺,2730,screw,,,0,screw,
蝉,2731,cicada,,,0,cicada,
蛙,2732,frog,,,0,frog,
蛾,2733,moth,,,0,moth,
蛤,2734,clam,,,0,clam,
蛭,2735,leech,,,0,leech,
蛎,2736,oyster,,,0,oyster,
罫,2737,ruled lines,,,0,ruled lines,
袈,2738,stole,,,0,stole,
裟,2739,monk’s sash,,,0,monk’s sash,
截,2740,incision,,,0,incision,
哉,2741,I wonder,,,0,I wonder,
詢,2742,counsel,,,0,counsel,
諄,2743,polite,,,0,polite,
讐,2744,vendetta,,,0,vendetta,
諌,2745,remonstrate,,,0,remonstrate,
諒,2746,verify,,,0,verify,
讃,2747,compliment,,,0,compliment,
訊,2748,query,,,0,query,
訣,2749,split up,,,0,split up,
詫,2750,beg another’s pardon,,,0,beg another’s pardon,
誼,2751,familiarity,,,0,familiarity,
謬,2752,fallible,,,0,fallible,
訝,2753,wary,,,0,wary,
諺,2754,proverb,,,0,proverb,
誹,2755,slander,,,0,slander,
謂,2756,so-called,,,0,so-called,
諜,2757,secret agent,,,0,secret agent,
註,2758,footnote,,,0,footnote,
譬,2759,parable,,,0,parable,
轟,2760,rumble,,,0,rumble,
輔,2761,reinforce,,,0,reinforce,
輻,2762,spoke,,,0,spoke,
輯,2763,assemble,,,0,assemble,
豹,2764,panther,,,0,panther,
賎,2765,despicable,,,0,despicable,
貰,2766,get,,,0,get,
賑,2767,bustling,,,0,bustling,
贖,2768,expiate,,,0,expiate,
躓,2769,stumble,,,0,stumble,
蹄,2770,hoof,,,0,hoof,
蹟,2771,vestiges,,,0,vestiges,
跨,2772,straddle,,,0,straddle,
跪,2773,kneel,,,0,kneel,
醤,2774,soy sauce,,,0,soy sauce,
醍,2775,whey,,,0,whey,
醐,2776,ghee,,,0,ghee,
醇,2777,strong sake,,,0,strong sake,
麹,2778,malt,,,0,malt,
釦,2779,button,,,0,button,
銚,2780,keg,,,0,keg,
鋤,2781,plow,,,0,plow,
鋸,2782,hand saw,,,0,hand saw,
錐,2783,awl,,,0,awl,
鍬,2784,hoe,,,0,hoe,
鋲,2785,rivet,,,0,rivet,
錫,2786,tin,,,0,tin,
錨,2787,anchor,,,0,anchor,
釘,2788,nail,,,0,nail,
鑓,2789,javelin,,,0,javelin,
鋒,2790,sword’s point,,,0,sword’s point,
鎚,2791,hammer,,,0,hammer,
鉦,2792,carillion,,,0,carillion,
錆,2793,rust,,,0,rust,
鍾,2794,cluster,,,0,cluster,
鋏,2795,scissors,,,0,scissors,
閃,2796,flash,,,0,flash,
悶,2797,agony,,,0,agony,
閤,2798,side gate,,,0,side gate,
雫,2799,trickle,,,0,trickle,
霞,2800,haze,,,0,haze,
翰,2801,quill,,,0,quill,
斡,2802,auspices,,,0,auspices,
鞍,2803,saddle,,,0,saddle,
鞭,2804,whip,,,0,whip,
鞘,2805,saddle straps,,,0,saddle straps,
鞄,2806,briefcase,,,0,briefcase,
靭,2807,pliable,,,0,pliable,
鞠,2808,terminate,,,0,terminate,
顛,2809,overturn,,,0,overturn,
穎,2810,brush tip,,,0,brush tip,
頗,2811,exceedingly,,,0,exceedingly,
頌,2812,accolade,,,0,accolade,
頚,2813,neck and throat,,,0,neck and throat,
餐,2814,repast,,,0,repast,
饗,2815,feast,,,0,feast,
蝕,2816,eclipse,,,0,eclipse,
飴,2817,sweets,,,0,sweets,
駕,2818,stretcher,,,0,stretcher,
騨,2819,piebald,,,0,piebald,
馳,2820,rush,,,0,rush,
騙,2821,cheat,,,0,cheat,
馴,2822,tame,,,0,tame,
駁,2823,rebuttal,,,0,rebuttal,
駈,2824,gallop,,,0,gallop,
驢,2825,donkey,,,0,donkey,
鰻,2826,eel,,,0,eel,
鯛,2827,sea bream,,,0,sea bream,
鰯,2828,sardine,,,0,sardine,
鱒,2829,trout,,,0,trout,
鮭,2830,salmon,,,0,salmon,
鮪,2831,tuna,,,0,tuna,
鮎,2832,sweet smelt,,,0,sweet smelt,
鯵,2833,horse mackerel,,,0,horse mackerel,
鱈,2834,cod,,,0,cod,
鯖,2835,mackerel,,,0,mackerel,
鮫,2836,shark,,,0,shark,
鰹,2837,bonito,,,0,bonito,
鰍,2838,bullhead,,,0,bullhead,
鰐,2839,alligator,,,0,alligator,
鮒,2840,crucian carp,,,0,crucian carp,
鮨,2841,sushi,,,0,sushi,
鰭,2842,fish fin,,,0,fish fin,
鴎,2843,seagull,,,0,seagull,
鵬,2844,roc,,,0,roc,
鸚,2845,parakeet,,,0,parakeet,
鵡,2846,parrot,,,0,parrot,
鵜,2847,cormorant,,,0,cormorant,
鷺,2848,heron,,,0,heron,
鷲,2849,eagle,,,0,eagle,
鴨,2850,wild duck,,,0,wild duck,
鳶,2851,black kite,,,0,black kite,
梟,2852,owl,,,0,owl,
塵,2853,dust,,,0,dust,
麒,2854,giraffe,,,0,giraffe,
舅,2855,father-in-law,,,0,father-in-law,
鼠,2856,mouse,,,0,mouse,
鑿,2857,bore,,,0,bore,
艘,2858,small craft,,,0,small craft,
瞑,2859,close the eyes,,,0,close the eyes,
暝,2860,murky,,,0,murky,
坐,2861,sitting in meditation,,,0,sitting in meditation,
朔,2862,first day of the month,,,0,first day of the month,
曳,2863,tow,,,0,tow,
洩,2864,dribble out,,,0,dribble out,
彗,2865,comet,,,0,comet,
慧,2866,astute,,,0,astute,
爾,2867,let it be,,,0,let it be,
嘉,2868,applaud,,,0,applaud,
兇,2869,evil,,,0,evil,
兜,2870,helmet,,,0,helmet,
靄,2871,mist,,,0,mist,
劫,2872,kalpa,,,0,kalpa,
歎,2873,bemoan,,,0,bemoan,
輿,2874,palanquin,,,0,palanquin,
歪,2875,warped,,,0,warped,
翠,2876,jade green,,,0,jade green,
黛,2877,blue-black,,,0,blue-black,
鼎,2878,tripod,,,0,tripod,
鹵,2879,rocksalt,,,0,rocksalt,
鹸,2880,lye,,,0,lye,
虔,2881,reserved,,,0,reserved,
燕,2882,swallow,,,0,swallow,
嘗,2883,lick,,,0,lick,
殆,2884,almost,,,0,almost,
牌,2885,mahjong tiles,,,0,mahjong tiles,
覗,2886,peek,,,0,peek,
齟,2887,disagree,,,0,disagree,
齬,2888,discord,,,0,discord,
秦,2889,Manchu dynasty,,,0,Manchu dynasty,
雀,2890,sparrow,,,0,sparrow,
隼,2891,peregrine falcon,,,0,peregrine falcon,
耀,2892,shimmering,,,0,shimmering,
夷,2893,ebisu,,,0,ebisu,
嚢,2894,cyst,,,0,cyst,
暢,2895,carefree,,,0,carefree,
廻,2896,circling,,,0,circling,
欣,2897,elation,,,0,elation,
毅,2898,stalwart,,,0,stalwart,
斯,2899,this,,,0,this,
匙,2900,wooden spoon,,,0,wooden spoon,
匡,2901,set straight,,,0,set straight,
肇,2902,founding,,,0,founding,
麿,2903,Utamaro,,,0,Utamaro,
叢,2904,conglomerate,,,0,conglomerate,
肴,2905,entreat,,,0,entreat,
斐,2906,symmetrically patterned,,,0,symmetrically patterned,
卿,2907,magistrate,,,0,magistrate,
翫,2908,fiddle with,,,0,fiddle with,
於,2909,within,,,0,within,
套,2910,hackneyed,,,0,hackneyed,
叛,2911,rebellion,,,0,rebellion,
尖,2912,sharp point,,,0,sharp point,
壷,2913,crock,,,0,crock,
叡,2914,sapience,,,0,sapience,
酋,2915,chieftain,,,0,chieftain,
鴬,2916,nightingale,,,0,nightingale,
赫,2917,incandescent,,,0,incandescent,
臥,2918,supinate,,,0,supinate,
甥,2919,nephew,,,0,nephew,
瓢,2920,gourd,,,0,gourd,
琵,2921,biwa,,,0,biwa,
琶,2922,lute,,,0,lute,
叉,2923,forked,,,0,forked,
乖,2924,disobey,,,0,disobey,
畠,2925,dry field,,,0,dry field,
圃,2926,vegetable patch,,,0,vegetable patch,
丞,2927,helping hand,,,0,helping hand,
亮,2928,translucent,,,0,translucent,
胤,2929,blood relative,,,0,blood relative,
疏,2930,transcription,,,0,transcription,
膏,2931,ointment,,,0,ointment,
魁,2932,pioneer,,,0,pioneer,
馨,2933,ambrosial,,,0,ambrosial,
牒,2934,label,,,0,label,
瞥,2935,glimpse,,,0,glimpse,
睾,2936,testicle,,,0,testicle,
巫,2937,sorceress,,,0,sorceress,
敦,2938,empathetic,,,0,empathetic,
奎,2939,Andromeda,,,0,Andromeda,
翔,2940,soar,,,0,soar,
皓,2941,beaming,,,0,beaming,
黎,2942,tenebrous,,,0,tenebrous,
赳,2943,bold,,,0,bold,
已,2944,stop short,,,0,stop short,
棘,2945,thornbush,,,0,thornbush,
祟,2946,haunt,,,0,haunt,
甦,2947,resuscitate,,,0,resuscitate,
剪,2948,pruning,,,0,pruning,
躾,2949,upbringing,,,0,upbringing,
夥,2950,plentiful,,,0,plentiful,
鼾,2951,snore,,,0,snore,
陀,2952,steeply inclined,,,0,steeply inclined,
粁,2953,kilometer,,,0,kilometer,
糎,2954,centimeter,,,0,centimeter,
粍,2955,millimeter,,,0,millimeter,
噸,2956,ton,,,0,ton,
哩,2957,mile,,,0,mile,
浬,2958,nautical mile,,,0,nautical mile,
吋,2959,inch,,,0,inch,
呎,2960,foot,,,0,foot,
梵,2961,brahman,,,0,brahman,
薩,2962,bodhisattva,,,0,bodhisattva,
菩,2963,bo tree,,,0,bo tree,
唖,2964,babble,,,0,babble,
牟,2965,moo,,,0,moo,
迦,2966,Sanskrit ka,,,0,Sanskrit ka,
珈,2967,jeweled hairpin,,,0,jeweled hairpin,
琲,2968,beaded hairpin,,,0,beaded hairpin,
檜,2969,Japanese cypress (old),,,0,Japanese cypress (old),
轡,2970,tinkling bell,,,0,tinkling bell,
淵,2971,abyss (old),,,0,abyss (old),
伍,2972,V,,,0,V,
什,2973,X,,,0,X,
萬,2974,ten thousand (old),,,0,ten thousand (old),
邁,2975,pass through,,,0,pass through,
燭,2976,candlelight,,,0,candlelight,
逞,2977,tough,,,0,tough,
燈,2978,lamp (old),,,0,lamp (old),
裡,2979,back (old),,,0,back (old),
薗,2980,park (alternate),,,0,park (alternate),
鋪,2981,shop (alternate),,,0,shop (alternate),
嶋,2982,island (alternate),,,0,island (alternate),
峯,2983,summit (alternate),,,0,summit (alternate),
埜,2984,plains (old),,,0,plains (old),
龍,2985,dragon (old),,,0,dragon (old),
寵,2986,patronage,,,0,patronage,
聾,2987,deafness,,,0,deafness,
慾,2988,longing (old),,,0,longing (old),
嶽,2989,Point (old),,,0,Point (old),
國,2990,country (old),,,0,country (old),
脛,2991,shin,,,0,shin,
勁,2992,formidable,,,0,formidable,
祀,2993,enshrine,,,0,enshrine,
祓,2994,exorcism,,,0,exorcism,
躇,2995,dither,,,0,dither,
壽,2996,longevity (old),,,0,longevity (old),
躊,2997,hesitate,,,0,hesitate,
饅,2998,bean jam,,,0,bean jam,
嘔,2999,retch,,,0,retch,
鼈,3000,snapping turtle,,,0,snapping turtle,
亙,,,,,0,,
亨,,,,,0,,
伶,,,,,0,,
佑,,,,,0,,
佼,,,,,0,,
侑,,,,,0,,
俣,,,,,0,,
倖,,,,,0,,
傭,,,,,0,,
僻,,,,,0,,
卜,,,,,0,,
喬,,,,,0,,
孟,,,,,0,,
尭,,,,,0,,
峨,,,,,0,,
嵯,,,,,0,,
巌,,,,,0,,
巽,,,,,0,,
彪,,,,,0,,
掟,,,,,0,,
掠,,,,,0,,
撹,,,,,0,,
梧,,,,,0,,
欝,,,,,0,,
欽,,,,,0,,
煕,,,,,0,,
熔,,,,,0,,
珪,,,,,0,,
瑶,,,,,0,,
甫,,,,,0,,
籠,,,,,0,,
聚,,,,,0,,
舘,,,,,0,,
舜,,,,,0,,
詑,,,,,0,,
諏,,,,,0,,
躯,,,,,0,,
郁,,,,,0,,
鏑,,,,,0,,
