kanji,joyo_index,radical,strokes,grade,year_added,english_meaning,on_kana,on_romaji,kun_kana,kun_romaji,unicode,svg_file,heisig_number,heisig_keyword
亜,1,二,7,S,,"sub-, Asia",ア,a,,,u4e9c,u4e9c.svg,,
哀,2,口,9,S,,pathetic,アイ,ai,あわ-れ、あわ-れむ,"awa-re, awa-remu",u54c0,u54c0.svg,,
挨,3,手,10,S,2010,push open,アイ,ai,,,u6328,u6328.svg,,
愛,4,心,13,4,,love,アイ,ai,,,u611b,u611b.svg,,
曖,5,日,17,S,2010,not clear,アイ,ai,,,u66d6,u66d6.svg,,
悪,6,心,11,3,,bad,アク、オ,"aku, o",わる-い,waru-i,u60aa,u60aa.svg,,
握,7,手,12,S,,grip,アク,aku,にぎ-る,nigi-ru,u63e1,u63e1.svg,,
圧,8,土,5,5,,pressure,アツ,atsu,,,u5727,u5727.svg,,
扱,9,手,6,S,,handle,,,あつか-う,atsuka-u,u6271,u6271.svg,,
宛,10,宀,8,S,2010,allocate,,,あ-てる,a-teru,u5b9b,u5b9b.svg,,
嵐,11,山,12,S,2010,storm,,,あらし,arashi,u5d50,u5d50.svg,,
安,12,宀,6,3,,cheap,アン,an,やす-い,yasu-i,u5b89,u5b89.svg,,
案,13,木,10,4,,plan,アン,an,,,u6848,u6848.svg,,
暗,14,日,13,3,,dark,アン,an,くら-い,kura-i,u6697,u6697.svg,,
以,15,人,5,4,,by means of,イ,i,,,u4ee5,u4ee5.svg,,
衣,16,衣,6,4,,clothes,イ,i,ころも,koromo,u8863,u8863.svg,,
位,17,人,7,4,,rank,イ,i,くらい,kurai,u4f4d,u4f4d.svg,,
囲,18,囗,7,5,,surround,イ,i,かこ-む、かこ-う,"kako-mu, kako-u",u56f2,u56f2.svg,,
医,19,酉,7,3,,doctor,イ,i,,,u533b,u533b.svg,,
依,20,人,8,S,,reliant,イ、（エ）,"i, (e)",,,u4f9d,u4f9d.svg,,
委,21,女,8,3,,committee,イ,i,ゆだ-ねる,yuda-neru,u59d4,u59d4.svg,,
威,22,女,9,S,,intimidate,イ,i,,,u5a01,u5a01.svg,,
為,23,爪,9,S,,do,イ,i,,,u70ba,u70ba.svg,,
畏,24,田,9,S,2010,fear,イ,i,おそ-れる,oso-reru,u754f,u754f.svg,,
胃,25,肉,9,6,,stomach,イ,i,,,u80c3,u80c3.svg,,
尉,26,寸,11,S,,military officer,イ,i,,,u5c09,u5c09.svg,,
異,27,田,11,6,,uncommon,イ,i,こと,koto,u7570,u7570.svg,,
移,28,禾,11,5,,shift,イ,i,うつ-る、うつ-す,"utsu-ru, utsu-su",u79fb,u79fb.svg,,
萎,29,艸,11,S,2010,wither,イ,i,な-える,na-eru,u840e,u840e.svg,,
偉,30,人,12,S,,admirable,イ,i,えら-い,era-i,u5049,u5049.svg,,
椅,31,木,12,S,2010,chair,イ,i,,,u6905,u6905.svg,,
彙,32,彐,13,S,2010,same kind,イ,i,,,u5f59,u5f59.svg,,
意,33,心,13,3,,idea,イ,i,,,u610f,u610f.svg,,
違,34,辵,13,S,,differ,イ,i,ちが-う、ちが-える,"chiga-u, chiga-eru",u9055,u9055.svg,,
維,35,糸,14,S,,fiber,イ,i,,,u7dad,u7dad.svg,,
慰,36,心,15,S,,consolation,イ,i,なぐさ-める、なぐさ-む,"nagusa-meru, nagusa-mu",u6170,u6170.svg,,
遺,37,辵,15,6,,bequeath,イ、（ユイ）,"i, (yui)",,,u907a,u907a.svg,,
緯,38,糸,16,S,,horizontal,イ,i,,,u7def,u7def.svg,,
域,39,土,11,6,,range,イキ,iki,,,u57df,u57df.svg,,
育,40,肉,8,3,,nurture,イク,iku,そだ-つ、そだ-てる、はぐく-む,"soda-tsu, soda-teru, haguku-mu",u80b2,u80b2.svg,,
一,41,一,1,1,,one,イチ、イツ,"ichi, itsu",ひと、ひと-つ,"hito, hito-tsu",u4e00,u4e00.svg,,
壱,42,士,7,S,,one (falsification prevention),イチ,ichi,,,u58f1,u58f1.svg,,
逸,43,辵,11,S,,deviate,イツ,itsu,,,u9038,u9038.svg,,
茨,44,艸,9,4,2010,thorn,,,（いばら）[6],(ibara),u8328,u8328.svg,,
芋,45,艸,6,S,,potato,,,いも,imo,u828b,u828b.svg,,
引,46,弓,4,2,,pull,イン,in,ひ-く、ひ-ける,"hi-ku, hi-keru",u5f15,u5f15.svg,,
印,47,卩,6,4,,mark,イン,in,しるし,shirushi,u5370,u5370.svg,,
因,48,囗,6,5,,cause,イン,in,よ-る,yo-ru,u56e0,u56e0.svg,,
咽,49,口,9,S,2010,throat,イン,in,,,u54bd,u54bd.svg,,
姻,50,女,9,S,,matrimony,イン,in,,,u59fb,u59fb.svg,,
員,51,口,10,3,,member,イン,in,,,u54e1,u54e1.svg,,
院,52,阜,10,3,,institution,イン,in,,,u9662,u9662.svg,,
淫,53,水,11,S,2010,lewdness,イン,in,みだ-ら,mida-ra,u6deb,u6deb.svg,,
陰,54,阜,11,S,,shade,イン,in,かげ、かげ-る,"kage, kage-ru",u9670,u9670.svg,,
飲,55,食,12,3,,drink,イン,in,の-む,no-mu,u98f2,u98f2.svg,,
隠,56,阜,14,S,,conceal,イン,in,かく-す、かく-れる,"kaku-su, kaku-reru",u96a0,u96a0.svg,,
韻,57,音,19,S,,rhyme,イン,in,,,u97fb,u97fb.svg,,
右,58,口,5,1,,right (direction),ウ、ユウ,"u, yū",みぎ,migi,u53f3,u53f3.svg,,
宇,59,宀,6,6,,eaves,ウ,u,,,u5b87,u5b87.svg,,
羽,60,羽,6,2,,feather,ウ,u,は、はね,"ha, hane",u7fbd,u7fbd.svg,,
雨,61,雨,8,1,,rain,ウ,u,あめ、（あま）,"ame, (ama)",u96e8,u96e8.svg,,
唄,62,口,10,S,2010,songs with samisen,,,（うた）,(uta),u5504,u5504.svg,,
鬱,63,鬯,29,S,2010,depression,ウツ,utsu,,,u9b31,u9b31.svg,,
畝,64,田,10,S,,furrow,,,うね,une,u755d,u755d.svg,,
浦,65,水,10,S,,bay,,,うら,ura,u6d66,u6d66.svg,,
運,66,辵,12,3,,carry,ウン,un,はこ-ぶ,hako-bu,u904b,u904b.svg,,
雲,67,雨,12,2,,cloud,ウン,un,くも,kumo,u96f2,u96f2.svg,,
永,68,水,5,5,,eternity,エイ,ei,なが-い,naga-i,u6c38,u6c38.svg,,
泳,69,水,8,3,,swim,エイ,ei,およ-ぐ,oyo-gu,u6cf3,u6cf3.svg,,
英,70,艸,8,4,,England,エイ,ei,,,u82f1,u82f1.svg,,
映,71,日,9,6,,reflect,エイ,ei,うつ-る、うつ-す、は-える,"utsu-ru, utsu-su, ha-eru",u6620,u6620.svg,,
栄,72,木,9,4,,prosperity,エイ,ei,さか-える、は-え、は-える,"saka-eru, ha-e, ha-eru",u6804,u6804.svg,,
営,73,火,12,5,,manage,エイ,ei,いとな-む,itona-mu,u55b6,u55b6.svg,,
詠,74,言,12,S,,recitation,エイ,ei,よ-む,yo-mu,u8a60,u8a60.svg,,
影,75,彡,15,S,,shadow,エイ,ei,かげ,kage,u5f71,u5f71.svg,,
鋭,76,金,15,S,,pointed,エイ,ei,するど-い,surudo-i,u92ed,u92ed.svg,,
衛,77,行,16,5,,defense,エイ,ei,,,u885b,u885b.svg,,
易,78,日,8,5,,easy,エキ、イ,"eki, i",やさ-しい,yasa-shii,u6613,u6613.svg,,
疫,79,疒,9,S,,epidemic,エキ、（ヤク）,"eki, (yaku)",,,u75ab,u75ab.svg,,
益,80,皿,10,5,,benefit,エキ、（ヤク）,"eki, (yaku)",,,u76ca,u76ca.svg,,
液,81,水,11,5,,fluid,エキ,eki,,,u6db2,u6db2.svg,,
駅,82,馬,14,3,,station,エキ,eki,,,u99c5,u99c5.svg,,
悦,83,心,10,S,,ecstasy,エツ,etsu,,,u60a6,u60a6.svg,,
越,84,走,12,S,,cross over,エツ,etsu,こ-す、こ-える,"ko-su, ko-eru",u8d8a,u8d8a.svg,,
謁,85,言,15,S,,audience,エツ,etsu,,,u8b01,u8b01.svg,,
閲,86,門,15,S,,review,エツ,etsu,,,u95b2,u95b2.svg,,
円,87,囗,4,1,,"round, yen",エン,en,まる-い,maru-i,u5186,u5186.svg,,
延,88,廴,8,6,,prolong,エン,en,の-びる、の-べる、の-ばす,"no-biru, no-beru, no-basu",u5ef6,u5ef6.svg,,
沿,89,水,8,6,,run alongside,エン,en,そ-う,so-u,u6cbf,u6cbf.svg,,
炎,90,火,8,S,,inflammation,エン,en,ほのお,honoo,u708e,u708e.svg,,
怨,91,心,9,S,2010,grudge,エン、オン,"en, on",,,u6028,u6028.svg,,
宴,92,宀,10,S,,banquet,エン,en,,,u5bb4,u5bb4.svg,,
媛,93,女,12,4,2010,"princess, beautiful woman",エン,en,,,u5a9b,u5a9b.svg,,
援,94,手,12,S,,aid,エン,en,,,u63f4,u63f4.svg,,
園,95,囗,13,2,,garden,エン,en,その,sono,u5712,u5712.svg,,
煙,96,火,13,S,,smoke,エン,en,けむ-る、けむり、けむ-い,"kemu-ru, kemuri, kemu-i",u7159,u7159.svg,,
猿,97,犬,13,S,1981,monkey,エン,en,さる,saru,u733f,u733f.svg,,
遠,98,辵,13,2,,far,エン、（オン）,"en, (on)",とお-い,too-i,u9060,u9060.svg,,
鉛,99,金,13,S,,lead,エン,en,なまり,namari,u925b,u925b.svg,,
塩,100,鹵,13,4,,salt,エン,en,しお,shio,u5869,u5869.svg,,
演,101,水,14,5,,perform,エン,en,,,u6f14,u6f14.svg,,
縁,102,糸,15,S,,affinity,エン,en,ふち,fuchi,u7e01,u7e01.svg,,
艶,103,色,19,S,2010,glossy,エン,en,つや,tsuya,u8276,u8276.svg,,
汚,104,水,6,S,,dirty,オ,o,けが-す、けが-れる、けが-らわしい、よご-す、よご-れる、きたな-い,"kega-su, kega-reru, kega-rawashii, yogo-su, yogo-reru, kitana-i",u6c5a,u6c5a.svg,,
王,105,玉,4,1,,king,オウ,ō,,,u738b,u738b.svg,,
凹,106,凵,5,S,1981,concave,オウ,ō,,,u51f9,u51f9.svg,,
央,107,大,5,3,,center,オウ,ō,,,u592e,u592e.svg,,
応,108,心,7,5,,respond,オウ,ō,こた-える,kota-eru,u5fdc,u5fdc.svg,,
往,109,彳,8,5,,outward journey,オウ,ō,,,u5f80,u5f80.svg,,
押,110,手,8,S,,pushed,オウ,ō,お-す、お-さえる,"o-su, o-saeru",u62bc,u62bc.svg,,
旺,111,日,8,S,2010,flourishing,オウ,ō,,,u65fa,u65fa.svg,,
欧,112,欠,8,S,,Europe,オウ,ō,,,u6b27,u6b27.svg,,
殴,113,殳,8,S,,assault,オウ,ō,なぐ-る,nagu-ru,u6bb4,u6bb4.svg,,
桜,114,木,10,5,,cherry tree,オウ,ō,さくら,sakura,u685c,u685c.svg,,
翁,115,羽,10,S,,venerable old man,オウ,ō,,,u7fc1,u7fc1.svg,,
奥,116,大,12,S,,heart,オウ,ō,おく,oku,u5965,u5965.svg,,
横,117,木,15,3,,side,オウ,ō,よこ,yoko,u6a2a,u6a2a.svg,,
岡,118,山,8,4,2010,hill,,,（おか）[6],(oka),u5ca1,u5ca1.svg,,
屋,119,尸,9,3,,roof,オク,oku,や,ya,u5c4b,u5c4b.svg,,
億,120,人,15,4,,hundred million,オク,oku,,,u5104,u5104.svg,,
憶,121,心,16,S,,recollection,オク,oku,,,u61b6,u61b6.svg,,
臆,122,肉,17,S,2010,timidity,オク,oku,,,u81c6,u81c6.svg,,
虞,123,虍,13,S,,uneasiness,,,おそれ,osore,u865e,u865e.svg,,
乙,124,乙,1,S,,the latter,オツ,otsu,,,u4e59,u4e59.svg,,
俺,125,人,10,S,2010,"I, we, myself",,,おれ,ore,u4ffa,u4ffa.svg,,
卸,126,卩,9,S,,wholesale,,,おろ-す、おろし,"oro-su, oroshi",u5378,u5378.svg,,
音,127,音,9,1,,sound,オン、イン,"on, in",おと、ね,"oto, ne",u97f3,u97f3.svg,,
恩,128,心,10,6,,grace,オン,on,,,u6069,u6069.svg,,
温,129,水,12,3,,warm,オン,on,あたた-か、あたた-かい、あたた-まる、あたた-める,"atata-ka, atata-kai, atata-maru, atata-meru",u6e29,u6e29.svg,,
穏,130,禾,16,S,,calm,オン,on,おだ-やか,oda-yaka,u7a4f,u7a4f.svg,,
下,131,一,3,1,,below,カ、ゲ,"ka, ge",した、しも、もと、さ-げる、さ-がる、くだ-る、くだ-す、くだ-さる、お-ろす、お-りる,"shita, shimo, moto, sa-geru, sa-garu, kuda-ru, kuda-su, kuda-saru, o-rosu, o-riru",u4e0b,u4e0b.svg,,
化,132,匕,4,3,,change,カ、ケ,"ka, ke",ば-ける、ば-かす,"ba-keru, ba-kasu",u5316,u5316.svg,,
火,133,火,4,1,,fire,カ,ka,ひ、（ほ）,"hi, (ho)",u706b,u706b.svg,,
加,134,力,5,4,,add,カ,ka,くわ-える、くわ-わる,"kuwa-eru, kuwa-waru",u52a0,u52a0.svg,,
可,135,口,5,5,,possible,カ,ka,,,u53ef,u53ef.svg,,
仮,136,人,6,5,,temporary,カ、（ケ）,"ka, (ke)",かり,kari,u4eee,u4eee.svg,,
何,137,人,7,2,,what,カ,ka,なに、（なん）,"nani, (nan)",u4f55,u4f55.svg,,
花,138,艸,7,1,,flower,カ,ka,はな,hana,u82b1,u82b1.svg,,
佳,139,人,8,S,,excellent,カ,ka,,,u4f73,u4f73.svg,,
価,140,人,8,5,,value,カ,ka,あたい,atai,u4fa1,u4fa1.svg,,
果,141,木,8,4,,fruit,カ,ka,は-たす、は-てる、は-て,"ha-tasu, ha-teru, ha-te",u679c,u679c.svg,,
河,142,水,8,5,,river,カ,ka,かわ,kawa,u6cb3,u6cb3.svg,,
苛,143,艸,8,S,2010,torment,カ,ka,,,u82db,u82db.svg,,
科,144,禾,9,2,,section,カ,ka,,,u79d1,u79d1.svg,,
架,145,木,9,S,,rack,カ,ka,か-ける、か-かる,"ka-keru, ka-karu",u67b6,u67b6.svg,,
夏,146,夊,10,2,,summer,カ、（ゲ）,"ka, (ge)",なつ,natsu,u590f,u590f.svg,,
家,147,宀,10,2,,house,カ、ケ,"ka, ke",いえ、や,"ie, ya",u5bb6,u5bb6.svg,,
荷,148,艸,10,3,,luggage,カ,ka,に,ni,u8377,u8377.svg,,
華,149,艸,10,S,,splendor,カ、（ケ）,"ka, (ke)",はな,hana,u83ef,u83ef.svg,,
菓,150,艸,11,S,,confectionery,カ,ka,,,u83d3,u83d3.svg,,
貨,151,貝,11,4,,freight,カ,ka,,,u8ca8,u8ca8.svg,,
渦,152,水,12,S,1981,whirlpool,カ,ka,うず,uzu,u6e26,u6e26.svg,,
過,153,辵,12,5,,go beyond,カ,ka,す-ぎる、す-ごす、あやま-つ、あやま-ち,"su-giru, su-gosu, ayama-tsu, ayama-chi",u904e,u904e.svg,,
嫁,154,女,13,S,,marry into,カ,ka,よめ、とつ-ぐ,"yome, totsu-gu",u5ac1,u5ac1.svg,,
暇,155,日,13,S,,spare time,カ,ka,ひま,hima,u6687,u6687.svg,,
禍,156,示,13,S,,calamity,カ,ka,,,u798d,u798d.svg,,
靴,157,革,13,S,1981,shoes,カ,ka,くつ,kutsu,u9774,u9774.svg,,
寡,158,宀,14,S,,widow,カ,ka,,,u5be1,u5be1.svg,,
歌,159,欠,14,2,,song,カ,ka,うた、うた-う,"uta, uta-u",u6b4c,u6b4c.svg,,
箇,160,竹,14,S,,counters for things,カ,ka,,,u7b87,u7b87.svg,,
稼,161,禾,15,S,1981,earnings,カ,ka,かせ-ぐ,kase-gu,u7a3c,u7a3c.svg,,
課,162,言,15,4,,section,カ,ka,,,u8ab2,u8ab2.svg,,
蚊,163,虫,10,S,,mosquito,,,か,ka,u868a,u868a.svg,,
牙,164,牙,4,S,2010,tusk,ガ、（ゲ）,"ga, (ge)",きば,kiba,u7259,u7259.svg,,
瓦,165,瓦,5,S,2010,tile,ガ,ga,かわら,kawara,u74e6,u74e6.svg,,
我,166,戈,7,6,,"ego, I, we",ガ,ga,われ、わ,"ware, wa",u6211,u6211.svg,,
画,167,田,8,2,,tableau,ガ、カク,"ga, kaku",,,u753b,u753b.svg,,
芽,168,艸,8,4,,bud,ガ,ga,め,me,u82bd,u82bd.svg,,
賀,169,貝,12,4,,congratulations,ガ,ga,,,u8cc0,u8cc0.svg,,
雅,170,隹,13,S,,gracious,ガ,ga,,,u96c5,u96c5.svg,,
餓,171,食,15,S,,starve,ガ,ga,,,u9913,u9913.svg,,
介,172,人,4,S,,jammed in,カイ,kai,,,u4ecb,u4ecb.svg,,
回,173,囗,6,2,,times,カイ、（エ）,"kai, (e)",まわ-る、まわ-す,"mawa-ru, mawa-su",u56de,u56de.svg,,
灰,174,火,6,6,,ashes,カイ,kai,はい,hai,u7070,u7070.svg,,
会,175,曰,6,2,,association,カイ、エ,"kai, e",あ-う,a-u,u4f1a,u4f1a.svg,,
快,176,心,7,5,,cheerful,カイ,kai,こころよ-い,kokoroyo-i,u5feb,u5feb.svg,,
戒,177,戈,7,S,,commandment,カイ,kai,いまし-める,imashi-meru,u6212,u6212.svg,,
改,178,攴,7,4,,reformation,カイ,kai,あらた-める、あらた-まる,"arata-meru, arata-maru",u6539,u6539.svg,,
怪,179,心,8,S,,suspicious,カイ,kai,あや-しい、あや-しむ,"aya-shii, aya-shimu",u602a,u602a.svg,,
拐,180,手,8,S,1981,kidnap,カイ,kai,,,u62d0,u62d0.svg,,
悔,181,心,9,S,,repent,カイ,kai,く-いる、く-やむ、くや-しい,"ku-iru, ku-yamu, kuya-shii",u6094,u6094.svg,,
海,182,水,9,2,,sea,カイ,kai,うみ,umi,u6d77,u6d77.svg,,
界,183,田,9,3,,world,カイ,kai,,,u754c,u754c.svg,,
皆,184,白,9,S,,all,カイ,kai,みな,mina,u7686,u7686.svg,,
械,185,木,11,4,,contraption,カイ,kai,,,u68b0,u68b0.svg,,
絵,186,糸,12,2,,picture,カイ、エ,"kai, e",,,u7d75,u7d75.svg,,
開,187,門,12,3,,open,カイ,kai,ひら-く、ひら-ける、あ-く、あ-ける,"hira-ku, hira-keru, a-ku, a-keru",u958b,u958b.svg,,
階,188,阜,12,3,,floor of a building,カイ,kai,,,u968e,u968e.svg,,
塊,189,土,13,S,,clod,カイ,kai,かたまり,katamari,u584a,u584a.svg,,
楷,190,木,13,S,2010,square character style,カイ,kai,,,u6977,u6977.svg,,
解,191,角,13,5,,untie,カイ、ゲ,"kai, ge",と-く、と-かす、と-ける,"to-ku, to-kasu, to-keru",u89e3,u89e3.svg,,
潰,192,水,15,S,2010,crush,カイ,kai,つぶ-す、つぶ-れる,"tsubu-su, tsubu-reru",u6f70,u6f70.svg,,
壊,193,土,16,S,,demolition,カイ,kai,こわ-す、こわ-れる,"kowa-su, kowa-reru",u58ca,u58ca.svg,,
懐,194,心,16,S,,pocket,カイ,kai,ふところ、なつ-かしい、なつ-かしむ、なつ-く、なつ-ける,"futokoro, natsu-kashii, natsu-kashimu, natsu-ku, natsu-keru",u61d0,u61d0.svg,,
諧,195,言,16,S,2010,harmony,カイ,kai,,,u8ae7,u8ae7.svg,,
貝,196,貝,7,1,,shellfish,,,かい,kai,u8c9d,u8c9d.svg,,
外,197,夕,5,2,,outside,ガイ、ゲ,"gai, ge",そと、ほか、はず-す、はず-れる,"soto, hoka, hazu-su, hazu-reru",u5916,u5916.svg,,
劾,198,力,8,S,,censure,ガイ,gai,,,u52be,u52be.svg,,
害,199,宀,10,4,,harm,ガイ,gai,,,u5bb3,u5bb3.svg,,
崖,200,山,11,S,2010,cliff,ガイ,gai,がけ,gake,u5d16,u5d16.svg,,
涯,201,水,11,S,1981,horizon,ガイ,gai,,,u6daf,u6daf.svg,,
街,202,行,12,4,,street,ガイ、（カイ）,"gai, (kai)",まち,machi,u8857,u8857.svg,,
慨,203,心,13,S,,rue,ガイ,gai,,,u6168,u6168.svg,,
蓋,204,艸,13,S,2010,cover,ガイ,gai,ふた,futa,u84cb,u84cb.svg,,
該,205,言,13,S,,above-stated,ガイ,gai,,,u8a72,u8a72.svg,,
概,206,木,14,S,,outline,ガイ,gai,,,u6982,u6982.svg,,
骸,207,骨,16,S,2010,dead remains,ガイ,gai,,,u9ab8,u9ab8.svg,,
垣,208,土,9,S,1981,hedge,,,かき,kaki,u57a3,u57a3.svg,,
柿,209,木,9,S,2010,persimmon,,,かき,kaki,u67ff,u67ff.svg,,
各,210,口,6,4,,each,カク,kaku,おのおの,onoono,u5404,u5404.svg,,
角,211,角,7,2,,angle,カク,kaku,かど、つの,"kado, tsuno",u89d2,u89d2.svg,,
拡,212,手,8,6,,broaden,カク,kaku,,,u62e1,u62e1.svg,,
革,213,革,9,6,,leather,カク,kaku,かわ,kawa,u9769,u9769.svg,,
格,214,木,10,5,,status,カク、（コウ）,"kaku, (kō)",,,u683c,u683c.svg,,
核,215,木,10,S,,nucleus,カク,kaku,,,u6838,u6838.svg,,
殻,216,殳,11,S,1981,husk,カク,kaku,から,kara,u6bbb,u6bbb.svg,,
郭,217,邑,11,S,,enclosure,カク,kaku,,,u90ed,u90ed.svg,,
覚,218,見,12,4,,memorize,カク,kaku,おぼ-える、さ-ます、さ-める,"obo-eru, sa-masu, sa-meru",u899a,u899a.svg,,
較,219,車,13,S,,contrast,カク,kaku,,,u8f03,u8f03.svg,,
隔,220,阜,13,S,,isolate,カク,kaku,へだ-てる、へだ-たる,"heda-teru, heda-taru",u9694,u9694.svg,,
閣,221,門,14,6,,tall,カク,kaku,,,u95a3,u95a3.svg,,
確,222,石,15,5,,certain,カク,kaku,たし-か、たし-かめる,"tashi-ka, tashi-kameru",u78ba,u78ba.svg,,
獲,223,犬,16,S,,seize,カク,kaku,え-る,e-ru,u7372,u7372.svg,,
嚇,224,口,17,S,,menacing,カク,kaku,,,u5687,u5687.svg,,
穫,225,禾,18,S,,harvest,カク,kaku,,,u7a6b,u7a6b.svg,,
学,226,子,8,1,,study,ガク,gaku,まな-ぶ,mana-bu,u5b66,u5b66.svg,,
岳,227,山,8,S,,point,ガク,gaku,たけ,take,u5cb3,u5cb3.svg,,
楽,228,木,13,2,,pleasure,ガク、ラク,"gaku, raku",たの-しい、たの-しむ,"tano-shii, tano-shimu",u697d,u697d.svg,,
額,229,頁,18,5,,amount,ガク,gaku,ひたい,hitai,u984d,u984d.svg,,
顎,230,頁,18,S,2010,jaw,ガク,gaku,あご,ago,u984e,u984e.svg,,
掛,231,手,11,S,,hang,,,か-ける、か-かる、かかり,"ka-keru, ka-karu, kakari",u639b,u639b.svg,,
潟,232,水,15,4,1981,lagoon,,,かた,kata,u6f5f,u6f5f.svg,,
括,233,手,9,S,,fasten,カツ,katsu,,,u62ec,u62ec.svg,,
活,234,水,9,2,,active,カツ,katsu,,,u6d3b,u6d3b.svg,,
喝,235,口,11,S,1981,hoarse,カツ,katsu,,,u559d,u559d.svg,,
渇,236,水,11,S,,thirst,カツ,katsu,かわ-く,kawa-ku,u6e07,u6e07.svg,,
割,237,刀,12,6,,divide,カツ,katsu,わ-る、わり、わ-れる、さ-く,"wa-ru, wari, wa-reru, sa-ku",u5272,u5272.svg,,
葛,238,艸,12,S,2010,arrowroot,カツ,katsu,くず,kuzu,u845b,u845b.svg,,
滑,239,水,13,S,,slippery,カツ、コツ,"katsu, kotsu",すべ-る、なめ-らか,"sube-ru, name-raka",u6ed1,u6ed1.svg,,
褐,240,衣,13,S,1981,brown,カツ,katsu,,,u8910,u8910.svg,,
轄,241,車,17,S,,control,カツ,katsu,,,u8f44,u8f44.svg,,
且,242,一,5,S,,moreover,,,か-つ,ka-tsu,u4e14,u4e14.svg,,
株,243,木,10,6,,stocks,,,かぶ,kabu,u682a,u682a.svg,,
釜,244,金,10,S,2010,kettle,,,かま,kama,u91dc,u91dc.svg,,
鎌,245,金,18,S,2010,sickle,,,かま,kama,u938c,u938c.svg,,
刈,246,刀,4,S,,reap,,,か-る,ka-ru,u5208,u5208.svg,,
干,247,干,3,6,,dry,カン,kan,ほ-す、ひ-る,"ho-su, hi-ru",u5e72,u5e72.svg,,
刊,248,刀,5,5,,publish,カン,kan,,,u520a,u520a.svg,,
甘,249,甘,5,S,,sweet,カン,kan,あま-い、あま-える、あま-やかす,"ama-i, ama-eru, ama-yakasu",u7518,u7518.svg,,
汗,250,水,6,S,,sweat,カン,kan,あせ,ase,u6c57,u6c57.svg,,
缶,251,缶,6,S,1981,tin can,カン,kan,,,u7f36,u7f36.svg,,
完,252,宀,7,4,,perfect,カン,kan,,,u5b8c,u5b8c.svg,,
肝,253,肉,7,S,,liver,カン,kan,きも,kimo,u809d,u809d.svg,,
官,254,宀,8,4,,government official,カン,kan,,,u5b98,u5b98.svg,,
冠,255,冖,9,S,,crown,カン,kan,かんむり,kanmuri,u51a0,u51a0.svg,,
巻,256,卩,9,6,,scroll,カン,kan,ま-く、まき,"ma-ku, maki",u5dfb,u5dfb.svg,,
看,257,目,9,6,,watch over,カン,kan,,,u770b,u770b.svg,,
陥,258,阜,10,S,,collapse,カン,kan,おちい-る、おとしい-れる,"ochii-ru, otoshii-reru",u9665,u9665.svg,,
乾,259,乙,11,S,,dry,カン,kan,かわ-く、かわ-かす,"kawa-ku, kawa-kasu",u4e7e,u4e7e.svg,,
勘,260,力,11,S,,intuition,カン,kan,,,u52d8,u52d8.svg,,
患,261,心,11,S,,afflicted,カン,kan,わずら-う,wazura-u,u60a3,u60a3.svg,,
貫,262,貝,11,S,,pierce,カン,kan,つらぬ-く,tsuranu-ku,u8cab,u8cab.svg,,
寒,263,宀,12,3,,cold,カン,kan,さむ-い,samu-i,u5bd2,u5bd2.svg,,
喚,264,口,12,S,,yell,カン,kan,,,u559a,u559a.svg,,
堪,265,土,12,S,,withstand,カン,kan,た-える,ta-eru,u582a,u582a.svg,,
換,266,手,12,S,,interchange,カン,kan,か-える、か-わる,"ka-eru, ka-waru",u63db,u63db.svg,,
敢,267,攴,12,S,,daring,カン,kan,,,u6562,u6562.svg,,
棺,268,木,12,S,,coffin,カン,kan,,,u68fa,u68fa.svg,,
款,269,欠,12,S,,goodwill,カン,kan,,,u6b3e,u6b3e.svg,,
間,270,門,12,2,,interval,カン、ケン,"kan, ken",あいだ、ま,"aida, ma",u9593,u9593.svg,,
閑,271,門,12,S,,leisure,カン,kan,,,u9591,u9591.svg,,
勧,272,力,13,S,,persuade,カン,kan,すす-める,susu-meru,u52e7,u52e7.svg,,
寛,273,宀,13,S,,tolerant,カン,kan,,,u5bdb,u5bdb.svg,,
幹,274,干,13,5,,tree-trunk,カン,kan,みき,miki,u5e79,u5e79.svg,,
感,275,心,13,3,,feeling,カン,kan,,,u611f,u611f.svg,,
漢,276,水,13,3,,China,カン,kan,,,u6f22,u6f22.svg,,
慣,277,心,14,5,,accustomed,カン,kan,な-れる、な-らす,"na-reru, na-rasu",u6163,u6163.svg,,
管,278,竹,14,4,,pipe,カン,kan,くだ,kuda,u7ba1,u7ba1.svg,,
関,279,門,14,4,,related,カン,kan,せき、かか-わる,"seki, kaka-waru",u95a2,u95a2.svg,,
歓,280,欠,15,S,,delight,カン,kan,,,u6b53,u6b53.svg,,
監,281,皿,15,S,,oversee,カン,kan,,,u76e3,u76e3.svg,,
緩,282,糸,15,S,,slacken,カン,kan,ゆる-い、ゆる-やか、ゆる-む、ゆる-める,"yuru-i, yuru-yaka, yuru-mu, yuru-meru",u7de9,u7de9.svg,,
憾,283,心,16,S,,remorse,カン,kan,,,u61be,u61be.svg,,
還,284,辵,16,S,,send back,カン,kan,,,u9084,u9084.svg,,
館,285,食,16,3,,public building,カン,kan,やかた,yakata,u9928,u9928.svg,,
環,286,玉,17,S,,ring,カン,kan,,,u74b0,u74b0.svg,,
簡,287,竹,18,6,,simplicity,カン,kan,,,u7c21,u7c21.svg,,
観,288,見,18,4,,observe,カン,kan,,,u89b3,u89b3.svg,,
韓,289,韋,18,S,2010,Korea,カン,kan,,,u97d3,u97d3.svg,,
艦,290,舟,21,S,,warship,カン,kan,,,u8266,u8266.svg,,
鑑,291,金,23,S,,specimen,カン,kan,かんが-みる,kanga-miru,u9451,u9451.svg,,
丸,292,丶,3,2,,circle,ガン,gan,まる、まる-い、まる-める,"maru, maru-i, maru-meru",u4e38,u4e38.svg,,
含,293,口,7,S,,include,ガン,gan,ふく-む、ふく-める,"fuku-mu, fuku-meru",u542b,u542b.svg,,
岸,294,山,8,3,,beach,ガン,gan,きし,kishi,u5cb8,u5cb8.svg,,
岩,295,山,8,2,,boulder,ガン,gan,いわ,iwa,u5ca9,u5ca9.svg,,
玩,296,玉,8,S,2010,trifle with,ガン,gan,,,u73a9,u73a9.svg,,
眼,297,目,11,5,,eyeball,ガン、（ゲン）,"gan, (gen)",まなこ,manako,u773c,u773c.svg,,
頑,298,頁,13,S,1981,stubborn,ガン,gan,,,u9811,u9811.svg,,
顔,299,頁,18,2,,face,ガン,gan,かお,kao,u9854,u9854.svg,,
願,300,頁,19,4,,request,ガン,gan,ねが-う,nega-u,u9858,u9858.svg,,
企,301,人,6,S,,plan,キ,ki,くわだ-てる,kuwada-teru,u4f01,u4f01.svg,,
伎,302,人,6,S,2010,deed,キ,ki,,,u4f0e,u4f0e.svg,,
危,303,卩,6,6,,dangerous,キ,ki,あぶ-ない、あや-うい、あや-ぶむ,"abu-nai, aya-ui, aya-bumu",u5371,u5371.svg,,
机,304,木,6,6,,desk,キ,ki,つくえ,tsukue,u673a,u673a.svg,,
気,305,气,6,1,,feeling,キ、ケ,"ki, ke",,,u6c17,u6c17.svg,,
岐,306,山,7,4,,branch off,キ,ki,,,u5c90,u5c90.svg,,
希,307,巾,7,4,,hope,キ,ki,,,u5e0c,u5e0c.svg,,
忌,308,心,7,S,,mourning,キ,ki,い-む、い-まわしい,"i-mu, i-mawashii",u5fcc,u5fcc.svg,,
汽,309,水,7,2,,steam,キ,ki,,,u6c7d,u6c7d.svg,,
奇,310,大,8,S,,strange,キ,ki,,,u5947,u5947.svg,,
祈,311,示,8,S,,pray,キ,ki,いの-る,ino-ru,u7948,u7948.svg,,
季,312,子,8,4,,seasons,キ,ki,,,u5b63,u5b63.svg,,
紀,313,糸,9,5,,chronicle,キ,ki,,,u7d00,u7d00.svg,,
軌,314,車,9,S,,rut,キ,ki,,,u8ecc,u8ecc.svg,,
既,315,无,10,S,,previously,キ,ki,すで-に,sude-ni,u65e2,u65e2.svg,,
記,316,言,10,2,,write down,キ,ki,しる-す,shiru-su,u8a18,u8a18.svg,,
起,317,走,10,3,,wake up,キ,ki,お-きる、お-こる、お-こす,"o-kiru, o-koru, o-kosu",u8d77,u8d77.svg,,
飢,318,食,10,S,,hungry,キ,ki,う-える,u-eru,u98e2,u98e2.svg,,
鬼,319,鬼,10,S,,ghost,キ,ki,おに,oni,u9b3c,u9b3c.svg,,
帰,320,止,10,2,,return,キ,ki,かえ-る、かえ-す,"kae-ru, kae-su",u5e30,u5e30.svg,,
基,321,土,11,5,,foundation,キ,ki,もと、もとい,"moto, motoi",u57fa,u57fa.svg,,
寄,322,宀,11,5,,approach,キ,ki,よ-る、よ-せる,"yo-ru, yo-seru",u5bc4,u5bc4.svg,,
規,323,見,11,5,,rule,キ,ki,,,u898f,u898f.svg,,
亀,324,龜,11,S,2010,turtle,キ,ki,かめ,kame,u4e80,u4e80.svg,,
喜,325,口,12,5,,rejoice,キ,ki,よろこ-ぶ,yoroko-bu,u559c,u559c.svg,,
幾,326,幺,12,S,,how many,キ,ki,いく,iku,u5e7e,u5e7e.svg,,
揮,327,手,12,6,,brandish,キ,ki,,,u63ee,u63ee.svg,,
期,328,月,12,3,,period of time,キ、（ゴ）,"ki, (go)",,,u671f,u671f.svg,,
棋,329,木,12,S,,chess piece,キ,ki,,,u68cb,u68cb.svg,,
貴,330,貝,12,6,,precious,キ,ki,たっと-い、とうと-い、たっと-ぶ、とうと-ぶ,"tatto-i, tōto-i, tatto-bu, tōto-bu",u8cb4,u8cb4.svg,,
棄,331,木,13,S,,abandon,キ,ki,,,u68c4,u68c4.svg,,
毀,332,殳,13,S,2010,destroy,キ,ki,,,u6bc0,u6bc0.svg,,
旗,333,方,14,4,,national flag,キ,ki,はた,hata,u65d7,u65d7.svg,,
器,334,口,15,4,,container,キ,ki,うつわ,utsuwa,u5668,u5668.svg,,
畿,335,田,15,S,2010,capital,キ,ki,,,u757f,u757f.svg,,
輝,336,車,15,S,,radiance,キ,ki,かがや-く,kagaya-ku,u8f1d,u8f1d.svg,,
機,337,木,16,4,,machine,キ,ki,はた,hata,u6a5f,u6a5f.svg,,
騎,338,馬,18,S,,equestrian,キ,ki,,,u9a0e,u9a0e.svg,,
技,339,手,7,5,,skill,ギ,gi,わざ,waza,u6280,u6280.svg,,
宜,340,宀,8,S,,best regards,ギ,gi,,,u5b9c,u5b9c.svg,,
偽,341,人,11,S,,falsehood,ギ,gi,いつわ-る、にせ,"itsuwa-ru, nise",u507d,u507d.svg,,
欺,342,欠,12,S,,deceit,ギ,gi,あざむ-く,azamu-ku,u6b3a,u6b3a.svg,,
義,343,羊,13,5,,righteousness,ギ,gi,,,u7fa9,u7fa9.svg,,
疑,344,疋,14,6,,doubt,ギ,gi,うたが-う,utaga-u,u7591,u7591.svg,,
儀,345,人,15,S,,ceremony,ギ,gi,,,u5100,u5100.svg,,
戯,346,戈,15,S,,frolic,ギ,gi,たわむ-れる,tawamu-reru,u622f,u622f.svg,,
擬,347,手,17,S,,mimic,ギ,gi,,,u64ec,u64ec.svg,,
犠,348,牛,17,S,,sacrifice,ギ,gi,,,u72a0,u72a0.svg,,
議,349,言,20,4,,deliberation,ギ,gi,,,u8b70,u8b70.svg,,
菊,350,艸,11,S,,chrysanthemum,キク,kiku,,,u83ca,u83ca.svg,,
吉,351,口,6,S,,good luck,キチ、キツ,"kichi, kitsu",,,u5409,u5409.svg,,
喫,352,口,12,S,,consume,キツ,kitsu,,,u55ab,u55ab.svg,,
詰,353,言,13,S,,packed,キツ,kitsu,つ-める、つ-まる、つ-む,"tsu-meru, tsu-maru, tsu-mu",u8a70,u8a70.svg,,
却,354,卩,7,S,,instead,キャク,kyaku,,,u5374,u5374.svg,,
客,355,宀,9,3,,guest,キャク、カク,"kyaku, kaku",,,u5ba2,u5ba2.svg,,
脚,356,肉,11,S,,leg,キャク、（キャ）,"kyaku, (kya)",あし,ashi,u811a,u811a.svg,,
逆,357,辵,9,5,,inverted,ギャク,gyaku,さか、さか-らう,"saka, saka-rau",u9006,u9006.svg,,
虐,358,虍,9,S,,tyrannize,ギャク,gyaku,しいた-げる,shiita-geru,u8650,u8650.svg,,
九,359,乙,2,1,,nine,キュウ、ク,"kyū, ku",ここの、ここの-つ,"kokono, kokono-tsu",u4e5d,u4e5d.svg,,
久,360,丿,3,5,,long time,キュウ、（ク）,"kyū, (ku)",ひさ-しい,hisa-shii,u4e45,u4e45.svg,,
及,361,又,3,S,,reach out,キュウ,kyū,およ-ぶ、およ-び、およ-ぼす,"oyo-bu, oyo-bi, oyo-bosu",u53ca,u53ca.svg,,
弓,362,弓,3,2,,"bow (archery, violin)",キュウ,kyū,ゆみ,yumi,u5f13,u5f13.svg,,
丘,363,一,5,S,,hill,キュウ,kyū,おか,oka,u4e18,u4e18.svg,,
旧,364,臼,5,5,,old times,キュウ,kyū,,,u65e7,u65e7.svg,,
休,365,人,6,1,,rest,キュウ,kyū,やす-む、やす-まる、やす-める,"yasu-mu, yasu-maru, yasu-meru",u4f11,u4f11.svg,,
吸,366,口,6,6,,suck,キュウ,kyū,す-う,su-u,u5438,u5438.svg,,
朽,367,木,6,S,,decay,キュウ,kyū,く-ちる,ku-chiru,u673d,u673d.svg,,
臼,368,臼,6,S,2010,mortar,キュウ,kyū,うす,usu,u81fc,u81fc.svg,,
求,369,水,7,4,,request,キュウ,kyū,もと-める,moto-meru,u6c42,u6c42.svg,,
究,370,穴,7,3,,research,キュウ,kyū,きわ-める,kiwa-meru,u7a76,u7a76.svg,,
泣,371,水,8,4,,cry,キュウ,kyū,な-く,na-ku,u6ce3,u6ce3.svg,,
急,372,心,9,3,,hurry,キュウ,kyū,いそ-ぐ,iso-gu,u6025,u6025.svg,,
級,373,糸,9,3,,rank,キュウ,kyū,,,u7d1a,u7d1a.svg,,
糾,374,糸,9,S,,twist,キュウ,kyū,,,u7cfe,u7cfe.svg,,
宮,375,宀,10,3,,Shinto shrine,キュウ、グウ、（ク）,"kyū, gū, (ku)",みや,miya,u5bae,u5bae.svg,,
救,376,攴,11,5,,salvation,キュウ,kyū,すく-う,suku-u,u6551,u6551.svg,,
球,377,玉,11,3,,sphere,キュウ,kyū,たま,tama,u7403,u7403.svg,,
給,378,糸,12,4,,salary,キュウ,kyū,,,u7d66,u7d66.svg,,
嗅,379,口,13,S,2010,smell,キュウ,kyū,か-ぐ,ka-gu,u55c5,u55c5.svg,,
窮,380,穴,15,S,,hard up,キュウ,kyū,きわ-める、きわ-まる,"kiwa-meru, kiwa-maru",u7aae,u7aae.svg,,
牛,381,牛,4,2,,cow,ギュウ,gyū,うし,ushi,u725b,u725b.svg,,
去,382,厶,5,3,,leave,キョ、コ,"kyo, ko",さ-る,sa-ru,u53bb,u53bb.svg,,
巨,383,工,4,S,,gigantic,キョ,kyo,,,u5de8,u5de8.svg,,
居,384,尸,8,5,,reside,キョ,kyo,い-る,i-ru,u5c45,u5c45.svg,,
拒,385,手,8,S,,repel,キョ,kyo,こば-む,koba-mu,u62d2,u62d2.svg,,
拠,386,手,8,S,,foothold,キョ、コ,"kyo, ko",,,u62e0,u62e0.svg,,
挙,387,手,10,4,,raise,キョ,kyo,あ-げる、あ-がる,"a-geru, a-garu",u6319,u6319.svg,,
虚,388,虍,11,S,,void,キョ、（コ）,"kyo, (ko)",,,u865a,u865a.svg,,
許,389,言,11,5,,permit,キョ,kyo,ゆる-す,yuru-su,u8a31,u8a31.svg,,
距,390,足,12,S,,long-distance,キョ,kyo,,,u8ddd,u8ddd.svg,,
魚,391,魚,11,2,,fish,ギョ,gyo,うお、さかな,"uo, sakana",u9b5a,u9b5a.svg,,
御,392,彳,12,S,,honorable,ギョ、ゴ,"gyo, go",おん,on,u5fa1,u5fa1.svg,,
漁,393,水,14,4,,fishing,ギョ、リョウ,"gyo, ryō",,,u6f01,u6f01.svg,,
凶,394,凵,4,S,,villain,キョウ,kyō,,,u51f6,u51f6.svg,,
共,395,八,6,4,,together,キョウ,kyō,とも,tomo,u5171,u5171.svg,,
叫,396,口,6,S,,shout,キョウ,kyō,さけ-ぶ,sake-bu,u53eb,u53eb.svg,,
狂,397,犬,7,S,,lunatic,キョウ,kyō,くる-う、くる-おしい,"kuru-u, kuru-oshii",u72c2,u72c2.svg,,
京,398,亠,8,2,,capital,キョウ、ケイ,"kyō, kei",,,u4eac,u4eac.svg,,
享,399,亠,8,S,,receive,キョウ,kyō,,,u4eab,u4eab.svg,,
供,400,人,8,6,,offer,キョウ、（ク）,"kyō, (ku)",そな-える、とも,"sona-eru, tomo",u4f9b,u4f9b.svg,,
協,401,十,8,4,,cooperation,キョウ,kyō,,,u5354,u5354.svg,,
況,402,水,8,S,,condition,キョウ,kyō,,,u6cc1,u6cc1.svg,,
峡,403,山,9,S,,gorge,キョウ,kyō,,,u5ce1,u5ce1.svg,,
挟,404,手,9,S,1981,pinch,キョウ,kyō,はさ-む、はさ-まる,"hasa-mu, hasa-maru",u631f,u631f.svg,,
狭,405,犬,9,S,,cramped,キョウ,kyō,せま-い、せば-める、せば-まる,"sema-i, seba-meru, seba-maru",u72ed,u72ed.svg,,
恐,406,心,10,S,,fear,キョウ,kyō,おそ-れる、おそ-ろしい,"oso-reru, oso-roshii",u6050,u6050.svg,,
恭,407,心,10,S,,respect,キョウ,kyō,うやうや-しい,uyauya-shii,u606d,u606d.svg,,
胸,408,肉,10,6,,bosom,キョウ,kyō,むね、（むな）,"mune, (muna)",u80f8,u80f8.svg,,
脅,409,肉,10,S,,threaten,キョウ,kyō,おびや-かす、おど-す、おど-かす,"obiya-kasu, odo-su, odo-kasu",u8105,u8105.svg,,
強,410,弓,11,2,,strong,キョウ、ゴウ,"kyō, gō",つよ-い、つよ-まる、つよ-める、し-いる,"tsuyo-i, tsuyo-maru, tsuyo-meru, shi-iru",u5f37,u5f37.svg,,
教,411,攴,11,2,,teach,キョウ,kyō,おし-える、おそ-わる,"oshi-eru, oso-waru",u6559,u6559.svg,,
郷,412,邑,11,6,,home town,キョウ、ゴウ,"kyō, gō",,,u90f7,u90f7.svg,,
境,413,土,14,5,,boundary,キョウ、（ケイ）,"kyō, (kei)",さかい,sakai,u5883,u5883.svg,,
橋,414,木,16,3,,bridge,キョウ,kyō,はし,hashi,u6a4b,u6a4b.svg,,
矯,415,矢,17,S,1981,rectify,キョウ,kyō,た-める,ta-meru,u77ef,u77ef.svg,,
鏡,416,金,19,4,,mirror,キョウ,kyō,かがみ,kagami,u93e1,u93e1.svg,,
競,417,立,20,4,,compete,キョウ、ケイ,"kyō, kei",きそ-う、せ-る,"kiso-u, se-ru",u7af6,u7af6.svg,,
響,418,音,20,S,,echo,キョウ,kyō,ひび-く,hibi-ku,u97ff,u97ff.svg,,
驚,419,馬,22,S,,wonder,キョウ,kyō,おどろ-く、おどろ-かす,"odoro-ku, odoro-kasu",u9a5a,u9a5a.svg,,
仰,420,人,6,S,,face-up,ギョウ、（コウ）,"gyō, (kō)",あお-ぐ、おお-せ,"ao-gu, oo-se",u4ef0,u4ef0.svg,,
暁,421,日,12,S,,daybreak,ギョウ,gyō,あかつき,akatsuki,u6681,u6681.svg,,
業,422,木,13,3,,business,ギョウ、ゴウ,"gyō, gō",わざ,waza,u696d,u696d.svg,,
凝,423,冫,16,S,,congeal,ギョウ,gyō,こ-る、こ-らす,"ko-ru, ko-rasu",u51dd,u51dd.svg,,
曲,424,曰,6,3,,musical composition,キョク,kyoku,ま-がる、ま-げる,"ma-garu, ma-geru",u66f2,u66f2.svg,,
局,425,尸,7,3,,office,キョク,kyoku,,,u5c40,u5c40.svg,,
極,426,木,12,4,,poles,キョク、ゴク,"kyoku, goku",きわ-める、きわ-まる、きわ-み,"kiwa-meru, kiwa-maru, kiwa-mi",u6975,u6975.svg,,
玉,427,玉,5,1,,ball,ギョク,gyoku,たま,tama,u7389,u7389.svg,,
巾,428,巾,3,S,2010,towel,キン,kin,,,u5dfe,u5dfe.svg,,
斤,429,斤,4,S,,axe,キン,kin,,,u65a4,u65a4.svg,,
均,430,土,7,5,,level,キン,kin,,,u5747,u5747.svg,,
近,431,辵,7,2,,near,キン,kin,ちか-い,chika-i,u8fd1,u8fd1.svg,,
金,432,金,8,1,,gold,キン、コン,"kin, kon",かね、（かな）,"kane, (kana)",u91d1,u91d1.svg,,
菌,433,艸,11,S,,germ,キン,kin,,,u83cc,u83cc.svg,,
勤,434,力,12,6,,diligence,キン、（ゴン）,"kin, (gon)",つと-める、つと-まる,"tsuto-meru, tsuto-maru",u52e4,u52e4.svg,,
琴,435,玉,12,S,,harp,キン,kin,こと,koto,u7434,u7434.svg,,
筋,436,竹,12,6,,muscle,キン,kin,すじ,suji,u7b4b,u7b4b.svg,,
僅,437,人,13,S,2010,a wee bit,キン,kin,わず-か,wazu-ka,u50c5,u50c5.svg,,
禁,438,示,13,5,,prohibition,キン,kin,,,u7981,u7981.svg,,
緊,439,糸,15,S,,tense,キン,kin,,,u7dca,u7dca.svg,,
錦,440,金,16,S,2010,brocade,キン,kin,にしき,nishiki,u9326,u9326.svg,,
謹,441,言,17,S,,discreet,キン,kin,つつし-む,tsutsushi-mu,u8b39,u8b39.svg,,
襟,442,衣,18,S,1981,collar,キン,kin,えり,eri,u895f,u895f.svg,,
吟,443,口,7,S,,versify,ギン,gin,,,u541f,u541f.svg,,
銀,444,金,14,3,,silver,ギン,gin,,,u9280,u9280.svg,,
区,445,匸,4,3,,ward,ク,ku,,,u533a,u533a.svg,,
句,446,口,5,5,,phrase,ク,ku,,,u53e5,u53e5.svg,,
苦,447,艸,8,3,,suffer,ク,ku,くる-しい、くる-しむ、くる-しめる、にが-い、にが-る,"kuru-shii, kuru-shimu, kuru-shimeru, niga-i, niga-ru",u82e6,u82e6.svg,,
駆,448,馬,14,S,,drive,ク,ku,か-ける、か-る,"ka-keru, ka-ru",u99c6,u99c6.svg,,
具,449,八,8,3,,tool,グ,gu,,,u5177,u5177.svg,,
惧,450,心,11,S,2010,dread,グ,gu,,,u60e7,u60e7.svg,,
愚,451,心,13,S,,foolish,グ,gu,おろ-か,oro-ka,u611a,u611a.svg,,
空,452,穴,8,1,,sky,クウ,kū,そら、あ-く、あ-ける、から,"sora, a-ku, a-keru, kara",u7a7a,u7a7a.svg,,
偶,453,人,11,S,,accidentally,グウ,gū,,,u5076,u5076.svg,,
遇,454,辵,12,S,,interview,グウ,gū,,,u9047,u9047.svg,,
隅,455,阜,12,S,1981,corner,グウ,gū,すみ,sumi,u9685,u9685.svg,,
串,456,丨,7,S,2010,skewer,,,くし,kushi,u4e32,u4e32.svg,,
屈,457,尸,8,S,,yield,クツ,kutsu,,,u5c48,u5c48.svg,,
掘,458,手,11,S,,dig,クツ,kutsu,ほ-る,ho-ru,u6398,u6398.svg,,
窟,459,穴,13,S,2010,cavern,クツ,kutsu,,,u7a9f,u7a9f.svg,,
熊,460,火,14,4,2010,bear,,,くま,kuma,u718a,u718a.svg,,
繰,461,糸,19,S,,winding,,,く-る,ku-ru,u7e70,u7e70.svg,,
君,462,口,7,3,,you,クン,kun,きみ,kimi,u541b,u541b.svg,,
訓,463,言,10,4,,instruction,クン,kun,,,u8a13,u8a13.svg,,
勲,464,力,15,S,,meritorious deed,クン,kun,,,u52f2,u52f2.svg,,
薫,465,艸,16,S,,fragrant,クン,kun,かお-る,kao-ru,u85ab,u85ab.svg,,
軍,466,車,9,4,,army,グン,gun,,,u8ecd,u8ecd.svg,,
郡,467,邑,10,4,,county,グン,gun,,,u90e1,u90e1.svg,,
群,468,羊,13,4,,flock,グン,gun,む-れる、む-れ、（むら）,"mu-reru, mu-re, (mura)",u7fa4,u7fa4.svg,,
兄,469,儿,5,2,,older brother,ケイ、（キョウ）,"kei, (kyō)",あに,ani,u5144,u5144.svg,,
刑,470,刀,6,S,,punish,ケイ,kei,,,u5211,u5211.svg,,
形,471,彡,7,2,,shape,ケイ、ギョウ,"kei, gyō",かた、かたち,"kata, katachi",u5f62,u5f62.svg,,
系,472,糸,7,6,,lineage,ケイ,kei,,,u7cfb,u7cfb.svg,,
径,473,彳,8,4,,diameter,ケイ,kei,,,u5f84,u5f84.svg,,
茎,474,艸,8,S,,stalk,ケイ,kei,くき,kuki,u830e,u830e.svg,,
係,475,人,9,3,,person in charge,ケイ,kei,かか-る、かかり,"kaka-ru, kakari",u4fc2,u4fc2.svg,,
型,476,土,9,5,,model,ケイ,kei,かた,kata,u578b,u578b.svg,,
契,477,大,9,S,,pledge,ケイ,kei,ちぎ-る,chigi-ru,u5951,u5951.svg,,
計,478,言,9,2,,measure,ケイ,kei,はか-る、はか-らう,"haka-ru, haka-rau",u8a08,u8a08.svg,,
恵,479,心,10,S,,favor,ケイ、エ,"kei, e",めぐ-む,megu-mu,u6075,u6075.svg,,
啓,480,口,11,S,,disclose,ケイ,kei,,,u5553,u5553.svg,,
掲,481,手,11,S,,put up (a notice),ケイ,kei,かか-げる,kaka-geru,u63b2,u63b2.svg,,
渓,482,水,11,S,1981,mountain stream,ケイ,kei,,,u6e13,u6e13.svg,,
経,483,糸,11,5,,manage,ケイ、キョウ,"kei, kyō",へ-る,he-ru,u7d4c,u7d4c.svg,,
蛍,484,虫,11,S,1981,lightning-bug,ケイ,kei,ほたる,hotaru,u86cd,u86cd.svg,,
敬,485,攴,12,6,,respect,ケイ,kei,うやま-う,uyama-u,u656c,u656c.svg,,
景,486,日,12,4,,scenery,ケイ,kei,,,u666f,u666f.svg,,
軽,487,車,12,3,,lightweight,ケイ,kei,かる-い、かろ-やか,"karu-i, karo-yaka",u8efd,u8efd.svg,,
傾,488,人,13,S,,lean,ケイ,kei,かたむ-く、かたむ-ける,"katamu-ku, katamu-keru",u50be,u50be.svg,,
携,489,手,13,S,,portable,ケイ,kei,たずさ-える、たずさ-わる,"tazusa-eru, tazusa-waru",u643a,u643a.svg,,
継,490,糸,13,S,,inherit,ケイ,kei,つ-ぐ,tsu-gu,u7d99,u7d99.svg,,
詣,491,言,13,S,2010,visit a temple,ケイ,kei,もう-でる,mō-deru,u8a63,u8a63.svg,,
慶,492,心,15,S,,jubilation,ケイ,kei,,,u6176,u6176.svg,,
憬,493,心,15,S,2010,long for,ケイ,kei,,,u61ac,u61ac.svg,,
稽,494,禾,15,S,2010,consider,ケイ,kei,,,u7a3d,u7a3d.svg,,
憩,495,心,16,S,,recess,ケイ,kei,いこ-い、いこ-う,"iko-i, iko-u",u61a9,u61a9.svg,,
警,496,言,19,6,,guard against,ケイ,kei,,,u8b66,u8b66.svg,,
鶏,497,鳥,19,S,,chicken,ケイ,kei,にわとり,niwatori,u9d8f,u9d8f.svg,,
芸,498,艸,7,4,,art,ゲイ,gei,,,u82b8,u82b8.svg,,
迎,499,辵,7,S,,welcome,ゲイ,gei,むか-える,muka-eru,u8fce,u8fce.svg,,
鯨,500,魚,19,S,,whale,ゲイ,gei,くじら,kujira,u9be8,u9be8.svg,,
隙,501,阜,13,S,2010,fissure,ゲキ,geki,すき,suki,u9699,u9699.svg,,
劇,502,刀,15,6,,drama,ゲキ,geki,,,u5287,u5287.svg,,
撃,503,手,15,S,,beat,ゲキ,geki,う-つ,u-tsu,u6483,u6483.svg,,
激,504,水,16,6,,violent,ゲキ,geki,はげ-しい,hage-shii,u6fc0,u6fc0.svg,,
桁,505,木,10,S,2010,beam,,,けた,keta,u6841,u6841.svg,,
欠,506,缶,4,4,,lack,ケツ,ketsu,か-ける、か-く,"ka-keru, ka-ku",u6b20,u6b20.svg,,
穴,507,穴,5,6,,hole,ケツ,ketsu,あな,ana,u7a74,u7a74.svg,,
血,508,血,6,3,,blood,ケツ,ketsu,ち,chi,u8840,u8840.svg,,
決,509,水,7,3,,decide,ケツ,ketsu,き-める、き-まる,"ki-meru, ki-maru",u6c7a,u6c7a.svg,,
結,510,糸,12,4,,tie,ケツ,ketsu,むす-ぶ、ゆ-う、ゆ-わえる,"musu-bu, yu-u, yu-waeru",u7d50,u7d50.svg,,
傑,511,人,13,S,,greatness,ケツ,ketsu,,,u5091,u5091.svg,,
潔,512,水,15,5,,undefiled,ケツ,ketsu,いさぎよ-い,isagiyo-i,u6f54,u6f54.svg,,
月,513,月,4,1,,"month, moon",ゲツ、ガツ,"getsu, gatsu",つき,tsuki,u6708,u6708.svg,,
犬,514,犬,4,1,,dog,ケン,ken,いぬ,inu,u72ac,u72ac.svg,,
件,515,人,6,5,,affair,ケン,ken,,,u4ef6,u4ef6.svg,,
見,516,見,7,1,,see,ケン,ken,み-る、み-える、み-せる,"mi-ru, mi-eru, mi-seru",u898b,u898b.svg,,
券,517,刀,8,6,,ticket,ケン,ken,,,u5238,u5238.svg,,
肩,518,肉,8,S,,shoulder,ケン,ken,かた,kata,u80a9,u80a9.svg,,
建,519,廴,9,4,,build,ケン、（コン）,"ken, (kon)",た-てる、た-つ,"ta-teru, ta-tsu",u5efa,u5efa.svg,,
研,520,石,9,3,,sharpen,ケン,ken,と-ぐ,to-gu,u7814,u7814.svg,,
県,521,糸,9,3,,prefecture,ケン,ken,,,u770c,u770c.svg,,
倹,522,人,10,S,,frugal,ケン,ken,,,u5039,u5039.svg,,
兼,523,八,10,S,,concurrently,ケン,ken,か-ねる,ka-neru,u517c,u517c.svg,,
剣,524,刀,10,S,,sabre,ケン,ken,つるぎ,tsurugi,u5263,u5263.svg,,
拳,525,手,10,S,2010,fist,ケン,ken,こぶし,kobushi,u62f3,u62f3.svg,,
軒,526,車,10,S,,flats,ケン,ken,のき,noki,u8ed2,u8ed2.svg,,
健,527,人,11,4,,healthy,ケン,ken,すこ-やか,suko-yaka,u5065,u5065.svg,,
険,528,阜,11,5,,precipitous,ケン,ken,けわ-しい,kewa-shii,u967a,u967a.svg,,
圏,529,囗,12,S,,sphere,ケン,ken,,,u570f,u570f.svg,,
堅,530,土,12,S,,strict,ケン,ken,かた-い,kata-i,u5805,u5805.svg,,
検,531,木,12,5,,examine,ケン,ken,,,u691c,u691c.svg,,
嫌,532,女,13,S,1981,dislike,ケン、（ゲン）,"ken, (gen)",きら-う、いや,"kira-u, iya",u5acc,u5acc.svg,,
献,533,犬,13,S,,offering,ケン、（コン）,"ken, (kon)",,,u732e,u732e.svg,,
絹,534,糸,13,6,,silk,ケン,ken,きぬ,kinu,u7d79,u7d79.svg,,
遣,535,辵,13,S,,dispatch,ケン,ken,つか-う、つか-わす,"tsuka-u, tsuka-wasu",u9063,u9063.svg,,
権,536,木,15,6,,rights,ケン、（ゴン）,"ken, (gon)",,,u6a29,u6a29.svg,,
憲,537,心,16,6,,constitution,ケン,ken,,,u61b2,u61b2.svg,,
賢,538,貝,16,S,,intelligent,ケン,ken,かしこ-い,kashiko-i,u8ce2,u8ce2.svg,,
謙,539,言,17,S,,self-effacing,ケン,ken,,,u8b19,u8b19.svg,,
鍵,540,金,17,S,2010,key,ケン,ken,かぎ,kagi,u9375,u9375.svg,,
繭,541,糸,18,S,,cocoon,ケン,ken,まゆ,mayu,u7e6d,u7e6d.svg,,
顕,542,頁,18,S,,appear,ケン,ken,,,u9855,u9855.svg,,
験,543,馬,18,4,,test,ケン、（ゲン）,"ken, (gen)",,,u9a13,u9a13.svg,,
懸,544,心,20,S,,suspend,ケン、（ケ）,"ken, (ke)",か-ける、か-かる,"ka-keru, ka-karu",u61f8,u61f8.svg,,
元,545,儿,4,2,,origin,ゲン、ガン,"gen, gan",もと,moto,u5143,u5143.svg,,
幻,546,幺,4,S,,phantasm,ゲン,gen,まぼろし,maboroshi,u5e7b,u5e7b.svg,,
玄,547,玄,5,S,,mysterious,ゲン,gen,,,u7384,u7384.svg,,
言,548,言,7,2,,say,ゲン、ゴン,"gen, gon",い-う、こと,"i-u, koto",u8a00,u8a00.svg,,
弦,549,弓,8,S,,bowstring,ゲン,gen,つる,tsuru,u5f26,u5f26.svg,,
限,550,阜,9,5,,limit,ゲン,gen,かぎ-る,kagi-ru,u9650,u9650.svg,,
原,551,厂,10,2,,field,ゲン,gen,はら,hara,u539f,u539f.svg,,
現,552,玉,11,5,,appear,ゲン,gen,あらわ-れる、あらわ-す,"arawa-reru, arawa-su",u73fe,u73fe.svg,,
舷,553,舟,11,S,2010,gunwale,ゲン,gen,,,u8237,u8237.svg,,
減,554,水,12,5,,decrease,ゲン,gen,へ-る、へ-らす,"he-ru, he-rasu",u6e1b,u6e1b.svg,,
源,555,水,13,6,,origin,ゲン,gen,みなもと,minamoto,u6e90,u6e90.svg,,
厳,556,口,17,6,,strict,ゲン、（ゴン）,"gen, (gon)",おごそ-か、きび-しい,"ogoso-ka, kibi-shii",u53b3,u53b3.svg,,
己,557,己,3,6,,self,コ、キ,"ko, ki",おのれ,onore,u5df1,u5df1.svg,,
戸,558,戶,4,2,,door,コ,ko,と,to,u6238,u6238.svg,,
古,559,口,5,2,,old,コ,ko,ふる-い、ふる-す,"furu-i, furu-su",u53e4,u53e4.svg,,
呼,560,口,8,6,,call,コ,ko,よ-ぶ,yo-bu,u547c,u547c.svg,,
固,561,囗,8,4,,hard,コ,ko,かた-める、かた-まる、かた-い,"kata-meru, kata-maru, kata-i",u56fa,u56fa.svg,,
股,562,肉,8,S,2010,crotch,コ,ko,また,mata,u80a1,u80a1.svg,,
虎,563,虍,8,S,2010,tiger,コ,ko,とら,tora,u864e,u864e.svg,,
孤,564,子,9,S,,orphan,コ,ko,,,u5b64,u5b64.svg,,
弧,565,弓,9,S,,arc,コ,ko,,,u5f27,u5f27.svg,,
故,566,攴,9,5,,circumstances,コ,ko,ゆえ,yue,u6545,u6545.svg,,
枯,567,木,9,S,,wither,コ,ko,か-れる、か-らす,"ka-reru, ka-rasu",u67af,u67af.svg,,
個,568,人,10,5,,individual,コ,ko,,,u500b,u500b.svg,,
庫,569,广,10,3,,warehouse,コ、（ク）,"ko, (ku)",,,u5eab,u5eab.svg,,
湖,570,水,12,3,,lake,コ,ko,みずうみ,mizuumi,u6e56,u6e56.svg,,
雇,571,隹,12,S,,employ,コ,ko,やと-う,yato-u,u96c7,u96c7.svg,,
誇,572,言,13,S,,boast,コ,ko,ほこ-る,hoko-ru,u8a87,u8a87.svg,,
鼓,573,鼓,13,S,,drum,コ,ko,つづみ,tsuzumi,u9f13,u9f13.svg,,
錮,574,金,16,S,2010,tie up,コ,ko,,,u932e,u932e.svg,,
顧,575,頁,21,S,,look back,コ,ko,かえり-みる,kaeri-miru,u9867,u9867.svg,,
五,576,二,4,1,,five,ゴ,go,いつ、いつ-つ,"itsu, itsu-tsu",u4e94,u4e94.svg,,
互,577,二,4,S,,mutually,ゴ,go,たが-い,taga-i,u4e92,u4e92.svg,,
午,578,十,4,2,,noon,ゴ,go,,,u5348,u5348.svg,,
呉,579,口,7,S,,give,ゴ,go,,,u5449,u5449.svg,,
後,580,彳,9,2,,behind,ゴ、コウ,"go, kō",のち、うし-ろ、あと、おく-れる,"nochi, ushi-ro, ato, oku-reru",u5f8c,u5f8c.svg,,
娯,581,女,10,S,,recreation,ゴ,go,,,u5a2f,u5a2f.svg,,
悟,582,心,10,S,,enlightenment,ゴ,go,さと-る,sato-ru,u609f,u609f.svg,,
碁,583,石,13,S,,Go,ゴ,go,,,u7881,u7881.svg,,
語,584,言,14,2,,language,ゴ,go,かた-る、かた-らう,"kata-ru, kata-rau",u8a9e,u8a9e.svg,,
誤,585,言,14,6,,mistake,ゴ,go,あやま-る,ayama-ru,u8aa4,u8aa4.svg,,
護,586,言,20,5,,safeguard,ゴ,go,,,u8b77,u8b77.svg,,
口,587,口,3,1,,mouth,コウ、ク,"kō, ku",くち,kuchi,u53e3,u53e3.svg,,
工,588,工,3,2,,craft,コウ、ク,"kō, ku",,,u5de5,u5de5.svg,,
公,589,八,4,2,,public,コウ,kō,おおやけ,ooyake,u516c,u516c.svg,,
勾,590,勹,4,S,2010,capture,コウ,kō,,,u52fe,u52fe.svg,,
孔,591,子,4,S,,cavity,コウ,kō,,,u5b54,u5b54.svg,,
功,592,力,5,4,,achievement,コウ、（ク）,"kō, (ku)",,,u529f,u529f.svg,,
巧,593,工,5,S,,adroit,コウ,kō,たく-み,taku-mi,u5de7,u5de7.svg,,
広,594,广,5,2,,wide,コウ,kō,ひろ-い、ひろ-まる、ひろ-める、ひろ-がる、ひろ-げる,"hiro-i, hiro-maru, hiro-meru, hiro-garu, hiro-geru",u5e83,u5e83.svg,,
甲,595,田,5,S,,armor,コウ、カン,"kō, kan",,,u7532,u7532.svg,,
交,596,亠,6,2,,mix,コウ,kō,まじ-わる、まじ-える、ま-じる、ま-ざる、ま-ぜる、か-う、か-わす,"maji-waru, maji-eru, ma-jiru, ma-zaru, ma-zeru, ka-u, ka-wasu",u4ea4,u4ea4.svg,,
光,597,儿,6,2,,ray,コウ,kō,ひか-る、ひかり,"hika-ru, hikari",u5149,u5149.svg,,
向,598,口,6,3,,over there,コウ,kō,む-く、む-ける、む-かう、む-こう,"mu-ku, mu-keru, mu-kau, mu-kō",u5411,u5411.svg,,
后,599,口,6,6,,empress,コウ,kō,,,u540e,u540e.svg,,
好,600,女,6,4,,like,コウ,kō,この-む、す-く,"kono-mu, su-ku",u597d,u597d.svg,,
江,601,水,6,S,,inlet,コウ,kō,え,e,u6c5f,u6c5f.svg,,
考,602,老,6,2,,think,コウ,kō,かんが-える,kanga-eru,u8003,u8003.svg,,
行,603,行,6,2,,go,コウ、ギョウ、（アン）,"kō, gyō, (an)",い-く、ゆ-く、おこな-う,"i-ku, yu-ku, okona-u",u884c,u884c.svg,,
坑,604,土,7,S,,pit,コウ,kō,,,u5751,u5751.svg,,
孝,605,子,7,6,,filial piety,コウ,kō,,,u5b5d,u5b5d.svg,,
抗,606,手,7,S,,confront,コウ,kō,,,u6297,u6297.svg,,
攻,607,攴,7,S,,aggression,コウ,kō,せ-める,se-meru,u653b,u653b.svg,,
更,608,曰,7,S,,grow late,コウ,kō,さら、ふ-ける、ふ-かす,"sara, fu-keru, fu-kasu",u66f4,u66f4.svg,,
効,609,力,8,5,,effect,コウ,kō,き-く,ki-ku,u52b9,u52b9.svg,,
幸,610,干,8,3,,happiness,コウ,kō,さいわ-い、さち、しあわ-せ,"saiwa-i, sachi, shiawa-se",u5e78,u5e78.svg,,
拘,611,手,8,S,,arrest,コウ,kō,,,u62d8,u62d8.svg,,
肯,612,肉,8,S,,agreement,コウ,kō,,,u80af,u80af.svg,,
侯,613,人,9,S,,marquis,コウ,kō,,,u4faf,u4faf.svg,,
厚,614,厂,9,5,,thick,コウ,kō,あつ-い,atsu-i,u539a,u539a.svg,,
恒,615,心,9,S,,constancy,コウ,kō,,,u6052,u6052.svg,,
洪,616,水,9,S,1981,deluge,コウ,kō,,,u6d2a,u6d2a.svg,,
皇,617,白,9,6,,emperor,コウ、オウ,"kō, ō",,,u7687,u7687.svg,,
紅,618,糸,9,6,,deep red,コウ、（ク）,"kō, (ku)",べに、くれない,"beni, kurenai",u7d05,u7d05.svg,,
荒,619,艸,9,S,,laid waste,コウ,kō,あら-い、あ-れる、あ-らす,"ara-i, a-reru, a-rasu",u8352,u8352.svg,,
郊,620,邑,9,S,,outskirts,コウ,kō,,,u90ca,u90ca.svg,,
香,621,香,9,4,,incense,コウ、（キョウ）,"kō, (kyō)",か、かお-り、かお-る,"ka, kao-ri, kao-ru",u9999,u9999.svg,,
候,622,人,10,4,,climate,コウ,kō,そうろう,sōrō,u5019,u5019.svg,,
校,623,木,10,1,,school,コウ,kō,,,u6821,u6821.svg,,
耕,624,耒,10,5,,till,コウ,kō,たがや-す,tagaya-su,u8015,u8015.svg,,
航,625,舟,10,5,,cruise,コウ,kō,,,u822a,u822a.svg,,
貢,626,貝,10,S,,tribute,コウ、（ク）,"kō, (ku)",みつ-ぐ,mitsu-gu,u8ca2,u8ca2.svg,,
降,627,阜,10,6,,descend,コウ,kō,お-りる、お-ろす、ふ-る,"o-riru, o-rosu, fu-ru",u964d,u964d.svg,,
高,628,高,10,2,,"tall, expensive",コウ,kō,たか-い、たか、たか-まる、たか-める,"taka-i, taka, taka-maru, taka-meru",u9ad8,u9ad8.svg,,
康,629,广,11,4,,health,コウ,kō,,,u5eb7,u5eb7.svg,,
控,630,手,11,S,,withdraw,コウ,kō,ひか-える,hika-eru,u63a7,u63a7.svg,,
梗,631,木,11,S,2010,close up,コウ,kō,,,u6897,u6897.svg,,
黄,632,黃,11,2,,yellow,コウ、オウ,"kō, ō",き、（こ）,"ki, (ko)",u9ec4,u9ec4.svg,,
喉,633,口,12,S,2010,throat,コウ,kō,のど,nodo,u5589,u5589.svg,,
慌,634,心,12,S,,disconcerted,コウ,kō,あわ-てる、あわ-ただしい,"awa-teru, awa-tadashii",u614c,u614c.svg,,
港,635,水,12,3,,harbor,コウ,kō,みなと,minato,u6e2f,u6e2f.svg,,
硬,636,石,12,S,,stiff,コウ,kō,かた-い,kata-i,u786c,u786c.svg,,
絞,637,糸,12,S,,strangle,コウ,kō,しぼ-る、し-める、し-まる,"shibo-ru, shi-meru, shi-maru",u7d5e,u7d5e.svg,,
項,638,頁,12,S,,paragraph,コウ,kō,,,u9805,u9805.svg,,
溝,639,水,13,S,1981,gutter,コウ,kō,みぞ,mizo,u6e9d,u6e9d.svg,,
鉱,640,金,13,5,,mineral,コウ,kō,,,u9271,u9271.svg,,
構,641,木,14,5,,construct,コウ,kō,かま-える、かま-う,"kama-eru, kama-u",u69cb,u69cb.svg,,
綱,642,糸,14,S,,hawser,コウ,kō,つな,tsuna,u7db1,u7db1.svg,,
酵,643,酉,14,S,,fermentation,コウ,kō,,,u9175,u9175.svg,,
稿,644,禾,15,S,,draft,コウ,kō,,,u7a3f,u7a3f.svg,,
興,645,臼,16,5,,entertain,コウ、キョウ,"kō, kyō",おこ-る、おこ-す,"oko-ru, oko-su",u8208,u8208.svg,,
衡,646,行,16,S,,equilibrium,コウ,kō,,,u8861,u8861.svg,,
鋼,647,金,16,6,,steel,コウ,kō,はがね,hagane,u92fc,u92fc.svg,,
講,648,言,17,5,,lecture,コウ,kō,,,u8b1b,u8b1b.svg,,
購,649,貝,17,S,,subscription,コウ,kō,,,u8cfc,u8cfc.svg,,
乞,650,乙,3,S,2010,beg,,,こ-う,ko-u,u4e5e,u4e5e.svg,,
号,651,虍,5,3,,number,ゴウ,gō,,,u53f7,u53f7.svg,,
合,652,口,6,2,,fit,ゴウ、ガッ、（カッ）,"gō, ga', (ka')",あ-う、あ-わす、あ-わせる,"a-u, a-wasu, a-waseru",u5408,u5408.svg,,
拷,653,手,9,S,,torture,ゴウ,gō,,,u62f7,u62f7.svg,,
剛,654,刀,10,S,,sturdy,ゴウ,gō,,,u525b,u525b.svg,,
傲,655,人,13,S,2010,be proud,ゴウ,gō,,,u50b2,u50b2.svg,,
豪,656,豕,14,S,,overpowering,ゴウ,gō,,,u8c6a,u8c6a.svg,,
克,657,儿,7,S,,overcome,コク,koku,,,u514b,u514b.svg,,
告,658,口,7,5,,tell,コク,koku,つ-げる,tsu-geru,u544a,u544a.svg,,
谷,659,谷,7,2,,valley,コク,koku,たに,tani,u8c37,u8c37.svg,,
刻,660,刀,8,6,,engrave,コク,koku,きざ-む,kiza-mu,u523b,u523b.svg,,
国,661,囗,8,2,,country,コク,koku,くに,kuni,u56fd,u56fd.svg,,
黒,662,黑,11,2,,black,コク,koku,くろ、くろ-い,"kuro, kuro-i",u9ed2,u9ed2.svg,,
穀,663,禾,14,6,,cereals,コク,koku,,,u7a40,u7a40.svg,,
酷,664,酉,14,S,,cruel,コク,koku,,,u9177,u9177.svg,,
獄,665,犬,14,S,,prison,ゴク,goku,,,u7344,u7344.svg,,
骨,666,骨,10,6,,bone,コツ,kotsu,ほね,hone,u9aa8,u9aa8.svg,,
駒,667,馬,15,S,2010,horse,,,こま,koma,u99d2,u99d2.svg,,
込,668,辵,5,S,,crowded,,,こ-む、こ-める,"ko-mu, ko-meru",u8fbc,u8fbc.svg,,
頃,669,頁,11,S,2010,times,,,ころ,koro,u9803,u9803.svg,,
今,670,人,4,2,,now,コン、キン,"kon, kin",いま,ima,u4eca,u4eca.svg,,
困,671,囗,7,6,,become distressed,コン,kon,こま-る,koma-ru,u56f0,u56f0.svg,,
昆,672,日,8,S,1981,descendants,コン,kon,,,u6606,u6606.svg,,
恨,673,心,9,S,,rancor,コン,kon,うら-む、うら-めしい,"ura-mu, ura-meshii",u6068,u6068.svg,,
根,674,木,10,3,,root,コン,kon,ね,ne,u6839,u6839.svg,,
婚,675,女,11,S,,marriage,コン,kon,,,u5a5a,u5a5a.svg,,
混,676,水,11,5,,mix,コン,kon,ま-じる、ま-ざる、ま-ぜる、こ-む,"ma-jiru, ma-zaru, ma-zeru, ko-mu",u6df7,u6df7.svg,,
痕,677,疒,11,S,2010,mark,コン,kon,あと,ato,u75d5,u75d5.svg,,
紺,678,糸,11,S,,dark blue,コン,kon,,,u7d3a,u7d3a.svg,,
魂,679,鬼,14,S,,soul,コン,kon,たましい,tamashii,u9b42,u9b42.svg,,
墾,680,土,16,S,,ground-breaking,コン,kon,,,u58be,u58be.svg,,
懇,681,心,17,S,,sociable,コン,kon,ねんご-ろ,nengo-ro,u61c7,u61c7.svg,,
左,682,工,5,1,,left (direction),サ,sa,ひだり,hidari,u5de6,u5de6.svg,,
佐,683,人,7,4,,help,サ,sa,,,u4f50,u4f50.svg,,
沙,684,水,7,S,2010,sand,サ,sa,,,u6c99,u6c99.svg,,
査,685,木,9,5,,investigate,サ,sa,,,u67fb,u67fb.svg,,
砂,686,石,9,6,,sand,サ、シャ,"sa, sha",すな,suna,u7802,u7802.svg,,
唆,687,口,10,S,,tempt,サ,sa,そそのか-す,sosonoka-su,u5506,u5506.svg,,
差,688,工,10,4,,distinction,サ,sa,さ-す,sa-su,u5dee,u5dee.svg,,
詐,689,言,12,S,,lie,サ,sa,,,u8a50,u8a50.svg,,
鎖,690,金,18,S,,chain,サ,sa,くさり,kusari,u9396,u9396.svg,,
座,691,广,10,6,,sit,ザ,za,すわ-る,suwa-ru,u5ea7,u5ea7.svg,,
挫,692,手,10,S,2010,sprain,ザ,za,,,u632b,u632b.svg,,
才,693,手,3,2,,genius,サイ,sai,,,u624d,u624d.svg,,
再,694,冂,6,5,,again,サイ、（サ）,"sai, (sa)",ふたた-び,futata-bi,u518d,u518d.svg,,
災,695,火,7,5,,disaster,サイ,sai,わざわ-い,wazawa-i,u707d,u707d.svg,,
妻,696,女,8,5,,wife,サイ,sai,つま,tsuma,u59bb,u59bb.svg,,
采,697,釆,8,S,2010,form,サイ,sai,,,u91c7,u91c7.svg,,
砕,698,石,9,S,,smash,サイ,sai,くだ-く、くだ-ける,"kuda-ku, kuda-keru",u7815,u7815.svg,,
宰,699,宀,10,S,,superintend,サイ,sai,,,u5bb0,u5bb0.svg,,
栽,700,木,10,S,,plantation,サイ,sai,,,u683d,u683d.svg,,
彩,701,彡,11,S,,coloring,サイ,sai,いろど-る,irodo-ru,u5f69,u5f69.svg,,
採,702,手,11,5,,pick,サイ,sai,と-る,to-ru,u63a1,u63a1.svg,,
済,703,水,11,6,,settle,サイ,sai,す-む、す-ます,"su-mu, su-masu",u6e08,u6e08.svg,,
祭,704,示,11,3,,festival,サイ,sai,まつ-る、まつ-り,"matsu-ru, matsu-ri",u796d,u796d.svg,,
斎,705,齊,11,S,,purification,サイ,sai,,,u658e,u658e.svg,,
細,706,糸,11,2,,thin,サイ,sai,ほそ-い、ほそ-る、こま-か、こま-かい,"hoso-i, hoso-ru, koma-ka, koma-kai",u7d30,u7d30.svg,,
菜,707,艸,11,4,,vegetable,サイ,sai,な,na,u83dc,u83dc.svg,,
最,708,曰,12,4,,most,サイ,sai,もっと-も,motto-mo,u6700,u6700.svg,,
裁,709,衣,12,6,,judge,サイ,sai,た-つ、さば-く,"ta-tsu, saba-ku",u88c1,u88c1.svg,,
債,710,人,13,S,,bond,サイ,sai,,,u50b5,u50b5.svg,,
催,711,人,13,S,,sponsor,サイ,sai,もよお-す,moyoo-su,u50ac,u50ac.svg,,
塞,712,土,13,S,2010,obstruct,サイ、ソク,"sai, soku",ふさ-ぐ、ふさ-がる,"fusa-gu, fusa-garu",u585e,u585e.svg,,
歳,713,止,13,S,,year-end,サイ、（セイ）,"sai, (sei)",,,u6b73,u6b73.svg,,
載,714,車,13,S,,ride,サイ,sai,の-せる、の-る,"no-seru, no-ru",u8f09,u8f09.svg,,
際,715,阜,14,5,,occasion,サイ,sai,きわ,kiwa,u969b,u969b.svg,,
埼,716,土,11,4,2010,cape (geography),,,（さい）[6],(sai),u57fc,u57fc.svg,,
在,717,土,6,5,,exist,ザイ,zai,あ-る,a-ru,u5728,u5728.svg,,
材,718,木,7,4,,lumber,ザイ,zai,,,u6750,u6750.svg,,
剤,719,刀,10,S,,dose,ザイ,zai,,,u5264,u5264.svg,,
財,720,貝,10,5,,wealth,ザイ、（サイ）,"zai, (sai)",,,u8ca1,u8ca1.svg,,
罪,721,网,13,5,,guilt,ザイ,zai,つみ,tsumi,u7f6a,u7f6a.svg,,
崎,722,山,11,4,1981,promontory,,,さき,saki,u5d0e,u5d0e.svg,,
作,723,人,7,2,,make,サク、サ,"saku, sa",つく-る,tsuku-ru,u4f5c,u4f5c.svg,,
削,724,刀,9,S,,plane,サク,saku,けず-る,kezu-ru,u524a,u524a.svg,,
昨,725,日,9,4,,previous,サク,saku,,,u6628,u6628.svg,,
柵,726,木,9,S,2010,fence,サク,saku,,,u67f5,u67f5.svg,,
索,727,糸,10,S,,cord,サク,saku,,,u7d22,u7d22.svg,,
策,728,竹,12,6,,scheme,サク,saku,,,u7b56,u7b56.svg,,
酢,729,酉,12,S,,vinegar,サク,saku,す,su,u9162,u9162.svg,,
搾,730,手,13,S,,squeeze,サク,saku,しぼ-る,shibo-ru,u643e,u643e.svg,,
錯,731,金,16,S,,confused,サク,saku,,,u932f,u932f.svg,,
咲,732,口,9,S,,blossom,,,さ-く,sa-ku,u54b2,u54b2.svg,,
冊,733,冂,5,6,,counter for books,サツ、サク,"satsu, saku",,,u518a,u518a.svg,,
札,734,木,5,4,,tag,サツ,satsu,ふだ,fuda,u672d,u672d.svg,,
刷,735,刀,8,4,,printing,サツ,satsu,す-る,su-ru,u5237,u5237.svg,,
刹,736,刀,8,S,2010,temple,サツ、セツ,"satsu, setsu",,,u5239,u5239.svg,,
拶,737,手,9,S,2010,be imminent,サツ,satsu,,,u62f6,u62f6.svg,,
殺,738,殳,10,5,,kill,サツ、（サイ）、（セツ）,"satsu, (sai), (setsu)",ころ-す,koro-su,u6bba,u6bba.svg,,
察,739,宀,14,4,,guess,サツ,satsu,,,u5bdf,u5bdf.svg,,
撮,740,手,15,S,,snapshot,サツ,satsu,と-る,to-ru,u64ae,u64ae.svg,,
擦,741,手,17,S,,grate,サツ,satsu,す-る、す-れる,"su-ru, su-reru",u64e6,u64e6.svg,,
雑,742,隹,14,5,,miscellaneous,ザツ、ゾウ,"zatsu, zō",,,u96d1,u96d1.svg,,
皿,743,皿,5,3,1981,dish,,,さら,sara,u76bf,u76bf.svg,,
三,744,一,3,1,,three,サン,san,み、み-つ、みっ-つ,"mi, mi-tsu, mi'-tsu",u4e09,u4e09.svg,,
山,745,山,3,1,,mountain,サン,san,やま,yama,u5c71,u5c71.svg,,
参,746,厶,8,4,,participate,サン,san,まい-る,mai-ru,u53c2,u53c2.svg,,
桟,747,木,10,S,1981,scaffold,サン,san,,,u685f,u685f.svg,,
蚕,748,虫,10,6,,silkworm,サン,san,かいこ,kaiko,u8695,u8695.svg,,
惨,749,心,11,S,,wretched,サン、ザン,"san, zan",みじ-め,miji-me,u60e8,u60e8.svg,,
産,750,生,11,4,,give birth,サン,san,う-む、う-まれる、うぶ,"u-mu, u-mareru, ubu",u7523,u7523.svg,,
傘,751,人,12,S,1981,umbrella,サン,san,かさ,kasa,u5098,u5098.svg,,
散,752,攴,12,4,,scatter,サン,san,ち-る、ち-らす、ち-らかす、ち-らかる,"chi-ru, chi-rasu, chi-rakasu, chi-rakaru",u6563,u6563.svg,,
算,753,竹,14,2,,calculate,サン,san,,,u7b97,u7b97.svg,,
酸,754,酉,14,5,,acid,サン,san,す-い,su-i,u9178,u9178.svg,,
賛,755,貝,15,5,,approve,サン,san,,,u8cdb,u8cdb.svg,,
残,756,歹,10,4,,remainder,ザン,zan,のこ-る、のこ-す,"noko-ru, noko-su",u6b8b,u6b8b.svg,,
斬,757,斤,11,S,2010,kill by slicing,ザン,zan,き-る,ki-ru,u65ac,u65ac.svg,,
暫,758,日,15,S,,temporarily,ザン,zan,,,u66ab,u66ab.svg,,
士,759,士,3,5,,gentleman,シ,shi,,,u58eb,u58eb.svg,,
子,760,子,3,1,,child,シ、ス,"shi, su",こ,ko,u5b50,u5b50.svg,,
支,761,支,4,5,,branch,シ,shi,ささ-える,sasa-eru,u652f,u652f.svg,,
止,762,止,4,2,,stop,シ,shi,と-まる、と-める,"to-maru, to-meru",u6b62,u6b62.svg,,
氏,763,氏,4,4,,family name,シ,shi,うじ,uji,u6c0f,u6c0f.svg,,
仕,764,人,5,3,,do,シ、（ジ）,"shi, (ji)",つか-える,tsuka-eru,u4ed5,u4ed5.svg,,
史,765,口,5,5,,history,シ,shi,,,u53f2,u53f2.svg,,
司,766,口,5,4,,director,シ,shi,,,u53f8,u53f8.svg,,
四,767,囗,5,1,,four,シ,shi,よ、よ-つ、よっ-つ、よん,"yo, yo-tsu, yo'-tsu, yon",u56db,u56db.svg,,
市,768,巾,5,2,,market,シ,shi,いち,ichi,u5e02,u5e02.svg,,
矢,769,矢,5,2,,arrow,シ,shi,や,ya,u77e2,u77e2.svg,,
旨,770,日,6,S,,delicious,シ,shi,むね,mune,u65e8,u65e8.svg,,
死,771,歹,6,3,,death,シ,shi,し-ぬ,shi-nu,u6b7b,u6b7b.svg,,
糸,772,糸,6,1,,thread,シ,shi,いと,ito,u7cf8,u7cf8.svg,,
至,773,至,6,6,,climax,シ,shi,いた-る,ita-ru,u81f3,u81f3.svg,,
伺,774,人,7,S,,pay respects,シ,shi,うかが-う,ukaga-u,u4f3a,u4f3a.svg,,
志,775,心,7,5,,intention,シ,shi,こころざ-す、こころざし,"kokoroza-su, kokorozashi",u5fd7,u5fd7.svg,,
私,776,禾,7,6,,me,シ,shi,わたくし、わたし,"watakushi, watashi",u79c1,u79c1.svg,,
使,777,人,8,3,,use,シ,shi,つか-う,tsuka-u,u4f7f,u4f7f.svg,,
刺,778,刀,8,S,,thorn,シ,shi,さ-す、さ-さる,"sa-su, sa-saru",u523a,u523a.svg,,
始,779,女,8,3,,begin,シ,shi,はじ-める、はじ-まる,"haji-meru, haji-maru",u59cb,u59cb.svg,,
姉,780,女,8,2,,older sister,シ,shi,あね,ane,u59c9,u59c9.svg,,
枝,781,木,8,5,,branch,シ,shi,えだ,eda,u679d,u679d.svg,,
祉,782,示,8,S,,welfare,シ,shi,,,u7949,u7949.svg,,
肢,783,肉,8,S,1981,limb,シ,shi,,,u80a2,u80a2.svg,,
姿,784,女,9,6,,figure,シ,shi,すがた,sugata,u59ff,u59ff.svg,,
思,785,心,9,2,,think,シ,shi,おも-う,omo-u,u601d,u601d.svg,,
指,786,手,9,3,,finger,シ,shi,ゆび、さ-す,"yubi, sa-su",u6307,u6307.svg,,
施,787,方,9,S,,carry out,シ、セ,"shi, se",ほどこ-す,hodoko-su,u65bd,u65bd.svg,,
師,788,巾,10,5,,expert,シ,shi,,,u5e2b,u5e2b.svg,,
恣,789,心,10,S,2010,selfish,シ,shi,,,u6063,u6063.svg,,
紙,790,糸,10,2,,paper,シ,shi,かみ,kami,u7d19,u7d19.svg,,
脂,791,肉,10,S,,fat,シ,shi,あぶら,abura,u8102,u8102.svg,,
視,792,見,11,6,,look at,シ,shi,,,u8996,u8996.svg,,
紫,793,糸,12,S,,purple,シ,shi,むらさき,murasaki,u7d2b,u7d2b.svg,,
詞,794,言,12,6,,poetry,シ,shi,,,u8a5e,u8a5e.svg,,
歯,795,齒,12,3,,tooth,シ,shi,は,ha,u6b6f,u6b6f.svg,,
嗣,796,口,13,S,,heir,シ,shi,,,u55e3,u55e3.svg,,
試,797,言,13,4,,test,シ,shi,こころ-みる、ため-す,"kokoro-miru, tame-su",u8a66,u8a66.svg,,
詩,798,言,13,3,,poem,シ,shi,,,u8a69,u8a69.svg,,
資,799,貝,13,5,,resources,シ,shi,,,u8cc7,u8cc7.svg,,
飼,800,食,13,5,,domesticate,シ,shi,か-う,ka-u,u98fc,u98fc.svg,,
誌,801,言,14,6,,document,シ,shi,,,u8a8c,u8a8c.svg,,
雌,802,隹,14,S,,feminine,シ,shi,め、めす,"me, mesu",u96cc,u96cc.svg,,
摯,803,手,15,S,2010,seriousness,シ,shi,,,u646f,u646f.svg,,
賜,804,貝,15,S,,grant,シ,shi,たまわ-る,tamawa-ru,u8cdc,u8cdc.svg,,
諮,805,言,16,S,,consult with,シ,shi,はか-る,haka-ru,u8aee,u8aee.svg,,
示,806,示,5,5,,indicate,ジ、シ,"ji, shi",しめ-す,shime-su,u793a,u793a.svg,,
字,807,子,6,1,,letter,ジ,ji,あざ,aza,u5b57,u5b57.svg,,
寺,808,寸,6,2,,Buddhist temple,ジ,ji,てら,tera,u5bfa,u5bfa.svg,,
次,809,欠,6,3,,next,ジ、シ,"ji, shi",つ-ぐ、つぎ,"tsu-gu, tsugi",u6b21,u6b21.svg,,
耳,810,耳,6,1,,ear,ジ,ji,みみ,mimi,u8033,u8033.svg,,
自,811,自,6,2,,oneself,ジ、シ,"ji, shi",みずか-ら,mizuka-ra,u81ea,u81ea.svg,,
似,812,人,7,5,,becoming,ジ,ji,に-る,ni-ru,u4f3c,u4f3c.svg,,
児,813,儿,7,4,,child,ジ、（ニ）,"ji, (ni)",,,u5150,u5150.svg,,
事,814,亅,8,3,,abstract thing,ジ、（ズ）,"ji, (zu)",こと,koto,u4e8b,u4e8b.svg,,
侍,815,人,8,S,,waiter,ジ,ji,さむらい,samurai,u4f8d,u4f8d.svg,,
治,816,水,8,4,,govern,ジ、チ,"ji, chi",おさ-める、おさ-まる、なお-る、なお-す,"osa-meru, osa-maru, nao-ru, nao-su",u6cbb,u6cbb.svg,,
持,817,手,9,3,,hold,ジ,ji,も-つ,mo-tsu,u6301,u6301.svg,,
時,818,日,10,2,,time,ジ,ji,とき,toki,u6642,u6642.svg,,
滋,819,水,12,4,,nourishing,ジ,ji,,,u6ecb,u6ecb.svg,,
慈,820,心,13,S,,mercy,ジ,ji,いつく-しむ,itsuku-shimu,u6148,u6148.svg,,
辞,821,辛,13,4,,resign,ジ,ji,や-める,ya-meru,u8f9e,u8f9e.svg,,
磁,822,石,14,6,,magnet,ジ,ji,,,u78c1,u78c1.svg,,
餌,823,食,15,S,2010,bait,ジ,ji,えさ、え,"esa, e",u990c,u990c.svg,,
璽,824,玉,19,S,,emperor's seal,ジ,ji,,,u74bd,u74bd.svg,,
鹿,825,鹿,11,4,2010,deer,,,しか、（か）,"shika, (ka)",u9e7f,u9e7f.svg,,
式,826,弋,6,3,,style,シキ,shiki,,,u5f0f,u5f0f.svg,,
識,827,言,19,5,,discriminating,シキ,shiki,,,u8b58,u8b58.svg,,
軸,828,車,12,S,,axis,ジク,jiku,,,u8ef8,u8ef8.svg,,
七,829,一,2,1,,seven,シチ,shichi,なな、なな-つ、（なの）,"nana, nana-tsu, (nano)",u4e03,u4e03.svg,,
𠮟,830,口,5,S,2010,scold,シツ,shitsu,しか-る,shika-ru,u20b9f,u20b9f.svg,,
失,831,大,5,4,,lose,シツ,shitsu,うしな-う,ushina-u,u5931,u5931.svg,,
室,832,宀,9,2,,room,シツ,shitsu,むろ,muro,u5ba4,u5ba4.svg,,
疾,833,疒,10,S,,rapidly,シツ,shitsu,,,u75be,u75be.svg,,
執,834,土,11,S,,tenacious,シツ、シュウ,"shitsu, shū",と-る,to-ru,u57f7,u57f7.svg,,
湿,835,水,12,S,,damp,シツ,shitsu,しめ-る、しめ-す,"shime-ru, shime-su",u6e7f,u6e7f.svg,,
嫉,836,女,13,S,2010,envy,シツ,shitsu,,,u5ac9,u5ac9.svg,,
漆,837,水,14,S,,lacquer,シツ,shitsu,うるし,urushi,u6f06,u6f06.svg,,
質,838,貝,15,5,,quality,シツ、シチ、（チ）,"shitsu, shichi, (chi)",,,u8cea,u8cea.svg,,
実,839,宀,8,3,,truth,ジツ,jitsu,み、みの-る,"mi, mino-ru",u5b9f,u5b9f.svg,,
芝,840,艸,6,S,,turf,,,しば,shiba,u829d,u829d.svg,,
写,841,宀,5,3,,copy,シャ,sha,うつ-す、うつ-る,"utsu-su, utsu-ru",u5199,u5199.svg,,
社,842,示,7,2,,company,シャ,sha,やしろ,yashiro,u793e,u793e.svg,,
車,843,車,7,1,,car,シャ,sha,くるま,kuruma,u8eca,u8eca.svg,,
舎,844,舌,8,5,,cottage,シャ,sha,,,u820e,u820e.svg,,
者,845,老,8,3,,someone,シャ,sha,もの,mono,u8005,u8005.svg,,
射,846,寸,10,6,,shoot,シャ,sha,い-る,i-ru,u5c04,u5c04.svg,,
捨,847,手,11,6,,throw away,シャ,sha,す-てる,su-teru,u6368,u6368.svg,,
赦,848,赤,11,S,,pardon,シャ,sha,,,u8d66,u8d66.svg,,
斜,849,斗,11,S,,diagonal,シャ,sha,なな-め,nana-me,u659c,u659c.svg,,
煮,850,火,12,S,,boil,シャ,sha,に-る、に-える、に-やす,"ni-ru, ni-eru, ni-yasu",u716e,u716e.svg,,
遮,851,辵,14,S,1981,intercept,シャ,sha,さえぎ-る,saegi-ru,u906e,u906e.svg,,
謝,852,言,17,5,,apologize,シャ,sha,あやま-る,ayama-ru,u8b1d,u8b1d.svg,,
邪,853,邑,8,S,,wicked,ジャ,ja,,,u90aa,u90aa.svg,,
蛇,854,虫,11,S,1981,snake,ジャ、ダ,"ja, da",へび,hebi,u86c7,u86c7.svg,,
尺,855,尸,4,6,,shaku,シャク,shaku,,,u5c3a,u5c3a.svg,,
借,856,人,10,4,,borrow,シャク,shaku,か-りる,ka-riru,u501f,u501f.svg,,
酌,857,酉,10,S,1981,bartending,シャク,shaku,く-む,ku-mu,u914c,u914c.svg,,
釈,858,釆,11,S,,explanation,シャク,shaku,,,u91c8,u91c8.svg,,
爵,859,爪,17,S,,baron,シャク,shaku,,,u7235,u7235.svg,,
若,860,艸,8,6,,young,ジャク、（ニャク）,"jaku, (nyaku)",わか-い、も-しくは,"waka-i, mo-shikuha",u82e5,u82e5.svg,,
弱,861,弓,10,2,,weak,ジャク,jaku,よわ-い、よわ-る、よわ-まる、よわ-める,"yowa-i, yowa-ru, yowa-maru, yowa-meru",u5f31,u5f31.svg,,
寂,862,宀,11,S,,loneliness,ジャク、（セキ）,"jaku, (seki)",さび、さび-しい、さび-れる,"sabi, sabi-shii, sabi-reru",u5bc2,u5bc2.svg,,
手,863,手,4,1,,hand,シュ,shu,て、（た）,"te, (ta)",u624b,u624b.svg,,
主,864,丶,5,3,,master,シュ、（ス）,"shu, (su)",ぬし、おも,"nushi, omo",u4e3b,u4e3b.svg,,
守,865,宀,6,3,,protect,シュ、（ス）,"shu, (su)",まも-る、も-り,"mamo-ru, mo-ri",u5b88,u5b88.svg,,
朱,866,木,6,S,,vermilion,シュ,shu,,,u6731,u6731.svg,,
取,867,又,8,3,,take,シュ,shu,と-る,to-ru,u53d6,u53d6.svg,,
狩,868,犬,9,S,,hunt,シュ,shu,か-る、か-り,"ka-ru, ka-ri",u72e9,u72e9.svg,,
首,869,首,9,2,,neck,シュ,shu,くび,kubi,u9996,u9996.svg,,
殊,870,歹,10,S,,particularly,シュ,shu,こと,koto,u6b8a,u6b8a.svg,,
珠,871,玉,10,S,,pearl,シュ,shu,,,u73e0,u73e0.svg,,
酒,872,酉,10,3,,alcoholic drink,シュ,shu,さけ、（さか）,"sake, (saka)",u9152,u9152.svg,,
腫,873,肉,13,S,2010,tumor,シュ,shu,は-れる、は-らす,"ha-reru, ha-rasu",u816b,u816b.svg,,
種,874,禾,14,4,,kind,シュ,shu,たね,tane,u7a2e,u7a2e.svg,,
趣,875,走,15,S,,gist,シュ,shu,おもむき,omomuki,u8da3,u8da3.svg,,
寿,876,士,7,S,,longevity,ジュ,ju,ことぶき,kotobuki,u5bff,u5bff.svg,,
受,877,又,8,3,,accept,ジュ,ju,う-ける、う-かる,"u-keru, u-karu",u53d7,u53d7.svg,,
呪,878,口,8,S,2010,curse,ジュ,ju,のろ-う,noro-u,u546a,u546a.svg,,
授,879,手,11,5,,instruct,ジュ,ju,さず-ける、さず-かる,"sazu-keru, sazu-karu",u6388,u6388.svg,,
需,880,雨,14,S,,demand,ジュ,ju,,,u9700,u9700.svg,,
儒,881,人,16,S,,Confucian,ジュ,ju,,,u5112,u5112.svg,,
樹,882,木,16,6,,trees,ジュ,ju,,,u6a39,u6a39.svg,,
収,883,攴,4,6,,take in,シュウ,shū,おさ-める、おさ-まる,"osa-meru, osa-maru",u53ce,u53ce.svg,,
囚,884,囗,5,S,,captured,シュウ,shū,,,u56da,u56da.svg,,
州,885,巛,6,3,,state,シュウ,shū,す,su,u5dde,u5dde.svg,,
舟,886,舟,6,S,,boat,シュウ,shū,ふね、（ふな）,"fune, (funa)",u821f,u821f.svg,,
秀,887,禾,7,S,,excel,シュウ,shū,ひい-でる,hii-deru,u79c0,u79c0.svg,,
周,888,口,8,4,,circumference,シュウ,shū,まわ-り,mawa-ri,u5468,u5468.svg,,
宗,889,宀,8,6,,religion,シュウ、ソウ,"shū, sō",,,u5b97,u5b97.svg,,
拾,890,手,9,3,,pick up,シュウ、ジュウ,"shū, jū",ひろ-う,hiro-u,u62fe,u62fe.svg,,
秋,891,禾,9,2,,autumn,シュウ,shū,あき,aki,u79cb,u79cb.svg,,
臭,892,自,9,S,,stinking,シュウ,shū,くさ-い、にお-う,"kusa-i, nio-u",u81ed,u81ed.svg,,
修,893,人,10,5,,discipline,シュウ、（シュ）,"shū, (shu)",おさ-める、おさ-まる,"osa-meru, osa-maru",u4fee,u4fee.svg,,
袖,894,衣,10,S,2010,sleeve,シュウ,shū,そで,sode,u8896,u8896.svg,,
終,895,糸,11,3,,end,シュウ,shū,お-わる、お-える,"o-waru, o-eru",u7d42,u7d42.svg,,
羞,896,羊,11,S,2010,feel ashamed,シュウ,shū,,,u7f9e,u7f9e.svg,,
習,897,羽,11,3,,learn,シュウ,shū,なら-う,nara-u,u7fd2,u7fd2.svg,,
週,898,辵,11,2,,week,シュウ,shū,,,u9031,u9031.svg,,
就,899,尢,12,6,,concerning,シュウ、（ジュ）,"shū, (ju)",つ-く、つ-ける,"tsu-ku, tsu-keru",u5c31,u5c31.svg,,
衆,900,血,12,6,,masses,シュウ、（シュ）,"shū, (shu)",,,u8846,u8846.svg,,
集,901,隹,12,3,,collect,シュウ,shū,あつ-まる、あつ-める、つど-う,"atsu-maru, atsu-meru, tsudo-u",u96c6,u96c6.svg,,
愁,902,心,13,S,,distress,シュウ,shū,うれ-える、うれ-い,"ure-eru, ure-i",u6101,u6101.svg,,
酬,903,酉,13,S,,repay,シュウ,shū,,,u916c,u916c.svg,,
醜,904,酉,17,S,,ugly,シュウ,shū,みにく-い,miniku-i,u919c,u919c.svg,,
蹴,905,足,19,S,2010,kick,シュウ,shū,け-る,ke-ru,u8e74,u8e74.svg,,
襲,906,衣,22,S,,attack,シュウ,shū,おそ-う,oso-u,u8972,u8972.svg,,
十,907,十,2,1,,ten,ジュウ、ジッ,"jū, ji'",とお、と,"too, to",u5341,u5341.svg,,
汁,908,水,5,S,1981,soup,ジュウ,jū,しる,shiru,u6c41,u6c41.svg,,
充,909,儿,6,S,,allot,ジュウ,jū,あ-てる,a-teru,u5145,u5145.svg,,
住,910,人,7,3,,dwelling,ジュウ,jū,す-む、す-まう,"su-mu, su-mau",u4f4f,u4f4f.svg,,
柔,911,木,9,S,,tender,ジュウ、ニュウ,"jū, nyū",やわ-らか、やわ-らかい,"yawa-raka, yawa-rakai",u67d4,u67d4.svg,,
重,912,里,9,3,,heavy,ジュウ、チョウ,"jū, chō",え、おも-い、かさ-ねる、かさ-なる,"e, omo-i, kasa-neru, kasa-naru",u91cd,u91cd.svg,,
従,913,彳,10,6,,obey,ジュウ、（ショウ）、（ジュ）,"jū, (shō), (ju)",したが-う、したが-える,"shitaga-u, shitaga-eru",u5f93,u5f93.svg,,
渋,914,水,11,S,,astringent,ジュウ,jū,しぶ、しぶ-い、しぶ-る,"shibu, shibu-i, shibu-ru",u6e0b,u6e0b.svg,,
銃,915,金,14,S,,gun,ジュウ,jū,,,u9283,u9283.svg,,
獣,916,犬,16,S,,animal,ジュウ,jū,けもの,kemono,u7363,u7363.svg,,
縦,917,糸,16,6,,vertical,ジュウ,jū,たて,tate,u7e26,u7e26.svg,,
叔,918,又,8,S,,uncle,シュク,shuku,,,u53d4,u53d4.svg,,
祝,919,示,9,4,,celebrate,シュク、（シュウ）,"shuku, (shū)",いわ-う,iwa-u,u795d,u795d.svg,,
宿,920,宀,11,3,,inn,シュク,shuku,やど、やど-る、やど-す,"yado, yado-ru, yado-su",u5bbf,u5bbf.svg,,
淑,921,水,11,S,,graceful,シュク,shuku,,,u6dd1,u6dd1.svg,,
粛,922,聿,11,S,,solemn,シュク,shuku,,,u7c9b,u7c9b.svg,,
縮,923,糸,17,6,,shrink,シュク,shuku,ちぢ-む、ちぢ-まる、ちぢ-める、ちぢ-れる、ちぢ-らす,"chiji-mu, chiji-maru, chiji-meru, chiji-reru, chiji-rasu",u7e2e,u7e2e.svg,,
塾,924,土,14,S,1981,cram school,ジュク,juku,,,u587e,u587e.svg,,
熟,925,火,15,6,,ripen,ジュク,juku,う-れる,u-reru,u719f,u719f.svg,,
出,926,凵,5,1,,exit,シュツ、（スイ）,"shutsu, (sui)",で-る、だ-す,"de-ru, da-su",u51fa,u51fa.svg,,
述,927,辵,8,5,,mention,ジュツ,jutsu,の-べる,no-beru,u8ff0,u8ff0.svg,,
術,928,行,11,5,,art,ジュツ,jutsu,,,u8853,u8853.svg,,
俊,929,人,9,S,,genius,シュン,shun,,,u4fca,u4fca.svg,,
春,930,日,9,2,,springtime,シュン,shun,はる,haru,u6625,u6625.svg,,
瞬,931,目,18,S,,wink,シュン,shun,またた-く,matata-ku,u77ac,u77ac.svg,,
旬,932,日,6,S,,10-day period (of the month),ジュン、（シュン）,"jun, (shun)",,,u65ec,u65ec.svg,,
巡,933,巛,6,S,,patrol,ジュン,jun,めぐ-る,megu-ru,u5de1,u5de1.svg,,
盾,934,目,9,S,,shield,ジュン,jun,たて,tate,u76fe,u76fe.svg,,
准,935,冫,10,S,,quasi-,ジュン,jun,,,u51c6,u51c6.svg,,
殉,936,歹,10,S,,martyrdom,ジュン,jun,,,u6b89,u6b89.svg,,
純,937,糸,10,6,,genuine,ジュン,jun,,,u7d14,u7d14.svg,,
循,938,彳,12,S,,sequential,ジュン,jun,,,u5faa,u5faa.svg,,
順,939,頁,12,4,,obey,ジュン,jun,,,u9806,u9806.svg,,
準,940,水,13,5,,standard,ジュン,jun,,,u6e96,u6e96.svg,,
潤,941,水,15,S,,wet,ジュン,jun,うるお-う、うるお-す、うる-む,"uruo-u, uruo-su, uru-mu",u6f64,u6f64.svg,,
遵,942,辵,15,S,,abide by,ジュン,jun,,,u9075,u9075.svg,,
処,943,虍,5,6,,dispose,ショ,sho,,,u51e6,u51e6.svg,,
初,944,刀,7,4,,first,ショ,sho,はじ-め、はじ-めて、はつ、うい、そ-める,"haji-me, haji-mete, hatsu, ui, so-meru",u521d,u521d.svg,,
所,945,戶,8,3,,place,ショ,sho,ところ,tokoro,u6240,u6240.svg,,
書,946,曰,10,2,,write,ショ,sho,か-く,ka-ku,u66f8,u66f8.svg,,
庶,947,广,11,S,,commoner,ショ,sho,,,u5eb6,u5eb6.svg,,
暑,948,日,12,3,,hot,ショ,sho,あつ-い,atsu-i,u6691,u6691.svg,,
署,949,网,13,6,,government office,ショ,sho,,,u7f72,u7f72.svg,,
緒,950,糸,14,S,,thong,ショ、（チョ）,"sho, (cho)",お,o,u7dd2,u7dd2.svg,,
諸,951,言,15,6,,various,ショ,sho,,,u8af8,u8af8.svg,,
女,952,女,3,1,,woman,ジョ、ニョ、（ニョウ）,"jo, nyo, (nyō)",おんな、め,"onna, me",u5973,u5973.svg,,
如,953,女,6,S,,likeness,ジョ、ニョ,"jo, nyo",,,u5982,u5982.svg,,
助,954,力,7,3,,help,ジョ,jo,たす-ける、たす-かる、すけ,"tasu-keru, tasu-karu, suke",u52a9,u52a9.svg,,
序,955,广,7,5,,preface,ジョ,jo,,,u5e8f,u5e8f.svg,,
叙,956,攴,9,S,,confer,ジョ,jo,,,u53d9,u53d9.svg,,
徐,957,彳,10,S,,gradually,ジョ,jo,,,u5f90,u5f90.svg,,
除,958,阜,10,6,,exclude,ジョ、（ジ）,"jo, (ji)",のぞ-く,nozo-ku,u9664,u9664.svg,,
小,959,小,3,1,,small,ショウ,shō,ちい-さい、こ、お,"chii-sai, ko, o",u5c0f,u5c0f.svg,,
升,960,十,4,S,,measuring box,ショウ,shō,ます,masu,u5347,u5347.svg,,
少,961,小,4,2,,few,ショウ,shō,すく-ない、すこ-し,"suku-nai, suko-shi",u5c11,u5c11.svg,,
召,962,口,5,S,,summon,ショウ,shō,め-す,me-su,u53ec,u53ec.svg,,
匠,963,匚,6,S,,artisan,ショウ,shō,,,u5320,u5320.svg,,
床,964,广,7,S,,bed,ショウ,shō,とこ、ゆか,"toko, yuka",u5e8a,u5e8a.svg,,
抄,965,手,7,S,,extract,ショウ,shō,,,u6284,u6284.svg,,
肖,966,肉,7,S,,resemblance,ショウ,shō,,,u8096,u8096.svg,,
尚,967,小,8,S,1981,esteem,ショウ,shō,,,u5c1a,u5c1a.svg,,
招,968,手,8,5,,beckon,ショウ,shō,まね-く,mane-ku,u62db,u62db.svg,,
承,969,手,8,6,,acquiesce,ショウ,shō,うけたまわ-る,uketamawa-ru,u627f,u627f.svg,,
昇,970,日,8,S,,rise up,ショウ,shō,のぼ-る,nobo-ru,u6607,u6607.svg,,
松,971,木,8,4,,pine,ショウ,shō,まつ,matsu,u677e,u677e.svg,,
沼,972,水,8,S,,marsh,ショウ,shō,ぬま,numa,u6cbc,u6cbc.svg,,
昭,973,日,9,3,,shining,ショウ,shō,,,u662d,u662d.svg,,
宵,974,宀,10,S,1981,wee hours,ショウ,shō,よい,yoi,u5bb5,u5bb5.svg,,
将,975,寸,10,6,,leader,ショウ,shō,,,u5c06,u5c06.svg,,
消,976,水,10,3,,extinguish,ショウ,shō,き-える、け-す,"ki-eru, ke-su",u6d88,u6d88.svg,,
症,977,疒,10,S,,symptoms,ショウ,shō,,,u75c7,u75c7.svg,,
祥,978,示,10,S,,auspicious,ショウ,shō,,,u7965,u7965.svg,,
称,979,禾,10,S,,appellation,ショウ,shō,,,u79f0,u79f0.svg,,
笑,980,竹,10,4,,laugh,ショウ,shō,わら-う、え-む,"wara-u, e-mu",u7b11,u7b11.svg,,
唱,981,口,11,4,,chant,ショウ,shō,とな-える,tona-eru,u5531,u5531.svg,,
商,982,口,11,3,,sell,ショウ,shō,あきな-う,akina-u,u5546,u5546.svg,,
渉,983,水,11,S,,ford,ショウ,shō,,,u6e09,u6e09.svg,,
章,984,立,11,3,,chapter,ショウ,shō,,,u7ae0,u7ae0.svg,,
紹,985,糸,11,S,,introduce,ショウ,shō,,,u7d39,u7d39.svg,,
訟,986,言,11,S,,sue,ショウ,shō,,,u8a1f,u8a1f.svg,,
勝,987,力,12,3,,win,ショウ,shō,か-つ、まさ-る,"ka-tsu, masa-ru",u52dd,u52dd.svg,,
掌,988,手,12,S,,manipulate,ショウ,shō,,,u638c,u638c.svg,,
晶,989,日,12,S,,sparkle,ショウ,shō,,,u6676,u6676.svg,,
焼,990,火,12,4,,bake,ショウ,shō,や-く、や-ける,"ya-ku, ya-keru",u713c,u713c.svg,,
焦,991,火,12,S,,char,ショウ,shō,こ-げる、こ-がす、こ-がれる、あせ-る,"ko-geru, ko-gasu, ko-gareru, ase-ru",u7126,u7126.svg,,
硝,992,石,12,S,,nitrate,ショウ,shō,,,u785d,u785d.svg,,
粧,993,米,12,S,,cosmetics,ショウ,shō,,,u7ca7,u7ca7.svg,,
詔,994,言,12,S,,imperial edict,ショウ,shō,みことのり,mikotonori,u8a54,u8a54.svg,,
証,995,言,12,5,,evidence,ショウ,shō,,,u8a3c,u8a3c.svg,,
象,996,豕,12,5,,elephant,ショウ、ゾウ,"shō, zō",,,u8c61,u8c61.svg,,
傷,997,人,13,6,,wound,ショウ,shō,きず、いた-む、いた-める,"kizu, ita-mu, ita-meru",u50b7,u50b7.svg,,
奨,998,大,13,S,,exhort,ショウ,shō,,,u5968,u5968.svg,,
照,999,火,13,4,,illuminate,ショウ,shō,て-る、て-らす、て-れる,"te-ru, te-rasu, te-reru",u7167,u7167.svg,,
詳,1000,言,13,S,,detailed,ショウ,shō,くわ-しい,kuwa-shii,u8a73,u8a73.svg,,
彰,1001,彡,14,S,,patent,ショウ,shō,,,u5f70,u5f70.svg,,
障,1002,阜,14,6,,hurt,ショウ,shō,さわ-る,sawa-ru,u969c,u969c.svg,,
憧,1003,心,15,S,2010,desire,ショウ,shō,あこが-れる,akoga-reru,u61a7,u61a7.svg,,
衝,1004,行,15,S,,collide,ショウ,shō,,,u885d,u885d.svg,,
賞,1005,貝,15,5,,prize,ショウ,shō,,,u8cde,u8cde.svg,,
償,1006,人,17,S,,reparation,ショウ,shō,つぐな-う,tsuguna-u,u511f,u511f.svg,,
礁,1007,石,17,S,,reef,ショウ,shō,,,u7901,u7901.svg,,
鐘,1008,金,20,S,,bell,ショウ,shō,かね,kane,u9418,u9418.svg,,
上,1009,一,3,1,,up,ジョウ、（ショウ）,"jō, (shō)",うえ、（うわ）、かみ、あ-げる、あ-がる、のぼ-る、のぼ-せる、のぼ-す,"ue, (uwa), kami, a-geru, a-garu, nobo-ru, nobo-seru, nobo-su",u4e0a,u4e0a.svg,,
丈,1010,一,3,S,,length,ジョウ,jō,たけ,take,u4e08,u4e08.svg,,
冗,1011,冖,4,S,,superfluous,ジョウ,jō,,,u5197,u5197.svg,,
条,1012,木,7,5,,clause,ジョウ,jō,,,u6761,u6761.svg,,
状,1013,犬,7,5,,form,ジョウ,jō,,,u72b6,u72b6.svg,,
乗,1014,丿,9,3,,ride,ジョウ,jō,の-る、の-せる,"no-ru, no-seru",u4e57,u4e57.svg,,
城,1015,土,9,4,,castle,ジョウ,jō,しろ,shiro,u57ce,u57ce.svg,,
浄,1016,水,9,S,,clean,ジョウ,jō,,,u6d44,u6d44.svg,,
剰,1017,刀,11,S,,surplus,ジョウ,jō,,,u5270,u5270.svg,,
常,1018,巾,11,5,,normal,ジョウ,jō,つね、とこ,"tsune, toko",u5e38,u5e38.svg,,
情,1019,心,11,5,,feelings,ジョウ、（セイ）,"jō, (sei)",なさ-け,nasa-ke,u60c5,u60c5.svg,,
場,1020,土,12,2,,place,ジョウ,jō,ば,ba,u5834,u5834.svg,,
畳,1021,田,12,S,,tatami mat,ジョウ,jō,たた-む、たたみ,"tata-mu, tatami",u7573,u7573.svg,,
蒸,1022,艸,13,6,,steam,ジョウ,jō,む-す、む-れる、む-らす,"mu-su, mu-reru, mu-rasu",u84b8,u84b8.svg,,
縄,1023,糸,15,4,1981,straw rope,ジョウ,jō,なわ,nawa,u7e04,u7e04.svg,,
壌,1024,土,16,S,1981,lot,ジョウ,jō,,,u58cc,u58cc.svg,,
嬢,1025,女,16,S,,lass,ジョウ,jō,,,u5b22,u5b22.svg,,
錠,1026,金,16,S,,lock,ジョウ,jō,,,u9320,u9320.svg,,
譲,1027,言,20,S,,defer,ジョウ,jō,ゆず-る,yuzu-ru,u8b72,u8b72.svg,,
醸,1028,酉,20,S,,brew,ジョウ,jō,かも-す,kamo-su,u91b8,u91b8.svg,,
色,1029,色,6,2,,color,ショク、シキ,"shoku, shiki",いろ,iro,u8272,u8272.svg,,
拭,1030,手,9,S,2010,wipe,ショク,shoku,ふ-く、ぬぐ-う,"fu-ku, nugu-u",u62ed,u62ed.svg,,
食,1031,食,9,2,,"eat, meal",ショク、（ジキ）,"shoku, (jiki)",く-う、く-らう、た-べる,"ku-u, ku-rau, ta-beru",u98df,u98df.svg,,
植,1032,木,12,3,,plant,ショク,shoku,う-える、う-わる,"u-eru, u-waru",u690d,u690d.svg,,
殖,1033,歹,12,S,,augment,ショク,shoku,ふ-える、ふ-やす,"fu-eru, fu-yasu",u6b96,u6b96.svg,,
飾,1034,食,13,S,,decorate,ショク,shoku,かざ-る,kaza-ru,u98fe,u98fe.svg,,
触,1035,角,13,S,,contact,ショク,shoku,ふ-れる、さわ-る,"fu-reru, sawa-ru",u89e6,u89e6.svg,,
嘱,1036,口,15,S,,entrust,ショク,shoku,,,u5631,u5631.svg,,
織,1037,糸,18,5,,weave,ショク、シキ,"shoku, shiki",お-る,o-ru,u7e54,u7e54.svg,,
職,1038,耳,18,5,,employment,ショク,shoku,,,u8077,u8077.svg,,
辱,1039,辰,10,S,,embarrass,ジョク,joku,はずかし-める,hazukashi-meru,u8fb1,u8fb1.svg,,
尻,1040,尸,5,S,2010,buttocks,,,しり,shiri,u5c3b,u5c3b.svg,,
心,1041,心,4,2,,heart,シン,shin,こころ,kokoro,u5fc3,u5fc3.svg,,
申,1042,田,5,3,,say,シン,shin,もう-す,mō-su,u7533,u7533.svg,,
伸,1043,人,7,S,,lengthen,シン,shin,の-びる、の-ばす、の-べる,"no-biru, no-basu, no-beru",u4f38,u4f38.svg,,
臣,1044,臣,7,4,,retainer,シン、ジン,"shin, jin",,,u81e3,u81e3.svg,,
芯,1045,艸,7,S,2010,core,シン,shin,,,u82af,u82af.svg,,
身,1046,身,7,3,,body,シン,shin,み,mi,u8eab,u8eab.svg,,
辛,1047,辛,7,S,,spicy,シン,shin,から-い,kara-i,u8f9b,u8f9b.svg,,
侵,1048,人,9,S,,encroach,シン,shin,おか-す,oka-su,u4fb5,u4fb5.svg,,
信,1049,人,9,4,,trust,シン,shin,,,u4fe1,u4fe1.svg,,
津,1050,水,9,S,,haven,シン,shin,つ,tsu,u6d25,u6d25.svg,,
神,1051,示,9,3,,god,シン、ジン,"shin, jin",かみ、（かん）、（こう）,"kami, (kan), (kō)",u795e,u795e.svg,,
唇,1052,口,10,S,1981,lips,シン,shin,くちびる,kuchibiru,u5507,u5507.svg,,
娠,1053,女,10,S,,with child,シン,shin,,,u5a20,u5a20.svg,,
振,1054,手,10,S,,shake,シン,shin,ふ-る、ふ-るう、ふ-れる,"fu-ru, fu-rū, fu-reru",u632f,u632f.svg,,
浸,1055,水,10,S,,immersed,シン,shin,ひた-す、ひた-る,"hita-su, hita-ru",u6d78,u6d78.svg,,
真,1056,目,10,3,,true,シン,shin,ま,ma,u771f,u771f.svg,,
針,1057,金,10,6,,needle,シン,shin,はり,hari,u91dd,u91dd.svg,,
深,1058,水,11,3,,deep,シン,shin,ふか-い、ふか-まる、ふか-める,"fuka-i, fuka-maru, fuka-meru",u6df1,u6df1.svg,,
紳,1059,糸,11,S,,sire,シン,shin,,,u7d33,u7d33.svg,,
進,1060,辵,11,3,,advance,シン,shin,すす-む、すす-める,"susu-mu, susu-meru",u9032,u9032.svg,,
森,1061,木,12,1,,forest,シン,shin,もり,mori,u68ee,u68ee.svg,,
診,1062,言,12,S,,checkup,シン,shin,み-る,mi-ru,u8a3a,u8a3a.svg,,
寝,1063,宀,13,S,,lie down,シン,shin,ね-る、ね-かす,"ne-ru, ne-kasu",u5bdd,u5bdd.svg,,
慎,1064,心,13,S,,humility,シン,shin,つつし-む,tsutsushi-mu,u614e,u614e.svg,,
新,1065,斤,13,2,,new,シン,shin,あたら-しい、あら-た、にい,"atara-shii, ara-ta, nii",u65b0,u65b0.svg,,
審,1066,宀,15,S,,examine,シン,shin,,,u5be9,u5be9.svg,,
震,1067,雨,15,S,,quake,シン,shin,ふる-う、ふる-える,"furu-u, furu-eru",u9707,u9707.svg,,
薪,1068,艸,16,S,,fuel,シン,shin,たきぎ,takigi,u85aa,u85aa.svg,,
親,1069,見,16,2,,parent,シン,shin,おや、した-しい、した-しむ,"oya, shita-shii, shita-shimu",u89aa,u89aa.svg,,
人,1070,人,2,1,,person,ジン、ニン,"jin, nin",ひと,hito,u4eba,u4eba.svg,,
刃,1071,刀,3,S,,blade,ジン,jin,は,ha,u5203,u5203.svg,,
仁,1072,人,4,6,,humanity,ジン、（ニ）,"jin, (ni)",,,u4ec1,u4ec1.svg,,
尽,1073,皿,6,S,,exhaust,ジン,jin,つ-くす、つ-きる、つ-かす,"tsu-kusu, tsu-kiru, tsu-kasu",u5c3d,u5c3d.svg,,
迅,1074,辵,6,S,,swift,ジン,jin,,,u8fc5,u8fc5.svg,,
甚,1075,甘,9,S,1981,tremendously,ジン,jin,はなは-だ、はなは-だしい,"hanaha-da, hanaha-dashii",u751a,u751a.svg,,
陣,1076,阜,10,S,,camp,ジン,jin,,,u9663,u9663.svg,,
尋,1077,寸,12,S,,inquire,ジン,jin,たず-ねる,tazu-neru,u5c0b,u5c0b.svg,,
腎,1078,肉,13,S,2010,kidney,ジン,jin,,,u814e,u814e.svg,,
須,1079,頁,12,S,2010,by all means,ス,su,,,u9808,u9808.svg,,
図,1080,囗,7,2,,diagram,ズ、ト,"zu, to",はか-る,haka-ru,u56f3,u56f3.svg,,
水,1081,水,4,1,,water,スイ,sui,みず,mizu,u6c34,u6c34.svg,,
吹,1082,口,7,S,,blow,スイ,sui,ふ-く,fu-ku,u5439,u5439.svg,,
垂,1083,土,8,6,,droop,スイ,sui,た-れる、た-らす,"ta-reru, ta-rasu",u5782,u5782.svg,,
炊,1084,火,8,S,,cook,スイ,sui,た-く,ta-ku,u708a,u708a.svg,,
帥,1085,巾,9,S,,commander,スイ,sui,,,u5e25,u5e25.svg,,
粋,1086,米,10,S,,chic,スイ,sui,いき,iki,u7c8b,u7c8b.svg,,
衰,1087,衣,10,S,,decline,スイ,sui,おとろ-える,otoro-eru,u8870,u8870.svg,,
推,1088,手,11,6,,infer,スイ,sui,お-す,o-su,u63a8,u63a8.svg,,
酔,1089,酉,11,S,,drunk,スイ,sui,よ-う,yo-u,u9154,u9154.svg,,
遂,1090,辵,12,S,,consummate,スイ,sui,と-げる,to-geru,u9042,u9042.svg,,
睡,1091,目,13,S,,drowsy,スイ,sui,,,u7761,u7761.svg,,
穂,1092,禾,15,S,,ear,スイ,sui,ほ,ho,u7a42,u7a42.svg,,
随,1093,阜,12,S,,follow,ズイ,zui,,,u968f,u968f.svg,,
髄,1094,骨,19,S,,marrow,ズイ,zui,,,u9ac4,u9ac4.svg,,
枢,1095,木,8,S,,hinge,スウ,sū,,,u67a2,u67a2.svg,,
崇,1096,山,11,S,,adore,スウ,sū,,,u5d07,u5d07.svg,,
数,1097,攴,13,2,,number,スウ、（ス）,"sū, (su)",かず、かぞ-える,"kazu, kazo-eru",u6570,u6570.svg,,
据,1098,手,11,S,1981,set,,,す-える、す-わる,"su-eru, su-waru",u636e,u636e.svg,,
杉,1099,木,7,S,1981,cedar,,,すぎ,sugi,u6749,u6749.svg,,
裾,1100,衣,13,S,2010,cuff,,,すそ,suso,u88fe,u88fe.svg,,
寸,1101,寸,3,6,,measurement,スン,sun,,,u5bf8,u5bf8.svg,,
瀬,1102,水,19,S,,rapids,,,せ,se,u702c,u702c.svg,,
是,1103,日,9,S,,just so,ゼ,ze,,,u662f,u662f.svg,,
井,1104,二,4,4,,well,セイ、（ショウ）,"sei, (shō)",い,i,u4e95,u4e95.svg,,
世,1105,一,5,3,,world,セイ、セ,"sei, se",よ,yo,u4e16,u4e16.svg,,
正,1106,止,5,1,,correct,セイ、ショウ,"sei, shō",ただ-しい、ただ-す、まさ,"tada-shii, tada-su, masa",u6b63,u6b63.svg,,
生,1107,生,5,1,,life,セイ、ショウ,"sei, shō",い-きる、い-かす、い-ける、う-まれる、う-む、お-う、は-える、は-やす、き、なま,"i-kiru, i-kasu, i-keru, u-mareru, u-mu, o-u, ha-eru, ha-yasu, ki, nama",u751f,u751f.svg,,
成,1108,戈,6,4,,become,セイ、（ジョウ）,"sei, (jō)",な-る、な-す,"na-ru, na-su",u6210,u6210.svg,,
西,1109,襾,6,2,,west,セイ、サイ,"sei, sai",にし,nishi,u897f,u897f.svg,,
声,1110,耳,7,2,,voice,セイ、（ショウ）,"sei, (shō)",こえ、（こわ）,"koe, (kowa)",u58f0,u58f0.svg,,
制,1111,刀,8,5,,control,セイ,sei,,,u5236,u5236.svg,,
姓,1112,女,8,S,,surname,セイ、ショウ,"sei, shō",,,u59d3,u59d3.svg,,
征,1113,彳,8,S,,subjugate,セイ,sei,,,u5f81,u5f81.svg,,
性,1114,心,8,5,,gender,セイ、ショウ,"sei, shō",,,u6027,u6027.svg,,
青,1115,靑,8,1,,blue,セイ、（ショウ）,"sei, (shō)",あお、あお-い,"ao, ao-i",u9752,u9752.svg,,
斉,1116,齊,8,S,1981,adjusted,セイ,sei,,,u6589,u6589.svg,,
政,1117,攴,9,5,,politics,セイ、（ショウ）,"sei, (shō)",まつりごと,matsurigoto,u653f,u653f.svg,,
星,1118,日,9,2,,star,セイ、（ショウ）,"sei, (shō)",ほし,hoshi,u661f,u661f.svg,,
牲,1119,牛,9,S,,animal sacrifice,セイ,sei,,,u7272,u7272.svg,,
省,1120,目,9,4,,government ministry,セイ、ショウ,"sei, shō",かえり-みる、はぶ-く,"kaeri-miru, habu-ku",u7701,u7701.svg,,
凄,1121,冫,10,S,2010,uncanny,セイ,sei,,,u51c4,u51c4.svg,,
逝,1122,辵,10,S,1981,departed,セイ,sei,ゆ-く、い-く,"yu-ku, i-ku",u901d,u901d.svg,,
清,1123,水,11,4,,pure,セイ、（ショウ）,"sei, (shō)",きよ-い、きよ-まる、きよ-める,"kiyo-i, kiyo-maru, kiyo-meru",u6e05,u6e05.svg,,
盛,1124,皿,11,6,,prosper,セイ、（ジョウ）,"sei, (jō)",も-る、さか-る、さか-ん,"mo-ru, saka-ru, saka-n",u76db,u76db.svg,,
婿,1125,女,12,S,,bridegroom,セイ,sei,むこ,muko,u5a7f,u5a7f.svg,,
晴,1126,日,12,2,,clear up,セイ,sei,は-れる、は-らす,"ha-reru, ha-rasu",u6674,u6674.svg,,
勢,1127,力,13,5,,power,セイ,sei,いきお-い,ikio-i,u52e2,u52e2.svg,,
聖,1128,耳,13,6,,holy,セイ,sei,,,u8056,u8056.svg,,
誠,1129,言,13,6,,sincerity,セイ,sei,まこと,makoto,u8aa0,u8aa0.svg,,
精,1130,米,14,5,,refined,セイ、（ショウ）,"sei, (shō)",,,u7cbe,u7cbe.svg,,
製,1131,衣,14,5,,manufacture,セイ,sei,,,u88fd,u88fd.svg,,
誓,1132,言,14,S,,vow,セイ,sei,ちか-う,chika-u,u8a93,u8a93.svg,,
静,1133,靑,14,4,,quiet,セイ、（ジョウ）,"sei, (jō)",しず、しず-か、しず-まる、しず-める,"shizu, shizu-ka, shizu-maru, shizu-meru",u9759,u9759.svg,,
請,1134,言,15,S,,solicit,セイ、（シン）,"sei, (shin)",こ-う、う-ける,"ko-u, u-keru",u8acb,u8acb.svg,,
整,1135,攴,16,3,,put in order,セイ,sei,ととの-える、ととの-う,"totono-eru, totono-u",u6574,u6574.svg,,
醒,1136,酉,16,S,2010,be disillusioned,セイ,sei,,,u9192,u9192.svg,,
税,1137,禾,12,5,,tax,ゼイ,zei,,,u7a0e,u7a0e.svg,,
夕,1138,夕,3,1,,evening,セキ,seki,ゆう,yū,u5915,u5915.svg,,
斥,1139,斤,5,S,,reject,セキ,seki,,,u65a5,u65a5.svg,,
石,1140,石,5,1,,stone,セキ、（シャク）、（コク）,"seki, (shaku), (koku)",いし,ishi,u77f3,u77f3.svg,,
赤,1141,赤,7,1,,red,セキ、（シャク）,"seki, (shaku)",あか、あか-い、あか-らむ、あか-らめる,"aka, aka-i, aka-ramu, aka-rameru",u8d64,u8d64.svg,,
昔,1142,日,8,3,,long ago,セキ、（シャク）,"seki, (shaku)",むかし,mukashi,u6614,u6614.svg,,
析,1143,木,8,S,,chop,セキ,seki,,,u6790,u6790.svg,,
席,1144,巾,10,4,,seat,セキ,seki,,,u5e2d,u5e2d.svg,,
脊,1145,肉,10,S,2010,stature,セキ,seki,,,u810a,u810a.svg,,
隻,1146,隹,10,S,,vessels,セキ,seki,,,u96bb,u96bb.svg,,
惜,1147,心,11,S,,pity,セキ,seki,お-しい、お-しむ,"o-shii, o-shimu",u60dc,u60dc.svg,,
戚,1148,戈,11,S,2010,grieve,セキ,seki,,,u621a,u621a.svg,,
責,1149,貝,11,5,,blame,セキ,seki,せ-める,se-meru,u8cac,u8cac.svg,,
跡,1150,足,13,S,,tracks,セキ,seki,あと,ato,u8de1,u8de1.svg,,
積,1151,禾,16,4,,accumulate,セキ,seki,つ-む、つ-もる,"tsu-mu, tsu-moru",u7a4d,u7a4d.svg,,
績,1152,糸,17,5,,exploits,セキ,seki,,,u7e3e,u7e3e.svg,,
籍,1153,竹,20,S,,enroll,セキ,seki,,,u7c4d,u7c4d.svg,,
切,1154,刀,4,2,,cut,セツ、（サイ）,"setsu, (sai)",き-る、き-れる,"ki-ru, ki-reru",u5207,u5207.svg,,
折,1155,手,7,4,,fold,セツ,setsu,お-る、おり、お-れる,"o-ru, ori, o-reru",u6298,u6298.svg,,
拙,1156,手,8,S,,bungling,セツ,setsu,つたな-い,tsutana-i,u62d9,u62d9.svg,,
窃,1157,穴,9,S,,stealth,セツ,setsu,,,u7a83,u7a83.svg,,
接,1158,手,11,5,,contact,セツ,setsu,つ-ぐ,tsu-gu,u63a5,u63a5.svg,,
設,1159,言,11,5,,establish,セツ,setsu,もう-ける,mō-keru,u8a2d,u8a2d.svg,,
雪,1160,雨,11,2,,snow,セツ,setsu,ゆき,yuki,u96ea,u96ea.svg,,
摂,1161,手,13,S,,vicarious,セツ,setsu,,,u6442,u6442.svg,,
節,1162,竹,13,4,,node,セツ、（セチ）,"setsu, (sechi)",ふし,fushi,u7bc0,u7bc0.svg,,
説,1163,言,14,4,,theory,セツ、（ゼイ）,"setsu, (zei)",と-く,to-ku,u8aac,u8aac.svg,,
舌,1164,舌,6,6,,tongue,ゼツ,zetsu,した,shita,u820c,u820c.svg,,
絶,1165,糸,12,5,,discontinue,ゼツ,zetsu,た-える、た-やす、た-つ,"ta-eru, ta-yasu, ta-tsu",u7d76,u7d76.svg,,
千,1166,十,3,1,,thousand,セン,sen,ち,chi,u5343,u5343.svg,,
川,1167,巛,3,1,,river,セン,sen,かわ,kawa,u5ddd,u5ddd.svg,,
仙,1168,人,5,S,1981,hermit,セン,sen,,,u4ed9,u4ed9.svg,,
占,1169,卜,5,S,,fortune telling,セン,sen,し-める、うらな-う,"shi-meru, urana-u",u5360,u5360.svg,,
先,1170,儿,6,1,,previous,セン,sen,さき,saki,u5148,u5148.svg,,
宣,1171,宀,9,6,,proclaim,セン,sen,,,u5ba3,u5ba3.svg,,
専,1172,寸,9,6,,specialty,セン,sen,もっぱ-ら,moppa-ra,u5c02,u5c02.svg,,
泉,1173,水,9,6,,spring,セン,sen,いずみ,izumi,u6cc9,u6cc9.svg,,
浅,1174,水,9,4,,shallow,セン,sen,あさ-い,asa-i,u6d45,u6d45.svg,,
洗,1175,水,9,6,,wash,セン,sen,あら-う,ara-u,u6d17,u6d17.svg,,
染,1176,木,9,6,,dye,セン,sen,そ-める、そ-まる、し-みる、し-み,"so-meru, so-maru, shi-miru, shi-mi",u67d3,u67d3.svg,,
扇,1177,戶,10,S,,fan,セン,sen,おうぎ,ōgi,u6247,u6247.svg,,
栓,1178,木,10,S,1981,plug,セン,sen,,,u6813,u6813.svg,,
旋,1179,方,11,S,,rotation,セン,sen,,,u65cb,u65cb.svg,,
船,1180,舟,11,2,,boat,セン,sen,ふね、（ふな）,"fune, (funa)",u8239,u8239.svg,,
戦,1181,戈,13,4,,war,セン,sen,いくさ、たたか-う,"ikusa, tataka-u",u6226,u6226.svg,,
煎,1182,火,13,S,2010,broil,セン,sen,い-る,i-ru,u714e,u714e.svg,,
羨,1183,羊,13,S,2010,envy,セン,sen,うらや-む、うらや-ましい,"uraya-mu, uraya-mashii",u7fa8,u7fa8.svg,,
腺,1184,肉,13,S,2010,gland,セン,sen,,,u817a,u817a.svg,,
詮,1185,言,13,S,2010,discussion,セン,sen,,,u8a6e,u8a6e.svg,,
践,1186,足,13,S,,tread,セン,sen,,,u8df5,u8df5.svg,,
箋,1187,竹,14,S,2010,paper,セン,sen,,,u7b8b,u7b8b.svg,,
銭,1188,金,14,6,,coin,セン,sen,ぜに,zeni,u92ad,u92ad.svg,,
潜,1189,水,15,S,,submerge,セン,sen,ひそ-む、もぐ-る,"hiso-mu, mogu-ru",u6f5c,u6f5c.svg,,
線,1190,糸,15,2,,line,セン,sen,,,u7dda,u7dda.svg,,
遷,1191,辵,15,S,,transition,セン,sen,,,u9077,u9077.svg,,
選,1192,辵,15,4,,choose,セン,sen,えら-ぶ,era-bu,u9078,u9078.svg,,
薦,1193,艸,16,S,,recommend,セン,sen,すす-める,susu-meru,u85a6,u85a6.svg,,
繊,1194,糸,17,S,,slender,セン,sen,,,u7e4a,u7e4a.svg,,
鮮,1195,魚,17,S,,fresh,セン,sen,あざ-やか,aza-yaka,u9bae,u9bae.svg,,
全,1196,入,6,3,,whole,ゼン,zen,まった-く、すべ-て,"matta-ku, sube-te",u5168,u5168.svg,,
前,1197,刀,9,2,,in front,ゼン,zen,まえ,mae,u524d,u524d.svg,,
善,1198,口,12,6,,good,ゼン,zen,よ-い,yo-i,u5584,u5584.svg,,
然,1199,火,12,4,,so,ゼン、ネン,"zen, nen",,,u7136,u7136.svg,,
禅,1200,示,13,S,,Zen,ゼン,zen,,,u7985,u7985.svg,,
漸,1201,水,14,S,,steadily,ゼン,zen,,,u6f38,u6f38.svg,,
膳,1202,肉,16,S,2010,tray,ゼン,zen,,,u81b3,u81b3.svg,,
繕,1203,糸,18,S,,darning,ゼン,zen,つくろ-う,tsukuro-u,u7e55,u7e55.svg,,
狙,1204,犬,8,S,2010,aim at,ソ,so,ねら-う,nera-u,u72d9,u72d9.svg,,
阻,1205,阜,8,S,,thwart,ソ,so,はば-む,haba-mu,u963b,u963b.svg,,
祖,1206,示,9,5,,ancestor,ソ,so,,,u7956,u7956.svg,,
租,1207,禾,10,S,,tariff,ソ,so,,,u79df,u79df.svg,,
素,1208,糸,10,5,,elementary,ソ、ス,"so, su",,,u7d20,u7d20.svg,,
措,1209,手,11,S,,set aside,ソ,so,,,u63aa,u63aa.svg,,
粗,1210,米,11,S,,coarse,ソ,so,あら-い,ara-i,u7c97,u7c97.svg,,
組,1211,糸,11,2,,association,ソ,so,く-む、くみ,"ku-mu, kumi",u7d44,u7d44.svg,,
疎,1212,疋,12,S,,alienate,ソ,so,うと-い、うと-む,"uto-i, uto-mu",u758e,u758e.svg,,
訴,1213,言,12,S,,sue,ソ,so,うった-える,utta-eru,u8a34,u8a34.svg,,
塑,1214,土,13,S,,model,ソ,so,,,u5851,u5851.svg,,
遡,1215,辵,14,S,2010,go upstream,ソ,so,さかのぼ-る,sakanobo-ru,u9061,u9061.svg,,
礎,1216,石,18,S,,cornerstone,ソ,so,いしずえ,ishizue,u790e,u790e.svg,,
双,1217,隹,4,S,,pair,ソウ,sō,ふた,futa,u53cc,u53cc.svg,,
壮,1218,士,6,S,,robust,ソウ,sō,,,u58ee,u58ee.svg,,
早,1219,日,6,1,,early,ソウ、（サッ）,"sō, (sa')",はや-い、はや-まる、はや-める,"haya-i, haya-maru, haya-meru",u65e9,u65e9.svg,,
争,1220,爪,6,4,,conflict,ソウ,sō,あらそ-う,araso-u,u4e89,u4e89.svg,,
走,1221,走,7,2,,run,ソウ,sō,はし-る,hashi-ru,u8d70,u8d70.svg,,
奏,1222,大,9,6,,play music,ソウ,sō,かな-でる,kana-deru,u594f,u594f.svg,,
相,1223,目,9,3,,mutual,ソウ、ショウ,"sō, shō",あい,ai,u76f8,u76f8.svg,,
荘,1224,艸,9,S,,villa,ソウ,sō,,,u8358,u8358.svg,,
草,1225,艸,9,1,,grass,ソウ,sō,くさ,kusa,u8349,u8349.svg,,
送,1226,辵,9,3,,send,ソウ,sō,おく-る,oku-ru,u9001,u9001.svg,,
倉,1227,人,10,4,,warehouse,ソウ,sō,くら,kura,u5009,u5009.svg,,
捜,1228,手,10,S,,search,ソウ,sō,さが-す,saga-su,u635c,u635c.svg,,
挿,1229,手,10,S,1981,insert,ソウ,sō,さ-す,sa-su,u633f,u633f.svg,,
桑,1230,木,10,S,,mulberry,ソウ,sō,くわ,kuwa,u6851,u6851.svg,,
巣,1231,巛,11,4,,nest,ソウ,sō,す,su,u5de3,u5de3.svg,,
掃,1232,手,11,S,,sweep,ソウ,sō,は-く,ha-ku,u6383,u6383.svg,,
曹,1233,曰,11,S,1981,cadet,ソウ,sō,,,u66f9,u66f9.svg,,
曽,1234,曰,11,S,2010,formerly,ソウ、（ゾ）,"sō, (zo)",,,u66fd,u66fd.svg,,
爽,1235,爻,11,S,2010,refreshing,ソウ,sō,さわ-やか,sawa-yaka,u723d,u723d.svg,,
窓,1236,穴,11,6,,window,ソウ,sō,まど,mado,u7a93,u7a93.svg,,
創,1237,刀,12,6,,create,ソウ,sō,つく-る,tsuku-ru,u5275,u5275.svg,,
喪,1238,口,12,S,,miss,ソウ,sō,も,mo,u55aa,u55aa.svg,,
痩,1239,疒,12,S,2010,get thin,ソウ,sō,や-せる,ya-seru,u75e9,u75e9.svg,,
葬,1240,艸,12,S,,interment,ソウ,sō,ほうむ-る,hōmu-ru,u846c,u846c.svg,,
装,1241,衣,12,6,,attire,ソウ、ショウ,"sō, shō",よそお-う,yosoo-u,u88c5,u88c5.svg,,
僧,1242,人,13,S,,Buddhist priest,ソウ,sō,,,u50e7,u50e7.svg,,
想,1243,心,13,3,,concept,ソウ、（ソ）,"sō, (so)",,,u60f3,u60f3.svg,,
層,1244,尸,14,6,,stratum,ソウ,sō,,,u5c64,u5c64.svg,,
総,1245,糸,14,5,,whole,ソウ,sō,,,u7dcf,u7dcf.svg,,
遭,1246,辵,14,S,,encounter,ソウ,sō,あ-う,a-u,u906d,u906d.svg,,
槽,1247,木,15,S,1981,vat,ソウ,sō,,,u69fd,u69fd.svg,,
踪,1248,足,15,S,2010,remains,ソウ,sō,,,u8e2a,u8e2a.svg,,
操,1249,手,16,6,,maneuver,ソウ,sō,みさお、あやつ-る,"misao, ayatsu-ru",u64cd,u64cd.svg,,
燥,1250,火,17,S,,parch,ソウ,sō,,,u71e5,u71e5.svg,,
霜,1251,雨,17,S,,frost,ソウ,sō,しも,shimo,u971c,u971c.svg,,
騒,1252,馬,18,S,,boisterous,ソウ,sō,さわ-ぐ,sawa-gu,u9a12,u9a12.svg,,
藻,1253,艸,19,S,1981,seaweed,ソウ,sō,も,mo,u85fb,u85fb.svg,,
造,1254,辵,10,5,,create,ゾウ,zō,つく-る,tsuku-ru,u9020,u9020.svg,,
像,1255,人,14,5,,statue,ゾウ,zō,,,u50cf,u50cf.svg,,
増,1256,土,14,5,,increase,ゾウ,zō,ま-す、ふ-える、ふ-やす,"ma-su, fu-eru, fu-yasu",u5897,u5897.svg,,
憎,1257,心,14,S,,hate,ゾウ,zō,にく-む、にく-い、にく-らしい、にく-しみ,"niku-mu, niku-i, niku-rashii, niku-shimi",u618e,u618e.svg,,
蔵,1258,艸,15,6,,warehouse,ゾウ,zō,くら,kura,u8535,u8535.svg,,
贈,1259,貝,18,S,,presents,ゾウ、（ソウ）,"zō, (sō)",おく-る,oku-ru,u8d08,u8d08.svg,,
臓,1260,肉,19,6,,entrails,ゾウ,zō,,,u81d3,u81d3.svg,,
即,1261,卩,7,S,,instant,ソク,soku,,,u5373,u5373.svg,,
束,1262,木,7,4,,bundle,ソク,soku,たば,taba,u675f,u675f.svg,,
足,1263,足,7,1,,foot,ソク,soku,あし、た-りる、た-る、た-す,"ashi, ta-riru, ta-ru, ta-su",u8db3,u8db3.svg,,
促,1264,人,9,S,,stimulate,ソク,soku,うなが-す,unaga-su,u4fc3,u4fc3.svg,,
則,1265,刀,9,5,,rule,ソク,soku,,,u5247,u5247.svg,,
息,1266,心,10,3,,breath,ソク,soku,いき,iki,u606f,u606f.svg,,
捉,1267,手,10,S,2010,capture,ソク,soku,とら-える,tora-eru,u6349,u6349.svg,,
速,1268,辵,10,3,,fast,ソク,soku,はや-い、はや-める、はや-まる、すみ-やか,"haya-i, haya-meru, haya-maru, sumi-yaka",u901f,u901f.svg,,
側,1269,人,11,4,,side,ソク,soku,がわ,gawa,u5074,u5074.svg,,
測,1270,水,12,5,,fathom,ソク,soku,はか-る,haka-ru,u6e2c,u6e2c.svg,,
俗,1271,人,9,S,,vulgar,ゾク,zoku,,,u4fd7,u4fd7.svg,,
族,1272,方,11,3,,tribe,ゾク,zoku,,,u65cf,u65cf.svg,,
属,1273,尸,12,5,,belong,ゾク,zoku,,,u5c5e,u5c5e.svg,,
賊,1274,貝,13,S,,burglar,ゾク,zoku,,,u8cca,u8cca.svg,,
続,1275,糸,13,4,,continue,ゾク,zoku,つづ-く、つづ-ける,"tsuzu-ku, tsuzu-keru",u7d9a,u7d9a.svg,,
卒,1276,十,8,4,,graduate,ソツ,sotsu,,,u5352,u5352.svg,,
率,1277,玄,11,5,,rate,ソツ、リツ,"sotsu, ritsu",ひき-いる,hiki-iru,u7387,u7387.svg,,
存,1278,子,6,6,,suppose,ソン、ゾン,"son, zon",,,u5b58,u5b58.svg,,
村,1279,木,7,1,,village,ソン,son,むら,mura,u6751,u6751.svg,,
孫,1280,子,10,4,,grandchild,ソン,son,まご,mago,u5b6b,u5b6b.svg,,
尊,1281,寸,12,6,,revered,ソン,son,たっと-い、とうと-い、たっと-ぶ、とうと-ぶ,"tatto-i, tōto-i, tatto-bu, tōto-bu",u5c0a,u5c0a.svg,,
損,1282,手,13,5,,loss,ソン,son,そこ-なう、そこ-ねる,"soko-nau, soko-neru",u640d,u640d.svg,,
遜,1283,辵,14,S,2010,humble,ソン,son,,,u905c,u905c.svg,,
他,1284,人,5,3,,other,タ,ta,ほか,hoka,u4ed6,u4ed6.svg,,
多,1285,夕,6,2,,many,タ,ta,おお-い,oo-i,u591a,u591a.svg,,
汰,1286,水,7,S,2010,luxury,タ,ta,,,u6c70,u6c70.svg,,
打,1287,手,5,3,,hit,ダ,da,う-つ,u-tsu,u6253,u6253.svg,,
妥,1288,女,7,S,,gentle,ダ,da,,,u59a5,u59a5.svg,,
唾,1289,口,11,S,2010,saliva,ダ,da,つば,tsuba,u553e,u553e.svg,,
堕,1290,土,12,S,,degenerate,ダ,da,,,u5815,u5815.svg,,
惰,1291,心,12,S,,lazy,ダ,da,,,u60f0,u60f0.svg,,
駄,1292,馬,14,S,1981,burdensome,ダ,da,,,u99c4,u99c4.svg,,
太,1293,大,4,2,,thick,タイ、タ,"tai, ta",ふと-い、ふと-る,"futo-i, futo-ru",u592a,u592a.svg,,
対,1294,寸,7,3,,opposite,タイ、ツイ,"tai, tsui",,,u5bfe,u5bfe.svg,,
体,1295,骨,7,2,,body,タイ、テイ,"tai, tei",からだ,karada,u4f53,u4f53.svg,,
耐,1296,而,9,S,,resistant,タイ,tai,た-える,ta-eru,u8010,u8010.svg,,
待,1297,彳,9,3,,wait,タイ,tai,ま-つ,ma-tsu,u5f85,u5f85.svg,,
怠,1298,心,9,S,,neglect,タイ,tai,おこた-る、なま-ける,"okota-ru, nama-keru",u6020,u6020.svg,,
胎,1299,肉,9,S,,womb,タイ,tai,,,u80ce,u80ce.svg,,
退,1300,辵,9,6,,retreat,タイ,tai,しりぞ-く、しりぞ-ける,"shirizo-ku, shirizo-keru",u9000,u9000.svg,,
帯,1301,巾,10,4,,sash,タイ,tai,お-びる、おび,"o-biru, obi",u5e2f,u5e2f.svg,,
泰,1302,水,10,S,,peaceful,タイ,tai,,,u6cf0,u6cf0.svg,,
堆,1303,土,11,S,2010,piled high,タイ,tai,,,u5806,u5806.svg,,
袋,1304,衣,11,S,,sack,タイ,tai,ふくろ,fukuro,u888b,u888b.svg,,
逮,1305,辵,11,S,,apprehend,タイ,tai,,,u902e,u902e.svg,,
替,1306,曰,12,S,,exchange,タイ,tai,か-える、か-わる,"ka-eru, ka-waru",u66ff,u66ff.svg,,
貸,1307,貝,12,5,,lend,タイ,tai,か-す,ka-su,u8cb8,u8cb8.svg,,
隊,1308,阜,12,4,,group,タイ,tai,,,u968a,u968a.svg,,
滞,1309,水,13,S,,stagnate,タイ,tai,とどこお-る,todokoo-ru,u6ede,u6ede.svg,,
態,1310,心,14,5,,condition,タイ,tai,,,u614b,u614b.svg,,
戴,1311,戈,17,S,2010,be crowned with,タイ,tai,,,u6234,u6234.svg,,
大,1312,大,3,1,,large,ダイ、タイ,"dai, tai",おお、おお-きい、おお-いに,"oo, oo-kii, oo-ini",u5927,u5927.svg,,
代,1313,人,5,3,,substitute,ダイ、タイ,"dai, tai",か-わる、か-える、よ、しろ,"ka-waru, ka-eru, yo, shiro",u4ee3,u4ee3.svg,,
台,1314,至,5,2,,pedestal,ダイ、タイ,"dai, tai",,,u53f0,u53f0.svg,,
第,1315,竹,11,3,,ordinal number prefix,ダイ,dai,,,u7b2c,u7b2c.svg,,
題,1316,頁,18,3,,topic,ダイ,dai,,,u984c,u984c.svg,,
滝,1317,水,13,S,,waterfall,,,たき,taki,u6edd,u6edd.svg,,
宅,1318,宀,6,6,,home,タク,taku,,,u5b85,u5b85.svg,,
択,1319,手,7,S,,choose,タク,taku,,,u629e,u629e.svg,,
沢,1320,水,7,S,,swamp,タク,taku,さわ,sawa,u6ca2,u6ca2.svg,,
卓,1321,十,8,S,,eminent,タク,taku,,,u5353,u5353.svg,,
拓,1322,手,8,S,,clear (the land),タク,taku,,,u62d3,u62d3.svg,,
託,1323,言,10,S,,consign,タク,taku,,,u8a17,u8a17.svg,,
濯,1324,水,17,S,1981,laundry,タク,taku,,,u6fef,u6fef.svg,,
諾,1325,言,15,S,,consent,ダク,daku,,,u8afe,u8afe.svg,,
濁,1326,水,16,S,,voiced,ダク,daku,にご-る、にご-す,"nigo-ru, nigo-su",u6fc1,u6fc1.svg,,
但,1327,人,7,S,,however,,,ただ-し,tada-shi,u4f46,u4f46.svg,,
達,1328,辵,12,4,,attain,タツ,tatsu,,,u9054,u9054.svg,,
脱,1329,肉,11,S,,undress,ダツ,datsu,ぬ-ぐ、ぬ-げる,"nu-gu, nu-geru",u8131,u8131.svg,,
奪,1330,大,14,S,,rob,ダツ,datsu,うば-う,uba-u,u596a,u596a.svg,,
棚,1331,木,12,S,1981,shelf,,,たな,tana,u68da,u68da.svg,,
誰,1332,言,15,S,2010,who (question word),,,だれ,dare,u8ab0,u8ab0.svg,,
丹,1333,丶,4,S,,cinnabar,タン,tan,,,u4e39,u4e39.svg,,
旦,1334,日,5,S,2010,daybreak,タン、ダン,"tan, dan",,,u65e6,u65e6.svg,,
担,1335,手,8,6,,shouldering,タン,tan,かつ-ぐ、にな-う,"katsu-gu, nina-u",u62c5,u62c5.svg,,
単,1336,口,9,4,,simple,タン,tan,,,u5358,u5358.svg,,
炭,1337,火,9,3,,charcoal,タン,tan,すみ,sumi,u70ad,u70ad.svg,,
胆,1338,肉,9,S,,gall bladder,タン,tan,,,u80c6,u80c6.svg,,
探,1339,手,11,6,,grope,タン,tan,さぐ-る、さが-す,"sagu-ru, saga-su",u63a2,u63a2.svg,,
淡,1340,水,11,S,,thin,タン,tan,あわ-い,awa-i,u6de1,u6de1.svg,,
短,1341,矢,12,3,,short,タン,tan,みじか-い,mijika-i,u77ed,u77ed.svg,,
嘆,1342,口,13,S,,sigh,タン,tan,なげ-く、なげ-かわしい,"nage-ku, nage-kawashii",u5606,u5606.svg,,
端,1343,立,14,S,,edge,タン,tan,はし、は、はた,"hashi, ha, hata",u7aef,u7aef.svg,,
綻,1344,糸,14,S,2010,rip,タン,tan,ほころ-びる,hokoro-biru,u7dbb,u7dbb.svg,,
誕,1345,言,15,6,,nativity,タン,tan,,,u8a95,u8a95.svg,,
鍛,1346,金,17,S,,forge,タン,tan,きた-える,kita-eru,u935b,u935b.svg,,
団,1347,囗,6,5,,group,ダン、（トン）,"dan, (ton)",,,u56e3,u56e3.svg,,
男,1348,田,7,1,,male,ダン、ナン,"dan, nan",おとこ,otoko,u7537,u7537.svg,,
段,1349,殳,9,6,,steps,ダン,dan,,,u6bb5,u6bb5.svg,,
断,1350,斤,11,5,,cut off,ダン,dan,た-つ、ことわ-る,"ta-tsu, kotowa-ru",u65ad,u65ad.svg,,
弾,1351,弓,12,S,,bullet,ダン,dan,ひ-く、はず-む、たま,"hi-ku, hazu-mu, tama",u5f3e,u5f3e.svg,,
暖,1352,日,13,6,,warmth,ダン,dan,あたた-か、あたた-かい、あたた-まる、あたた-める,"atata-ka, atata-kai, atata-maru, atata-meru",u6696,u6696.svg,,
談,1353,言,15,3,,discuss,ダン,dan,,,u8ac7,u8ac7.svg,,
壇,1354,土,16,S,,podium,ダン、（タン）,"dan, (tan)",,,u58c7,u58c7.svg,,
地,1355,土,6,2,,ground,チ、ジ,"chi, ji",,,u5730,u5730.svg,,
池,1356,水,6,2,,pond,チ,chi,いけ,ike,u6c60,u6c60.svg,,
知,1357,矢,8,2,,know,チ,chi,し-る,shi-ru,u77e5,u77e5.svg,,
値,1358,人,10,6,,value,チ,chi,ね、あたい,"ne, atai",u5024,u5024.svg,,
恥,1359,心,10,S,,shame,チ,chi,は-じる、はじ、は-じらう、は-ずかしい,"ha-jiru, haji, ha-jirau, ha-zukashii",u6065,u6065.svg,,
致,1360,至,10,S,,(to) do,チ,chi,いた-す,ita-su,u81f4,u81f4.svg,,
遅,1361,辵,12,S,,slow,チ,chi,おく-れる、おく-らす、おそ-い,"oku-reru, oku-rasu, oso-i",u9045,u9045.svg,,
痴,1362,疒,13,S,,stupid,チ,chi,,,u75f4,u75f4.svg,,
稚,1363,禾,13,S,,immature,チ,chi,,,u7a1a,u7a1a.svg,,
置,1364,网,13,4,,put,チ,chi,お-く,o-ku,u7f6e,u7f6e.svg,,
緻,1365,糸,16,S,2010,fine (not coarse),チ,chi,,,u7dfb,u7dfb.svg,,
竹,1366,竹,6,1,,bamboo,チク,chiku,たけ,take,u7af9,u7af9.svg,,
畜,1367,田,10,S,,livestock,チク,chiku,,,u755c,u755c.svg,,
逐,1368,辵,10,S,,pursue,チク,chiku,,,u9010,u9010.svg,,
蓄,1369,艸,13,S,,amass,チク,chiku,たくわ-える,takuwa-eru,u84c4,u84c4.svg,,
築,1370,竹,16,5,,fabricate,チク,chiku,きず-く,kizu-ku,u7bc9,u7bc9.svg,,
秩,1371,禾,10,S,,regularity,チツ,chitsu,,,u79e9,u79e9.svg,,
窒,1372,穴,11,S,,plug up,チツ,chitsu,,,u7a92,u7a92.svg,,
茶,1373,艸,9,2,,tea,チャ、サ,"cha, sa",,,u8336,u8336.svg,,
着,1374,羊,12,3,,wear,チャク、（ジャク）,"chaku, (jaku)",き-る、き-せる、つ-く、つ-ける,"ki-ru, ki-seru, tsu-ku, tsu-keru",u7740,u7740.svg,,
嫡,1375,女,14,S,,legitimate wife,チャク,chaku,,,u5ae1,u5ae1.svg,,
中,1376,丨,4,1,,middle,チュウ、（ジュウ）,"chū, (jū)",なか,naka,u4e2d,u4e2d.svg,,
仲,1377,人,6,4,,relationship,チュウ,chū,なか,naka,u4ef2,u4ef2.svg,,
虫,1378,虫,6,1,,insect,チュウ,chū,むし,mushi,u866b,u866b.svg,,
沖,1379,水,7,4,,open sea,チュウ,chū,おき,oki,u6c96,u6c96.svg,,
宙,1380,宀,8,6,,mid-air,チュウ,chū,,,u5b99,u5b99.svg,,
忠,1381,心,8,6,,loyalty,チュウ,chū,,,u5fe0,u5fe0.svg,,
抽,1382,手,8,S,,pluck,チュウ,chū,,,u62bd,u62bd.svg,,
注,1383,水,8,3,,pour,チュウ,chū,そそ-ぐ,soso-gu,u6ce8,u6ce8.svg,,
昼,1384,日,9,2,,daytime,チュウ,chū,ひる,hiru,u663c,u663c.svg,,
柱,1385,木,9,3,,pillar,チュウ,chū,はしら,hashira,u67f1,u67f1.svg,,
衷,1386,衣,9,S,,inmost,チュウ,chū,,,u8877,u8877.svg,,
酎,1387,酉,10,S,2010,sake,チュウ,chū,,,u914e,u914e.svg,,
鋳,1388,金,15,S,,casting,チュウ,chū,い-る,i-ru,u92f3,u92f3.svg,,
駐,1389,馬,15,S,,stop-over,チュウ,chū,,,u99d0,u99d0.svg,,
著,1390,艸,11,6,,renowned,チョ,cho,あらわ-す、いちじる-しい,"arawa-su, ichijiru-shii",u8457,u8457.svg,,
貯,1391,貝,12,5,,savings,チョ,cho,,,u8caf,u8caf.svg,,
丁,1392,一,2,3,,ward,チョウ、テイ,"chō, tei",,,u4e01,u4e01.svg,,
弔,1393,弓,4,S,,condolences,チョウ,chō,とむら-う,tomura-u,u5f14,u5f14.svg,,
庁,1394,广,5,6,,government office,チョウ,chō,,,u5e81,u5e81.svg,,
兆,1395,儿,6,4,,"portent, trillion",チョウ,chō,きざ-す、きざ-し,"kiza-su, kiza-shi",u5146,u5146.svg,,
町,1396,田,7,1,,town,チョウ,chō,まち,machi,u753a,u753a.svg,,
長,1397,長,8,2,,long,チョウ,chō,なが-い,naga-i,u9577,u9577.svg,,
挑,1398,手,9,S,1981,challenge,チョウ,chō,いど-む,ido-mu,u6311,u6311.svg,,
帳,1399,巾,11,3,,account book,チョウ,chō,,,u5e33,u5e33.svg,,
張,1400,弓,11,5,,stretch,チョウ,chō,は-る,ha-ru,u5f35,u5f35.svg,,
彫,1401,彡,11,S,,carve,チョウ,chō,ほ-る,ho-ru,u5f6b,u5f6b.svg,,
眺,1402,目,11,S,1981,stare,チョウ,chō,なが-める,naga-meru,u773a,u773a.svg,,
釣,1403,金,11,S,1981,angling,チョウ,chō,つ-る,tsu-ru,u91e3,u91e3.svg,,
頂,1404,頁,11,6,,place on the head,チョウ,chō,いただ-く、いただき,"itada-ku, itadaki",u9802,u9802.svg,,
鳥,1405,鳥,11,2,,bird,チョウ,chō,とり,tori,u9ce5,u9ce5.svg,,
朝,1406,月,12,2,,morning,チョウ,chō,あさ,asa,u671d,u671d.svg,,
貼,1407,貝,12,S,2010,paste,チョウ,chō,は-る,ha-ru,u8cbc,u8cbc.svg,,
超,1408,走,12,S,,transcend,チョウ,chō,こ-える、こ-す,"ko-eru, ko-su",u8d85,u8d85.svg,,
腸,1409,肉,13,6,,intestines,チョウ,chō,,,u8178,u8178.svg,,
跳,1410,足,13,S,,hop,チョウ,chō,は-ねる、と-ぶ,"ha-neru, to-bu",u8df3,u8df3.svg,,
徴,1411,彳,14,S,,indications,チョウ,chō,,,u5fb4,u5fb4.svg,,
嘲,1412,口,15,S,2010,ridicule,チョウ,chō,あざけ-る,azake-ru,u5632,u5632.svg,,
潮,1413,水,15,6,,tide,チョウ,chō,しお,shio,u6f6e,u6f6e.svg,,
澄,1414,水,15,S,,lucidity,チョウ,chō,す-む、す-ます,"su-mu, su-masu",u6f84,u6f84.svg,,
調,1415,言,15,3,,investigate,チョウ,chō,しら-べる、ととの-う、ととの-える,"shira-beru, totono-u, totono-eru",u8abf,u8abf.svg,,
聴,1416,耳,17,S,,listen,チョウ,chō,き-く,ki-ku,u8074,u8074.svg,,
懲,1417,心,18,S,,penal,チョウ,chō,こ-りる、こ-らす、こ-らしめる,"ko-riru, ko-rasu, ko-rashimeru",u61f2,u61f2.svg,,
直,1418,目,8,2,,straight,チョク、ジキ,"choku, jiki",ただ-ちに、なお-す、なお-る,"tada-chini, nao-su, nao-ru",u76f4,u76f4.svg,,
勅,1419,力,9,S,,imperial order,チョク,choku,,,u52c5,u52c5.svg,,
捗,1420,手,10,S,2010,make progress,チョク,choku,,,u6357,u6357.svg,,
沈,1421,水,7,S,,sink,チン,chin,しず-む、しず-める,"shizu-mu, shizu-meru",u6c88,u6c88.svg,,
珍,1422,玉,9,S,,rare,チン,chin,めずら-しい,mezura-shii,u73cd,u73cd.svg,,
朕,1423,月,10,S,,majestic plural,チン,chin,,,u6715,u6715.svg,,
陳,1424,阜,11,S,,exhibit,チン,chin,,,u9673,u9673.svg,,
賃,1425,貝,13,6,,fare,チン,chin,,,u8cc3,u8cc3.svg,,
鎮,1426,金,18,S,,tranquilize,チン,chin,しず-める、しず-まる,"shizu-meru, shizu-maru",u93ae,u93ae.svg,,
追,1427,辵,9,3,,follow,ツイ,tsui,お-う,o-u,u8ffd,u8ffd.svg,,
椎,1428,木,12,S,2010,oak,ツイ,tsui,,,u690e,u690e.svg,,
墜,1429,土,15,S,,crash,ツイ,tsui,,,u589c,u589c.svg,,
通,1430,辵,10,2,,pass through,ツウ、（ツ）,"tsū, (tsu)",とお-る、とお-す、かよ-う,"too-ru, too-su, kayo-u",u901a,u901a.svg,,
痛,1431,疒,12,6,,pain,ツウ,tsū,いた-い、いた-む、いた-める,"ita-i, ita-mu, ita-meru",u75db,u75db.svg,,
塚,1432,土,12,S,1981,hillock,,,つか,tsuka,u585a,u585a.svg,,
漬,1433,水,14,S,1981,pickling,,,つ-ける、つ-かる,"tsu-keru, tsu-karu",u6f2c,u6f2c.svg,,
坪,1434,土,8,S,,two-mat area,,,つぼ,tsubo,u576a,u576a.svg,,
爪,1435,爪,4,S,2010,claw,,,つめ、（つま）,"tsume, (tsuma)",u722a,u722a.svg,,
鶴,1436,鳥,21,S,2010,crane,,,つる,tsuru,u9db4,u9db4.svg,,
低,1437,人,7,4,,low,テイ,tei,ひく-い、ひく-める、ひく-まる,"hiku-i, hiku-meru, hiku-maru",u4f4e,u4f4e.svg,,
呈,1438,口,7,S,,display,テイ,tei,,,u5448,u5448.svg,,
廷,1439,廴,7,S,,courts,テイ,tei,,,u5ef7,u5ef7.svg,,
弟,1440,弓,7,2,,younger brother,テイ、（ダイ）、（デ）,"tei, (dai), (de)",おとうと,otōto,u5f1f,u5f1f.svg,,
定,1441,宀,8,3,,decide,テイ、ジョウ,"tei, jō",さだ-める、さだ-まる、さだ-か,"sada-meru, sada-maru, sada-ka",u5b9a,u5b9a.svg,,
底,1442,广,8,4,,bottom,テイ,tei,そこ,soko,u5e95,u5e95.svg,,
抵,1443,手,8,S,,resist,テイ,tei,,,u62b5,u62b5.svg,,
邸,1444,邑,8,S,,residence,テイ,tei,,,u90b8,u90b8.svg,,
亭,1445,亠,9,S,1981,pavilion,テイ,tei,,,u4ead,u4ead.svg,,
貞,1446,貝,9,S,,upright,テイ,tei,,,u8c9e,u8c9e.svg,,
帝,1447,巾,9,S,,sovereign,テイ,tei,,,u5e1d,u5e1d.svg,,
訂,1448,言,9,S,,revise,テイ,tei,,,u8a02,u8a02.svg,,
庭,1449,广,10,3,,garden,テイ,tei,にわ,niwa,u5ead,u5ead.svg,,
逓,1450,辵,10,S,,relay,テイ,tei,,,u9013,u9013.svg,,
停,1451,人,11,5,,halt,テイ,tei,,,u505c,u505c.svg,,
偵,1452,人,11,S,1981,spy,テイ,tei,,,u5075,u5075.svg,,
堤,1453,土,12,S,,dike,テイ,tei,つつみ,tsutsumi,u5824,u5824.svg,,
提,1454,手,12,5,,present,テイ,tei,さ-げる,sa-geru,u63d0,u63d0.svg,,
程,1455,禾,12,5,,extent,テイ,tei,ほど,hodo,u7a0b,u7a0b.svg,,
艇,1456,舟,13,S,,rowboat,テイ,tei,,,u8247,u8247.svg,,
締,1457,糸,15,S,,tighten,テイ,tei,し-まる、し-める,"shi-maru, shi-meru",u7de0,u7de0.svg,,
諦,1458,言,16,S,2010,abandon,テイ,tei,あきら-める,akira-meru,u8ae6,u8ae6.svg,,
泥,1459,水,8,S,1981,mud,デイ,dei,どろ,doro,u6ce5,u6ce5.svg,,
的,1460,白,8,4,,target,テキ,teki,まと,mato,u7684,u7684.svg,,
笛,1461,竹,11,3,,flute,テキ,teki,ふえ,fue,u7b1b,u7b1b.svg,,
摘,1462,手,14,S,,pinch,テキ,teki,つ-む,tsu-mu,u6458,u6458.svg,,
滴,1463,水,14,S,,drip,テキ,teki,しずく、したた-る,"shizuku, shitata-ru",u6ef4,u6ef4.svg,,
適,1464,辵,14,5,,suitable,テキ,teki,,,u9069,u9069.svg,,
敵,1465,攴,15,6,,enemy,テキ,teki,かたき,kataki,u6575,u6575.svg,,
溺,1466,水,13,S,2010,drown,デキ,deki,おぼ-れる,obo-reru,u6eba,u6eba.svg,,
迭,1467,辵,8,S,,transfer,テツ,tetsu,,,u8fed,u8fed.svg,,
哲,1468,口,10,S,,philosophy,テツ,tetsu,,,u54f2,u54f2.svg,,
鉄,1469,金,13,3,,iron,テツ,tetsu,,,u9244,u9244.svg,,
徹,1470,彳,15,S,,penetrate,テツ,tetsu,,,u5fb9,u5fb9.svg,,
撤,1471,手,15,S,,remove,テツ,tetsu,,,u64a4,u64a4.svg,,
天,1472,大,4,1,,heaven,テン,ten,あめ、（あま）,"ame, (ama)",u5929,u5929.svg,,
典,1473,八,8,4,,code,テン,ten,,,u5178,u5178.svg,,
店,1474,广,8,2,,shop,テン,ten,みせ,mise,u5e97,u5e97.svg,,
点,1475,黑,9,2,,point,テン,ten,,,u70b9,u70b9.svg,,
展,1476,尸,10,6,,expand,テン,ten,,,u5c55,u5c55.svg,,
添,1477,水,11,S,,annexed,テン,ten,そ-える、そ-う,"so-eru, so-u",u6dfb,u6dfb.svg,,
転,1478,車,11,3,,revolve,テン,ten,ころ-がる、ころ-げる、ころ-がす、ころ-ぶ,"koro-garu, koro-geru, koro-gasu, koro-bu",u8ee2,u8ee2.svg,,
塡,1479,土,13,S,2010,fill in,テン,ten,,,u5861,u5861.svg,,
田,1480,田,5,1,,rice paddy,デン,den,た,ta,u7530,u7530.svg,,
伝,1481,人,6,4,,transmit,デン,den,つた-わる、つた-える、つた-う,"tsuta-waru, tsuta-eru, tsuta-u",u4f1d,u4f1d.svg,,
殿,1482,殳,13,S,,Mr.,デン、テン,"den, ten",との、どの,"tono, dono",u6bbf,u6bbf.svg,,
電,1483,雨,13,2,,electricity,デン,den,,,u96fb,u96fb.svg,,
斗,1484,斗,4,S,,Big Dipper,ト,to,,,u6597,u6597.svg,,
吐,1485,口,6,S,,spit,ト,to,は-く,ha-ku,u5410,u5410.svg,,
妬,1486,女,8,S,2010,jealousy,ト,to,ねた-む,neta-mu,u59ac,u59ac.svg,,
徒,1487,彳,10,4,,junior,ト,to,,,u5f92,u5f92.svg,,
途,1488,辵,10,S,,route,ト,to,,,u9014,u9014.svg,,
都,1489,邑,11,3,,metropolis,ト、ツ,"to, tsu",みやこ,miyako,u90fd,u90fd.svg,,
渡,1490,水,12,S,,transit,ト,to,わた-る、わた-す,"wata-ru, wata-su",u6e21,u6e21.svg,,
塗,1491,土,13,S,,paint,ト,to,ぬ-る,nu-ru,u5857,u5857.svg,,
賭,1492,貝,16,S,2010,gamble,ト,to,か-ける,ka-keru,u8ced,u8ced.svg,,
土,1493,土,3,1,,soil,ド、ト,"do, to",つち,tsuchi,u571f,u571f.svg,,
奴,1494,女,5,S,,guy,ド,do,,,u5974,u5974.svg,,
努,1495,力,7,4,,toil,ド,do,つと-める,tsuto-meru,u52aa,u52aa.svg,,
度,1496,广,9,3,,degrees,ド、（ト）、（タク）,"do, (to), (taku)",たび,tabi,u5ea6,u5ea6.svg,,
怒,1497,心,9,S,,angry,ド,do,いか-る、おこ-る,"ika-ru, oko-ru",u6012,u6012.svg,,
刀,1498,刀,2,2,,sword,トウ,tō,かたな,katana,u5200,u5200.svg,,
冬,1499,冫,5,2,,winter,トウ,tō,ふゆ,fuyu,u51ac,u51ac.svg,,
灯,1500,火,6,4,,lamp,トウ,,ひ,,u706f,u706f.svg,,
当,1501,田,6,2,,hit,トウ,tō,あ-たる、あ-てる,"a-taru, a-teru",u5f53,u5f53.svg,,
投,1502,手,7,3,,throw,トウ,tō,な-げる,na-geru,u6295,u6295.svg,,
豆,1503,豆,7,3,,bean,トウ、（ズ）,"tō, (zu)",まめ,mame,u8c46,u8c46.svg,,
東,1504,木,8,2,,east,トウ,tō,ひがし,higashi,u6771,u6771.svg,,
到,1505,刀,8,S,,arrival,トウ,tō,,,u5230,u5230.svg,,
逃,1506,辵,9,S,,escape,トウ,tō,に-げる、に-がす、のが-す、のが-れる,"ni-geru, ni-gasu, noga-su, noga-reru",u9003,u9003.svg,,
倒,1507,人,10,S,,overthrow,トウ,tō,たお-れる、たお-す,"tao-reru, tao-su",u5012,u5012.svg,,
凍,1508,冫,10,S,,frozen,トウ,tō,こお-る、こご-える,"koo-ru, kogo-eru",u51cd,u51cd.svg,,
唐,1509,口,10,S,,T'ang,トウ,tō,から,kara,u5510,u5510.svg,,
島,1510,山,10,3,,island,トウ,tō,しま,shima,u5cf6,u5cf6.svg,,
桃,1511,木,10,S,,peach tree,トウ,tō,もも,momo,u6843,u6843.svg,,
討,1512,言,10,6,,chastise,トウ,tō,う-つ,u-tsu,u8a0e,u8a0e.svg,,
透,1513,辵,10,S,,transparent,トウ,tō,す-く、す-かす、す-ける,"su-ku, su-kasu, su-keru",u900f,u900f.svg,,
党,1514,黑,10,6,,group,トウ,tō,,,u515a,u515a.svg,,
悼,1515,心,11,S,,lament,トウ,tō,いた-む,ita-mu,u60bc,u60bc.svg,,
盗,1516,皿,11,S,,steal,トウ,tō,ぬす-む,nusu-mu,u76d7,u76d7.svg,,
陶,1517,阜,11,S,,pottery,トウ,tō,,,u9676,u9676.svg,,
塔,1518,土,12,S,,pagoda,トウ,tō,,,u5854,u5854.svg,,
搭,1519,手,12,S,1981,board,トウ,tō,,,u642d,u642d.svg,,
棟,1520,木,12,S,1981,ridgepole,トウ,tō,むね、（むな）,"mune, (muna)",u68df,u68df.svg,,
湯,1521,水,12,3,,hot water,トウ,tō,ゆ,yu,u6e6f,u6e6f.svg,,
痘,1522,疒,12,S,,pox,トウ,tō,,,u75d8,u75d8.svg,,
登,1523,癶,12,3,,climb,トウ、ト,"tō, to",のぼ-る,nobo-ru,u767b,u767b.svg,,
答,1524,竹,12,2,,answer,トウ,tō,こた-える、こた-え,"kota-eru, kota-e",u7b54,u7b54.svg,,
等,1525,竹,12,3,,class,トウ,tō,ひと-しい,hito-shii,u7b49,u7b49.svg,,
筒,1526,竹,12,S,,cylinder,トウ,tō,つつ,tsutsu,u7b52,u7b52.svg,,
統,1527,糸,12,5,,unite,トウ,tō,す-べる,su-beru,u7d71,u7d71.svg,,
稲,1528,禾,14,S,,rice plant,トウ,tō,いね、（いな）,"ine, (ina)",u7a32,u7a32.svg,,
踏,1529,足,15,S,,step,トウ,tō,ふ-む、ふ-まえる,"fu-mu, fu-maeru",u8e0f,u8e0f.svg,,
糖,1530,米,16,6,,sugar,トウ,tō,,,u7cd6,u7cd6.svg,,
頭,1531,頁,16,2,,head,トウ、ズ、（ト）,"tō, zu, (to)",あたま、かしら,"atama, kashira",u982d,u982d.svg,,
謄,1532,言,17,S,,mimeograph,トウ,tō,,,u8b04,u8b04.svg,,
藤,1533,艸,18,S,2010,wisteria,トウ,tō,ふじ,fuji,u85e4,u85e4.svg,,
闘,1534,鬥,18,S,,fight,トウ,tō,たたか-う,tataka-u,u95d8,u95d8.svg,,
騰,1535,馬,20,S,,inflation,トウ,tō,,,u9a30,u9a30.svg,,
同,1536,口,6,2,,same,ドウ,dō,おな-じ,ona-ji,u540c,u540c.svg,,
洞,1537,水,9,S,1981,den,ドウ,dō,ほら,hora,u6d1e,u6d1e.svg,,
胴,1538,肉,10,S,,trunk,ドウ,dō,,,u80f4,u80f4.svg,,
動,1539,力,11,3,,move,ドウ,dō,うご-く、うご-かす,"ugo-ku, ugo-kasu",u52d5,u52d5.svg,,
堂,1540,土,11,5,,public chamber,ドウ,dō,,,u5802,u5802.svg,,
童,1541,立,12,3,,juvenile,ドウ,dō,わらべ,warabe,u7ae5,u7ae5.svg,,
道,1542,辵,12,2,,road,ドウ、（トウ）,"dō, (tō)",みち,michi,u9053,u9053.svg,,
働,1543,人,13,4,,work,ドウ,dō,はたら-く,hatara-ku,u50cd,u50cd.svg,,
銅,1544,金,14,5,,copper,ドウ,dō,,,u9285,u9285.svg,,
導,1545,寸,15,5,,guide,ドウ,dō,みちび-く,michibi-ku,u5c0e,u5c0e.svg,,
瞳,1546,目,17,S,2010,pupil,ドウ,dō,ひとみ,hitomi,u77b3,u77b3.svg,,
峠,1547,山,9,S,,mountain peak,,,とうげ,tōge,u5ce0,u5ce0.svg,,
匿,1548,匸,10,S,,hide,トク,toku,,,u533f,u533f.svg,,
特,1549,牛,10,4,,special,トク,toku,,,u7279,u7279.svg,,
得,1550,彳,11,5,,acquire,トク,toku,え-る、う-る,"e-ru, u-ru",u5f97,u5f97.svg,,
督,1551,目,13,S,,coach,トク,toku,,,u7763,u7763.svg,,
徳,1552,彳,14,4,,benevolence,トク,toku,,,u5fb3,u5fb3.svg,,
篤,1553,竹,16,S,,fervent,トク,toku,,,u7be4,u7be4.svg,,
毒,1554,毋,8,5,,poison,ドク,doku,,,u6bd2,u6bd2.svg,,
独,1555,犬,9,5,,alone,ドク,doku,ひと-り,hito-ri,u72ec,u72ec.svg,,
読,1556,言,14,2,,read,ドク、トク、（トウ）,"doku, toku, (tō)",よ-む,yo-mu,u8aad,u8aad.svg,,
栃,1557,木,9,4,2010,horse chestnut,,,（とち）[6],(tochi),u6803,u6803.svg,,
凸,1558,凵,5,S,1981,convex,トツ,totsu,,,u51f8,u51f8.svg,,
突,1559,穴,8,S,,stab,トツ,totsu,つ-く,tsu-ku,u7a81,u7a81.svg,,
届,1560,尸,8,6,,deliver,,,とど-ける、とど-く,"todo-keru, todo-ku",u5c4a,u5c4a.svg,,
屯,1561,屮,4,S,1981,barracks,トン,ton,,,u5c6f,u5c6f.svg,,
豚,1562,豕,11,S,,pork,トン,ton,ぶた,buta,u8c5a,u8c5a.svg,,
頓,1563,頁,13,S,2010,suddenly,トン,ton,,,u9813,u9813.svg,,
貪,1564,貝,11,S,2010,covet,ドン,don,むさぼ-る,musabo-ru,u8caa,u8caa.svg,,
鈍,1565,金,12,S,,dull,ドン,don,にぶ-い、にぶ-る,"nibu-i, nibu-ru",u920d,u920d.svg,,
曇,1566,日,16,S,,cloudy weather,ドン,don,くも-る,kumo-ru,u66c7,u66c7.svg,,
丼,1567,丶,5,S,2010,bowl of food,,,どんぶり、（どん）,"donburi, (don)",u4e3c,u4e3c.svg,,
那,1568,邑,7,S,2010,what,ナ,na,,,u90a3,u90a3.svg,,
奈,1569,大,8,4,2010,what,ナ,na,,,u5948,u5948.svg,,
内,1570,入,4,2,,inside,ナイ、（ダイ）,"nai, (dai)",うち,uchi,u5185,u5185.svg,,
梨,1571,木,11,4,2010,pear tree,,,なし,nashi,u68a8,u68a8.svg,,
謎,1572,言,17,S,2010,riddle,,,なぞ,nazo,u8b0e,u8b0e.svg,,
鍋,1573,金,17,S,2010,pot,,,なべ,nabe,u934b,u934b.svg,,
南,1574,十,9,2,,south,ナン、（ナ）,"nan, (na)",みなみ,minami,u5357,u5357.svg,,
軟,1575,車,11,S,,soft,ナン,nan,やわ-らか、やわ-らかい,"yawa-raka, yawa-rakai",u8edf,u8edf.svg,,
難,1576,隹,18,6,,difficult,ナン,nan,かた-い、むずか-しい,"kata-i, muzuka-shii",u96e3,u96e3.svg,,
二,1577,二,2,1,,two,ニ,ni,ふた、ふた-つ,"futa, futa-tsu",u4e8c,u4e8c.svg,,
尼,1578,尸,5,S,,nun,ニ,ni,あま,ama,u5c3c,u5c3c.svg,,
弐,1579,貝,6,S,,two (falsification prevention),ニ,ni,,,u5f10,u5f10.svg,,
匂,1580,勹,4,S,2010,scent,,,にお-う,nio-u,u5302,u5302.svg,,
肉,1581,肉,6,2,,meat,ニク,niku,,,u8089,u8089.svg,,
虹,1582,虫,9,S,2010,rainbow,,,にじ,niji,u8679,u8679.svg,,
日,1583,日,4,1,,day,ニチ、ジツ,"nichi, jitsu",ひ、か,"hi, ka",u65e5,u65e5.svg,,
入,1584,入,2,1,,enter,ニュウ,nyū,い-る、い-れる、はい-る,"i-ru, i-reru, hai-ru",u5165,u5165.svg,,
乳,1585,乙,8,6,,milk,ニュウ,nyū,ちち、ち,"chichi, chi",u4e73,u4e73.svg,,
尿,1586,尸,7,S,,urine,ニョウ,nyō,,,u5c3f,u5c3f.svg,,
任,1587,人,6,5,,responsibility,ニン,nin,まか-せる、まか-す,"maka-seru, maka-su",u4efb,u4efb.svg,,
妊,1588,女,7,S,,pregnancy,ニン,nin,,,u598a,u598a.svg,,
忍,1589,心,7,S,,endure,ニン,nin,しの-ぶ、しの-ばせる,"shino-bu, shino-baseru",u5fcd,u5fcd.svg,,
認,1590,言,14,6,,recognize,ニン,nin,みと-める,mito-meru,u8a8d,u8a8d.svg,,
寧,1591,宀,14,S,,rather,ネイ,nei,,,u5be7,u5be7.svg,,
熱,1592,火,15,4,,heat,ネツ,netsu,あつ-い,atsu-i,u71b1,u71b1.svg,,
年,1593,干,6,1,,year,ネン,nen,とし,toshi,u5e74,u5e74.svg,,
念,1594,心,8,4,,thought,ネン,nen,,,u5ff5,u5ff5.svg,,
捻,1595,手,11,S,2010,twist,ネン,nen,,,u637b,u637b.svg,,
粘,1596,米,11,S,,sticky,ネン,nen,ねば-る,neba-ru,u7c98,u7c98.svg,,
燃,1597,火,16,5,,burn,ネン,nen,も-える、も-やす、も-す,"mo-eru, mo-yasu, mo-su",u71c3,u71c3.svg,,
悩,1598,心,10,S,,trouble,ノウ,nō,なや-む、なや-ます,"naya-mu, naya-masu",u60a9,u60a9.svg,,
納,1599,糸,10,6,,settlement,ノウ、（ナッ）、（ナ）、（ナン）、（トウ）,"nō, (na'), (na), (nan), (tō)",おさ-める、おさ-まる,"osa-meru, osa-maru",u7d0d,u7d0d.svg,,
能,1600,肉,10,5,,ability,ノウ,nō,,,u80fd,u80fd.svg,,
脳,1601,肉,11,6,,brain,ノウ,nō,,,u8133,u8133.svg,,
農,1602,辰,13,3,,farming,ノウ,nō,,,u8fb2,u8fb2.svg,,
濃,1603,水,16,S,,concentrated,ノウ,nō,こ-い,ko-i,u6fc3,u6fc3.svg,,
把,1604,手,7,S,1981,grasp,ハ,ha,,,u628a,u628a.svg,,
波,1605,水,8,3,,wave,ハ,ha,なみ,nami,u6ce2,u6ce2.svg,,
派,1606,水,9,6,,sect,ハ,ha,,,u6d3e,u6d3e.svg,,
破,1607,石,10,5,,rend,ハ,ha,やぶ-る、やぶ-れる,"yabu-ru, yabu-reru",u7834,u7834.svg,,
覇,1608,雨,19,S,1981,hegemony,ハ,ha,,,u8987,u8987.svg,,
馬,1609,馬,10,2,,horse,バ,ba,うま、（ま）,"uma, (ma)",u99ac,u99ac.svg,,
婆,1610,女,11,S,,old woman,バ,ba,,,u5a46,u5a46.svg,,
罵,1611,网,15,S,2010,insult,バ,ba,ののし-る,nonoshi-ru,u7f75,u7f75.svg,,
拝,1612,手,8,6,,worship,ハイ,hai,おが-む,oga-mu,u62dd,u62dd.svg,,
杯,1613,木,8,S,,counter for cupfuls,ハイ,hai,さかずき,sakazuki,u676f,u676f.svg,,
背,1614,肉,9,6,,back,ハイ,hai,せ、せい、そむ-く、そむ-ける,"se, sei, somu-ku, somu-keru",u80cc,u80cc.svg,,
肺,1615,肉,9,6,,lungs,ハイ,hai,,,u80ba,u80ba.svg,,
俳,1616,人,10,6,,haiku,ハイ,hai,,,u4ff3,u4ff3.svg,,
配,1617,酉,10,3,,distribute,ハイ,hai,くば-る,kuba-ru,u914d,u914d.svg,,
排,1618,手,11,S,,repudiate,ハイ,hai,,,u6392,u6392.svg,,
敗,1619,攴,11,4,,failure,ハイ,hai,やぶ-れる,yabu-reru,u6557,u6557.svg,,
廃,1620,广,12,S,,abolish,ハイ,hai,すた-れる、すた-る,"suta-reru, suta-ru",u5ec3,u5ec3.svg,,
輩,1621,車,15,S,,comrade,ハイ,hai,,,u8f29,u8f29.svg,,
売,1622,貝,7,2,,sell,バイ,bai,う-る、う-れる,"u-ru, u-reru",u58f2,u58f2.svg,,
倍,1623,人,10,3,,double,バイ,bai,,,u500d,u500d.svg,,
梅,1624,木,10,4,,ume (Japanese apricot),バイ,bai,うめ,ume,u6885,u6885.svg,,
培,1625,土,11,S,,cultivate,バイ,bai,つちか-う,tsuchika-u,u57f9,u57f9.svg,,
陪,1626,阜,11,S,,obeisance,バイ,bai,,,u966a,u966a.svg,,
媒,1627,女,12,S,,mediator,バイ,bai,,,u5a92,u5a92.svg,,
買,1628,貝,12,2,,buy,バイ,bai,か-う,ka-u,u8cb7,u8cb7.svg,,
賠,1629,貝,15,S,,compensation,バイ,bai,,,u8ce0,u8ce0.svg,,
白,1630,白,5,1,,white,ハク、ビャク,"haku, byaku",しろ、（しら）、しろ-い,"shiro, (shira), shiro-i",u767d,u767d.svg,,
伯,1631,人,7,S,,chief,ハク,haku,,,u4f2f,u4f2f.svg,,
拍,1632,手,8,S,,clap,ハク、（ヒョウ）,"haku, (hyō)",,,u62cd,u62cd.svg,,
泊,1633,水,8,S,,overnight,ハク,haku,と-まる、と-める,"to-maru, to-meru",u6cca,u6cca.svg,,
迫,1634,辵,8,S,,urge,ハク,haku,せま-る,sema-ru,u8feb,u8feb.svg,,
剝,1635,刀,10,S,2010,peel,ハク,haku,は-がす、は-ぐ、は-がれる、は-げる,"ha-gasu, ha-gu, ha-gareru, ha-geru",u525d,u525d.svg,,
舶,1636,舟,11,S,,liner,ハク,haku,,,u8236,u8236.svg,,
博,1637,十,12,4,,Dr.,ハク、（バク）,"haku, (baku)",,,u535a,u535a.svg,,
薄,1638,艸,16,S,,dilute,ハク,haku,うす-い、うす-める、うす-まる、うす-らぐ、うす-れる,"usu-i, usu-meru, usu-maru, usu-ragu, usu-reru",u8584,u8584.svg,,
麦,1639,麥,7,2,,wheat,バク,baku,むぎ,mugi,u9ea6,u9ea6.svg,,
漠,1640,水,13,S,1981,vague,バク,baku,,,u6f20,u6f20.svg,,
縛,1641,糸,16,S,,truss,バク,baku,しば-る,shiba-ru,u7e1b,u7e1b.svg,,
爆,1642,火,19,S,,explode,バク,baku,,,u7206,u7206.svg,,
箱,1643,竹,15,3,,box,,,はこ,hako,u7bb1,u7bb1.svg,,
箸,1644,竹,15,S,2010,chopsticks,,,はし,hashi,u7bb8,u7bb8.svg,,
畑,1645,田,9,3,,farm,,,はた、はたけ,"hata, hatake",u7551,u7551.svg,,
肌,1646,肉,6,S,1981,texture,,,はだ,hada,u808c,u808c.svg,,
八,1647,八,2,1,,eight,ハチ,hachi,や、や-つ、やっ-つ、（よう）,"ya, ya-tsu, ya'-tsu, (yō)",u516b,u516b.svg,,
鉢,1648,金,13,S,1981,bowl,ハチ、（ハツ）,"hachi, (hatsu)",,,u9262,u9262.svg,,
発,1649,癶,9,3,,departure,ハツ、ホツ,"hatsu, hotsu",,,u767a,u767a.svg,,
髪,1650,髟,14,S,,hair of the head,ハツ,hatsu,かみ,kami,u9aea,u9aea.svg,,
伐,1651,人,6,S,,fell,バツ,batsu,,,u4f10,u4f10.svg,,
抜,1652,手,7,S,,slip out,バツ,batsu,ぬ-く、ぬ-ける、ぬ-かす、ぬ-かる,"nu-ku, nu-keru, nu-kasu, nu-karu",u629c,u629c.svg,,
罰,1653,网,14,S,,penalty,バツ、バチ,"batsu, bachi",,,u7f70,u7f70.svg,,
閥,1654,門,14,S,,clique,バツ,batsu,,,u95a5,u95a5.svg,,
反,1655,又,4,3,,anti-,ハン、（ホン）、（タン）,"han, (hon), (tan)",そ-る、そ-らす,"so-ru, so-rasu",u53cd,u53cd.svg,,
半,1656,十,5,2,,half,ハン,han,なか-ば,naka-ba,u534a,u534a.svg,,
氾,1657,水,5,S,2010,spread out,ハン,han,,,u6c3e,u6c3e.svg,,
犯,1658,犬,5,5,,crime,ハン,han,おか-す,oka-su,u72af,u72af.svg,,
帆,1659,巾,6,S,,sail,ハン,han,ほ,ho,u5e06,u5e06.svg,,
汎,1660,水,6,S,2010,pan-,ハン,han,,,u6c4e,u6c4e.svg,,
伴,1661,人,7,S,,consort,ハン、バン,"han, ban",ともな-う,tomona-u,u4f34,u4f34.svg,,
判,1662,刀,7,5,,judge,ハン、バン,"han, ban",,,u5224,u5224.svg,,
坂,1663,土,7,3,,slope,ハン,han,さか,saka,u5742,u5742.svg,,
阪,1664,阜,7,4,2010,heights,ハン,han,,,u962a,u962a.svg,,
板,1665,木,8,3,,board,ハン、バン,"han, ban",いた,ita,u677f,u677f.svg,,
版,1666,片,8,5,,printing block,ハン,han,,,u7248,u7248.svg,,
班,1667,玉,10,6,,squad,ハン,han,,,u73ed,u73ed.svg,,
畔,1668,田,10,S,,paddy-ridge,ハン,han,,,u7554,u7554.svg,,
般,1669,舟,10,S,,generally,ハン,han,,,u822c,u822c.svg,,
販,1670,貝,11,S,,marketing,ハン,han,,,u8ca9,u8ca9.svg,,
斑,1671,文,12,S,2010,blemish,ハン,han,,,u6591,u6591.svg,,
飯,1672,食,12,4,,meal,ハン,han,めし,meshi,u98ef,u98ef.svg,,
搬,1673,手,13,S,,conveyor,ハン,han,,,u642c,u642c.svg,,
煩,1674,火,13,S,,anxiety,ハン、（ボン）,"han, (bon)",わずら-う、わずら-わす,"wazura-u, wazura-wasu",u7169,u7169.svg,,
頒,1675,頁,13,S,,partition,ハン,han,,,u9812,u9812.svg,,
範,1676,竹,15,S,,pattern,ハン,han,,,u7bc4,u7bc4.svg,,
繁,1677,糸,16,S,,luxuriant,ハン,han,,,u7e41,u7e41.svg,,
藩,1678,艸,18,S,,clan,ハン,han,,,u85e9,u85e9.svg,,
晩,1679,日,12,6,,nightfall,バン,ban,,,u6669,u6669.svg,,
番,1680,田,12,2,,one's turn,バン,ban,,,u756a,u756a.svg,,
蛮,1681,虫,12,S,,barbarian,バン,ban,,,u86ee,u86ee.svg,,
盤,1682,皿,15,S,,tray,バン,ban,,,u76e4,u76e4.svg,,
比,1683,比,4,5,,compare,ヒ,hi,くら-べる,kura-beru,u6bd4,u6bd4.svg,,
皮,1684,皮,5,3,,skin,ヒ,hi,かわ,kawa,u76ae,u76ae.svg,,
妃,1685,女,6,S,,queen,ヒ,hi,,,u5983,u5983.svg,,
否,1686,口,7,6,,negate,ヒ,hi,いな,ina,u5426,u5426.svg,,
批,1687,手,7,6,,criticism,ヒ,hi,,,u6279,u6279.svg,,
彼,1688,彳,8,S,,he,ヒ,hi,かれ、（かの）,"kare, (kano)",u5f7c,u5f7c.svg,,
披,1689,手,8,S,1981,expose,ヒ,hi,,,u62ab,u62ab.svg,,
肥,1690,肉,8,5,,fertilizer,ヒ,hi,こ-える、こえ、こ-やす、こ-やし,"ko-eru, koe, ko-yasu, ko-yashi",u80a5,u80a5.svg,,
非,1691,非,8,5,,negative,ヒ,hi,,,u975e,u975e.svg,,
卑,1692,十,9,S,,lowly,ヒ,hi,いや-しい、いや-しむ、いや-しめる,"iya-shii, iya-shimu, iya-shimeru",u5351,u5351.svg,,
飛,1693,飛,9,4,,fly,ヒ,hi,と-ぶ、と-ばす,"to-bu, to-basu",u98db,u98db.svg,,
疲,1694,疒,10,S,,exhausted,ヒ,hi,つか-れる,tsuka-reru,u75b2,u75b2.svg,,
秘,1695,示,10,6,,secret,ヒ,hi,ひ-める,hi-meru,u79d8,u79d8.svg,,
被,1696,衣,10,S,,incur,ヒ,hi,こうむ-る,kōmu-ru,u88ab,u88ab.svg,,
悲,1697,心,12,3,,sad,ヒ,hi,かな-しい、かな-しむ,"kana-shii, kana-shimu",u60b2,u60b2.svg,,
扉,1698,戶,12,S,1981,front door,ヒ,hi,とびら,tobira,u6249,u6249.svg,,
費,1699,貝,12,5,,expense,ヒ,hi,つい-やす、つい-える,"tsui-yasu, tsui-eru",u8cbb,u8cbb.svg,,
碑,1700,石,14,S,,tombstone,ヒ,hi,,,u7891,u7891.svg,,
罷,1701,网,15,S,,quit,ヒ,hi,,,u7f77,u7f77.svg,,
避,1702,辵,16,S,,evade,ヒ,hi,さ-ける,sa-keru,u907f,u907f.svg,,
尾,1703,尸,7,S,,tail,ビ,bi,お,o,u5c3e,u5c3e.svg,,
眉,1704,目,9,S,2010,eyebrow,ビ、（ミ）,"bi, (mi)",まゆ,mayu,u7709,u7709.svg,,
美,1705,羊,9,3,,beauty,ビ,bi,うつく-しい,utsuku-shii,u7f8e,u7f8e.svg,,
備,1706,人,12,5,,provide,ビ,bi,そな-える、そな-わる,"sona-eru, sona-waru",u5099,u5099.svg,,
微,1707,彳,13,S,,delicate,ビ,bi,,,u5fae,u5fae.svg,,
鼻,1708,鼻,14,3,,nose,ビ,bi,はな,hana,u9f3b,u9f3b.svg,,
膝,1709,肉,15,S,2010,knee,,,ひざ,hiza,u819d,u819d.svg,,
肘,1710,肉,7,S,2010,elbow,,,ひじ,hiji,u8098,u8098.svg,,
匹,1711,匸,4,S,,equal,ヒツ,hitsu,ひき,hiki,u5339,u5339.svg,,
必,1712,心,5,4,,without fail,ヒツ,hitsu,かなら-ず,kanara-zu,u5fc5,u5fc5.svg,,
泌,1713,水,8,S,,ooze,ヒツ、ヒ,"hitsu, hi",,,u6ccc,u6ccc.svg,,
筆,1714,竹,12,3,,writing brush,ヒツ,hitsu,ふで,fude,u7b46,u7b46.svg,,
姫,1715,女,10,S,,princess,,,ひめ,hime,u59eb,u59eb.svg,,
百,1716,白,6,1,,hundred,ヒャク,hyaku,,,u767e,u767e.svg,,
氷,1717,水,5,3,,ice,ヒョウ,hyō,こおり、ひ,"koori, hi",u6c37,u6c37.svg,,
表,1718,衣,8,3,,express,ヒョウ,hyō,おもて、あらわ-す、あらわ-れる,"omote, arawa-su, arawa-reru",u8868,u8868.svg,,
俵,1719,人,10,6,,bag,ヒョウ,hyō,たわら,tawara,u4ff5,u4ff5.svg,,
票,1720,示,11,4,,ballot,ヒョウ,hyō,,,u7968,u7968.svg,,
評,1721,言,12,5,,evaluate,ヒョウ,hyō,,,u8a55,u8a55.svg,,
漂,1722,水,14,S,,drift,ヒョウ,hyō,ただよ-う,tadayo-u,u6f02,u6f02.svg,,
標,1723,木,15,4,,signpost,ヒョウ,hyō,,,u6a19,u6a19.svg,,
苗,1724,艸,8,S,,seedling,ビョウ,byō,なえ、（なわ）,"nae, (nawa)",u82d7,u82d7.svg,,
秒,1725,禾,9,3,,second (part of time),ビョウ,byō,,,u79d2,u79d2.svg,,
病,1726,疒,10,3,,sick,ビョウ、（ヘイ）,"byō, (hei)",や-む、やまい,"ya-mu, yamai",u75c5,u75c5.svg,,
描,1727,手,11,S,,sketch,ビョウ,byō,えが-く、か-く,"ega-ku, ka-ku",u63cf,u63cf.svg,,
猫,1728,犬,11,S,1981,cat,ビョウ,byō,ねこ,neko,u732b,u732b.svg,,
品,1729,口,9,3,,article,ヒン,hin,しな,shina,u54c1,u54c1.svg,,
浜,1730,水,10,S,,seacoast,ヒン,hin,はま,hama,u6d5c,u6d5c.svg,,
貧,1731,貝,11,5,,poor,ヒン、ビン,"hin, bin",まず-しい,mazu-shii,u8ca7,u8ca7.svg,,
賓,1732,貝,15,S,,V.I.P.,ヒン,hin,,,u8cd3,u8cd3.svg,,
頻,1733,頁,17,S,1981,repeatedly,ヒン,hin,,,u983b,u983b.svg,,
敏,1734,攴,10,S,,cleverness,ビン,bin,,,u654f,u654f.svg,,
瓶,1735,瓦,11,S,1981,flower pot,ビン,bin,,,u74f6,u74f6.svg,,
不,1736,一,4,4,,non-,フ、ブ,"fu, bu",,,u4e0d,u4e0d.svg,,
夫,1737,大,4,4,,husband,フ、（フウ）,"fu, (fū)",おっと,otto,u592b,u592b.svg,,
父,1738,父,4,2,,father,フ,fu,ちち,chichi,u7236,u7236.svg,,
付,1739,人,5,4,,attach,フ,fu,つ-ける、つ-く,"tsu-keru, tsu-ku",u4ed8,u4ed8.svg,,
布,1740,巾,5,5,,linen,フ,fu,ぬの,nuno,u5e03,u5e03.svg,,
扶,1741,手,7,S,,aid,フ,fu,,,u6276,u6276.svg,,
府,1742,广,8,4,,urban prefecture,フ,fu,,,u5e9c,u5e9c.svg,,
怖,1743,心,8,S,,dreadful,フ,fu,こわ-い,kowa-i,u6016,u6016.svg,,
阜,1744,阜,8,4,2010,mound,（フ）[6],(fu),,,u961c,u961c.svg,,
附,1745,阜,8,S,,affixed,フ,fu,,,u9644,u9644.svg,,
訃,1746,言,9,S,2010,obituary,フ,fu,,,u8a03,u8a03.svg,,
負,1747,貝,9,3,,lose,フ,fu,ま-ける、ま-かす、お-う,"ma-keru, ma-kasu, o-u",u8ca0,u8ca0.svg,,
赴,1748,走,9,S,,proceed,フ,fu,おもむ-く,omomu-ku,u8d74,u8d74.svg,,
浮,1749,水,10,S,,floating,フ,fu,う-く、う-かれる、う-かぶ、う-かべる,"u-ku, u-kareru, u-kabu, u-kaberu",u6d6e,u6d6e.svg,,
婦,1750,女,11,5,,lady,フ,fu,,,u5a66,u5a66.svg,,
符,1751,竹,11,S,,token,フ,fu,,,u7b26,u7b26.svg,,
富,1752,宀,12,4,,rich,フ、（フウ）,"fu, (fū)",と-む、とみ,"to-mu, tomi",u5bcc,u5bcc.svg,,
普,1753,日,12,S,,universal,フ,fu,,,u666e,u666e.svg,,
腐,1754,肉,14,S,,rot,フ,fu,くさ-る、くさ-れる、くさ-らす,"kusa-ru, kusa-reru, kusa-rasu",u8150,u8150.svg,,
敷,1755,攴,15,S,,spread,フ,fu,し-く,shi-ku,u6577,u6577.svg,,
膚,1756,肉,15,S,,skin,フ,fu,,,u819a,u819a.svg,,
賦,1757,貝,15,S,,levy,フ,fu,,,u8ce6,u8ce6.svg,,
譜,1758,言,19,S,,musical score,フ,fu,,,u8b5c,u8b5c.svg,,
侮,1759,人,8,S,,scorn,ブ,bu,あなど-る,anado-ru,u4fae,u4fae.svg,,
武,1760,止,8,5,,military,ブ、ム,"bu, mu",,,u6b66,u6b66.svg,,
部,1761,邑,11,3,,part,ブ,bu,,,u90e8,u90e8.svg,,
舞,1762,舛,15,S,,dance,ブ,bu,ま-う、まい,"ma-u, mai",u821e,u821e.svg,,
封,1763,寸,9,S,,seal,フウ、ホウ,"fū, hō",,,u5c01,u5c01.svg,,
風,1764,風,9,2,,wind,フウ、（フ）,"fū, (fu)",かぜ、（かざ）,"kaze, (kaza)",u98a8,u98a8.svg,,
伏,1765,人,6,S,,prostrated,フク,fuku,ふ-せる、ふ-す,"fu-seru, fu-su",u4f0f,u4f0f.svg,,
服,1766,月,8,3,,clothes,フク,fuku,,,u670d,u670d.svg,,
副,1767,刀,11,4,,vice,フク,fuku,,,u526f,u526f.svg,,
幅,1768,巾,12,S,,breadth,フク,fuku,はば,haba,u5e45,u5e45.svg,,
復,1769,彳,12,5,,again,フク,fuku,,,u5fa9,u5fa9.svg,,
福,1770,示,13,3,,luck,フク,fuku,,,u798f,u798f.svg,,
腹,1771,肉,13,6,,abdomen,フク,fuku,はら,hara,u8179,u8179.svg,,
複,1772,衣,14,5,,duplicate,フク,fuku,,,u8907,u8907.svg,,
覆,1773,襾,18,S,,capsize,フク,fuku,おお-う、くつがえ-す、くつがえ-る,"oo-u, kutsugae-su, kutsugae-ru",u8986,u8986.svg,,
払,1774,手,5,S,,pay,フツ,futsu,はら-う,hara-u,u6255,u6255.svg,,
沸,1775,水,8,S,,seethe,フツ,futsu,わ-く、わ-かす,"wa-ku, wa-kasu",u6cb8,u6cb8.svg,,
仏,1776,人,4,5,,Buddha,ブツ,butsu,ほとけ,hotoke,u4ecf,u4ecf.svg,,
物,1777,牛,8,3,,thing,ブツ、モツ,"butsu, motsu",もの,mono,u7269,u7269.svg,,
粉,1778,米,10,5,,flour,フン,fun,こ、こな,"ko, kona",u7c89,u7c89.svg,,
紛,1779,糸,10,S,,distract,フン,fun,まぎ-れる、まぎ-らす、まぎ-らわす、まぎ-らわしい,"magi-reru, magi-rasu, magi-rawasu, magi-rawashii",u7d1b,u7d1b.svg,,
雰,1780,雨,12,S,1981,atmosphere,フン,fun,,,u96f0,u96f0.svg,,
噴,1781,口,15,S,,erupt,フン,fun,ふ-く,fu-ku,u5674,u5674.svg,,
墳,1782,土,15,S,,tomb,フン,fun,,,u58b3,u58b3.svg,,
憤,1783,心,15,S,,aroused,フン,fun,いきどお-る,ikidoo-ru,u61a4,u61a4.svg,,
奮,1784,大,16,6,,stirred up,フン,fun,ふる-う,furu-u,u596e,u596e.svg,,
分,1785,刀,4,2,,"part, minute of time",ブン、フン、ブ,"bun, fun, bu",わ-ける、わ-かれる、わ-かる、わ-かつ,"wa-keru, wa-kareru, wa-karu, wa-katsu",u5206,u5206.svg,,
文,1786,文,4,1,,writing,ブン、モン,"bun, mon",ふみ,fumi,u6587,u6587.svg,,
聞,1787,耳,14,2,,hear,ブン、モン,"bun, mon",き-く、き-こえる,"ki-ku, ki-koeru",u805e,u805e.svg,,
丙,1788,一,5,S,,third class,ヘイ,hei,,,u4e19,u4e19.svg,,
平,1789,干,5,3,,flat,ヘイ、ビョウ,"hei, byō",たい-ら、ひら,"tai-ra, hira",u5e73,u5e73.svg,,
兵,1790,八,7,4,,soldier,ヘイ、ヒョウ,"hei, hyō",,,u5175,u5175.svg,,
併,1791,人,8,S,,join,ヘイ,hei,あわ-せる,awa-seru,u4f75,u4f75.svg,,
並,1792,立,8,6,,line-up,ヘイ,hei,なみ、なら-べる、なら-ぶ、なら-びに,"nami, nara-beru, nara-bu, nara-bini",u4e26,u4e26.svg,,
柄,1793,木,9,S,,design,ヘイ,hei,がら、え,"gara, e",u67c4,u67c4.svg,,
陛,1794,阜,10,6,,highness,ヘイ,hei,,,u965b,u965b.svg,,
閉,1795,門,11,6,,closed,ヘイ,hei,と-じる、と-ざす、し-める、し-まる,"to-jiru, to-zasu, shi-meru, shi-maru",u9589,u9589.svg,,
塀,1796,土,12,S,1981,fence,ヘイ,hei,,,u5840,u5840.svg,,
幣,1797,巾,15,S,,cash,ヘイ,hei,,,u5e63,u5e63.svg,,
弊,1798,廾,15,S,,abuse,ヘイ,hei,,,u5f0a,u5f0a.svg,,
蔽,1799,艸,15,S,2010,cover,ヘイ,hei,,,u853d,u853d.svg,,
餅,1800,食,15,S,2010,mochi rice cake,ヘイ,hei,もち,mochi,u9905,u9905.svg,,
米,1801,米,6,2,,rice,ベイ、マイ,"bei, mai",こめ,kome,u7c73,u7c73.svg,,
壁,1802,土,16,S,,wall,ヘキ,heki,かべ,kabe,u58c1,u58c1.svg,,
璧,1803,玉,18,S,2010,sphere,ヘキ,heki,,,u74a7,u74a7.svg,,
癖,1804,疒,18,S,,mannerism,ヘキ,heki,くせ,kuse,u7656,u7656.svg,,
別,1805,刀,7,4,,separate,ベツ,betsu,わか-れる,waka-reru,u5225,u5225.svg,,
蔑,1806,艸,14,S,2010,ignore,ベツ,betsu,さげす-む,sagesu-mu,u8511,u8511.svg,,
片,1807,片,4,6,,one-sided,ヘン,hen,かた,kata,u7247,u7247.svg,,
辺,1808,辵,5,4,,environs,ヘン,hen,あた-り、べ,"ata-ri, be",u8fba,u8fba.svg,,
返,1809,辵,7,3,,return,ヘン,hen,かえ-す、かえ-る,"kae-su, kae-ru",u8fd4,u8fd4.svg,,
変,1810,言,9,4,,change,ヘン,hen,か-わる、か-える,"ka-waru, ka-eru",u5909,u5909.svg,,
偏,1811,人,11,S,,partial,ヘン,hen,かたよ-る,katayo-ru,u504f,u504f.svg,,
遍,1812,辵,12,S,,everywhere,ヘン,hen,,,u904d,u904d.svg,,
編,1813,糸,15,5,,compile,ヘン,hen,あ-む,a-mu,u7de8,u7de8.svg,,
弁,1814,辛,5,5,,valve,ベン,ben,,,u5f01,u5f01.svg,,
便,1815,人,9,4,,convenience,ベン、ビン,"ben, bin",たよ-り,tayo-ri,u4fbf,u4fbf.svg,,
勉,1816,力,10,3,,exertion,ベン,ben,,,u52c9,u52c9.svg,,
歩,1817,止,8,2,,walk,ホ、ブ、（フ）,"ho, bu, (fu)",ある-く、あゆ-む,"aru-ku, ayu-mu",u6b69,u6b69.svg,,
保,1818,人,9,5,,preserve,ホ,ho,たも-つ,tamo-tsu,u4fdd,u4fdd.svg,,
哺,1819,口,10,S,2010,suckle,ホ,ho,,,u54fa,u54fa.svg,,
捕,1820,手,10,S,,catch,ホ,ho,と-らえる、と-らわれる、と-る、つか-まえる、つか-まる,"to-raeru, to-rawareru, to-ru, tsuka-maeru, tsuka-maru",u6355,u6355.svg,,
補,1821,衣,12,6,,supplement,ホ,ho,おぎな-う,ogina-u,u88dc,u88dc.svg,,
舗,1822,舌,15,S,,pavement,ホ,ho,,,u8217,u8217.svg,,
母,1823,毋,5,2,,mother,ボ,bo,はは,haha,u6bcd,u6bcd.svg,,
募,1824,力,12,S,,recruit,ボ,bo,つの-る,tsuno-ru,u52df,u52df.svg,,
墓,1825,土,13,5,,grave,ボ,bo,はか,haka,u5893,u5893.svg,,
慕,1826,心,14,S,,pining,ボ,bo,した-う,shita-u,u6155,u6155.svg,,
暮,1827,日,14,6,,livelihood,ボ,bo,く-れる、く-らす,"ku-reru, ku-rasu",u66ae,u66ae.svg,,
簿,1828,竹,19,S,,register,ボ,bo,,,u7c3f,u7c3f.svg,,
方,1829,方,4,2,,direction,ホウ,hō,かた,kata,u65b9,u65b9.svg,,
包,1830,勹,5,4,,wrap,ホウ,hō,つつ-む,tsutsu-mu,u5305,u5305.svg,,
芳,1831,艸,7,S,,perfume,ホウ,hō,かんば-しい,kanba-shii,u82b3,u82b3.svg,,
邦,1832,邑,7,S,,home country,ホウ,hō,,,u90a6,u90a6.svg,,
奉,1833,大,8,S,,observance,ホウ、（ブ）,"hō, (bu)",たてまつ-る,tatematsu-ru,u5949,u5949.svg,,
宝,1834,宀,8,6,,treasure,ホウ,hō,たから,takara,u5b9d,u5b9d.svg,,
抱,1835,手,8,S,,embrace,ホウ,hō,だ-く、いだ-く、かか-える,"da-ku, ida-ku, kaka-eru",u62b1,u62b1.svg,,
放,1836,攴,8,3,,release,ホウ,hō,はな-す、はな-つ、はな-れる、ほう-る,"hana-su, hana-tsu, hana-reru, hō-ru",u653e,u653e.svg,,
法,1837,水,8,4,,method,ホウ、（ハッ）、（ホッ）,"hō, (ha'), (ho')",,,u6cd5,u6cd5.svg,,
泡,1838,水,8,S,1981,bubbles,ホウ,hō,あわ,awa,u6ce1,u6ce1.svg,,
胞,1839,肉,9,S,,placenta,ホウ,hō,,,u80de,u80de.svg,,
俸,1840,人,10,S,1981,salary,ホウ,hō,,,u4ff8,u4ff8.svg,,
倣,1841,人,10,S,,emulate,ホウ,hō,なら-う,nara-u,u5023,u5023.svg,,
峰,1842,山,10,S,,summit,ホウ,hō,みね,mine,u5cf0,u5cf0.svg,,
砲,1843,石,10,S,,cannon,ホウ,hō,,,u7832,u7832.svg,,
崩,1844,山,11,S,,crumble,ホウ,hō,くず-れる、くず-す,"kuzu-reru, kuzu-su",u5d29,u5d29.svg,,
訪,1845,言,11,6,,visit,ホウ,hō,おとず-れる、たず-ねる,"otozu-reru, tazu-neru",u8a2a,u8a2a.svg,,
報,1846,土,12,5,,report,ホウ,hō,むく-いる,muku-iru,u5831,u5831.svg,,
蜂,1847,虫,13,S,2010,bee,ホウ,hō,はち,hachi,u8702,u8702.svg,,
豊,1848,豆,13,5,,bountiful,ホウ,hō,ゆた-か,yuta-ka,u8c4a,u8c4a.svg,,
飽,1849,食,13,S,,sated,ホウ,hō,あ-きる、あ-かす,"a-kiru, a-kasu",u98fd,u98fd.svg,,
褒,1850,衣,15,S,1981,praise,ホウ,hō,ほ-める,ho-meru,u8912,u8912.svg,,
縫,1851,糸,16,S,,sew,ホウ,hō,ぬ-う,nu-u,u7e2b,u7e2b.svg,,
亡,1852,亠,3,6,,deceased,ボウ、（モウ）,"bō, (mō)",な-い,na-i,u4ea1,u4ea1.svg,,
乏,1853,丿,4,S,,scarce,ボウ,bō,とぼ-しい,tobo-shii,u4e4f,u4e4f.svg,,
忙,1854,心,6,S,,busy,ボウ,bō,いそが-しい,isoga-shii,u5fd9,u5fd9.svg,,
坊,1855,土,7,S,,boy,ボウ、（ボッ）,"bō, (bo')",,,u574a,u574a.svg,,
妨,1856,女,7,S,,disturb,ボウ,bō,さまた-げる,samata-geru,u59a8,u59a8.svg,,
忘,1857,心,7,6,,forget,ボウ,bō,わす-れる,wasu-reru,u5fd8,u5fd8.svg,,
防,1858,阜,7,5,,prevent,ボウ,bō,ふせ-ぐ,fuse-gu,u9632,u9632.svg,,
房,1859,戶,8,S,,tassel,ボウ,bō,ふさ,fusa,u623f,u623f.svg,,
肪,1860,肉,8,S,,obese,ボウ,bō,,,u80aa,u80aa.svg,,
某,1861,木,9,S,,so-and-so,ボウ,bō,,,u67d0,u67d0.svg,,
冒,1862,冂,9,S,,risk,ボウ,bō,おか-す,oka-su,u5192,u5192.svg,,
剖,1863,刀,10,S,,divide,ボウ,bō,,,u5256,u5256.svg,,
紡,1864,糸,10,S,,spinning,ボウ,bō,つむ-ぐ,tsumu-gu,u7d21,u7d21.svg,,
望,1865,月,11,4,,hope,ボウ、モウ,"bō, mō",のぞ-む,nozo-mu,u671b,u671b.svg,,
傍,1866,人,12,S,,bystander,ボウ,bō,かたわ-ら,katawa-ra,u508d,u508d.svg,,
帽,1867,巾,12,S,,cap,ボウ,bō,,,u5e3d,u5e3d.svg,,
棒,1868,木,12,6,,rod,ボウ,bō,,,u68d2,u68d2.svg,,
貿,1869,貝,12,5,,trade,ボウ,bō,,,u8cbf,u8cbf.svg,,
貌,1870,豸,14,S,2010,appearance,ボウ,bō,,,u8c8c,u8c8c.svg,,
暴,1871,日,15,5,,outburst,ボウ、（バク）,"bō, (baku)",あば-く、あば-れる,"aba-ku, aba-reru",u66b4,u66b4.svg,,
膨,1872,肉,16,S,,swell,ボウ,bō,ふく-らむ、ふく-れる,"fuku-ramu, fuku-reru",u81a8,u81a8.svg,,
謀,1873,言,16,S,,conspire,ボウ、（ム）,"bō, (mu)",はか-る,haka-ru,u8b00,u8b00.svg,,
頰,1874,頁,16,S,2010,cheek,,,ほお,hoo,u9830,u9830.svg,,
北,1875,匕,5,2,,north,ホク,hoku,きた,kita,u5317,u5317.svg,,
木,1876,木,4,1,,tree,ボク、モク,"boku, moku",き、（こ）,"ki, (ko)",u6728,u6728.svg,,
朴,1877,木,6,S,1981,crude,ボク,boku,,,u6734,u6734.svg,,
牧,1878,牛,8,4,,breed,ボク,boku,まき,maki,u7267,u7267.svg,,
睦,1879,目,13,S,2010,harmonious,ボク,boku,,,u7766,u7766.svg,,
僕,1880,人,14,S,1981,me,ボク,boku,,,u50d5,u50d5.svg,,
墨,1881,土,14,S,,black ink,ボク,boku,すみ,sumi,u58a8,u58a8.svg,,
撲,1882,手,15,S,,slap,ボク,boku,,,u64b2,u64b2.svg,,
没,1883,水,7,S,,drown,ボツ,botsu,,,u6ca1,u6ca1.svg,,
勃,1884,力,9,S,2010,rise,ボツ,botsu,,,u52c3,u52c3.svg,,
堀,1885,土,11,S,1981,ditch,,,ほり,hori,u5800,u5800.svg,,
本,1886,木,5,1,,book,ホン,hon,もと,moto,u672c,u672c.svg,,
奔,1887,大,8,S,,bustle,ホン,hon,,,u5954,u5954.svg,,
翻,1888,飛,18,S,,flip,ホン,hon,ひるがえ-る、ひるがえ-す,"hirugae-ru, hirugae-su",u7ffb,u7ffb.svg,,
凡,1889,几,3,S,,mediocre,ボン、（ハン）,"bon, (han)",,,u51e1,u51e1.svg,,
盆,1890,皿,9,S,,basin,ボン,bon,,,u76c6,u76c6.svg,,
麻,1891,麻,11,S,,hemp,マ,ma,あさ,asa,u9ebb,u9ebb.svg,,
摩,1892,手,15,S,,chafe,マ,ma,,,u6469,u6469.svg,,
磨,1893,石,16,S,1981,grind,マ,ma,みが-く,miga-ku,u78e8,u78e8.svg,,
魔,1894,鬼,21,S,,witch,マ,ma,,,u9b54,u9b54.svg,,
毎,1895,毋,6,2,,every,マイ,mai,,,u6bce,u6bce.svg,,
妹,1896,女,8,2,,younger sister,マイ,mai,いもうと,imōto,u59b9,u59b9.svg,,
枚,1897,木,8,6,,sheet of...,マイ,mai,,,u679a,u679a.svg,,
昧,1898,日,9,S,2010,foolish,マイ,mai,,,u6627,u6627.svg,,
埋,1899,土,10,S,,bury,マイ,mai,う-める、う-まる、う-もれる,"u-meru, u-maru, u-moreru",u57cb,u57cb.svg,,
幕,1900,巾,13,6,,curtain,マク、バク,"maku, baku",,,u5e55,u5e55.svg,,
膜,1901,肉,14,S,,membrane,マク,maku,,,u819c,u819c.svg,,
枕,1902,木,8,S,2010,pillow,,,まくら,makura,u6795,u6795.svg,,
又,1903,又,2,S,,or again,,,また,mata,u53c8,u53c8.svg,,
末,1904,木,5,4,,end,マツ、バツ,"matsu, batsu",すえ,sue,u672b,u672b.svg,,
抹,1905,手,8,S,1981,rub,マツ,matsu,,,u62b9,u62b9.svg,,
万,1906,艸,3,2,,ten thousand,マン、バン,"man, ban",,,u4e07,u4e07.svg,,
満,1907,水,12,4,,full,マン,man,み-ちる、み-たす,"mi-chiru, mi-tasu",u6e80,u6e80.svg,,
慢,1908,心,14,S,,ridicule,マン,man,,,u6162,u6162.svg,,
漫,1909,水,14,S,,cartoon,マン,man,,,u6f2b,u6f2b.svg,,
未,1910,木,5,4,,not yet,ミ,mi,,,u672a,u672a.svg,,
味,1911,口,8,3,,flavor,ミ,mi,あじ、あじ-わう,"aji, aji-wau",u5473,u5473.svg,,
魅,1912,鬼,15,S,,fascination,ミ,mi,,,u9b45,u9b45.svg,,
岬,1913,山,8,S,1981,headland,,,みさき,misaki,u5cac,u5cac.svg,,
密,1914,宀,11,6,,secrecy,ミツ,mitsu,,,u5bc6,u5bc6.svg,,
蜜,1915,虫,14,S,2010,honey,ミツ,mitsu,,,u871c,u871c.svg,,
脈,1916,肉,10,5,,vein,ミャク,myaku,,,u8108,u8108.svg,,
妙,1917,女,7,S,,exquisite,ミョウ,myō,,,u5999,u5999.svg,,
民,1918,氏,5,4,,people,ミン,min,たみ,tami,u6c11,u6c11.svg,,
眠,1919,目,10,S,,sleep,ミン,min,ねむ-る、ねむ-い,"nemu-ru, nemu-i",u7720,u7720.svg,,
矛,1920,矛,5,S,,halberd,ム,mu,ほこ,hoko,u77db,u77db.svg,,
務,1921,力,11,5,,duty,ム,mu,つと-める、つと-まる,"tsuto-meru, tsuto-maru",u52d9,u52d9.svg,,
無,1922,火,12,4,,nothing,ム、ブ,"mu, bu",な-い,na-i,u7121,u7121.svg,,
夢,1923,夕,13,5,,dream,ム,mu,ゆめ,yume,u5922,u5922.svg,,
霧,1924,雨,19,S,,fog,ム,mu,きり,kiri,u9727,u9727.svg,,
娘,1925,女,10,S,,daughter,,,むすめ,musume,u5a18,u5a18.svg,,
名,1926,口,6,1,,name,メイ、ミョウ,"mei, myō",な,na,u540d,u540d.svg,,
命,1927,口,8,3,,fate,メイ、ミョウ,"mei, myō",いのち,inochi,u547d,u547d.svg,,
明,1928,日,8,2,,bright,メイ、ミョウ,"mei, myō",あ-かり、あか-るい、あか-るむ、あか-らむ、あき-らか、あ-ける、あ-く、あ-くる、あ-かす,"a-kari, aka-rui, aka-rumu, aka-ramu, aki-raka, a-keru, a-ku, a-kuru, a-kasu",u660e,u660e.svg,,
迷,1929,辵,9,5,,astray,メイ,mei,まよ-う,mayo-u,u8ff7,u8ff7.svg,,
冥,1930,冖,10,S,2010,dark,メイ、ミョウ,"mei, myō",,,u51a5,u51a5.svg,,
盟,1931,皿,13,6,,alliance,メイ,mei,,,u76df,u76df.svg,,
銘,1932,金,14,S,,inscription,メイ,mei,,,u9298,u9298.svg,,
鳴,1933,鳥,14,2,,chirp,メイ,mei,な-く、な-る、な-らす,"na-ku, na-ru, na-rasu",u9cf4,u9cf4.svg,,
滅,1934,水,13,S,,destroy,メツ,metsu,ほろ-びる、ほろ-ぼす,"horo-biru, horo-bosu",u6ec5,u6ec5.svg,,
免,1935,儿,8,S,,excuse,メン,men,まぬか-れる,manuka-reru,u514d,u514d.svg,,
面,1936,面,9,3,,face,メン,men,おも、おもて、つら,"omo, omote, tsura",u9762,u9762.svg,,
綿,1937,糸,14,5,,cotton,メン,men,わた,wata,u7dbf,u7dbf.svg,,
麺,1938,麥,16,S,2010,noodles,メン,men,,,u9eba,u9eba.svg,,
茂,1939,艸,8,S,,overgrown,モ,mo,しげ-る,shige-ru,u8302,u8302.svg,,
模,1940,木,14,6,,imitation,モ、ボ,"mo, bo",,,u6a21,u6a21.svg,,
毛,1941,毛,4,2,,hair,モウ,mō,け,ke,u6bdb,u6bdb.svg,,
妄,1942,女,6,S,1981,delusion,モウ、ボウ,"mō, bō",,,u5984,u5984.svg,,
盲,1943,目,8,S,,blind,モウ,mō,,,u76f2,u76f2.svg,,
耗,1944,耒,10,S,,decrease,モウ、（コウ）,"mō, (kō)",,,u8017,u8017.svg,,
猛,1945,犬,11,S,,fierce,モウ,mō,,,u731b,u731b.svg,,
網,1946,糸,14,S,,netting,モウ,mō,あみ,ami,u7db2,u7db2.svg,,
目,1947,目,5,1,,eye,モク、（ボク）,"moku, (boku)",め、（ま）,"me, (ma)",u76ee,u76ee.svg,,
黙,1948,黑,15,S,,silence,モク,moku,だま-る,dama-ru,u9ed9,u9ed9.svg,,
門,1949,門,8,2,,gates,モン,mon,かど,kado,u9580,u9580.svg,,
紋,1950,糸,10,S,,family crest,モン,mon,,,u7d0b,u7d0b.svg,,
問,1951,口,11,3,,question,モン,mon,と-う、と-い、（とん）,"to-u, to-i, (ton)",u554f,u554f.svg,,
冶,1952,冫,7,S,2010,melting,ヤ,ya,,,u51b6,u51b6.svg,,
夜,1953,夕,8,2,,night,ヤ,ya,よ、よる,"yo, yoru",u591c,u591c.svg,,
野,1954,里,11,2,,field,ヤ,ya,の,no,u91ce,u91ce.svg,,
弥,1955,弓,8,S,2010,all the more,,,や,ya,u5f25,u5f25.svg,,
厄,1956,厂,4,S,1981,unlucky,ヤク,yaku,,,u5384,u5384.svg,,
役,1957,彳,7,3,,service,ヤク、エキ,"yaku, eki",,,u5f79,u5f79.svg,,
約,1958,糸,9,4,,promise,ヤク,yaku,,,u7d04,u7d04.svg,,
訳,1959,言,11,6,,translate,ヤク,yaku,わけ,wake,u8a33,u8a33.svg,,
薬,1960,艸,16,3,,medicine,ヤク,yaku,くすり,kusuri,u85ac,u85ac.svg,,
躍,1961,足,21,S,,leap,ヤク,yaku,おど-る,odo-ru,u8e8d,u8e8d.svg,,
闇,1962,門,17,S,2010,darkness,,,やみ,yami,u95c7,u95c7.svg,,
由,1963,田,5,3,,reason,ユ、ユウ、（ユイ）,"yu, yū, (yui)",よし,yoshi,u7531,u7531.svg,,
油,1964,水,8,3,,oil,ユ,yu,あぶら,abura,u6cb9,u6cb9.svg,,
喩,1965,口,12,S,2010,metaphor,ユ,yu,,,u55a9,u55a9.svg,,
愉,1966,心,12,S,,pleasure,ユ,yu,,,u6109,u6109.svg,,
諭,1967,言,16,S,,rebuke,ユ,yu,さと-す,sato-su,u8aed,u8aed.svg,,
輸,1968,車,16,5,,transport,ユ,yu,,,u8f38,u8f38.svg,,
癒,1969,疒,18,S,1981,healing,ユ,yu,い-える、い-やす,"i-eru, i-yasu",u7652,u7652.svg,,
唯,1970,口,11,S,,solely,ユイ、（イ）,"yui, (i)",,,u552f,u552f.svg,,
友,1971,又,4,2,,friend,ユウ,yū,とも,tomo,u53cb,u53cb.svg,,
有,1972,月,6,3,,have,ユウ、ウ,"yū, u",あ-る,a-ru,u6709,u6709.svg,,
勇,1973,力,9,4,,courage,ユウ,yū,いさ-む,isa-mu,u52c7,u52c7.svg,,
幽,1974,幺,9,S,,seclude,ユウ,yū,,,u5e7d,u5e7d.svg,,
悠,1975,心,11,S,1981,permanence,ユウ,yū,,,u60a0,u60a0.svg,,
郵,1976,邑,11,6,,mail,ユウ,yū,,,u90f5,u90f5.svg,,
湧,1977,水,12,S,2010,boil,ユウ,yū,わ-く,wa-ku,u6e67,u6e67.svg,,
猶,1978,犬,12,S,,furthermore,ユウ,yū,,,u7336,u7336.svg,,
裕,1979,衣,12,S,,abundant,ユウ,yū,,,u88d5,u88d5.svg,,
遊,1980,辵,12,3,,play,ユウ、（ユ）,"yū, (yu)",あそ-ぶ,aso-bu,u904a,u904a.svg,,
雄,1981,隹,12,S,,male,ユウ,yū,お、おす,"o, osu",u96c4,u96c4.svg,,
誘,1982,言,14,S,,entice,ユウ,yū,さそ-う,saso-u,u8a98,u8a98.svg,,
憂,1983,心,15,S,,melancholy,ユウ,yū,うれ-える、うれ-い、う-い,"ure-eru, ure-i, u-i",u6182,u6182.svg,,
融,1984,虫,16,S,,dissolve,ユウ,yū,,,u878d,u878d.svg,,
優,1985,人,17,6,,superior,ユウ,yū,やさ-しい、すぐ-れる,"yasa-shii, sugu-reru",u512a,u512a.svg,,
与,1986,臼,3,S,,give,ヨ,yo,あた-える,ata-eru,u4e0e,u4e0e.svg,,
予,1987,豕,4,3,,in advance,ヨ,yo,,,u4e88,u4e88.svg,,
余,1988,食,7,5,,leave over,ヨ,yo,あま-る、あま-す,"ama-ru, ama-su",u4f59,u4f59.svg,,
誉,1989,言,13,S,,reputation,ヨ,yo,ほま-れ,homa-re,u8a89,u8a89.svg,,
預,1990,頁,13,6,,deposit,ヨ,yo,あず-ける、あず-かる,"azu-keru, azu-karu",u9810,u9810.svg,,
幼,1991,幺,5,6,,infancy,ヨウ,yō,おさな-い,osana-i,u5e7c,u5e7c.svg,,
用,1992,用,5,2,,use,ヨウ,yō,もち-いる,mochi-iru,u7528,u7528.svg,,
羊,1993,羊,6,3,,sheep,ヨウ,yō,ひつじ,hitsuji,u7f8a,u7f8a.svg,,
妖,1994,女,7,S,2010,bewitching,ヨウ,yō,あや-しい,aya-shii,u5996,u5996.svg,,
洋,1995,水,9,3,,ocean,ヨウ,yō,,,u6d0b,u6d0b.svg,,
要,1996,襾,9,4,,need,ヨウ,yō,かなめ、い-る,"kaname, i-ru",u8981,u8981.svg,,
容,1997,宀,10,5,,contain,ヨウ,yō,,,u5bb9,u5bb9.svg,,
庸,1998,广,11,S,,commonplace,ヨウ,yō,,,u5eb8,u5eb8.svg,,
揚,1999,手,12,S,,hoist,ヨウ,yō,あ-げる、あ-がる,"a-geru, a-garu",u63da,u63da.svg,,
揺,2000,手,12,S,,swing,ヨウ,yō,ゆ-れる、ゆ-る、ゆ-らぐ、ゆ-るぐ、ゆ-する、ゆ-さぶる、ゆ-すぶる,"yu-reru, yu-ru, yu-ragu, yu-rugu, yu-suru, yu-saburu, yu-suburu",u63fa,u63fa.svg,,
葉,2001,艸,12,3,,leaf,ヨウ,yō,は,ha,u8449,u8449.svg,,
陽,2002,阜,12,3,,sunshine,ヨウ,yō,,,u967d,u967d.svg,,
溶,2003,水,13,S,,melt,ヨウ,yō,と-ける、と-かす、と-く,"to-keru, to-kasu, to-ku",u6eb6,u6eb6.svg,,
腰,2004,肉,13,S,,loins,ヨウ,yō,こし,koshi,u8170,u8170.svg,,
様,2005,木,14,3,,formal title,ヨウ,yō,さま,sama,u69d8,u69d8.svg,,
瘍,2006,疒,14,S,2010,boil (medical),ヨウ,yō,,,u760d,u760d.svg,,
踊,2007,足,14,S,,jump,ヨウ,yō,おど-る、おど-り,"odo-ru, odo-ri",u8e0a,u8e0a.svg,,
窯,2008,穴,15,S,,kiln,ヨウ,yō,かま,kama,u7aaf,u7aaf.svg,,
養,2009,食,15,4,,foster,ヨウ,yō,やしな-う,yashina-u,u990a,u990a.svg,,
擁,2010,手,16,S,,embrace,ヨウ,yō,,,u64c1,u64c1.svg,,
謡,2011,言,16,S,,noh chanting,ヨウ,yō,うたい、うた-う,"utai, uta-u",u8b21,u8b21.svg,,
曜,2012,日,18,2,,day of the week,ヨウ,yō,,,u66dc,u66dc.svg,,
抑,2013,手,7,S,,repress,ヨク,yoku,おさ-える,osa-eru,u6291,u6291.svg,,
沃,2014,水,7,S,2010,fertility,ヨク,yoku,,,u6c83,u6c83.svg,,
浴,2015,水,10,4,,bathe,ヨク,yoku,あ-びる、あ-びせる,"a-biru, a-biseru",u6d74,u6d74.svg,,
欲,2016,欠,11,6,,longing,ヨク,yoku,ほっ-する、ほ-しい,"ho'-suru, ho-shii",u6b32,u6b32.svg,,
翌,2017,羽,11,6,,the following,ヨク,yoku,,,u7fcc,u7fcc.svg,,
翼,2018,羽,17,S,,wing,ヨク,yoku,つばさ,tsubasa,u7ffc,u7ffc.svg,,
拉,2019,手,8,S,2010,crush,ラ,ra,,,u62c9,u62c9.svg,,
裸,2020,衣,13,S,,naked,ラ,ra,はだか,hadaka,u88f8,u88f8.svg,,
羅,2021,网,19,S,1981,gauze,ラ,ra,,,u7f85,u7f85.svg,,
来,2022,人,7,2,,come,ライ,rai,く-る、きた-る、きた-す,"ku-ru, kita-ru, kita-su",u6765,u6765.svg,,
雷,2023,雨,13,S,,thunder,ライ,rai,かみなり,kaminari,u96f7,u96f7.svg,,
頼,2024,貝,16,S,,trust,ライ,rai,たの-む、たの-もしい、たよ-る,"tano-mu, tano-moshii, tayo-ru",u983c,u983c.svg,,
絡,2025,糸,12,S,,entwine,ラク,raku,から-む、から-まる、から-める,"kara-mu, kara-maru, kara-meru",u7d61,u7d61.svg,,
落,2026,艸,12,3,,fall,ラク,raku,お-ちる、お-とす,"o-chiru, o-tosu",u843d,u843d.svg,,
酪,2027,酉,13,S,,dairy products,ラク,raku,,,u916a,u916a.svg,,
辣,2028,辛,14,S,2010,bitter,ラツ,ratsu,,,u8fa3,u8fa3.svg,,
乱,2029,乙,7,6,,riot,ラン,ran,みだ-れる、みだ-す,"mida-reru, mida-su",u4e71,u4e71.svg,,
卵,2030,卩,7,6,,egg,ラン,ran,たまご,tamago,u5375,u5375.svg,,
覧,2031,見,17,6,,perusal,ラン,ran,,,u89a7,u89a7.svg,,
濫,2032,水,18,S,,excessive,ラン,ran,,,u6feb,u6feb.svg,,
藍,2033,艸,18,S,2010,indigo,ラン,ran,あい,ai,u85cd,u85cd.svg,,
欄,2034,木,20,S,,column,ラン,ran,,,u6b04,u6b04.svg,,
吏,2035,口,6,S,,officer,リ,ri,,,u540f,u540f.svg,,
利,2036,刀,7,4,,profit,リ,ri,き-く,ki-ku,u5229,u5229.svg,,
里,2037,里,7,2,,village,リ,ri,さと,sato,u91cc,u91cc.svg,,
理,2038,玉,11,2,,reason,リ,ri,,,u7406,u7406.svg,,
痢,2039,疒,12,S,,diarrhea,リ,ri,,,u75e2,u75e2.svg,,
裏,2040,衣,13,6,,back,リ,ri,うら,ura,u88cf,u88cf.svg,,
履,2041,尸,15,S,,footgear,リ,ri,は-く,ha-ku,u5c65,u5c65.svg,,
璃,2042,玉,14,S,2010,glassy,リ,ri,,,u7483,u7483.svg,,
離,2043,隹,18,S,,detach,リ,ri,はな-れる、はな-す,"hana-reru, hana-su",u96e2,u96e2.svg,,
陸,2044,阜,11,4,,land,リク,riku,,,u9678,u9678.svg,,
立,2045,立,5,1,,stand up,リツ、（リュウ）,"ritsu, (ryū)",た-つ、た-てる,"ta-tsu, ta-teru",u7acb,u7acb.svg,,
律,2046,彳,9,6,,law,リツ、（リチ）,"ritsu, (richi)",,,u5f8b,u5f8b.svg,,
慄,2047,心,13,S,2010,fear,リツ,ritsu,,,u6144,u6144.svg,,
略,2048,田,11,5,,abbreviation,リャク,ryaku,,,u7565,u7565.svg,,
柳,2049,木,9,S,,willow,リュウ,ryū,やなぎ,yanagi,u67f3,u67f3.svg,,
流,2050,水,10,3,,stream,リュウ、（ル）,"ryū, (ru)",なが-れる、なが-す,"naga-reru, naga-su",u6d41,u6d41.svg,,
留,2051,田,10,5,,detain,リュウ、（ル）,"ryū, (ru)",と-める、と-まる,"to-meru, to-maru",u7559,u7559.svg,,
竜,2052,龍,10,S,1981,dragon,リュウ,ryū,たつ,tatsu,u7adc,u7adc.svg,,
粒,2053,米,11,S,,grains,リュウ,ryū,つぶ,tsubu,u7c92,u7c92.svg,,
隆,2054,阜,11,S,,hump,リュウ,ryū,,,u9686,u9686.svg,,
硫,2055,石,12,S,,sulphur,リュウ,ryū,,,u786b,u786b.svg,,
侶,2056,人,9,S,2010,companion,リョ,ryo,,,u4fb6,u4fb6.svg,,
旅,2057,方,10,3,,trip,リョ,ryo,たび,tabi,u65c5,u65c5.svg,,
虜,2058,虍,13,S,,captive,リョ,ryo,,,u865c,u865c.svg,,
慮,2059,心,15,S,,prudence,リョ,ryo,,,u616e,u616e.svg,,
了,2060,亅,2,S,,finish,リョウ,ryō,,,u4e86,u4e86.svg,,
両,2061,入,6,3,,both,リョウ,ryō,,,u4e21,u4e21.svg,,
良,2062,艮,7,4,,good,リョウ,ryō,よ-い,yo-i,u826f,u826f.svg,,
料,2063,斗,10,4,,fee,リョウ,ryō,,,u6599,u6599.svg,,
涼,2064,水,11,S,,refreshing,リョウ,ryō,すず-しい、すず-む,"suzu-shii, suzu-mu",u6dbc,u6dbc.svg,,
猟,2065,犬,11,S,,game-hunting,リョウ,ryō,,,u731f,u731f.svg,,
陵,2066,阜,11,S,,mausoleum,リョウ,ryō,みささぎ,misasagi,u9675,u9675.svg,,
量,2067,里,12,4,,quantity,リョウ,ryō,はか-る,haka-ru,u91cf,u91cf.svg,,
僚,2068,人,14,S,,colleague,リョウ,ryō,,,u50da,u50da.svg,,
領,2069,頁,14,5,,territory,リョウ,ryō,,,u9818,u9818.svg,,
寮,2070,宀,15,S,,dormitory,リョウ,ryō,,,u5bee,u5bee.svg,,
療,2071,疒,17,S,,heal,リョウ,ryō,,,u7642,u7642.svg,,
瞭,2072,目,17,S,2010,clear,リョウ,ryō,,,u77ad,u77ad.svg,,
糧,2073,米,18,S,,provisions,リョウ、（ロウ）,"ryō, (rō)",かて,kate,u7ce7,u7ce7.svg,,
力,2074,力,2,1,,power,リョク、リキ,"ryoku, riki",ちから,chikara,u529b,u529b.svg,,
緑,2075,糸,14,3,,green,リョク、（ロク）,"ryoku, (roku)",みどり,midori,u7dd1,u7dd1.svg,,
林,2076,木,8,1,,woods,リン,rin,はやし,hayashi,u6797,u6797.svg,,
厘,2077,厂,9,S,,thousandth,リン,rin,,,u5398,u5398.svg,,
倫,2078,人,10,S,,ethics,リン,rin,,,u502b,u502b.svg,,
輪,2079,車,15,4,,wheel,リン,rin,わ,wa,u8f2a,u8f2a.svg,,
隣,2080,阜,16,S,,neighboring,リン,rin,とな-る、となり,"tona-ru, tonari",u96a3,u96a3.svg,,
臨,2081,臣,18,6,,look to,リン,rin,のぞ-む,nozo-mu,u81e8,u81e8.svg,,
瑠,2082,玉,14,S,2010,lapis lazuli,ル,ru,,,u7460,u7460.svg,,
涙,2083,水,10,S,,tears,ルイ,rui,なみだ,namida,u6d99,u6d99.svg,,
累,2084,糸,11,S,,accumulate,ルイ,rui,,,u7d2f,u7d2f.svg,,
塁,2085,土,12,S,,bases,ルイ,rui,,,u5841,u5841.svg,,
類,2086,頁,18,4,,sort,ルイ,rui,たぐ-い,tagu-i,u985e,u985e.svg,,
令,2087,人,5,4,,orders,レイ,rei,,,u4ee4,u4ee4.svg,,
礼,2088,示,5,3,,thanks,レイ、ライ,"rei, rai",,,u793c,u793c.svg,,
冷,2089,冫,7,4,,cool,レイ,rei,つめ-たい、ひ-える、ひ-や、ひ-やす、ひ-やかす、さ-める、さ-ます,"tsume-tai, hi-eru, hi-ya, hi-yasu, hi-yakasu, sa-meru, sa-masu",u51b7,u51b7.svg,,
励,2090,力,7,S,,encourage,レイ,rei,はげ-む、はげ-ます,"hage-mu, hage-masu",u52b1,u52b1.svg,,
戻,2091,戶,7,S,1981,re-,レイ,rei,もど-す、もど-る,"modo-su, modo-ru",u623b,u623b.svg,,
例,2092,人,8,4,,example,レイ,rei,たと-える,tato-eru,u4f8b,u4f8b.svg,,
鈴,2093,金,13,S,,small bell,レイ、リン,"rei, rin",すず,suzu,u9234,u9234.svg,,
零,2094,雨,13,S,,zero,レイ,rei,,,u96f6,u96f6.svg,,
霊,2095,雨,15,S,,spirits,レイ、リョウ,"rei, ryō",たま,tama,u970a,u970a.svg,,
隷,2096,隶,16,S,,slave,レイ,rei,,,u96b7,u96b7.svg,,
齢,2097,齒,17,S,,age,レイ,rei,,,u9f62,u9f62.svg,,
麗,2098,鹿,19,S,,lovely,レイ,rei,うるわ-しい,uruwa-shii,u9e97,u9e97.svg,,
暦,2099,日,14,S,,calendar,レキ,reki,こよみ,koyomi,u66a6,u66a6.svg,,
歴,2100,止,14,5,,curriculum,レキ,reki,,,u6b74,u6b74.svg,,
列,2101,刀,6,3,,row,レツ,retsu,,,u5217,u5217.svg,,
劣,2102,力,6,S,,inferiority,レツ,retsu,おと-る,oto-ru,u52a3,u52a3.svg,,
烈,2103,火,10,S,,ardent,レツ,retsu,,,u70c8,u70c8.svg,,
裂,2104,衣,12,S,,split,レツ,retsu,さ-く、さ-ける,"sa-ku, sa-keru",u88c2,u88c2.svg,,
恋,2105,心,10,S,,romance,レン,ren,こ-う、こい、こい-しい,"ko-u, koi, koi-shii",u604b,u604b.svg,,
連,2106,辵,10,4,,take along,レン,ren,つら-なる、つら-ねる、つ-れる,"tsura-naru, tsura-neru, tsu-reru",u9023,u9023.svg,,
廉,2107,广,13,S,,bargain,レン,ren,,,u5ec9,u5ec9.svg,,
練,2108,糸,14,3,,practice,レン,ren,ね-る,ne-ru,u7df4,u7df4.svg,,
錬,2109,金,16,S,,tempering,レン,ren,,,u932c,u932c.svg,,
呂,2110,口,7,S,2010,spine,ロ,ro,,,u5442,u5442.svg,,
炉,2111,火,8,S,,hearth,ロ,ro,,,u7089,u7089.svg,,
賂,2112,貝,13,S,2010,bribe,ロ,ro,,,u8cc2,u8cc2.svg,,
路,2113,足,13,3,,road,ロ,ro,じ,ji,u8def,u8def.svg,,
露,2114,雨,21,S,,dew,ロ、（ロウ）,"ro, (rō)",つゆ,tsuyu,u9732,u9732.svg,,
老,2115,老,6,4,,old man,ロウ,rō,お-いる、ふ-ける,"o-iru, fu-keru",u8001,u8001.svg,,
労,2116,力,7,4,,labour,ロウ,rō,,,u52b4,u52b4.svg,,
弄,2117,廾,7,S,2010,tamper with,ロウ,rō,もてあそ-ぶ,moteaso-bu,u5f04,u5f04.svg,,
郎,2118,邑,9,S,,son,ロウ,rō,,,u90ce,u90ce.svg,,
朗,2119,月,10,6,,melodious,ロウ,rō,ほが-らか,hoga-raka,u6717,u6717.svg,,
浪,2120,水,10,S,,wandering,ロウ,rō,,,u6d6a,u6d6a.svg,,
廊,2121,广,12,S,,corridor,ロウ,rō,,,u5eca,u5eca.svg,,
楼,2122,木,13,S,,watchtower,ロウ,rō,,,u697c,u697c.svg,,
漏,2123,水,14,S,,leak,ロウ,rō,も-る、も-れる、も-らす,"mo-ru, mo-reru, mo-rasu",u6f0f,u6f0f.svg,,
籠,2124,竹,22,S,2010,basket,ロウ,rō,かご、こ-もる,"kago, ko-moru",u7c60,u7c60.svg,,
六,2125,八,4,1,,six,ロク,roku,む、む-つ、むっ-つ、（むい）,"mu, mu-tsu, mu'-tsu, (mui)",u516d,u516d.svg,,
録,2126,金,16,4,,record,ロク,roku,,,u9332,u9332.svg,,
麓,2127,鹿,19,S,2010,foot of a mountain,ロク,roku,ふもと,fumoto,u9e93,u9e93.svg,,
論,2128,言,15,6,,theory,ロン,ron,,,u8ad6,u8ad6.svg,,
和,2129,口,8,3,,peace,ワ、（オ）,"wa, (o)",やわ-らぐ、やわ-らげる、なご-む、なご-やか,"yawa-ragu, yawa-rageru, nago-mu, nago-yaka",u548c,u548c.svg,,
話,2130,言,13,2,,talk,ワ,wa,はな-す、はなし,"hana-su, hanashi",u8a71,u8a71.svg,,
賄,2131,貝,13,S,,"bribe, board",ワイ,wai,まかな-う,makana-u,u8cc4,u8cc4.svg,,
脇,2132,肉,10,S,2010,aside,,,わき,waki,u8107,u8107.svg,,
惑,2133,心,12,S,,beguile,ワク,waku,まど-う,mado-u,u60d1,u60d1.svg,,
枠,2134,木,8,S,1981,frame,,,わく,waku,u67a0,u67a0.svg,,
湾,2135,水,12,S,,gulf,ワン,wan,,,u6e7e,u6e7e.svg,,
腕,2136,肉,12,S,,arm,ワン,wan,うで,ude,u8155,u8155.svg,,
