kanji,slug,prompt
一,one,"64x64 pixel art, minimal style, 3-5 colors, clean pixel edges, simple abstract symbol"
二,two,"64x64 pixel art, minimal style, 3-5 colors, clean pixel edges, simple abstract symbol"
三,three,"64x64 pixel art, minimal style, 3-5 colors, clean pixel edges, simple abstract symbol"
四,four,"64x64 pixel art, minimal style, 3-5 colors, clean pixel edges, simple abstract symbol"
五,five,"64x64 pixel art, minimal style, 3-5 colors, clean pixel edges, simple abstract symbol"
六,six,"64x64 pixel art, minimal style, 3-5 colors, clean pixel edges, simple abstract symbol"
七,seven,"64x64 pixel art, minimal style, 3-5 colors, clean pixel edges, simple abstract symbol"
八,eight,"64x64 pixel art, minimal style, 3-5 colors, clean pixel edges, simple abstract symbol"
九,nine,"64x64 pixel art, minimal style, 3-5 colors, clean pixel edges, simple abstract symbol"
十,ten,"64x64 pixel art, minimal style, 3-5 colors, clean pixel edges, simple abstract symbol"
口,mouth,"64x64 pixel art, minimal style, 3-5 colors, clean pixel edges, simple abstract symbol"
日,day,"64x64 pixel art, minimal style, 3-5 colors, clean pixel edges, simple abstract symbol"
月,month,"64x64 pixel art, minimal style, 3-5 colors, clean pixel edges, simple abstract symbol"
田,rice_field,"64x64 pixel art, minimal style, 3-5 colors, clean pixel edges, simple abstract symbol"
目,eye,"64x64 pixel art, minimal style, 3-5 colors, clean pixel edges, simple abstract symbol"
古,old,"64x64 pixel art, minimal style, 3-5 colors, clean pixel edges, simple abstract symbol"
吾,i,"64x64 pixel art, minimal style, 3-5 colors, clean pixel edges, simple abstract symbol"
冒,risk,"64x64 pixel art, minimal style, 3-5 colors, clean pixel edges, simple abstract symbol"
明,bright,"64x64 pixel art, minimal style, 3-5 colors, clean pixel edges, simple abstract symbol"
唱,chant,"64x64 pixel art, minimal style, 3-5 colors, clean pixel edges, simple abstract symbol"
晶,sparkle,"64x64 pixel art, minimal style, 3-5 colors, clean pixel edges, simple abstract symbol"
品,goods,"64x64 pixel art, minimal style, 3-5 colors, clean pixel edges, simple abstract symbol"
呂,spine,"64x64 pixel art, minimal style, 3-5 colors, clean pixel edges, simple abstract symbol"
昌,prosperous,"64x64 pixel art, minimal style, 3-5 colors, clean pixel edges, simple abstract symbol"
早,early,"64x64 pixel art, minimal style, 3-5 colors, clean pixel edges, simple abstract symbol"
旭,rising_sun,"64x64 pixel art, minimal style, 3-5 colors, clean pixel edges, simple abstract symbol"
世,generation,"64x64 pixel art, minimal style, 3-5 colors, clean pixel edges, simple abstract symbol"
胃,stomach,"64x64 pixel art, minimal style, 3-5 colors, clean pixel edges, simple abstract symbol"
旦,dawn,"64x64 pixel art, minimal style, 3-5 colors, clean pixel edges, simple abstract symbol"
胆,gallbladder,"64x64 pixel art, minimal style, 3-5 colors, clean pixel edges, simple abstract symbol"
亘,span,"64x64 pixel art, minimal style, 3-5 colors, clean pixel edges, simple abstract symbol"
凹,concave,"64x64 pixel art, minimal style, 3-5 colors, clean pixel edges, simple abstract symbol"
凸,convex,"64x64 pixel art, minimal style, 3-5 colors, clean pixel edges, simple abstract symbol"
旧,olden_times,"64x64 pixel art, minimal style, 3-5 colors, clean pixel edges, simple abstract symbol"
自,oneself,"64x64 pixel art, minimal style, 3-5 colors, clean pixel edges, simple abstract symbol"
白,white,"64x64 pixel art, minimal style, 3-5 colors, clean pixel edges, simple abstract symbol"
百,hundred,"64x64 pixel art, minimal style, 3-5 colors, clean pixel edges, simple abstract symbol"
中,middle,"64x64 pixel art, minimal style, 3-5 colors, clean pixel edges, simple abstract symbol"
千,thousand,"64x64 pixel art, minimal style, 3-5 colors, clean pixel edges, simple abstract symbol"
舌,tongue,"64x64 pixel art, minimal style, 3-5 colors, clean pixel edges, simple abstract symbol"
升,measuring_box,"64x64 pixel art, minimal style, 3-5 colors, clean pixel edges, simple abstract symbol"
昇,rise,"64x64 pixel art, minimal style, 3-5 colors, clean pixel edges, simple abstract symbol"
丸,round,"64x64 pixel art, minimal style, 3-5 colors, clean pixel edges, simple abstract symbol"
寸,measurement,"64x64 pixel art, minimal style, 3-5 colors, clean pixel edges, simple abstract symbol"
肘,elbow,"64x64 pixel art, minimal style, 3-5 colors, clean pixel edges, simple abstract symbol"
専,specialty,"64x64 pixel art, minimal style, 3-5 colors, clean pixel edges, simple abstract symbol"
博,knowledgeable,"64x64 pixel art, minimal style, 3-5 colors, clean pixel edges, simple abstract symbol"
占,fortune_telling,"64x64 pixel art, minimal style, 3-5 colors, clean pixel edges, simple abstract symbol"
上,up,"64x64 pixel art, minimal style, 3-5 colors, clean pixel edges, simple abstract symbol"
下,below,"64x64 pixel art, minimal style, 3-5 colors, clean pixel edges, simple abstract symbol"
卓,eminent,"64x64 pixel art, minimal style, 3-5 colors, clean pixel edges, simple abstract symbol"
朝,morning,"64x64 pixel art, minimal style, 3-5 colors, clean pixel edges, simple abstract symbol"
嘲,derision,"64x64 pixel art, minimal style, 3-5 colors, clean pixel edges, simple abstract symbol"
只,only,"64x64 pixel art, minimal style, 3-5 colors, clean pixel edges, simple abstract symbol"
貝,shellfish,"64x64 pixel art, minimal style, 3-5 colors, clean pixel edges, simple abstract symbol"
唄,pop_song,"64x64 pixel art, minimal style, 3-5 colors, clean pixel edges, simple abstract symbol"
貞,virtue,"64x64 pixel art, minimal style, 3-5 colors, clean pixel edges, simple abstract symbol"
員,employee,"64x64 pixel art, minimal style, 3-5 colors, clean pixel edges, simple abstract symbol"
貼,post_a_bill,"64x64 pixel art, minimal style, 3-5 colors, clean pixel edges, simple abstract symbol"
見,see,"64x64 pixel art, minimal style, 3-5 colors, clean pixel edges, simple abstract symbol"
児,newborn,"64x64 pixel art, minimal style, 3-5 colors, clean pixel edges, simple abstract symbol"
元,beginning,"64x64 pixel art, minimal style, 3-5 colors, clean pixel edges, simple abstract symbol"
頁,page,"64x64 pixel art, minimal style, 3-5 colors, clean pixel edges, simple abstract symbol"
頑,stubborn,"64x64 pixel art, minimal style, 3-5 colors, clean pixel edges, simple abstract symbol"
凡,mediocre,"64x64 pixel art, minimal style, 3-5 colors, clean pixel edges, simple abstract symbol"
負,defeat,"64x64 pixel art, minimal style, 3-5 colors, clean pixel edges, simple abstract symbol"
万,ten_thousand,"64x64 pixel art, minimal style, 3-5 colors, clean pixel edges, simple abstract symbol"
句,phrase,"64x64 pixel art, minimal style, 3-5 colors, clean pixel edges, simple abstract symbol"
肌,texture,"64x64 pixel art, minimal style, 3-5 colors, clean pixel edges, simple abstract symbol"
旬,ten_days,"64x64 pixel art, minimal style, 3-5 colors, clean pixel edges, simple abstract symbol"
勺,ladle,"64x64 pixel art, minimal style, 3-5 colors, clean pixel edges, simple abstract symbol"
的,bulls_eye,"64x64 pixel art, minimal style, 3-5 colors, clean pixel edges, simple abstract symbol"
首,neck,"64x64 pixel art, minimal style, 3-5 colors, clean pixel edges, simple abstract symbol"
乙,fish_guts,"64x64 pixel art, minimal style, 3-5 colors, clean pixel edges, simple abstract symbol"
乱,riot,"64x64 pixel art, minimal style, 3-5 colors, clean pixel edges, simple abstract symbol"
直,straightaway,"64x64 pixel art, minimal style, 3-5 colors, clean pixel edges, simple abstract symbol"
具,tool,"64x64 pixel art, minimal style, 3-5 colors, clean pixel edges, simple abstract symbol"
真,true,"64x64 pixel art, minimal style, 3-5 colors, clean pixel edges, simple abstract symbol"
工,craft,"64x64 pixel art, minimal style, 3-5 colors, clean pixel edges, simple abstract symbol"
左,left,"64x64 pixel art, minimal style, 3-5 colors, clean pixel edges, simple abstract symbol"
右,right,"64x64 pixel art, minimal style, 3-5 colors, clean pixel edges, simple abstract symbol"
有,possess,"64x64 pixel art, minimal style, 3-5 colors, clean pixel edges, simple abstract symbol"
賄,bribe,"64x64 pixel art, minimal style, 3-5 colors, clean pixel edges, simple abstract symbol"
貢,tribute,"64x64 pixel art, minimal style, 3-5 colors, clean pixel edges, simple abstract symbol"
項,paragraph,"64x64 pixel art, minimal style, 3-5 colors, clean pixel edges, simple abstract symbol"
刀,sword,"64x64 pixel art, minimal style, 3-5 colors, clean pixel edges, simple abstract symbol"
刃,blade,"64x64 pixel art, minimal style, 3-5 colors, clean pixel edges, simple abstract symbol"
切,cut,"64x64 pixel art, minimal style, 3-5 colors, clean pixel edges, simple abstract symbol"
召,seduce,"64x64 pixel art, minimal style, 3-5 colors, clean pixel edges, simple abstract symbol"
昭,shining,"64x64 pixel art, minimal style, 3-5 colors, clean pixel edges, simple abstract symbol"
則,rule,"64x64 pixel art, minimal style, 3-5 colors, clean pixel edges, simple abstract symbol"
副,vice,"64x64 pixel art, minimal style, 3-5 colors, clean pixel edges, simple abstract symbol"
別,separate,"64x64 pixel art, minimal style, 3-5 colors, clean pixel edges, simple abstract symbol"
丁,street,"64x64 pixel art, minimal style, 3-5 colors, clean pixel edges, simple abstract symbol"
町,town,"64x64 pixel art, minimal style, 3-5 colors, clean pixel edges, simple abstract symbol"
可,possible,"64x64 pixel art, minimal style, 3-5 colors, clean pixel edges, simple abstract symbol"
頂,top,"64x64 pixel art, minimal style, 3-5 colors, clean pixel edges, simple abstract symbol"
子,child,"64x64 pixel art, minimal style, 3-5 colors, clean pixel edges, simple abstract symbol"
孔,cavity,"64x64 pixel art, minimal style, 3-5 colors, clean pixel edges, simple abstract symbol"
了,finish,"64x64 pixel art, minimal style, 3-5 colors, clean pixel edges, simple abstract symbol"
女,woman,"64x64 pixel art, minimal style, 3-5 colors, clean pixel edges, simple abstract symbol"
好,fond_of,"64x64 pixel art, minimal style, 3-5 colors, clean pixel edges, simple abstract symbol"
如,likeness,"64x64 pixel art, minimal style, 3-5 colors, clean pixel edges, simple abstract symbol"
母,mother,"64x64 pixel art, minimal style, 3-5 colors, clean pixel edges, simple abstract symbol"
貫,pierce,"64x64 pixel art, minimal style, 3-5 colors, clean pixel edges, simple abstract symbol"
兄,older_brother,"64x64 pixel art, minimal style, 3-5 colors, clean pixel edges, simple abstract symbol"
呪,curse,"64x64 pixel art, minimal style, 3-5 colors, clean pixel edges, simple abstract symbol"
克,overcome,"64x64 pixel art, minimal style, 3-5 colors, clean pixel edges, simple abstract symbol"
小,small,"64x64 pixel art, minimal style, 3-5 colors, clean pixel edges, simple abstract symbol"
少,few,"64x64 pixel art, minimal style, 3-5 colors, clean pixel edges, simple abstract symbol"
大,large,"64x64 pixel art, minimal style, 3-5 colors, clean pixel edges, simple abstract symbol"
多,many,"64x64 pixel art, minimal style, 3-5 colors, clean pixel edges, simple abstract symbol"
夕,evening,"64x64 pixel art, minimal style, 3-5 colors, clean pixel edges, simple abstract symbol"
汐,eventide,"64x64 pixel art, minimal style, 3-5 colors, clean pixel edges, simple abstract symbol"
外,outside,"64x64 pixel art, minimal style, 3-5 colors, clean pixel edges, simple abstract symbol"
名,name,"64x64 pixel art, minimal style, 3-5 colors, clean pixel edges, simple abstract symbol"
石,stone,"64x64 pixel art, minimal style, 3-5 colors, clean pixel edges, simple abstract symbol"
肖,resemblance,"64x64 pixel art, minimal style, 3-5 colors, clean pixel edges, simple abstract symbol"
硝,nitrate,"64x64 pixel art, minimal style, 3-5 colors, clean pixel edges, simple abstract symbol"
砕,smash,"64x64 pixel art, minimal style, 3-5 colors, clean pixel edges, simple abstract symbol"
砂,sand,"64x64 pixel art, minimal style, 3-5 colors, clean pixel edges, simple abstract symbol"
妬,jealousy,"64x64 pixel art, minimal style, 3-5 colors, clean pixel edges, simple abstract symbol"
削,plane,"64x64 pixel art, minimal style, 3-5 colors, clean pixel edges, simple abstract symbol"
光,ray,"64x64 pixel art, minimal style, 3-5 colors, clean pixel edges, simple abstract symbol"
太,plump,"64x64 pixel art, minimal style, 3-5 colors, clean pixel edges, simple abstract symbol"
器,utensil,"64x64 pixel art, minimal style, 3-5 colors, clean pixel edges, simple abstract symbol"
臭,stinking,"64x64 pixel art, minimal style, 3-5 colors, clean pixel edges, simple abstract symbol"
嗅,sniff,"64x64 pixel art, minimal style, 3-5 colors, clean pixel edges, simple abstract symbol"
妙,exquisite,"64x64 pixel art, minimal style, 3-5 colors, clean pixel edges, simple abstract symbol"
省,government_ministry,"64x64 pixel art, minimal style, 3-5 colors, clean pixel edges, simple abstract symbol"
厚,thick,"64x64 pixel art, minimal style, 3-5 colors, clean pixel edges, simple abstract symbol"
奇,strange,"64x64 pixel art, minimal style, 3-5 colors, clean pixel edges, simple abstract symbol"
川,river,"64x64 pixel art, minimal style, 3-5 colors, clean pixel edges, simple abstract symbol"
州,state,"64x64 pixel art, minimal style, 3-5 colors, clean pixel edges, simple abstract symbol"
順,follow,"64x64 pixel art, minimal style, 3-5 colors, clean pixel edges, simple abstract symbol"
水,water,"64x64 pixel art, minimal style, 3-5 colors, clean pixel edges, simple abstract symbol"
氷,ice,"64x64 pixel art, minimal style, 3-5 colors, clean pixel edges, simple abstract symbol"
永,eternity,"64x64 pixel art, minimal style, 3-5 colors, clean pixel edges, simple abstract symbol"
泉,spring,"64x64 pixel art, minimal style, 3-5 colors, clean pixel edges, simple abstract symbol"
腺,gland,"64x64 pixel art, minimal style, 3-5 colors, clean pixel edges, simple abstract symbol"
原,meadow,"64x64 pixel art, minimal style, 3-5 colors, clean pixel edges, simple abstract symbol"
願,petition,"64x64 pixel art, minimal style, 3-5 colors, clean pixel edges, simple abstract symbol"
泳,swim,"64x64 pixel art, minimal style, 3-5 colors, clean pixel edges, simple abstract symbol"
沼,marsh,"64x64 pixel art, minimal style, 3-5 colors, clean pixel edges, simple abstract symbol"
沖,open_sea,"64x64 pixel art, minimal style, 3-5 colors, clean pixel edges, simple abstract symbol"
汎,general,"64x64 pixel art, minimal style, 3-5 colors, clean pixel edges, simple abstract symbol"
江,creek,"64x64 pixel art, minimal style, 3-5 colors, clean pixel edges, simple abstract symbol"
汰,cleanse,"64x64 pixel art, minimal style, 3-5 colors, clean pixel edges, simple abstract symbol"
汁,soup,"64x64 pixel art, minimal style, 3-5 colors, clean pixel edges, simple abstract symbol"
沙,grains_of_sand,"64x64 pixel art, minimal style, 3-5 colors, clean pixel edges, simple abstract symbol"
潮,tide,"64x64 pixel art, minimal style, 3-5 colors, clean pixel edges, simple abstract symbol"
源,source,"64x64 pixel art, minimal style, 3-5 colors, clean pixel edges, simple abstract symbol"
活,lively,"64x64 pixel art, minimal style, 3-5 colors, clean pixel edges, simple abstract symbol"
消,extinguish,"64x64 pixel art, minimal style, 3-5 colors, clean pixel edges, simple abstract symbol"
況,condition,"64x64 pixel art, minimal style, 3-5 colors, clean pixel edges, simple abstract symbol"
河,large_river,"64x64 pixel art, minimal style, 3-5 colors, clean pixel edges, simple abstract symbol"
泊,overnight,"64x64 pixel art, minimal style, 3-5 colors, clean pixel edges, simple abstract symbol"
湖,lake,"64x64 pixel art, minimal style, 3-5 colors, clean pixel edges, simple abstract symbol"
測,fathom,"64x64 pixel art, minimal style, 3-5 colors, clean pixel edges, simple abstract symbol"
土,soil,"64x64 pixel art, minimal style, 3-5 colors, clean pixel edges, simple abstract symbol"
吐,spit,"64x64 pixel art, minimal style, 3-5 colors, clean pixel edges, simple abstract symbol"
圧,pressure,"64x64 pixel art, minimal style, 3-5 colors, clean pixel edges, simple abstract symbol"
埼,cape,"64x64 pixel art, minimal style, 3-5 colors, clean pixel edges, simple abstract symbol"
垣,hedge,"64x64 pixel art, minimal style, 3-5 colors, clean pixel edges, simple abstract symbol"
填,inlay,"64x64 pixel art, minimal style, 3-5 colors, clean pixel edges, simple abstract symbol"
圭,jade,"64x64 pixel art, minimal style, 3-5 colors, clean pixel edges, simple abstract symbol"
封,seal,"64x64 pixel art, minimal style, 3-5 colors, clean pixel edges, simple abstract symbol"
涯,horizon,"64x64 pixel art, minimal style, 3-5 colors, clean pixel edges, simple abstract symbol"
寺,temple,"64x64 pixel art, minimal style, 3-5 colors, clean pixel edges, simple abstract symbol"
時,time,"64x64 pixel art, minimal style, 3-5 colors, clean pixel edges, simple abstract symbol"
均,level,"64x64 pixel art, minimal style, 3-5 colors, clean pixel edges, simple abstract symbol"
火,fire,"64x64 pixel art, minimal style, 3-5 colors, clean pixel edges, simple abstract symbol"
炎,inflammation,"64x64 pixel art, minimal style, 3-5 colors, clean pixel edges, simple abstract symbol"
煩,anxiety,"64x64 pixel art, minimal style, 3-5 colors, clean pixel edges, simple abstract symbol"
淡,faint,"64x64 pixel art, minimal style, 3-5 colors, clean pixel edges, simple abstract symbol"
灯,lamp,"64x64 pixel art, minimal style, 3-5 colors, clean pixel edges, simple abstract symbol"
畑,farm,"64x64 pixel art, minimal style, 3-5 colors, clean pixel edges, simple abstract symbol"
災,disaster,"64x64 pixel art, minimal style, 3-5 colors, clean pixel edges, simple abstract symbol"
灰,ashes,"64x64 pixel art, minimal style, 3-5 colors, clean pixel edges, simple abstract symbol"
点,point,"64x64 pixel art, minimal style, 3-5 colors, clean pixel edges, simple abstract symbol"
照,illuminate,"64x64 pixel art, minimal style, 3-5 colors, clean pixel edges, simple abstract symbol"
魚,fish,"64x64 pixel art, minimal style, 3-5 colors, clean pixel edges, simple abstract symbol"
漁,fishing,"64x64 pixel art, minimal style, 3-5 colors, clean pixel edges, simple abstract symbol"
里,home_village,"64x64 pixel art, minimal style, 3-5 colors, clean pixel edges, simple abstract symbol"
黒,black,"64x64 pixel art, minimal style, 3-5 colors, clean pixel edges, simple abstract symbol"
墨,black_ink,"64x64 pixel art, minimal style, 3-5 colors, clean pixel edges, simple abstract symbol"
鯉,carp,"64x64 pixel art, minimal style, 3-5 colors, clean pixel edges, simple abstract symbol"
量,quantity,"64x64 pixel art, minimal style, 3-5 colors, clean pixel edges, simple abstract symbol"
厘,thousandth,"64x64 pixel art, minimal style, 3-5 colors, clean pixel edges, simple abstract symbol"
埋,bury,"64x64 pixel art, minimal style, 3-5 colors, clean pixel edges, simple abstract symbol"
同,same,"64x64 pixel art, minimal style, 3-5 colors, clean pixel edges, simple abstract symbol"
洞,den,"64x64 pixel art, minimal style, 3-5 colors, clean pixel edges, simple abstract symbol"
胴,trunk,"64x64 pixel art, minimal style, 3-5 colors, clean pixel edges, simple abstract symbol"
向,yonder,"64x64 pixel art, minimal style, 3-5 colors, clean pixel edges, simple abstract symbol"
尚,esteem,"64x64 pixel art, minimal style, 3-5 colors, clean pixel edges, simple abstract symbol"
字,letter,"64x64 pixel art, minimal style, 3-5 colors, clean pixel edges, simple abstract symbol"
守,guard,"64x64 pixel art, minimal style, 3-5 colors, clean pixel edges, simple abstract symbol"
完,complete,"64x64 pixel art, minimal style, 3-5 colors, clean pixel edges, simple abstract symbol"
宣,proclaim,"64x64 pixel art, minimal style, 3-5 colors, clean pixel edges, simple abstract symbol"
宵,early_morning,"64x64 pixel art, minimal style, 3-5 colors, clean pixel edges, simple abstract symbol"
安,relax,"64x64 pixel art, minimal style, 3-5 colors, clean pixel edges, simple abstract symbol"
宴,banquet,"64x64 pixel art, minimal style, 3-5 colors, clean pixel edges, simple abstract symbol"
寄,draw_near,"64x64 pixel art, minimal style, 3-5 colors, clean pixel edges, simple abstract symbol"
富,wealth,"64x64 pixel art, minimal style, 3-5 colors, clean pixel edges, simple abstract symbol"
貯,savings,"64x64 pixel art, minimal style, 3-5 colors, clean pixel edges, simple abstract symbol"
木,tree,"64x64 pixel art, minimal style, 3-5 colors, clean pixel edges, simple abstract symbol"
林,woods,"64x64 pixel art, minimal style, 3-5 colors, clean pixel edges, simple abstract symbol"
森,forest,"64x64 pixel art, minimal style, 3-5 colors, clean pixel edges, simple abstract symbol"
桂,judas_tree,"64x64 pixel art, minimal style, 3-5 colors, clean pixel edges, simple abstract symbol"
柏,oak,"64x64 pixel art, minimal style, 3-5 colors, clean pixel edges, simple abstract symbol"
枠,frame,"64x64 pixel art, minimal style, 3-5 colors, clean pixel edges, simple abstract symbol"
梢,treetops,"64x64 pixel art, minimal style, 3-5 colors, clean pixel edges, simple abstract symbol"
棚,shelf,"64x64 pixel art, minimal style, 3-5 colors, clean pixel edges, simple abstract symbol"
杏,apricot,"64x64 pixel art, minimal style, 3-5 colors, clean pixel edges, simple abstract symbol"
桐,paulownia_tree,"64x64 pixel art, minimal style, 3-5 colors, clean pixel edges, simple abstract symbol"
植,plant,"64x64 pixel art, minimal style, 3-5 colors, clean pixel edges, simple abstract symbol"
椅,chair,"64x64 pixel art, minimal style, 3-5 colors, clean pixel edges, simple abstract symbol"
枯,wither,"64x64 pixel art, minimal style, 3-5 colors, clean pixel edges, simple abstract symbol"
朴,crude,"64x64 pixel art, minimal style, 3-5 colors, clean pixel edges, simple abstract symbol"
村,village,"64x64 pixel art, minimal style, 3-5 colors, clean pixel edges, simple abstract symbol"
相,mutual,"64x64 pixel art, minimal style, 3-5 colors, clean pixel edges, simple abstract symbol"
机,desk,"64x64 pixel art, minimal style, 3-5 colors, clean pixel edges, simple abstract symbol"
本,book,"64x64 pixel art, minimal style, 3-5 colors, clean pixel edges, simple abstract symbol"
札,tag,"64x64 pixel art, minimal style, 3-5 colors, clean pixel edges, simple abstract symbol"
暦,calendar,"64x64 pixel art, minimal style, 3-5 colors, clean pixel edges, simple abstract symbol"
案,plan,"64x64 pixel art, minimal style, 3-5 colors, clean pixel edges, simple abstract symbol"
燥,parch,"64x64 pixel art, minimal style, 3-5 colors, clean pixel edges, simple abstract symbol"
未,not_yet,"64x64 pixel art, minimal style, 3-5 colors, clean pixel edges, simple abstract symbol"
末,extremity,"64x64 pixel art, minimal style, 3-5 colors, clean pixel edges, simple abstract symbol"
昧,obscure,"64x64 pixel art, minimal style, 3-5 colors, clean pixel edges, simple abstract symbol"
沫,splash,"64x64 pixel art, minimal style, 3-5 colors, clean pixel edges, simple abstract symbol"
味,flavor,"64x64 pixel art, minimal style, 3-5 colors, clean pixel edges, simple abstract symbol"
妹,younger_sister,"64x64 pixel art, minimal style, 3-5 colors, clean pixel edges, simple abstract symbol"
朱,vermilion,"64x64 pixel art, minimal style, 3-5 colors, clean pixel edges, simple abstract symbol"
株,stocks,"64x64 pixel art, minimal style, 3-5 colors, clean pixel edges, simple abstract symbol"
若,young,"64x64 pixel art, minimal style, 3-5 colors, clean pixel edges, simple abstract symbol"
草,grass,"64x64 pixel art, minimal style, 3-5 colors, clean pixel edges, simple abstract symbol"
苦,suffering,"64x64 pixel art, minimal style, 3-5 colors, clean pixel edges, simple abstract symbol"
苛,bullying,"64x64 pixel art, minimal style, 3-5 colors, clean pixel edges, simple abstract symbol"
寛,tolerant,"64x64 pixel art, minimal style, 3-5 colors, clean pixel edges, simple abstract symbol"
薄,dilute,"64x64 pixel art, minimal style, 3-5 colors, clean pixel edges, simple abstract symbol"
葉,leaf,"64x64 pixel art, minimal style, 3-5 colors, clean pixel edges, simple abstract symbol"
模,imitation,"64x64 pixel art, minimal style, 3-5 colors, clean pixel edges, simple abstract symbol"
漠,vague,"64x64 pixel art, minimal style, 3-5 colors, clean pixel edges, simple abstract symbol"
墓,grave,"64x64 pixel art, minimal style, 3-5 colors, clean pixel edges, simple abstract symbol"
暮,livelihood,"64x64 pixel art, minimal style, 3-5 colors, clean pixel edges, simple abstract symbol"
膜,membrane,"64x64 pixel art, minimal style, 3-5 colors, clean pixel edges, simple abstract symbol"
苗,seedling,"64x64 pixel art, minimal style, 3-5 colors, clean pixel edges, simple abstract symbol"
兆,portent,"64x64 pixel art, minimal style, 3-5 colors, clean pixel edges, simple abstract symbol"
桃,peach_tree,"64x64 pixel art, minimal style, 3-5 colors, clean pixel edges, simple abstract symbol"
眺,stare,"64x64 pixel art, minimal style, 3-5 colors, clean pixel edges, simple abstract symbol"
犬,dog,"64x64 pixel art, minimal style, 3-5 colors, clean pixel edges, simple abstract symbol"
状,status_quo,"64x64 pixel art, minimal style, 3-5 colors, clean pixel edges, simple abstract symbol"
黙,silence,"64x64 pixel art, minimal style, 3-5 colors, clean pixel edges, simple abstract symbol"
然,sort_of_thing,"64x64 pixel art, minimal style, 3-5 colors, clean pixel edges, simple abstract symbol"
荻,reed,"64x64 pixel art, minimal style, 3-5 colors, clean pixel edges, simple abstract symbol"
狩,hunt,"64x64 pixel art, minimal style, 3-5 colors, clean pixel edges, simple abstract symbol"
猫,cat,"64x64 pixel art, minimal style, 3-5 colors, clean pixel edges, simple abstract symbol"
牛,cow,"64x64 pixel art, minimal style, 3-5 colors, clean pixel edges, simple abstract symbol"
特,special,"64x64 pixel art, minimal style, 3-5 colors, clean pixel edges, simple abstract symbol"
告,revelation,"64x64 pixel art, minimal style, 3-5 colors, clean pixel edges, simple abstract symbol"
先,previous,"64x64 pixel art, minimal style, 3-5 colors, clean pixel edges, simple abstract symbol"
洗,wash,"64x64 pixel art, minimal style, 3-5 colors, clean pixel edges, simple abstract symbol"
介,jammed_in,"64x64 pixel art, minimal style, 3-5 colors, clean pixel edges, simple abstract symbol"
界,world,"64x64 pixel art, minimal style, 3-5 colors, clean pixel edges, simple abstract symbol"
茶,tea,"64x64 pixel art, minimal style, 3-5 colors, clean pixel edges, simple abstract symbol"
脊,stature,"64x64 pixel art, minimal style, 3-5 colors, clean pixel edges, simple abstract symbol"
合,fit,"64x64 pixel art, minimal style, 3-5 colors, clean pixel edges, simple abstract symbol"
塔,pagoda,"64x64 pixel art, minimal style, 3-5 colors, clean pixel edges, simple abstract symbol"
王,king,"64x64 pixel art, minimal style, 3-5 colors, clean pixel edges, simple abstract symbol"
玉,ball,"64x64 pixel art, minimal style, 3-5 colors, clean pixel edges, simple abstract symbol"
宝,treasure,"64x64 pixel art, minimal style, 3-5 colors, clean pixel edges, simple abstract symbol"
珠,pearl,"64x64 pixel art, minimal style, 3-5 colors, clean pixel edges, simple abstract symbol"
現,present,"64x64 pixel art, minimal style, 3-5 colors, clean pixel edges, simple abstract symbol"
玩,toy_with,"64x64 pixel art, minimal style, 3-5 colors, clean pixel edges, simple abstract symbol"
狂,lunatic,"64x64 pixel art, minimal style, 3-5 colors, clean pixel edges, simple abstract symbol"
旺,flourishing,"64x64 pixel art, minimal style, 3-5 colors, clean pixel edges, simple abstract symbol"
皇,emperor,"64x64 pixel art, minimal style, 3-5 colors, clean pixel edges, simple abstract symbol"
呈,display,"64x64 pixel art, minimal style, 3-5 colors, clean pixel edges, simple abstract symbol"
全,whole,"64x64 pixel art, minimal style, 3-5 colors, clean pixel edges, simple abstract symbol"
栓,plug,"64x64 pixel art, minimal style, 3-5 colors, clean pixel edges, simple abstract symbol"
理,logic,"64x64 pixel art, minimal style, 3-5 colors, clean pixel edges, simple abstract symbol"
主,master,"64x64 pixel art, minimal style, 3-5 colors, clean pixel edges, simple abstract symbol"
注,pour,"64x64 pixel art, minimal style, 3-5 colors, clean pixel edges, simple abstract symbol"
柱,pillar,"64x64 pixel art, minimal style, 3-5 colors, clean pixel edges, simple abstract symbol"
金,gold,"64x64 pixel art, minimal style, 3-5 colors, clean pixel edges, simple abstract symbol"
銑,pig_iron,"64x64 pixel art, minimal style, 3-5 colors, clean pixel edges, simple abstract symbol"
鉢,bowl,"64x64 pixel art, minimal style, 3-5 colors, clean pixel edges, simple abstract symbol"
銅,copper,"64x64 pixel art, minimal style, 3-5 colors, clean pixel edges, simple abstract symbol"
釣,angling,"64x64 pixel art, minimal style, 3-5 colors, clean pixel edges, simple abstract symbol"
針,needle,"64x64 pixel art, minimal style, 3-5 colors, clean pixel edges, simple abstract symbol"
銘,inscription,"64x64 pixel art, minimal style, 3-5 colors, clean pixel edges, simple abstract symbol"
鎮,tranquilize,"64x64 pixel art, minimal style, 3-5 colors, clean pixel edges, simple abstract symbol"
道,road,"64x64 pixel art, minimal style, 3-5 colors, clean pixel edges, simple abstract symbol"
導,guidance,"64x64 pixel art, minimal style, 3-5 colors, clean pixel edges, simple abstract symbol"
辻,crossing,"64x64 pixel art, minimal style, 3-5 colors, clean pixel edges, simple abstract symbol"
迅,swift,"64x64 pixel art, minimal style, 3-5 colors, clean pixel edges, simple abstract symbol"
造,create,"64x64 pixel art, minimal style, 3-5 colors, clean pixel edges, simple abstract symbol"
迫,urge,"64x64 pixel art, minimal style, 3-5 colors, clean pixel edges, simple abstract symbol"
逃,escape,"64x64 pixel art, minimal style, 3-5 colors, clean pixel edges, simple abstract symbol"
辺,environs,"64x64 pixel art, minimal style, 3-5 colors, clean pixel edges, simple abstract symbol"
巡,patrol,"64x64 pixel art, minimal style, 3-5 colors, clean pixel edges, simple abstract symbol"
車,car,"64x64 pixel art, minimal style, 3-5 colors, clean pixel edges, simple abstract symbol"
連,take_along,"64x64 pixel art, minimal style, 3-5 colors, clean pixel edges, simple abstract symbol"
軌,rut,"64x64 pixel art, minimal style, 3-5 colors, clean pixel edges, simple abstract symbol"
輸,transport,"64x64 pixel art, minimal style, 3-5 colors, clean pixel edges, simple abstract symbol"
喩,metaphor,"64x64 pixel art, minimal style, 3-5 colors, clean pixel edges, simple abstract symbol"
前,in_front,"64x64 pixel art, minimal style, 3-5 colors, clean pixel edges, simple abstract symbol"
煎,roast,"64x64 pixel art, minimal style, 3-5 colors, clean pixel edges, simple abstract symbol"
各,each,"64x64 pixel art, minimal style, 3-5 colors, clean pixel edges, simple abstract symbol"
格,status,"64x64 pixel art, minimal style, 3-5 colors, clean pixel edges, simple abstract symbol"
賂,graft,"64x64 pixel art, minimal style, 3-5 colors, clean pixel edges, simple abstract symbol"
略,abbreviation,"64x64 pixel art, minimal style, 3-5 colors, clean pixel edges, simple abstract symbol"
客,guest,"64x64 pixel art, minimal style, 3-5 colors, clean pixel edges, simple abstract symbol"
額,amount,"64x64 pixel art, minimal style, 3-5 colors, clean pixel edges, simple abstract symbol"
夏,summer,"64x64 pixel art, minimal style, 3-5 colors, clean pixel edges, simple abstract symbol"
処,dispose,"64x64 pixel art, minimal style, 3-5 colors, clean pixel edges, simple abstract symbol"
条,clause,"64x64 pixel art, minimal style, 3-5 colors, clean pixel edges, simple abstract symbol"
落,fall,"64x64 pixel art, minimal style, 3-5 colors, clean pixel edges, simple abstract symbol"
冗,superfluous,"64x64 pixel art, minimal style, 3-5 colors, clean pixel edges, simple abstract symbol"
冥,hades,"64x64 pixel art, minimal style, 3-5 colors, clean pixel edges, simple abstract symbol"
軍,army,"64x64 pixel art, minimal style, 3-5 colors, clean pixel edges, simple abstract symbol"
輝,radiance,"64x64 pixel art, minimal style, 3-5 colors, clean pixel edges, simple abstract symbol"
運,carry,"64x64 pixel art, minimal style, 3-5 colors, clean pixel edges, simple abstract symbol"
冠,crown,"64x64 pixel art, minimal style, 3-5 colors, clean pixel edges, simple abstract symbol"
夢,dream,"64x64 pixel art, minimal style, 3-5 colors, clean pixel edges, simple abstract symbol"
坑,pit,"64x64 pixel art, minimal style, 3-5 colors, clean pixel edges, simple abstract symbol"
高,tall,"64x64 pixel art, minimal style, 3-5 colors, clean pixel edges, simple abstract symbol"
享,receive,"64x64 pixel art, minimal style, 3-5 colors, clean pixel edges, simple abstract symbol"
塾,cram_school,"64x64 pixel art, minimal style, 3-5 colors, clean pixel edges, simple abstract symbol"
熟,ripe,"64x64 pixel art, minimal style, 3-5 colors, clean pixel edges, simple abstract symbol"
亭,pavilion,"64x64 pixel art, minimal style, 3-5 colors, clean pixel edges, simple abstract symbol"
京,capital,"64x64 pixel art, minimal style, 3-5 colors, clean pixel edges, simple abstract symbol"
涼,refreshing,"64x64 pixel art, minimal style, 3-5 colors, clean pixel edges, simple abstract symbol"
景,scenery,"64x64 pixel art, minimal style, 3-5 colors, clean pixel edges, simple abstract symbol"
鯨,whale,"64x64 pixel art, minimal style, 3-5 colors, clean pixel edges, simple abstract symbol"
舎,cottage,"64x64 pixel art, minimal style, 3-5 colors, clean pixel edges, simple abstract symbol"
周,circumference,"64x64 pixel art, minimal style, 3-5 colors, clean pixel edges, simple abstract symbol"
週,week,"64x64 pixel art, minimal style, 3-5 colors, clean pixel edges, simple abstract symbol"
士,gentleman,"64x64 pixel art, minimal style, 3-5 colors, clean pixel edges, simple abstract symbol"
吉,good_luck,"64x64 pixel art, minimal style, 3-5 colors, clean pixel edges, simple abstract symbol"
壮,robust,"64x64 pixel art, minimal style, 3-5 colors, clean pixel edges, simple abstract symbol"
荘,villa,"64x64 pixel art, minimal style, 3-5 colors, clean pixel edges, simple abstract symbol"
売,sell,"64x64 pixel art, minimal style, 3-5 colors, clean pixel edges, simple abstract symbol"
学,study,"64x64 pixel art, minimal style, 3-5 colors, clean pixel edges, simple abstract symbol"
覚,memorize,"64x64 pixel art, minimal style, 3-5 colors, clean pixel edges, simple abstract symbol"
栄,flourish,"64x64 pixel art, minimal style, 3-5 colors, clean pixel edges, simple abstract symbol"
書,write,"64x64 pixel art, minimal style, 3-5 colors, clean pixel edges, simple abstract symbol"
津,haven,"64x64 pixel art, minimal style, 3-5 colors, clean pixel edges, simple abstract symbol"
牧,breed,"64x64 pixel art, minimal style, 3-5 colors, clean pixel edges, simple abstract symbol"
攻,aggression,"64x64 pixel art, minimal style, 3-5 colors, clean pixel edges, simple abstract symbol"
敗,failure,"64x64 pixel art, minimal style, 3-5 colors, clean pixel edges, simple abstract symbol"
枚,sheet_of,"64x64 pixel art, minimal style, 3-5 colors, clean pixel edges, simple abstract symbol"
故,happenstance,"64x64 pixel art, minimal style, 3-5 colors, clean pixel edges, simple abstract symbol"
敬,awe,"64x64 pixel art, minimal style, 3-5 colors, clean pixel edges, simple abstract symbol"
言,say,"64x64 pixel art, minimal style, 3-5 colors, clean pixel edges, simple abstract symbol"
警,admonish,"64x64 pixel art, minimal style, 3-5 colors, clean pixel edges, simple abstract symbol"
計,plot,"64x64 pixel art, minimal style, 3-5 colors, clean pixel edges, simple abstract symbol"
詮,elucidate,"64x64 pixel art, minimal style, 3-5 colors, clean pixel edges, simple abstract symbol"
獄,prison,"64x64 pixel art, minimal style, 3-5 colors, clean pixel edges, simple abstract symbol"
訂,revise,"64x64 pixel art, minimal style, 3-5 colors, clean pixel edges, simple abstract symbol"
訃,obituary,"64x64 pixel art, minimal style, 3-5 colors, clean pixel edges, simple abstract symbol"
討,chastise,"64x64 pixel art, minimal style, 3-5 colors, clean pixel edges, simple abstract symbol"
訓,instruction,"64x64 pixel art, minimal style, 3-5 colors, clean pixel edges, simple abstract symbol"
詔,imperial_edict,"64x64 pixel art, minimal style, 3-5 colors, clean pixel edges, simple abstract symbol"
詰,packed,"64x64 pixel art, minimal style, 3-5 colors, clean pixel edges, simple abstract symbol"
話,talk,"64x64 pixel art, minimal style, 3-5 colors, clean pixel edges, simple abstract symbol"
詠,recitation,"64x64 pixel art, minimal style, 3-5 colors, clean pixel edges, simple abstract symbol"
詩,poem,"64x64 pixel art, minimal style, 3-5 colors, clean pixel edges, simple abstract symbol"
語,language,"64x64 pixel art, minimal style, 3-5 colors, clean pixel edges, simple abstract symbol"
読,read,"64x64 pixel art, minimal style, 3-5 colors, clean pixel edges, simple abstract symbol"
調,tune,"64x64 pixel art, minimal style, 3-5 colors, clean pixel edges, simple abstract symbol"
談,discuss,"64x64 pixel art, minimal style, 3-5 colors, clean pixel edges, simple abstract symbol"
諾,consent,"64x64 pixel art, minimal style, 3-5 colors, clean pixel edges, simple abstract symbol"
諭,rebuke,"64x64 pixel art, minimal style, 3-5 colors, clean pixel edges, simple abstract symbol"
式,style,"64x64 pixel art, minimal style, 3-5 colors, clean pixel edges, simple abstract symbol"
試,test,"64x64 pixel art, minimal style, 3-5 colors, clean pixel edges, simple abstract symbol"
弐,formal_two,"64x64 pixel art, minimal style, 3-5 colors, clean pixel edges, simple abstract symbol"
域,range,"64x64 pixel art, minimal style, 3-5 colors, clean pixel edges, simple abstract symbol"
賊,burglar,"64x64 pixel art, minimal style, 3-5 colors, clean pixel edges, simple abstract symbol"
栽,plantation,"64x64 pixel art, minimal style, 3-5 colors, clean pixel edges, simple abstract symbol"
載,load,"64x64 pixel art, minimal style, 3-5 colors, clean pixel edges, simple abstract symbol"
茂,overgrown,"64x64 pixel art, minimal style, 3-5 colors, clean pixel edges, simple abstract symbol"
戚,relatives,"64x64 pixel art, minimal style, 3-5 colors, clean pixel edges, simple abstract symbol"
成,become,"64x64 pixel art, minimal style, 3-5 colors, clean pixel edges, simple abstract symbol"
城,castle,"64x64 pixel art, minimal style, 3-5 colors, clean pixel edges, simple abstract symbol"
誠,sincerity,"64x64 pixel art, minimal style, 3-5 colors, clean pixel edges, simple abstract symbol"
威,intimidate,"64x64 pixel art, minimal style, 3-5 colors, clean pixel edges, simple abstract symbol"
滅,destroy,"64x64 pixel art, minimal style, 3-5 colors, clean pixel edges, simple abstract symbol"
減,dwindle,"64x64 pixel art, minimal style, 3-5 colors, clean pixel edges, simple abstract symbol"
蔑,disdain,"64x64 pixel art, minimal style, 3-5 colors, clean pixel edges, simple abstract symbol"
桟,scaffold,"64x64 pixel art, minimal style, 3-5 colors, clean pixel edges, simple abstract symbol"
銭,coin,"64x64 pixel art, minimal style, 3-5 colors, clean pixel edges, simple abstract symbol"
浅,shallow,"64x64 pixel art, minimal style, 3-5 colors, clean pixel edges, simple abstract symbol"
止,stop,"64x64 pixel art, minimal style, 3-5 colors, clean pixel edges, simple abstract symbol"
歩,walk,"64x64 pixel art, minimal style, 3-5 colors, clean pixel edges, simple abstract symbol"
渉,ford,"64x64 pixel art, minimal style, 3-5 colors, clean pixel edges, simple abstract symbol"
頻,repeatedly,"64x64 pixel art, minimal style, 3-5 colors, clean pixel edges, simple abstract symbol"
肯,agreement,"64x64 pixel art, minimal style, 3-5 colors, clean pixel edges, simple abstract symbol"
企,undertake,"64x64 pixel art, minimal style, 3-5 colors, clean pixel edges, simple abstract symbol"
歴,curriculum,"64x64 pixel art, minimal style, 3-5 colors, clean pixel edges, simple abstract symbol"
武,warrior,"64x64 pixel art, minimal style, 3-5 colors, clean pixel edges, simple abstract symbol"
賦,levy,"64x64 pixel art, minimal style, 3-5 colors, clean pixel edges, simple abstract symbol"
正,correct,"64x64 pixel art, minimal style, 3-5 colors, clean pixel edges, simple abstract symbol"
証,evidence,"64x64 pixel art, minimal style, 3-5 colors, clean pixel edges, simple abstract symbol"
政,politics,"64x64 pixel art, minimal style, 3-5 colors, clean pixel edges, simple abstract symbol"
定,determine,"64x64 pixel art, minimal style, 3-5 colors, clean pixel edges, simple abstract symbol"
錠,lock,"64x64 pixel art, minimal style, 3-5 colors, clean pixel edges, simple abstract symbol"
走,run,"64x64 pixel art, minimal style, 3-5 colors, clean pixel edges, simple abstract symbol"
超,transcend,"64x64 pixel art, minimal style, 3-5 colors, clean pixel edges, simple abstract symbol"
赴,proceed,"64x64 pixel art, minimal style, 3-5 colors, clean pixel edges, simple abstract symbol"
越,surpass,"64x64 pixel art, minimal style, 3-5 colors, clean pixel edges, simple abstract symbol"
是,just_so,"64x64 pixel art, minimal style, 3-5 colors, clean pixel edges, simple abstract symbol"
題,topic,"64x64 pixel art, minimal style, 3-5 colors, clean pixel edges, simple abstract symbol"
堤,dike,"64x64 pixel art, minimal style, 3-5 colors, clean pixel edges, simple abstract symbol"
建,build,"64x64 pixel art, minimal style, 3-5 colors, clean pixel edges, simple abstract symbol"
鍵,key,"64x64 pixel art, minimal style, 3-5 colors, clean pixel edges, simple abstract symbol"
延,prolong,"64x64 pixel art, minimal style, 3-5 colors, clean pixel edges, simple abstract symbol"
誕,nativity,"64x64 pixel art, minimal style, 3-5 colors, clean pixel edges, simple abstract symbol"
礎,cornerstone,"64x64 pixel art, minimal style, 3-5 colors, clean pixel edges, simple abstract symbol"
婿,bridegroom,"64x64 pixel art, minimal style, 3-5 colors, clean pixel edges, simple abstract symbol"
衣,garment,"64x64 pixel art, minimal style, 3-5 colors, clean pixel edges, simple abstract symbol"
裁,judge,"64x64 pixel art, minimal style, 3-5 colors, clean pixel edges, simple abstract symbol"
装,attire,"64x64 pixel art, minimal style, 3-5 colors, clean pixel edges, simple abstract symbol"
裏,reverse_side,"64x64 pixel art, minimal style, 3-5 colors, clean pixel edges, simple abstract symbol"
壊,demolition,"64x64 pixel art, minimal style, 3-5 colors, clean pixel edges, simple abstract symbol"
哀,pathetic,"64x64 pixel art, minimal style, 3-5 colors, clean pixel edges, simple abstract symbol"
遠,far,"64x64 pixel art, minimal style, 3-5 colors, clean pixel edges, simple abstract symbol"
猿,monkey,"64x64 pixel art, minimal style, 3-5 colors, clean pixel edges, simple abstract symbol"
初,first_time,"64x64 pixel art, minimal style, 3-5 colors, clean pixel edges, simple abstract symbol"
巾,towel,"64x64 pixel art, minimal style, 3-5 colors, clean pixel edges, simple abstract symbol"
布,linen,"64x64 pixel art, minimal style, 3-5 colors, clean pixel edges, simple abstract symbol"
帆,sail,"64x64 pixel art, minimal style, 3-5 colors, clean pixel edges, simple abstract symbol"
幅,breadth,"64x64 pixel art, minimal style, 3-5 colors, clean pixel edges, simple abstract symbol"
帽,cap,"64x64 pixel art, minimal style, 3-5 colors, clean pixel edges, simple abstract symbol"
幕,curtain,"64x64 pixel art, minimal style, 3-5 colors, clean pixel edges, simple abstract symbol"
幌,canopy,"64x64 pixel art, minimal style, 3-5 colors, clean pixel edges, simple abstract symbol"
錦,brocade,"64x64 pixel art, minimal style, 3-5 colors, clean pixel edges, simple abstract symbol"
市,market,"64x64 pixel art, minimal style, 3-5 colors, clean pixel edges, simple abstract symbol"
柿,persimmon,"64x64 pixel art, minimal style, 3-5 colors, clean pixel edges, simple abstract symbol"
姉,older_sister,"64x64 pixel art, minimal style, 3-5 colors, clean pixel edges, simple abstract symbol"
肺,lungs,"64x64 pixel art, minimal style, 3-5 colors, clean pixel edges, simple abstract symbol"
帯,sash,"64x64 pixel art, minimal style, 3-5 colors, clean pixel edges, simple abstract symbol"
滞,stagnate,"64x64 pixel art, minimal style, 3-5 colors, clean pixel edges, simple abstract symbol"
刺,thorn,"64x64 pixel art, minimal style, 3-5 colors, clean pixel edges, simple abstract symbol"
制,control,"64x64 pixel art, minimal style, 3-5 colors, clean pixel edges, simple abstract symbol"
製,made_in,"64x64 pixel art, minimal style, 3-5 colors, clean pixel edges, simple abstract symbol"
転,revolve,"64x64 pixel art, minimal style, 3-5 colors, clean pixel edges, simple abstract symbol"
芸,art,"64x64 pixel art, minimal style, 3-5 colors, clean pixel edges, simple abstract symbol"
雨,rain,"64x64 pixel art, minimal style, 3-5 colors, clean pixel edges, simple abstract symbol"
雲,cloud,"64x64 pixel art, minimal style, 3-5 colors, clean pixel edges, simple abstract symbol"
曇,cloudy_weather,"64x64 pixel art, minimal style, 3-5 colors, clean pixel edges, simple abstract symbol"
雷,thunder,"64x64 pixel art, minimal style, 3-5 colors, clean pixel edges, simple abstract symbol"
霜,frost,"64x64 pixel art, minimal style, 3-5 colors, clean pixel edges, simple abstract symbol"
冬,winter,"64x64 pixel art, minimal style, 3-5 colors, clean pixel edges, simple abstract symbol"
天,heaven,"64x64 pixel art, minimal style, 3-5 colors, clean pixel edges, simple abstract symbol"
妖,bewitched,"64x64 pixel art, minimal style, 3-5 colors, clean pixel edges, simple abstract symbol"
沃,fertile,"64x64 pixel art, minimal style, 3-5 colors, clean pixel edges, simple abstract symbol"
橋,bridge,"64x64 pixel art, minimal style, 3-5 colors, clean pixel edges, simple abstract symbol"
嬌,attractive,"64x64 pixel art, minimal style, 3-5 colors, clean pixel edges, simple abstract symbol"
立,stand_up,"64x64 pixel art, minimal style, 3-5 colors, clean pixel edges, simple abstract symbol"
泣,cry,"64x64 pixel art, minimal style, 3-5 colors, clean pixel edges, simple abstract symbol"
章,chapter,"64x64 pixel art, minimal style, 3-5 colors, clean pixel edges, simple abstract symbol"
競,compete,"64x64 pixel art, minimal style, 3-5 colors, clean pixel edges, simple abstract symbol"
帝,sovereign,"64x64 pixel art, minimal style, 3-5 colors, clean pixel edges, simple abstract symbol"
諦,renunciation,"64x64 pixel art, minimal style, 3-5 colors, clean pixel edges, simple abstract symbol"
童,juvenile,"64x64 pixel art, minimal style, 3-5 colors, clean pixel edges, simple abstract symbol"
瞳,pupil,"64x64 pixel art, minimal style, 3-5 colors, clean pixel edges, simple abstract symbol"
鐘,bell,"64x64 pixel art, minimal style, 3-5 colors, clean pixel edges, simple abstract symbol"
商,deal,"64x64 pixel art, minimal style, 3-5 colors, clean pixel edges, simple abstract symbol"
嫡,legitimate_wife,"64x64 pixel art, minimal style, 3-5 colors, clean pixel edges, simple abstract symbol"
適,suitable,"64x64 pixel art, minimal style, 3-5 colors, clean pixel edges, simple abstract symbol"
滴,drip,"64x64 pixel art, minimal style, 3-5 colors, clean pixel edges, simple abstract symbol"
敵,enemy,"64x64 pixel art, minimal style, 3-5 colors, clean pixel edges, simple abstract symbol"
匕,spoon,"64x64 pixel art, minimal style, 3-5 colors, clean pixel edges, simple abstract symbol"
叱,scold,"64x64 pixel art, minimal style, 3-5 colors, clean pixel edges, simple abstract symbol"
匂,scent,"64x64 pixel art, minimal style, 3-5 colors, clean pixel edges, simple abstract symbol"
頃,about_that_time,"64x64 pixel art, minimal style, 3-5 colors, clean pixel edges, simple abstract symbol"
北,north,"64x64 pixel art, minimal style, 3-5 colors, clean pixel edges, simple abstract symbol"
背,back,"64x64 pixel art, minimal style, 3-5 colors, clean pixel edges, simple abstract symbol"
比,compare,"64x64 pixel art, minimal style, 3-5 colors, clean pixel edges, simple abstract symbol"
昆,descendants,"64x64 pixel art, minimal style, 3-5 colors, clean pixel edges, simple abstract symbol"
皆,everyone,"64x64 pixel art, minimal style, 3-5 colors, clean pixel edges, simple abstract symbol"
楷,block_letters,"64x64 pixel art, minimal style, 3-5 colors, clean pixel edges, simple abstract symbol"
諧,orderliness,"64x64 pixel art, minimal style, 3-5 colors, clean pixel edges, simple abstract symbol"
混,mix,"64x64 pixel art, minimal style, 3-5 colors, clean pixel edges, simple abstract symbol"
渇,thirst,"64x64 pixel art, minimal style, 3-5 colors, clean pixel edges, simple abstract symbol"
謁,audience,"64x64 pixel art, minimal style, 3-5 colors, clean pixel edges, simple abstract symbol"
褐,brown,"64x64 pixel art, minimal style, 3-5 colors, clean pixel edges, simple abstract symbol"
喝,hoarse,"64x64 pixel art, minimal style, 3-5 colors, clean pixel edges, simple abstract symbol"
葛,kudzu,"64x64 pixel art, minimal style, 3-5 colors, clean pixel edges, simple abstract symbol"
旨,delicious,"64x64 pixel art, minimal style, 3-5 colors, clean pixel edges, simple abstract symbol"
脂,fat,"64x64 pixel art, minimal style, 3-5 colors, clean pixel edges, simple abstract symbol"
詣,visit_shrine,"64x64 pixel art, minimal style, 3-5 colors, clean pixel edges, simple abstract symbol"
壱,formal_one,"64x64 pixel art, minimal style, 3-5 colors, clean pixel edges, simple abstract symbol"
毎,every,"64x64 pixel art, minimal style, 3-5 colors, clean pixel edges, simple abstract symbol"
敏,cleverness,"64x64 pixel art, minimal style, 3-5 colors, clean pixel edges, simple abstract symbol"
梅,ume,"64x64 pixel art, minimal style, 3-5 colors, clean pixel edges, simple abstract symbol"
海,sea,"64x64 pixel art, minimal style, 3-5 colors, clean pixel edges, simple abstract symbol"
乞,beg,"64x64 pixel art, minimal style, 3-5 colors, clean pixel edges, simple abstract symbol"
乾,drought,"64x64 pixel art, minimal style, 3-5 colors, clean pixel edges, simple abstract symbol"
腹,abdomen,"64x64 pixel art, minimal style, 3-5 colors, clean pixel edges, simple abstract symbol"
複,duplicate,"64x64 pixel art, minimal style, 3-5 colors, clean pixel edges, simple abstract symbol"
欠,lack,"64x64 pixel art, minimal style, 3-5 colors, clean pixel edges, simple abstract symbol"
吹,blow,"64x64 pixel art, minimal style, 3-5 colors, clean pixel edges, simple abstract symbol"
炊,cook,"64x64 pixel art, minimal style, 3-5 colors, clean pixel edges, simple abstract symbol"
歌,song,"64x64 pixel art, minimal style, 3-5 colors, clean pixel edges, simple abstract symbol"
軟,soft,"64x64 pixel art, minimal style, 3-5 colors, clean pixel edges, simple abstract symbol"
次,next,"64x64 pixel art, minimal style, 3-5 colors, clean pixel edges, simple abstract symbol"
茨,briar,"64x64 pixel art, minimal style, 3-5 colors, clean pixel edges, simple abstract symbol"
資,assets,"64x64 pixel art, minimal style, 3-5 colors, clean pixel edges, simple abstract symbol"
姿,figure,"64x64 pixel art, minimal style, 3-5 colors, clean pixel edges, simple abstract symbol"
諮,consult_with,"64x64 pixel art, minimal style, 3-5 colors, clean pixel edges, simple abstract symbol"
賠,compensation,"64x64 pixel art, minimal style, 3-5 colors, clean pixel edges, simple abstract symbol"
培,cultivate,"64x64 pixel art, minimal style, 3-5 colors, clean pixel edges, simple abstract symbol"
剖,divide,"64x64 pixel art, minimal style, 3-5 colors, clean pixel edges, simple abstract symbol"
音,sound,"64x64 pixel art, minimal style, 3-5 colors, clean pixel edges, simple abstract symbol"
暗,darkness,"64x64 pixel art, minimal style, 3-5 colors, clean pixel edges, simple abstract symbol"
韻,rhyme,"64x64 pixel art, minimal style, 3-5 colors, clean pixel edges, simple abstract symbol"
識,discriminating,"64x64 pixel art, minimal style, 3-5 colors, clean pixel edges, simple abstract symbol"
鏡,mirror,"64x64 pixel art, minimal style, 3-5 colors, clean pixel edges, simple abstract symbol"
境,boundary,"64x64 pixel art, minimal style, 3-5 colors, clean pixel edges, simple abstract symbol"
亡,deceased,"64x64 pixel art, minimal style, 3-5 colors, clean pixel edges, simple abstract symbol"
盲,blind,"64x64 pixel art, minimal style, 3-5 colors, clean pixel edges, simple abstract symbol"
妄,delusion,"64x64 pixel art, minimal style, 3-5 colors, clean pixel edges, simple abstract symbol"
荒,laid_waste,"64x64 pixel art, minimal style, 3-5 colors, clean pixel edges, simple abstract symbol"
望,ambition,"64x64 pixel art, minimal style, 3-5 colors, clean pixel edges, simple abstract symbol"
方,direction,"64x64 pixel art, minimal style, 3-5 colors, clean pixel edges, simple abstract symbol"
妨,disturb,"64x64 pixel art, minimal style, 3-5 colors, clean pixel edges, simple abstract symbol"
坊,boy,"64x64 pixel art, minimal style, 3-5 colors, clean pixel edges, simple abstract symbol"
芳,perfume,"64x64 pixel art, minimal style, 3-5 colors, clean pixel edges, simple abstract symbol"
肪,obese,"64x64 pixel art, minimal style, 3-5 colors, clean pixel edges, simple abstract symbol"
訪,call_on,"64x64 pixel art, minimal style, 3-5 colors, clean pixel edges, simple abstract symbol"
放,release,"64x64 pixel art, minimal style, 3-5 colors, clean pixel edges, simple abstract symbol"
激,violent,"64x64 pixel art, minimal style, 3-5 colors, clean pixel edges, simple abstract symbol"
脱,undress,"64x64 pixel art, minimal style, 3-5 colors, clean pixel edges, simple abstract symbol"
説,theory,"64x64 pixel art, minimal style, 3-5 colors, clean pixel edges, simple abstract symbol"
鋭,pointed,"64x64 pixel art, minimal style, 3-5 colors, clean pixel edges, simple abstract symbol"
曽,formerly,"64x64 pixel art, minimal style, 3-5 colors, clean pixel edges, simple abstract symbol"
増,increase,"64x64 pixel art, minimal style, 3-5 colors, clean pixel edges, simple abstract symbol"
贈,presents,"64x64 pixel art, minimal style, 3-5 colors, clean pixel edges, simple abstract symbol"
東,east,"64x64 pixel art, minimal style, 3-5 colors, clean pixel edges, simple abstract symbol"
棟,ridgepole,"64x64 pixel art, minimal style, 3-5 colors, clean pixel edges, simple abstract symbol"
凍,frozen,"64x64 pixel art, minimal style, 3-5 colors, clean pixel edges, simple abstract symbol"
妊,pregnancy,"64x64 pixel art, minimal style, 3-5 colors, clean pixel edges, simple abstract symbol"
廷,courts,"64x64 pixel art, minimal style, 3-5 colors, clean pixel edges, simple abstract symbol"
染,dye,"64x64 pixel art, minimal style, 3-5 colors, clean pixel edges, simple abstract symbol"
燃,burn,"64x64 pixel art, minimal style, 3-5 colors, clean pixel edges, simple abstract symbol"
賓,vip,"64x64 pixel art, minimal style, 3-5 colors, clean pixel edges, simple abstract symbol"
歳,year_end,"64x64 pixel art, minimal style, 3-5 colors, clean pixel edges, simple abstract symbol"
県,prefecture,"64x64 pixel art, minimal style, 3-5 colors, clean pixel edges, simple abstract symbol"
栃,horse_chestnut,"64x64 pixel art, minimal style, 3-5 colors, clean pixel edges, simple abstract symbol"
地,ground,"64x64 pixel art, minimal style, 3-5 colors, clean pixel edges, simple abstract symbol"
池,pond,"64x64 pixel art, minimal style, 3-5 colors, clean pixel edges, simple abstract symbol"
虫,insect,"64x64 pixel art, minimal style, 3-5 colors, clean pixel edges, simple abstract symbol"
蛍,lightning_bug,"64x64 pixel art, minimal style, 3-5 colors, clean pixel edges, simple abstract symbol"
蛇,snake,"64x64 pixel art, minimal style, 3-5 colors, clean pixel edges, simple abstract symbol"
虹,rainbow,"64x64 pixel art, minimal style, 3-5 colors, clean pixel edges, simple abstract symbol"
蝶,butterfly,"64x64 pixel art, minimal style, 3-5 colors, clean pixel edges, simple abstract symbol"
独,alone,"64x64 pixel art, minimal style, 3-5 colors, clean pixel edges, simple abstract symbol"
蚕,silkworm,"64x64 pixel art, minimal style, 3-5 colors, clean pixel edges, simple abstract symbol"
風,wind,"64x64 pixel art, minimal style, 3-5 colors, clean pixel edges, simple abstract symbol"
己,self,"64x64 pixel art, minimal style, 3-5 colors, clean pixel edges, simple abstract symbol"
起,wake_up,"64x64 pixel art, minimal style, 3-5 colors, clean pixel edges, simple abstract symbol"
妃,queen,"64x64 pixel art, minimal style, 3-5 colors, clean pixel edges, simple abstract symbol"
改,reformation,"64x64 pixel art, minimal style, 3-5 colors, clean pixel edges, simple abstract symbol"
記,scribe,"64x64 pixel art, minimal style, 3-5 colors, clean pixel edges, simple abstract symbol"
包,wrap,"64x64 pixel art, minimal style, 3-5 colors, clean pixel edges, simple abstract symbol"
胞,placenta,"64x64 pixel art, minimal style, 3-5 colors, clean pixel edges, simple abstract symbol"
砲,cannon,"64x64 pixel art, minimal style, 3-5 colors, clean pixel edges, simple abstract symbol"
泡,bubbles,"64x64 pixel art, minimal style, 3-5 colors, clean pixel edges, simple abstract symbol"
亀,turtle,"64x64 pixel art, minimal style, 3-5 colors, clean pixel edges, simple abstract symbol"
電,electricity,"64x64 pixel art, minimal style, 3-5 colors, clean pixel edges, simple abstract symbol"
竜,dragon,"64x64 pixel art, minimal style, 3-5 colors, clean pixel edges, simple abstract symbol"
滝,waterfall,"64x64 pixel art, minimal style, 3-5 colors, clean pixel edges, simple abstract symbol"
豚,pork,"64x64 pixel art, minimal style, 3-5 colors, clean pixel edges, simple abstract symbol"
逐,pursue,"64x64 pixel art, minimal style, 3-5 colors, clean pixel edges, simple abstract symbol"
遂,consummate,"64x64 pixel art, minimal style, 3-5 colors, clean pixel edges, simple abstract symbol"
家,house,"64x64 pixel art, minimal style, 3-5 colors, clean pixel edges, simple abstract symbol"
嫁,marry_into,"64x64 pixel art, minimal style, 3-5 colors, clean pixel edges, simple abstract symbol"
豪,overpowering,"64x64 pixel art, minimal style, 3-5 colors, clean pixel edges, simple abstract symbol"
腸,intestines,"64x64 pixel art, minimal style, 3-5 colors, clean pixel edges, simple abstract symbol"
場,location,"64x64 pixel art, minimal style, 3-5 colors, clean pixel edges, simple abstract symbol"
湯,hot_water,"64x64 pixel art, minimal style, 3-5 colors, clean pixel edges, simple abstract symbol"
羊,sheep,"64x64 pixel art, minimal style, 3-5 colors, clean pixel edges, simple abstract symbol"
美,beauty,"64x64 pixel art, minimal style, 3-5 colors, clean pixel edges, simple abstract symbol"
洋,ocean,"64x64 pixel art, minimal style, 3-5 colors, clean pixel edges, simple abstract symbol"
詳,detailed,"64x64 pixel art, minimal style, 3-5 colors, clean pixel edges, simple abstract symbol"
鮮,fresh,"64x64 pixel art, minimal style, 3-5 colors, clean pixel edges, simple abstract symbol"
達,attain,"64x64 pixel art, minimal style, 3-5 colors, clean pixel edges, simple abstract symbol"
羨,envious,"64x64 pixel art, minimal style, 3-5 colors, clean pixel edges, simple abstract symbol"
差,distinction,"64x64 pixel art, minimal style, 3-5 colors, clean pixel edges, simple abstract symbol"
着,wear,"64x64 pixel art, minimal style, 3-5 colors, clean pixel edges, simple abstract symbol"
唯,solely,"64x64 pixel art, minimal style, 3-5 colors, clean pixel edges, simple abstract symbol"
堆,piled_high,"64x64 pixel art, minimal style, 3-5 colors, clean pixel edges, simple abstract symbol"
椎,sweet_oak,"64x64 pixel art, minimal style, 3-5 colors, clean pixel edges, simple abstract symbol"
誰,who,"64x64 pixel art, minimal style, 3-5 colors, clean pixel edges, simple abstract symbol"
焦,char,"64x64 pixel art, minimal style, 3-5 colors, clean pixel edges, simple abstract symbol"
礁,reef,"64x64 pixel art, minimal style, 3-5 colors, clean pixel edges, simple abstract symbol"
集,gather,"64x64 pixel art, minimal style, 3-5 colors, clean pixel edges, simple abstract symbol"
准,quasi,"64x64 pixel art, minimal style, 3-5 colors, clean pixel edges, simple abstract symbol"
進,advance,"64x64 pixel art, minimal style, 3-5 colors, clean pixel edges, simple abstract symbol"
雑,miscellaneous,"64x64 pixel art, minimal style, 3-5 colors, clean pixel edges, simple abstract symbol"
雌,female,"64x64 pixel art, minimal style, 3-5 colors, clean pixel edges, simple abstract symbol"
準,conform,"64x64 pixel art, minimal style, 3-5 colors, clean pixel edges, simple abstract symbol"
奮,stirred_up,"64x64 pixel art, minimal style, 3-5 colors, clean pixel edges, simple abstract symbol"
奪,rob,"64x64 pixel art, minimal style, 3-5 colors, clean pixel edges, simple abstract symbol"
確,assurance,"64x64 pixel art, minimal style, 3-5 colors, clean pixel edges, simple abstract symbol"
午,noon,"64x64 pixel art, minimal style, 3-5 colors, clean pixel edges, simple abstract symbol"
許,permit,"64x64 pixel art, minimal style, 3-5 colors, clean pixel edges, simple abstract symbol"
歓,delight,"64x64 pixel art, minimal style, 3-5 colors, clean pixel edges, simple abstract symbol"
権,rights,"64x64 pixel art, minimal style, 3-5 colors, clean pixel edges, simple abstract symbol"
観,observe,"64x64 pixel art, minimal style, 3-5 colors, clean pixel edges, simple abstract symbol"
羽,feathers,"64x64 pixel art, minimal style, 3-5 colors, clean pixel edges, simple abstract symbol"
習,learn,"64x64 pixel art, minimal style, 3-5 colors, clean pixel edges, simple abstract symbol"
翌,following_day,"64x64 pixel art, minimal style, 3-5 colors, clean pixel edges, simple abstract symbol"
曜,weekday,"64x64 pixel art, minimal style, 3-5 colors, clean pixel edges, simple abstract symbol"
濯,laundry,"64x64 pixel art, minimal style, 3-5 colors, clean pixel edges, simple abstract symbol"
曰,sayeth,"64x64 pixel art, minimal style, 3-5 colors, clean pixel edges, simple abstract symbol"
困,quandary,"64x64 pixel art, minimal style, 3-5 colors, clean pixel edges, simple abstract symbol"
固,hard,"64x64 pixel art, minimal style, 3-5 colors, clean pixel edges, simple abstract symbol"
錮,weld,"64x64 pixel art, minimal style, 3-5 colors, clean pixel edges, simple abstract symbol"
国,country,"64x64 pixel art, minimal style, 3-5 colors, clean pixel edges, simple abstract symbol"
団,group,"64x64 pixel art, minimal style, 3-5 colors, clean pixel edges, simple abstract symbol"
因,reason,"64x64 pixel art, minimal style, 3-5 colors, clean pixel edges, simple abstract symbol"
姻,matrimony,"64x64 pixel art, minimal style, 3-5 colors, clean pixel edges, simple abstract symbol"
咽,gullet,"64x64 pixel art, minimal style, 3-5 colors, clean pixel edges, simple abstract symbol"
園,garden,"64x64 pixel art, minimal style, 3-5 colors, clean pixel edges, simple abstract symbol"
回,occurrences,"64x64 pixel art, minimal style, 3-5 colors, clean pixel edges, simple abstract symbol"
壇,podium,"64x64 pixel art, minimal style, 3-5 colors, clean pixel edges, simple abstract symbol"
店,store,"64x64 pixel art, minimal style, 3-5 colors, clean pixel edges, simple abstract symbol"
庫,storage,"64x64 pixel art, minimal style, 3-5 colors, clean pixel edges, simple abstract symbol"
庭,courtyard,"64x64 pixel art, minimal style, 3-5 colors, clean pixel edges, simple abstract symbol"
庁,government_office,"64x64 pixel art, minimal style, 3-5 colors, clean pixel edges, simple abstract symbol"
床,bed,"64x64 pixel art, minimal style, 3-5 colors, clean pixel edges, simple abstract symbol"
麻,hemp,"64x64 pixel art, minimal style, 3-5 colors, clean pixel edges, simple abstract symbol"
磨,grind,"64x64 pixel art, minimal style, 3-5 colors, clean pixel edges, simple abstract symbol"
心,heart,"64x64 pixel art, minimal style, 3-5 colors, clean pixel edges, simple abstract symbol"
忘,forget,"64x64 pixel art, minimal style, 3-5 colors, clean pixel edges, simple abstract symbol"
恣,selfish,"64x64 pixel art, minimal style, 3-5 colors, clean pixel edges, simple abstract symbol"
忍,endure_silently,"64x64 pixel art, minimal style, 3-5 colors, clean pixel edges, simple abstract symbol"
認,acknowledge,"64x64 pixel art, minimal style, 3-5 colors, clean pixel edges, simple abstract symbol"
忌,mourning,"64x64 pixel art, minimal style, 3-5 colors, clean pixel edges, simple abstract symbol"
志,intention,"64x64 pixel art, minimal style, 3-5 colors, clean pixel edges, simple abstract symbol"
誌,document,"64x64 pixel art, minimal style, 3-5 colors, clean pixel edges, simple abstract symbol"
芯,core,"64x64 pixel art, minimal style, 3-5 colors, clean pixel edges, simple abstract symbol"
忠,loyalty,"64x64 pixel art, minimal style, 3-5 colors, clean pixel edges, simple abstract symbol"
串,skewer,"64x64 pixel art, minimal style, 3-5 colors, clean pixel edges, simple abstract symbol"
患,afflicted,"64x64 pixel art, minimal style, 3-5 colors, clean pixel edges, simple abstract symbol"
思,think,"64x64 pixel art, minimal style, 3-5 colors, clean pixel edges, simple abstract symbol"
恩,grace,"64x64 pixel art, minimal style, 3-5 colors, clean pixel edges, simple abstract symbol"
応,respond,"64x64 pixel art, minimal style, 3-5 colors, clean pixel edges, simple abstract symbol"
意,idea,"64x64 pixel art, minimal style, 3-5 colors, clean pixel edges, simple abstract symbol"
臆,cowardice,"64x64 pixel art, minimal style, 3-5 colors, clean pixel edges, simple abstract symbol"
想,concept,"64x64 pixel art, minimal style, 3-5 colors, clean pixel edges, simple abstract symbol"
息,breath,"64x64 pixel art, minimal style, 3-5 colors, clean pixel edges, simple abstract symbol"
憩,recess,"64x64 pixel art, minimal style, 3-5 colors, clean pixel edges, simple abstract symbol"
恵,favor,"64x64 pixel art, minimal style, 3-5 colors, clean pixel edges, simple abstract symbol"
恐,fear,"64x64 pixel art, minimal style, 3-5 colors, clean pixel edges, simple abstract symbol"
惑,beguile,"64x64 pixel art, minimal style, 3-5 colors, clean pixel edges, simple abstract symbol"
感,feeling,"64x64 pixel art, minimal style, 3-5 colors, clean pixel edges, simple abstract symbol"
憂,melancholy,"64x64 pixel art, minimal style, 3-5 colors, clean pixel edges, simple abstract symbol"
寡,widow,"64x64 pixel art, minimal style, 3-5 colors, clean pixel edges, simple abstract symbol"
忙,busy,"64x64 pixel art, minimal style, 3-5 colors, clean pixel edges, simple abstract symbol"
悦,ecstasy,"64x64 pixel art, minimal style, 3-5 colors, clean pixel edges, simple abstract symbol"
恒,constancy,"64x64 pixel art, minimal style, 3-5 colors, clean pixel edges, simple abstract symbol"
悼,lament,"64x64 pixel art, minimal style, 3-5 colors, clean pixel edges, simple abstract symbol"
悟,enlightenment,"64x64 pixel art, minimal style, 3-5 colors, clean pixel edges, simple abstract symbol"
怖,dreadful,"64x64 pixel art, minimal style, 3-5 colors, clean pixel edges, simple abstract symbol"
慌,disconcerted,"64x64 pixel art, minimal style, 3-5 colors, clean pixel edges, simple abstract symbol"
悔,repent,"64x64 pixel art, minimal style, 3-5 colors, clean pixel edges, simple abstract symbol"
憎,hate,"64x64 pixel art, minimal style, 3-5 colors, clean pixel edges, simple abstract symbol"
慣,accustomed,"64x64 pixel art, minimal style, 3-5 colors, clean pixel edges, simple abstract symbol"
愉,pleasure,"64x64 pixel art, minimal style, 3-5 colors, clean pixel edges, simple abstract symbol"
惰,lazy,"64x64 pixel art, minimal style, 3-5 colors, clean pixel edges, simple abstract symbol"
慎,humility,"64x64 pixel art, minimal style, 3-5 colors, clean pixel edges, simple abstract symbol"
憾,remorse,"64x64 pixel art, minimal style, 3-5 colors, clean pixel edges, simple abstract symbol"
憶,recollection,"64x64 pixel art, minimal style, 3-5 colors, clean pixel edges, simple abstract symbol"
惧,disquieting,"64x64 pixel art, minimal style, 3-5 colors, clean pixel edges, simple abstract symbol"
憧,desire,"64x64 pixel art, minimal style, 3-5 colors, clean pixel edges, simple abstract symbol"
憬,long_for,"64x64 pixel art, minimal style, 3-5 colors, clean pixel edges, simple abstract symbol"
慕,pining,"64x64 pixel art, minimal style, 3-5 colors, clean pixel edges, simple abstract symbol"
添,annexed,"64x64 pixel art, minimal style, 3-5 colors, clean pixel edges, simple abstract symbol"
必,invariably,"64x64 pixel art, minimal style, 3-5 colors, clean pixel edges, simple abstract symbol"
泌,ooze,"64x64 pixel art, minimal style, 3-5 colors, clean pixel edges, simple abstract symbol"
手,hand,"64x64 pixel art, minimal style, 3-5 colors, clean pixel edges, simple abstract symbol"
看,watch_over,"64x64 pixel art, minimal style, 3-5 colors, clean pixel edges, simple abstract symbol"
摩,chafe,"64x64 pixel art, minimal style, 3-5 colors, clean pixel edges, simple abstract symbol"
我,ego,"64x64 pixel art, minimal style, 3-5 colors, clean pixel edges, simple abstract symbol"
義,righteousness,"64x64 pixel art, minimal style, 3-5 colors, clean pixel edges, simple abstract symbol"
議,deliberation,"64x64 pixel art, minimal style, 3-5 colors, clean pixel edges, simple abstract symbol"
犠,sacrifice,"64x64 pixel art, minimal style, 3-5 colors, clean pixel edges, simple abstract symbol"
抹,rub,"64x64 pixel art, minimal style, 3-5 colors, clean pixel edges, simple abstract symbol"
拭,wipe,"64x64 pixel art, minimal style, 3-5 colors, clean pixel edges, simple abstract symbol"
拉,yank,"64x64 pixel art, minimal style, 3-5 colors, clean pixel edges, simple abstract symbol"
抱,embrace,"64x64 pixel art, minimal style, 3-5 colors, clean pixel edges, simple abstract symbol"
搭,board,"64x64 pixel art, minimal style, 3-5 colors, clean pixel edges, simple abstract symbol"
抄,extract,"64x64 pixel art, minimal style, 3-5 colors, clean pixel edges, simple abstract symbol"
抗,confront,"64x64 pixel art, minimal style, 3-5 colors, clean pixel edges, simple abstract symbol"
批,criticism,"64x64 pixel art, minimal style, 3-5 colors, clean pixel edges, simple abstract symbol"
招,beckon,"64x64 pixel art, minimal style, 3-5 colors, clean pixel edges, simple abstract symbol"
拓,clear_land,"64x64 pixel art, minimal style, 3-5 colors, clean pixel edges, simple abstract symbol"
拍,clap,"64x64 pixel art, minimal style, 3-5 colors, clean pixel edges, simple abstract symbol"
打,strike,"64x64 pixel art, minimal style, 3-5 colors, clean pixel edges, simple abstract symbol"
拘,arrest,"64x64 pixel art, minimal style, 3-5 colors, clean pixel edges, simple abstract symbol"
捨,discard,"64x64 pixel art, minimal style, 3-5 colors, clean pixel edges, simple abstract symbol"
拐,kidnap,"64x64 pixel art, minimal style, 3-5 colors, clean pixel edges, simple abstract symbol"
摘,pinch,"64x64 pixel art, minimal style, 3-5 colors, clean pixel edges, simple abstract symbol"
挑,challenge,"64x64 pixel art, minimal style, 3-5 colors, clean pixel edges, simple abstract symbol"
指,finger,"64x64 pixel art, minimal style, 3-5 colors, clean pixel edges, simple abstract symbol"
持,hold,"64x64 pixel art, minimal style, 3-5 colors, clean pixel edges, simple abstract symbol"
拶,imminent,"64x64 pixel art, minimal style, 3-5 colors, clean pixel edges, simple abstract symbol"
括,fasten,"64x64 pixel art, minimal style, 3-5 colors, clean pixel edges, simple abstract symbol"
揮,brandish,"64x64 pixel art, minimal style, 3-5 colors, clean pixel edges, simple abstract symbol"
推,infer,"64x64 pixel art, minimal style, 3-5 colors, clean pixel edges, simple abstract symbol"
揚,hoist,"64x64 pixel art, minimal style, 3-5 colors, clean pixel edges, simple abstract symbol"
提,propose,"64x64 pixel art, minimal style, 3-5 colors, clean pixel edges, simple abstract symbol"
損,damage,"64x64 pixel art, minimal style, 3-5 colors, clean pixel edges, simple abstract symbol"
拾,pick_up,"64x64 pixel art, minimal style, 3-5 colors, clean pixel edges, simple abstract symbol"
担,shouldering,"64x64 pixel art, minimal style, 3-5 colors, clean pixel edges, simple abstract symbol"
拠,foothold,"64x64 pixel art, minimal style, 3-5 colors, clean pixel edges, simple abstract symbol"
描,sketch,"64x64 pixel art, minimal style, 3-5 colors, clean pixel edges, simple abstract symbol"
操,maneuver,"64x64 pixel art, minimal style, 3-5 colors, clean pixel edges, simple abstract symbol"
接,touch,"64x64 pixel art, minimal style, 3-5 colors, clean pixel edges, simple abstract symbol"
掲,put_up_notice,"64x64 pixel art, minimal style, 3-5 colors, clean pixel edges, simple abstract symbol"
掛,hang,"64x64 pixel art, minimal style, 3-5 colors, clean pixel edges, simple abstract symbol"
捗,make_headway,"64x64 pixel art, minimal style, 3-5 colors, clean pixel edges, simple abstract symbol"
研,sharpen,"64x64 pixel art, minimal style, 3-5 colors, clean pixel edges, simple abstract symbol"
戒,commandment,"64x64 pixel art, minimal style, 3-5 colors, clean pixel edges, simple abstract symbol"
弄,tinker_with,"64x64 pixel art, minimal style, 3-5 colors, clean pixel edges, simple abstract symbol"
械,contraption,"64x64 pixel art, minimal style, 3-5 colors, clean pixel edges, simple abstract symbol"
鼻,nose,"64x64 pixel art, minimal style, 3-5 colors, clean pixel edges, simple abstract symbol"
刑,punish,"64x64 pixel art, minimal style, 3-5 colors, clean pixel edges, simple abstract symbol"
型,mould,"64x64 pixel art, minimal style, 3-5 colors, clean pixel edges, simple abstract symbol"
才,genius,"64x64 pixel art, minimal style, 3-5 colors, clean pixel edges, simple abstract symbol"
財,property,"64x64 pixel art, minimal style, 3-5 colors, clean pixel edges, simple abstract symbol"
材,lumber,"64x64 pixel art, minimal style, 3-5 colors, clean pixel edges, simple abstract symbol"
存,suppose,"64x64 pixel art, minimal style, 3-5 colors, clean pixel edges, simple abstract symbol"
在,exist,"64x64 pixel art, minimal style, 3-5 colors, clean pixel edges, simple abstract symbol"
乃,no,"64x64 pixel art, minimal style, 3-5 colors, clean pixel edges, simple abstract symbol"
携,portable,"64x64 pixel art, minimal style, 3-5 colors, clean pixel edges, simple abstract symbol"
及,reach_out,"64x64 pixel art, minimal style, 3-5 colors, clean pixel edges, simple abstract symbol"
吸,suck,"64x64 pixel art, minimal style, 3-5 colors, clean pixel edges, simple abstract symbol"
扱,handle,"64x64 pixel art, minimal style, 3-5 colors, clean pixel edges, simple abstract symbol"
丈,length,"64x64 pixel art, minimal style, 3-5 colors, clean pixel edges, simple abstract symbol"
史,history,"64x64 pixel art, minimal style, 3-5 colors, clean pixel edges, simple abstract symbol"
吏,officer,"64x64 pixel art, minimal style, 3-5 colors, clean pixel edges, simple abstract symbol"
更,further,"64x64 pixel art, minimal style, 3-5 colors, clean pixel edges, simple abstract symbol"
硬,stiff,"64x64 pixel art, minimal style, 3-5 colors, clean pixel edges, simple abstract symbol"
梗,spiny,"64x64 pixel art, minimal style, 3-5 colors, clean pixel edges, simple abstract symbol"
又,or_again,"64x64 pixel art, minimal style, 3-5 colors, clean pixel edges, simple abstract symbol"
双,pair,"64x64 pixel art, minimal style, 3-5 colors, clean pixel edges, simple abstract symbol"
桑,mulberry,"64x64 pixel art, minimal style, 3-5 colors, clean pixel edges, simple abstract symbol"
隻,vessels,"64x64 pixel art, minimal style, 3-5 colors, clean pixel edges, simple abstract symbol"
護,safeguard,"64x64 pixel art, minimal style, 3-5 colors, clean pixel edges, simple abstract symbol"
獲,seize,"64x64 pixel art, minimal style, 3-5 colors, clean pixel edges, simple abstract symbol"
奴,guy,"64x64 pixel art, minimal style, 3-5 colors, clean pixel edges, simple abstract symbol"
怒,angry,"64x64 pixel art, minimal style, 3-5 colors, clean pixel edges, simple abstract symbol"
友,friend,"64x64 pixel art, minimal style, 3-5 colors, clean pixel edges, simple abstract symbol"
抜,slip_out,"64x64 pixel art, minimal style, 3-5 colors, clean pixel edges, simple abstract symbol"
投,throw,"64x64 pixel art, minimal style, 3-5 colors, clean pixel edges, simple abstract symbol"
没,drown,"64x64 pixel art, minimal style, 3-5 colors, clean pixel edges, simple abstract symbol"
股,crotch,"64x64 pixel art, minimal style, 3-5 colors, clean pixel edges, simple abstract symbol"
設,establish,"64x64 pixel art, minimal style, 3-5 colors, clean pixel edges, simple abstract symbol"
撃,beat,"64x64 pixel art, minimal style, 3-5 colors, clean pixel edges, simple abstract symbol"
殻,husk,"64x64 pixel art, minimal style, 3-5 colors, clean pixel edges, simple abstract symbol"
支,branch,"64x64 pixel art, minimal style, 3-5 colors, clean pixel edges, simple abstract symbol"
技,skill,"64x64 pixel art, minimal style, 3-5 colors, clean pixel edges, simple abstract symbol"
枝,bough,"64x64 pixel art, minimal style, 3-5 colors, clean pixel edges, simple abstract symbol"
肢,limb,"64x64 pixel art, minimal style, 3-5 colors, clean pixel edges, simple abstract symbol"
茎,stalk,"64x64 pixel art, minimal style, 3-5 colors, clean pixel edges, simple abstract symbol"
怪,suspicious,"64x64 pixel art, minimal style, 3-5 colors, clean pixel edges, simple abstract symbol"
軽,light_weight,"64x64 pixel art, minimal style, 3-5 colors, clean pixel edges, simple abstract symbol"
叔,uncle,"64x64 pixel art, minimal style, 3-5 colors, clean pixel edges, simple abstract symbol"
督,coach,"64x64 pixel art, minimal style, 3-5 colors, clean pixel edges, simple abstract symbol"
寂,loneliness,"64x64 pixel art, minimal style, 3-5 colors, clean pixel edges, simple abstract symbol"
淑,graceful,"64x64 pixel art, minimal style, 3-5 colors, clean pixel edges, simple abstract symbol"
反,anti,"64x64 pixel art, minimal style, 3-5 colors, clean pixel edges, simple abstract symbol"
坂,slope,"64x64 pixel art, minimal style, 3-5 colors, clean pixel edges, simple abstract symbol"
板,plank,"64x64 pixel art, minimal style, 3-5 colors, clean pixel edges, simple abstract symbol"
返,return,"64x64 pixel art, minimal style, 3-5 colors, clean pixel edges, simple abstract symbol"
販,marketing,"64x64 pixel art, minimal style, 3-5 colors, clean pixel edges, simple abstract symbol"
爪,claw,"64x64 pixel art, minimal style, 3-5 colors, clean pixel edges, simple abstract symbol"
妥,gentle,"64x64 pixel art, minimal style, 3-5 colors, clean pixel edges, simple abstract symbol"
乳,milk,"64x64 pixel art, minimal style, 3-5 colors, clean pixel edges, simple abstract symbol"
浮,floating,"64x64 pixel art, minimal style, 3-5 colors, clean pixel edges, simple abstract symbol"
淫,lewdness,"64x64 pixel art, minimal style, 3-5 colors, clean pixel edges, simple abstract symbol"
将,leader,"64x64 pixel art, minimal style, 3-5 colors, clean pixel edges, simple abstract symbol"
奨,exhort,"64x64 pixel art, minimal style, 3-5 colors, clean pixel edges, simple abstract symbol"
采,grab,"64x64 pixel art, minimal style, 3-5 colors, clean pixel edges, simple abstract symbol"
採,pick,"64x64 pixel art, minimal style, 3-5 colors, clean pixel edges, simple abstract symbol"
菜,vegetable,"64x64 pixel art, minimal style, 3-5 colors, clean pixel edges, simple abstract symbol"
受,accept,"64x64 pixel art, minimal style, 3-5 colors, clean pixel edges, simple abstract symbol"
授,instruct,"64x64 pixel art, minimal style, 3-5 colors, clean pixel edges, simple abstract symbol"
愛,love,"64x64 pixel art, minimal style, 3-5 colors, clean pixel edges, simple abstract symbol"
曖,unclear,"64x64 pixel art, minimal style, 3-5 colors, clean pixel edges, simple abstract symbol"
払,pay,"64x64 pixel art, minimal style, 3-5 colors, clean pixel edges, simple abstract symbol"
広,wide,"64x64 pixel art, minimal style, 3-5 colors, clean pixel edges, simple abstract symbol"
勾,capture,"64x64 pixel art, minimal style, 3-5 colors, clean pixel edges, simple abstract symbol"
拡,broaden,"64x64 pixel art, minimal style, 3-5 colors, clean pixel edges, simple abstract symbol"
鉱,mineral,"64x64 pixel art, minimal style, 3-5 colors, clean pixel edges, simple abstract symbol"
弁,valve,"64x64 pixel art, minimal style, 3-5 colors, clean pixel edges, simple abstract symbol"
雄,male,"64x64 pixel art, minimal style, 3-5 colors, clean pixel edges, simple abstract symbol"
台,pedestal,"64x64 pixel art, minimal style, 3-5 colors, clean pixel edges, simple abstract symbol"
怠,neglect,"64x64 pixel art, minimal style, 3-5 colors, clean pixel edges, simple abstract symbol"
治,reign,"64x64 pixel art, minimal style, 3-5 colors, clean pixel edges, simple abstract symbol"
冶,metallurgy,"64x64 pixel art, minimal style, 3-5 colors, clean pixel edges, simple abstract symbol"
始,commence,"64x64 pixel art, minimal style, 3-5 colors, clean pixel edges, simple abstract symbol"
胎,womb,"64x64 pixel art, minimal style, 3-5 colors, clean pixel edges, simple abstract symbol"
窓,window,"64x64 pixel art, minimal style, 3-5 colors, clean pixel edges, simple abstract symbol"
去,leave,"64x64 pixel art, minimal style, 3-5 colors, clean pixel edges, simple abstract symbol"
法,method,"64x64 pixel art, minimal style, 3-5 colors, clean pixel edges, simple abstract symbol"
会,meeting,"64x64 pixel art, minimal style, 3-5 colors, clean pixel edges, simple abstract symbol"
至,climax,"64x64 pixel art, minimal style, 3-5 colors, clean pixel edges, simple abstract symbol"
室,room,"64x64 pixel art, minimal style, 3-5 colors, clean pixel edges, simple abstract symbol"
到,arrival,"64x64 pixel art, minimal style, 3-5 colors, clean pixel edges, simple abstract symbol"
致,bring_about,"64x64 pixel art, minimal style, 3-5 colors, clean pixel edges, simple abstract symbol"
互,mutually,"64x64 pixel art, minimal style, 3-5 colors, clean pixel edges, simple abstract symbol"
棄,abandon,"64x64 pixel art, minimal style, 3-5 colors, clean pixel edges, simple abstract symbol"
育,nurture,"64x64 pixel art, minimal style, 3-5 colors, clean pixel edges, simple abstract symbol"
撤,remove,"64x64 pixel art, minimal style, 3-5 colors, clean pixel edges, simple abstract symbol"
充,allot,"64x64 pixel art, minimal style, 3-5 colors, clean pixel edges, simple abstract symbol"
銃,gun,"64x64 pixel art, minimal style, 3-5 colors, clean pixel edges, simple abstract symbol"
硫,sulfur,"64x64 pixel art, minimal style, 3-5 colors, clean pixel edges, simple abstract symbol"
流,current,"64x64 pixel art, minimal style, 3-5 colors, clean pixel edges, simple abstract symbol"
允,makoto,"64x64 pixel art, minimal style, 3-5 colors, clean pixel edges, simple abstract symbol"
唆,tempt,"64x64 pixel art, minimal style, 3-5 colors, clean pixel edges, simple abstract symbol"
出,exit,"64x64 pixel art, minimal style, 3-5 colors, clean pixel edges, simple abstract symbol"
山,mountain,"64x64 pixel art, minimal style, 3-5 colors, clean pixel edges, simple abstract symbol"
拙,bungling,"64x64 pixel art, minimal style, 3-5 colors, clean pixel edges, simple abstract symbol"
岩,boulder,"64x64 pixel art, minimal style, 3-5 colors, clean pixel edges, simple abstract symbol"
炭,charcoal,"64x64 pixel art, minimal style, 3-5 colors, clean pixel edges, simple abstract symbol"
岐,branch_off,"64x64 pixel art, minimal style, 3-5 colors, clean pixel edges, simple abstract symbol"
峠,mountain_pass,"64x64 pixel art, minimal style, 3-5 colors, clean pixel edges, simple abstract symbol"
崩,crumble,"64x64 pixel art, minimal style, 3-5 colors, clean pixel edges, simple abstract symbol"
密,secrecy,"64x64 pixel art, minimal style, 3-5 colors, clean pixel edges, simple abstract symbol"
蜜,honey,"64x64 pixel art, minimal style, 3-5 colors, clean pixel edges, simple abstract symbol"
嵐,storm,"64x64 pixel art, minimal style, 3-5 colors, clean pixel edges, simple abstract symbol"
崎,promontory,"64x64 pixel art, minimal style, 3-5 colors, clean pixel edges, simple abstract symbol"
崖,cliff,"64x64 pixel art, minimal style, 3-5 colors, clean pixel edges, simple abstract symbol"
入,enter,"64x64 pixel art, minimal style, 3-5 colors, clean pixel edges, simple abstract symbol"
込,crowded,"64x64 pixel art, minimal style, 3-5 colors, clean pixel edges, simple abstract symbol"
分,part,"64x64 pixel art, minimal style, 3-5 colors, clean pixel edges, simple abstract symbol"
貧,poverty,"64x64 pixel art, minimal style, 3-5 colors, clean pixel edges, simple abstract symbol"
頒,partition,"64x64 pixel art, minimal style, 3-5 colors, clean pixel edges, simple abstract symbol"
公,public,"64x64 pixel art, minimal style, 3-5 colors, clean pixel edges, simple abstract symbol"
松,pine_tree,"64x64 pixel art, minimal style, 3-5 colors, clean pixel edges, simple abstract symbol"
翁,elderly_man,"64x64 pixel art, minimal style, 3-5 colors, clean pixel edges, simple abstract symbol"
訟,litigation,"64x64 pixel art, minimal style, 3-5 colors, clean pixel edges, simple abstract symbol"
谷,valley,"64x64 pixel art, minimal style, 3-5 colors, clean pixel edges, simple abstract symbol"
浴,bathe,"64x64 pixel art, minimal style, 3-5 colors, clean pixel edges, simple abstract symbol"
容,contain,"64x64 pixel art, minimal style, 3-5 colors, clean pixel edges, simple abstract symbol"
溶,melt,"64x64 pixel art, minimal style, 3-5 colors, clean pixel edges, simple abstract symbol"
欲,longing,"64x64 pixel art, minimal style, 3-5 colors, clean pixel edges, simple abstract symbol"
裕,abundant,"64x64 pixel art, minimal style, 3-5 colors, clean pixel edges, simple abstract symbol"
鉛,lead,"64x64 pixel art, minimal style, 3-5 colors, clean pixel edges, simple abstract symbol"
沿,run_alongside,"64x64 pixel art, minimal style, 3-5 colors, clean pixel edges, simple abstract symbol"
賞,prize,"64x64 pixel art, minimal style, 3-5 colors, clean pixel edges, simple abstract symbol"
党,political_party,"64x64 pixel art, minimal style, 3-5 colors, clean pixel edges, simple abstract symbol"
堂,public_hall,"64x64 pixel art, minimal style, 3-5 colors, clean pixel edges, simple abstract symbol"
常,usual,"64x64 pixel art, minimal style, 3-5 colors, clean pixel edges, simple abstract symbol"
裳,robe,"64x64 pixel art, minimal style, 3-5 colors, clean pixel edges, simple abstract symbol"
掌,manipulate,"64x64 pixel art, minimal style, 3-5 colors, clean pixel edges, simple abstract symbol"
皮,pelt,"64x64 pixel art, minimal style, 3-5 colors, clean pixel edges, simple abstract symbol"
波,waves,"64x64 pixel art, minimal style, 3-5 colors, clean pixel edges, simple abstract symbol"
婆,old_woman,"64x64 pixel art, minimal style, 3-5 colors, clean pixel edges, simple abstract symbol"
披,reveal,"64x64 pixel art, minimal style, 3-5 colors, clean pixel edges, simple abstract symbol"
破,rend,"64x64 pixel art, minimal style, 3-5 colors, clean pixel edges, simple abstract symbol"
被,incur,"64x64 pixel art, minimal style, 3-5 colors, clean pixel edges, simple abstract symbol"
残,remainder,"64x64 pixel art, minimal style, 3-5 colors, clean pixel edges, simple abstract symbol"
殉,martyrdom,"64x64 pixel art, minimal style, 3-5 colors, clean pixel edges, simple abstract symbol"
殊,particularly,"64x64 pixel art, minimal style, 3-5 colors, clean pixel edges, simple abstract symbol"
殖,augment,"64x64 pixel art, minimal style, 3-5 colors, clean pixel edges, simple abstract symbol"
列,file,"64x64 pixel art, minimal style, 3-5 colors, clean pixel edges, simple abstract symbol"
裂,split,"64x64 pixel art, minimal style, 3-5 colors, clean pixel edges, simple abstract symbol"
烈,ardent,"64x64 pixel art, minimal style, 3-5 colors, clean pixel edges, simple abstract symbol"
死,death,"64x64 pixel art, minimal style, 3-5 colors, clean pixel edges, simple abstract symbol"
葬,burial,"64x64 pixel art, minimal style, 3-5 colors, clean pixel edges, simple abstract symbol"
瞬,wink,"64x64 pixel art, minimal style, 3-5 colors, clean pixel edges, simple abstract symbol"
耳,ear,"64x64 pixel art, minimal style, 3-5 colors, clean pixel edges, simple abstract symbol"
取,take,"64x64 pixel art, minimal style, 3-5 colors, clean pixel edges, simple abstract symbol"
趣,gist,"64x64 pixel art, minimal style, 3-5 colors, clean pixel edges, simple abstract symbol"
最,utmost,"64x64 pixel art, minimal style, 3-5 colors, clean pixel edges, simple abstract symbol"
撮,snapshot,"64x64 pixel art, minimal style, 3-5 colors, clean pixel edges, simple abstract symbol"
恥,shame,"64x64 pixel art, minimal style, 3-5 colors, clean pixel edges, simple abstract symbol"
職,employment,"64x64 pixel art, minimal style, 3-5 colors, clean pixel edges, simple abstract symbol"
聖,holy,"64x64 pixel art, minimal style, 3-5 colors, clean pixel edges, simple abstract symbol"
敢,daring,"64x64 pixel art, minimal style, 3-5 colors, clean pixel edges, simple abstract symbol"
聴,listen,"64x64 pixel art, minimal style, 3-5 colors, clean pixel edges, simple abstract symbol"
懐,pocket,"64x64 pixel art, minimal style, 3-5 colors, clean pixel edges, simple abstract symbol"
慢,ridicule,"64x64 pixel art, minimal style, 3-5 colors, clean pixel edges, simple abstract symbol"
漫,cartoon,"64x64 pixel art, minimal style, 3-5 colors, clean pixel edges, simple abstract symbol"
買,buy,"64x64 pixel art, minimal style, 3-5 colors, clean pixel edges, simple abstract symbol"
置,placement,"64x64 pixel art, minimal style, 3-5 colors, clean pixel edges, simple abstract symbol"
罰,penalty,"64x64 pixel art, minimal style, 3-5 colors, clean pixel edges, simple abstract symbol"
寧,rather,"64x64 pixel art, minimal style, 3-5 colors, clean pixel edges, simple abstract symbol"
濁,voiced,"64x64 pixel art, minimal style, 3-5 colors, clean pixel edges, simple abstract symbol"
環,ring,"64x64 pixel art, minimal style, 3-5 colors, clean pixel edges, simple abstract symbol"
還,send_back,"64x64 pixel art, minimal style, 3-5 colors, clean pixel edges, simple abstract symbol"
夫,husband,"64x64 pixel art, minimal style, 3-5 colors, clean pixel edges, simple abstract symbol"
扶,support,"64x64 pixel art, minimal style, 3-5 colors, clean pixel edges, simple abstract symbol"
渓,mountain_stream,"64x64 pixel art, minimal style, 3-5 colors, clean pixel edges, simple abstract symbol"
規,standard,"64x64 pixel art, minimal style, 3-5 colors, clean pixel edges, simple abstract symbol"
替,exchange,"64x64 pixel art, minimal style, 3-5 colors, clean pixel edges, simple abstract symbol"
賛,approve,"64x64 pixel art, minimal style, 3-5 colors, clean pixel edges, simple abstract symbol"
潜,submerge,"64x64 pixel art, minimal style, 3-5 colors, clean pixel edges, simple abstract symbol"
失,lose,"64x64 pixel art, minimal style, 3-5 colors, clean pixel edges, simple abstract symbol"
鉄,iron,"64x64 pixel art, minimal style, 3-5 colors, clean pixel edges, simple abstract symbol"
迭,transfer,"64x64 pixel art, minimal style, 3-5 colors, clean pixel edges, simple abstract symbol"
臣,retainer,"64x64 pixel art, minimal style, 3-5 colors, clean pixel edges, simple abstract symbol"
姫,princess,"64x64 pixel art, minimal style, 3-5 colors, clean pixel edges, simple abstract symbol"
蔵,storehouse,"64x64 pixel art, minimal style, 3-5 colors, clean pixel edges, simple abstract symbol"
臓,entrails,"64x64 pixel art, minimal style, 3-5 colors, clean pixel edges, simple abstract symbol"
賢,intelligent,"64x64 pixel art, minimal style, 3-5 colors, clean pixel edges, simple abstract symbol"
腎,kidney,"64x64 pixel art, minimal style, 3-5 colors, clean pixel edges, simple abstract symbol"
堅,strict,"64x64 pixel art, minimal style, 3-5 colors, clean pixel edges, simple abstract symbol"
臨,look_to,"64x64 pixel art, minimal style, 3-5 colors, clean pixel edges, simple abstract symbol"
覧,perusal,"64x64 pixel art, minimal style, 3-5 colors, clean pixel edges, simple abstract symbol"
巨,gigantic,"64x64 pixel art, minimal style, 3-5 colors, clean pixel edges, simple abstract symbol"
拒,repel,"64x64 pixel art, minimal style, 3-5 colors, clean pixel edges, simple abstract symbol"
力,power,"64x64 pixel art, minimal style, 3-5 colors, clean pixel edges, simple abstract symbol"
男,man,"64x64 pixel art, minimal style, 3-5 colors, clean pixel edges, simple abstract symbol"
労,labor,"64x64 pixel art, minimal style, 3-5 colors, clean pixel edges, simple abstract symbol"
募,recruit,"64x64 pixel art, minimal style, 3-5 colors, clean pixel edges, simple abstract symbol"
劣,inferiority,"64x64 pixel art, minimal style, 3-5 colors, clean pixel edges, simple abstract symbol"
功,achievement,"64x64 pixel art, minimal style, 3-5 colors, clean pixel edges, simple abstract symbol"
勧,persuade,"64x64 pixel art, minimal style, 3-5 colors, clean pixel edges, simple abstract symbol"
努,toil,"64x64 pixel art, minimal style, 3-5 colors, clean pixel edges, simple abstract symbol"
勃,uprising,"64x64 pixel art, minimal style, 3-5 colors, clean pixel edges, simple abstract symbol"
励,encourage,"64x64 pixel art, minimal style, 3-5 colors, clean pixel edges, simple abstract symbol"
加,add,"64x64 pixel art, minimal style, 3-5 colors, clean pixel edges, simple abstract symbol"
賀,congratulations,"64x64 pixel art, minimal style, 3-5 colors, clean pixel edges, simple abstract symbol"
架,rack,"64x64 pixel art, minimal style, 3-5 colors, clean pixel edges, simple abstract symbol"
脇,armpit,"64x64 pixel art, minimal style, 3-5 colors, clean pixel edges, simple abstract symbol"
脅,threaten,"64x64 pixel art, minimal style, 3-5 colors, clean pixel edges, simple abstract symbol"
協,cooperation,"64x64 pixel art, minimal style, 3-5 colors, clean pixel edges, simple abstract symbol"
行,going,"64x64 pixel art, minimal style, 3-5 colors, clean pixel edges, simple abstract symbol"
律,law,"64x64 pixel art, minimal style, 3-5 colors, clean pixel edges, simple abstract symbol"
復,restore,"64x64 pixel art, minimal style, 3-5 colors, clean pixel edges, simple abstract symbol"
得,acquire,"64x64 pixel art, minimal style, 3-5 colors, clean pixel edges, simple abstract symbol"
従,obey,"64x64 pixel art, minimal style, 3-5 colors, clean pixel edges, simple abstract symbol"
徒,junior,"64x64 pixel art, minimal style, 3-5 colors, clean pixel edges, simple abstract symbol"
待,wait,"64x64 pixel art, minimal style, 3-5 colors, clean pixel edges, simple abstract symbol"
往,journey,"64x64 pixel art, minimal style, 3-5 colors, clean pixel edges, simple abstract symbol"
征,subjugate,"64x64 pixel art, minimal style, 3-5 colors, clean pixel edges, simple abstract symbol"
径,diameter,"64x64 pixel art, minimal style, 3-5 colors, clean pixel edges, simple abstract symbol"
彼,he,"64x64 pixel art, minimal style, 3-5 colors, clean pixel edges, simple abstract symbol"
役,role,"64x64 pixel art, minimal style, 3-5 colors, clean pixel edges, simple abstract symbol"
徳,benevolence,"64x64 pixel art, minimal style, 3-5 colors, clean pixel edges, simple abstract symbol"
徹,penetrate,"64x64 pixel art, minimal style, 3-5 colors, clean pixel edges, simple abstract symbol"
徴,indications,"64x64 pixel art, minimal style, 3-5 colors, clean pixel edges, simple abstract symbol"
懲,penal,"64x64 pixel art, minimal style, 3-5 colors, clean pixel edges, simple abstract symbol"
微,delicate,"64x64 pixel art, minimal style, 3-5 colors, clean pixel edges, simple abstract symbol"
街,boulevard,"64x64 pixel art, minimal style, 3-5 colors, clean pixel edges, simple abstract symbol"
桁,beam,"64x64 pixel art, minimal style, 3-5 colors, clean pixel edges, simple abstract symbol"
衡,equilibrium,"64x64 pixel art, minimal style, 3-5 colors, clean pixel edges, simple abstract symbol"
稿,draft,"64x64 pixel art, minimal style, 3-5 colors, clean pixel edges, simple abstract symbol"
稼,earnings,"64x64 pixel art, minimal style, 3-5 colors, clean pixel edges, simple abstract symbol"
程,extent,"64x64 pixel art, minimal style, 3-5 colors, clean pixel edges, simple abstract symbol"
税,tax,"64x64 pixel art, minimal style, 3-5 colors, clean pixel edges, simple abstract symbol"
稚,immature,"64x64 pixel art, minimal style, 3-5 colors, clean pixel edges, simple abstract symbol"
和,harmony,"64x64 pixel art, minimal style, 3-5 colors, clean pixel edges, simple abstract symbol"
移,shift,"64x64 pixel art, minimal style, 3-5 colors, clean pixel edges, simple abstract symbol"
秒,second,"64x64 pixel art, minimal style, 3-5 colors, clean pixel edges, simple abstract symbol"
秋,autumn,"64x64 pixel art, minimal style, 3-5 colors, clean pixel edges, simple abstract symbol"
愁,distress,"64x64 pixel art, minimal style, 3-5 colors, clean pixel edges, simple abstract symbol"
私,me,"64x64 pixel art, minimal style, 3-5 colors, clean pixel edges, simple abstract symbol"
秩,regularity,"64x64 pixel art, minimal style, 3-5 colors, clean pixel edges, simple abstract symbol"
秘,secret,"64x64 pixel art, minimal style, 3-5 colors, clean pixel edges, simple abstract symbol"
称,appellation,"64x64 pixel art, minimal style, 3-5 colors, clean pixel edges, simple abstract symbol"
利,profit,"64x64 pixel art, minimal style, 3-5 colors, clean pixel edges, simple abstract symbol"
梨,pear_tree,"64x64 pixel art, minimal style, 3-5 colors, clean pixel edges, simple abstract symbol"
穫,harvest,"64x64 pixel art, minimal style, 3-5 colors, clean pixel edges, simple abstract symbol"
穂,ear_of_plant,"64x64 pixel art, minimal style, 3-5 colors, clean pixel edges, simple abstract symbol"
稲,rice_plant,"64x64 pixel art, minimal style, 3-5 colors, clean pixel edges, simple abstract symbol"
香,incense,"64x64 pixel art, minimal style, 3-5 colors, clean pixel edges, simple abstract symbol"
季,seasons,"64x64 pixel art, minimal style, 3-5 colors, clean pixel edges, simple abstract symbol"
委,committee,"64x64 pixel art, minimal style, 3-5 colors, clean pixel edges, simple abstract symbol"
秀,excel,"64x64 pixel art, minimal style, 3-5 colors, clean pixel edges, simple abstract symbol"
透,transparent,"64x64 pixel art, minimal style, 3-5 colors, clean pixel edges, simple abstract symbol"
誘,entice,"64x64 pixel art, minimal style, 3-5 colors, clean pixel edges, simple abstract symbol"
稽,examine,"64x64 pixel art, minimal style, 3-5 colors, clean pixel edges, simple abstract symbol"
穀,cereals,"64x64 pixel art, minimal style, 3-5 colors, clean pixel edges, simple abstract symbol"
菌,germ,"64x64 pixel art, minimal style, 3-5 colors, clean pixel edges, simple abstract symbol"
萎,numb,"64x64 pixel art, minimal style, 3-5 colors, clean pixel edges, simple abstract symbol"
米,rice,"64x64 pixel art, minimal style, 3-5 colors, clean pixel edges, simple abstract symbol"
粉,flour,"64x64 pixel art, minimal style, 3-5 colors, clean pixel edges, simple abstract symbol"
粘,sticky,"64x64 pixel art, minimal style, 3-5 colors, clean pixel edges, simple abstract symbol"
粒,grains,"64x64 pixel art, minimal style, 3-5 colors, clean pixel edges, simple abstract symbol"
粧,cosmetics,"64x64 pixel art, minimal style, 3-5 colors, clean pixel edges, simple abstract symbol"
迷,astray,"64x64 pixel art, minimal style, 3-5 colors, clean pixel edges, simple abstract symbol"
粋,chic,"64x64 pixel art, minimal style, 3-5 colors, clean pixel edges, simple abstract symbol"
謎,riddle,"64x64 pixel art, minimal style, 3-5 colors, clean pixel edges, simple abstract symbol"
糧,provisions,"64x64 pixel art, minimal style, 3-5 colors, clean pixel edges, simple abstract symbol"
菊,chrysanthemum,"64x64 pixel art, minimal style, 3-5 colors, clean pixel edges, simple abstract symbol"
奥,inner,"64x64 pixel art, minimal style, 3-5 colors, clean pixel edges, simple abstract symbol"
数,number,"64x64 pixel art, minimal style, 3-5 colors, clean pixel edges, simple abstract symbol"
楼,watchtower,"64x64 pixel art, minimal style, 3-5 colors, clean pixel edges, simple abstract symbol"
類,sort,"64x64 pixel art, minimal style, 3-5 colors, clean pixel edges, simple abstract symbol"
漆,lacquer,"64x64 pixel art, minimal style, 3-5 colors, clean pixel edges, simple abstract symbol"
膝,knee,"64x64 pixel art, minimal style, 3-5 colors, clean pixel edges, simple abstract symbol"
様,formal_title,"64x64 pixel art, minimal style, 3-5 colors, clean pixel edges, simple abstract symbol"
求,request,"64x64 pixel art, minimal style, 3-5 colors, clean pixel edges, simple abstract symbol"
球,sphere,"64x64 pixel art, minimal style, 3-5 colors, clean pixel edges, simple abstract symbol"
救,salvation,"64x64 pixel art, minimal style, 3-5 colors, clean pixel edges, simple abstract symbol"
竹,bamboo,"64x64 pixel art, minimal style, 3-5 colors, clean pixel edges, simple abstract symbol"
笑,laugh,"64x64 pixel art, minimal style, 3-5 colors, clean pixel edges, simple abstract symbol"
笠,bamboo_hat,"64x64 pixel art, minimal style, 3-5 colors, clean pixel edges, simple abstract symbol"
笹,bamboo_grass,"64x64 pixel art, minimal style, 3-5 colors, clean pixel edges, simple abstract symbol"
箋,stationery,"64x64 pixel art, minimal style, 3-5 colors, clean pixel edges, simple abstract symbol"
筋,muscle,"64x64 pixel art, minimal style, 3-5 colors, clean pixel edges, simple abstract symbol"
箱,box,"64x64 pixel art, minimal style, 3-5 colors, clean pixel edges, simple abstract symbol"
筆,writing_brush,"64x64 pixel art, minimal style, 3-5 colors, clean pixel edges, simple abstract symbol"
筒,cylinder,"64x64 pixel art, minimal style, 3-5 colors, clean pixel edges, simple abstract symbol"
等,etc,"64x64 pixel art, minimal style, 3-5 colors, clean pixel edges, simple abstract symbol"
算,calculate,"64x64 pixel art, minimal style, 3-5 colors, clean pixel edges, simple abstract symbol"
答,answer,"64x64 pixel art, minimal style, 3-5 colors, clean pixel edges, simple abstract symbol"
策,scheme,"64x64 pixel art, minimal style, 3-5 colors, clean pixel edges, simple abstract symbol"
簿,register,"64x64 pixel art, minimal style, 3-5 colors, clean pixel edges, simple abstract symbol"
築,fabricate,"64x64 pixel art, minimal style, 3-5 colors, clean pixel edges, simple abstract symbol"
篭,basket,"64x64 pixel art, minimal style, 3-5 colors, clean pixel edges, simple abstract symbol"
人,person,"64x64 pixel art, minimal style, 3-5 colors, clean pixel edges, simple abstract symbol"
佐,assistant,"64x64 pixel art, minimal style, 3-5 colors, clean pixel edges, simple abstract symbol"
侶,partner,"64x64 pixel art, minimal style, 3-5 colors, clean pixel edges, simple abstract symbol"
但,however,"64x64 pixel art, minimal style, 3-5 colors, clean pixel edges, simple abstract symbol"
住,dwelling,"64x64 pixel art, minimal style, 3-5 colors, clean pixel edges, simple abstract symbol"
位,rank,"64x64 pixel art, minimal style, 3-5 colors, clean pixel edges, simple abstract symbol"
仲,go_between,"64x64 pixel art, minimal style, 3-5 colors, clean pixel edges, simple abstract symbol"
体,body,"64x64 pixel art, minimal style, 3-5 colors, clean pixel edges, simple abstract symbol"
悠,permanence,"64x64 pixel art, minimal style, 3-5 colors, clean pixel edges, simple abstract symbol"
件,affair,"64x64 pixel art, minimal style, 3-5 colors, clean pixel edges, simple abstract symbol"
仕,attend_to,"64x64 pixel art, minimal style, 3-5 colors, clean pixel edges, simple abstract symbol"
他,other,"64x64 pixel art, minimal style, 3-5 colors, clean pixel edges, simple abstract symbol"
伏,prostrated,"64x64 pixel art, minimal style, 3-5 colors, clean pixel edges, simple abstract symbol"
伝,transmit,"64x64 pixel art, minimal style, 3-5 colors, clean pixel edges, simple abstract symbol"
仏,buddha,"64x64 pixel art, minimal style, 3-5 colors, clean pixel edges, simple abstract symbol"
休,rest,"64x64 pixel art, minimal style, 3-5 colors, clean pixel edges, simple abstract symbol"
仮,temporary,"64x64 pixel art, minimal style, 3-5 colors, clean pixel edges, simple abstract symbol"
伎,performing artist,"64x64 pixel art, minimal style, 3-5 colors, clean pixel edges, simple abstract symbol"
伯,chief,"64x64 pixel art, minimal style, 3-5 colors, clean pixel edges, simple abstract symbol"
俗,vulgar,"64x64 pixel art, minimal style, 3-5 colors, clean pixel edges, simple abstract symbol"
信,faith,"64x64 pixel art, minimal style, 3-5 colors, clean pixel edges, simple abstract symbol"
佳,excellent,"64x64 pixel art, minimal style, 3-5 colors, clean pixel edges, simple abstract symbol"
依,reliant,"64x64 pixel art, minimal style, 3-5 colors, clean pixel edges, simple abstract symbol"
例,example,"64x64 pixel art, minimal style, 3-5 colors, clean pixel edges, simple abstract symbol"
個,individual,"64x64 pixel art, minimal style, 3-5 colors, clean pixel edges, simple abstract symbol"
健,healthy,"64x64 pixel art, minimal style, 3-5 colors, clean pixel edges, simple abstract symbol"
側,side,"64x64 pixel art, minimal style, 3-5 colors, clean pixel edges, simple abstract symbol"
侍,waiter,"64x64 pixel art, minimal style, 3-5 colors, clean pixel edges, simple abstract symbol"
停,halt,"64x64 pixel art, minimal style, 3-5 colors, clean pixel edges, simple abstract symbol"
値,value,"64x64 pixel art, minimal style, 3-5 colors, clean pixel edges, simple abstract symbol"
倣,emulate,"64x64 pixel art, minimal style, 3-5 colors, clean pixel edges, simple abstract symbol"
傲,arrogance,"64x64 pixel art, minimal style, 3-5 colors, clean pixel edges, simple abstract symbol"
倒,overthrow,"64x64 pixel art, minimal style, 3-5 colors, clean pixel edges, simple abstract symbol"
偵,spy,"64x64 pixel art, minimal style, 3-5 colors, clean pixel edges, simple abstract symbol"
僧,buddhist_priest,"64x64 pixel art, minimal style, 3-5 colors, clean pixel edges, simple abstract symbol"
億,hundred_million,"64x64 pixel art, minimal style, 3-5 colors, clean pixel edges, simple abstract symbol"
儀,ritual,"64x64 pixel art, minimal style, 3-5 colors, clean pixel edges, simple abstract symbol"
償,reparation,"64x64 pixel art, minimal style, 3-5 colors, clean pixel edges, simple abstract symbol"
仙,hermit,"64x64 pixel art, minimal style, 3-5 colors, clean pixel edges, simple abstract symbol"
催,sponsor,"64x64 pixel art, minimal style, 3-5 colors, clean pixel edges, simple abstract symbol"
仁,humanity,"64x64 pixel art, minimal style, 3-5 colors, clean pixel edges, simple abstract symbol"
侮,scorn,"64x64 pixel art, minimal style, 3-5 colors, clean pixel edges, simple abstract symbol"
使,use,"64x64 pixel art, minimal style, 3-5 colors, clean pixel edges, simple abstract symbol"
便,convenience,"64x64 pixel art, minimal style, 3-5 colors, clean pixel edges, simple abstract symbol"
倍,double,"64x64 pixel art, minimal style, 3-5 colors, clean pixel edges, simple abstract symbol"
優,tenderness,"64x64 pixel art, minimal style, 3-5 colors, clean pixel edges, simple abstract symbol"
伐,fell,"64x64 pixel art, minimal style, 3-5 colors, clean pixel edges, simple abstract symbol"
宿,inn,"64x64 pixel art, minimal style, 3-5 colors, clean pixel edges, simple abstract symbol"
傷,wound,"64x64 pixel art, minimal style, 3-5 colors, clean pixel edges, simple abstract symbol"
保,protect,"64x64 pixel art, minimal style, 3-5 colors, clean pixel edges, simple abstract symbol"
褒,praise,"64x64 pixel art, minimal style, 3-5 colors, clean pixel edges, simple abstract symbol"
傑,greatness,"64x64 pixel art, minimal style, 3-5 colors, clean pixel edges, simple abstract symbol"
付,adhere,"64x64 pixel art, minimal style, 3-5 colors, clean pixel edges, simple abstract symbol"
符,token,"64x64 pixel art, minimal style, 3-5 colors, clean pixel edges, simple abstract symbol"
府,municipality,"64x64 pixel art, minimal style, 3-5 colors, clean pixel edges, simple abstract symbol"
任,responsibility,"64x64 pixel art, minimal style, 3-5 colors, clean pixel edges, simple abstract symbol"
賃,fare,"64x64 pixel art, minimal style, 3-5 colors, clean pixel edges, simple abstract symbol"
代,substitute,"64x64 pixel art, minimal style, 3-5 colors, clean pixel edges, simple abstract symbol"
袋,sack,"64x64 pixel art, minimal style, 3-5 colors, clean pixel edges, simple abstract symbol"
貸,lend,"64x64 pixel art, minimal style, 3-5 colors, clean pixel edges, simple abstract symbol"
化,change,"64x64 pixel art, minimal style, 3-5 colors, clean pixel edges, simple abstract symbol"
花,flower,"64x64 pixel art, minimal style, 3-5 colors, clean pixel edges, simple abstract symbol"
貨,freight,"64x64 pixel art, minimal style, 3-5 colors, clean pixel edges, simple abstract symbol"
傾,lean,"64x64 pixel art, minimal style, 3-5 colors, clean pixel edges, simple abstract symbol"
何,what,"64x64 pixel art, minimal style, 3-5 colors, clean pixel edges, simple abstract symbol"
荷,baggage,"64x64 pixel art, minimal style, 3-5 colors, clean pixel edges, simple abstract symbol"
俊,sagacious,"64x64 pixel art, minimal style, 3-5 colors, clean pixel edges, simple abstract symbol"
傍,bystander,"64x64 pixel art, minimal style, 3-5 colors, clean pixel edges, simple abstract symbol"
俺,myself,"64x64 pixel art, minimal style, 3-5 colors, clean pixel edges, simple abstract symbol"
久,long_time,"64x64 pixel art, minimal style, 3-5 colors, clean pixel edges, simple abstract symbol"
畝,furrow,"64x64 pixel art, minimal style, 3-5 colors, clean pixel edges, simple abstract symbol"
囚,captured,"64x64 pixel art, minimal style, 3-5 colors, clean pixel edges, simple abstract symbol"
内,inside,"64x64 pixel art, minimal style, 3-5 colors, clean pixel edges, simple abstract symbol"
丙,third_class,"64x64 pixel art, minimal style, 3-5 colors, clean pixel edges, simple abstract symbol"
柄,design,"64x64 pixel art, minimal style, 3-5 colors, clean pixel edges, simple abstract symbol"
肉,meat,"64x64 pixel art, minimal style, 3-5 colors, clean pixel edges, simple abstract symbol"
腐,rot,"64x64 pixel art, minimal style, 3-5 colors, clean pixel edges, simple abstract symbol"
座,sit,"64x64 pixel art, minimal style, 3-5 colors, clean pixel edges, simple abstract symbol"
挫,sprain,"64x64 pixel art, minimal style, 3-5 colors, clean pixel edges, simple abstract symbol"
卒,graduate,"64x64 pixel art, minimal style, 3-5 colors, clean pixel edges, simple abstract symbol"
傘,umbrella,"64x64 pixel art, minimal style, 3-5 colors, clean pixel edges, simple abstract symbol"
匁,monme,"64x64 pixel art, minimal style, 3-5 colors, clean pixel edges, simple abstract symbol"
以,by_means_of,"64x64 pixel art, minimal style, 3-5 colors, clean pixel edges, simple abstract symbol"
似,resemble,"64x64 pixel art, minimal style, 3-5 colors, clean pixel edges, simple abstract symbol"
併,join,"64x64 pixel art, minimal style, 3-5 colors, clean pixel edges, simple abstract symbol"
瓦,tile,"64x64 pixel art, minimal style, 3-5 colors, clean pixel edges, simple abstract symbol"
瓶,flower_pot,"64x64 pixel art, minimal style, 3-5 colors, clean pixel edges, simple abstract symbol"
宮,shinto_shrine,"64x64 pixel art, minimal style, 3-5 colors, clean pixel edges, simple abstract symbol"
営,occupation,"64x64 pixel art, minimal style, 3-5 colors, clean pixel edges, simple abstract symbol"
善,virtuous,"64x64 pixel art, minimal style, 3-5 colors, clean pixel edges, simple abstract symbol"
膳,dining_tray,"64x64 pixel art, minimal style, 3-5 colors, clean pixel edges, simple abstract symbol"
年,year,"64x64 pixel art, minimal style, 3-5 colors, clean pixel edges, simple abstract symbol"
夜,night,"64x64 pixel art, minimal style, 3-5 colors, clean pixel edges, simple abstract symbol"
液,fluid,"64x64 pixel art, minimal style, 3-5 colors, clean pixel edges, simple abstract symbol"
塚,hillock,"64x64 pixel art, minimal style, 3-5 colors, clean pixel edges, simple abstract symbol"
幣,cash,"64x64 pixel art, minimal style, 3-5 colors, clean pixel edges, simple abstract symbol"
蔽,cover_over,"64x64 pixel art, minimal style, 3-5 colors, clean pixel edges, simple abstract symbol"
弊,abuse,"64x64 pixel art, minimal style, 3-5 colors, clean pixel edges, simple abstract symbol"
喚,yell,"64x64 pixel art, minimal style, 3-5 colors, clean pixel edges, simple abstract symbol"
換,interchange,"64x64 pixel art, minimal style, 3-5 colors, clean pixel edges, simple abstract symbol"
融,dissolve,"64x64 pixel art, minimal style, 3-5 colors, clean pixel edges, simple abstract symbol"
施,alms,"64x64 pixel art, minimal style, 3-5 colors, clean pixel edges, simple abstract symbol"
旋,rotation,"64x64 pixel art, minimal style, 3-5 colors, clean pixel edges, simple abstract symbol"
遊,play,"64x64 pixel art, minimal style, 3-5 colors, clean pixel edges, simple abstract symbol"
旅,trip,"64x64 pixel art, minimal style, 3-5 colors, clean pixel edges, simple abstract symbol"
勿,must_not,"64x64 pixel art, minimal style, 3-5 colors, clean pixel edges, simple abstract symbol"
物,thing,"64x64 pixel art, minimal style, 3-5 colors, clean pixel edges, simple abstract symbol"
易,easy,"64x64 pixel art, minimal style, 3-5 colors, clean pixel edges, simple abstract symbol"
賜,grant,"64x64 pixel art, minimal style, 3-5 colors, clean pixel edges, simple abstract symbol"
尿,urine,"64x64 pixel art, minimal style, 3-5 colors, clean pixel edges, simple abstract symbol"
尼,nun,"64x64 pixel art, minimal style, 3-5 colors, clean pixel edges, simple abstract symbol"
尻,buttocks,"64x64 pixel art, minimal style, 3-5 colors, clean pixel edges, simple abstract symbol"
泥,mud,"64x64 pixel art, minimal style, 3-5 colors, clean pixel edges, simple abstract symbol"
塀,brick_wall,"64x64 pixel art, minimal style, 3-5 colors, clean pixel edges, simple abstract symbol"
履,footgear,"64x64 pixel art, minimal style, 3-5 colors, clean pixel edges, simple abstract symbol"
屋,roof,"64x64 pixel art, minimal style, 3-5 colors, clean pixel edges, simple abstract symbol"
握,grip,"64x64 pixel art, minimal style, 3-5 colors, clean pixel edges, simple abstract symbol"
屈,yield,"64x64 pixel art, minimal style, 3-5 colors, clean pixel edges, simple abstract symbol"
掘,dig,"64x64 pixel art, minimal style, 3-5 colors, clean pixel edges, simple abstract symbol"
堀,ditch,"64x64 pixel art, minimal style, 3-5 colors, clean pixel edges, simple abstract symbol"
居,reside,"64x64 pixel art, minimal style, 3-5 colors, clean pixel edges, simple abstract symbol"
据,set,"64x64 pixel art, minimal style, 3-5 colors, clean pixel edges, simple abstract symbol"
裾,hem,"64x64 pixel art, minimal style, 3-5 colors, clean pixel edges, simple abstract symbol"
層,stratum,"64x64 pixel art, minimal style, 3-5 colors, clean pixel edges, simple abstract symbol"
局,bureau,"64x64 pixel art, minimal style, 3-5 colors, clean pixel edges, simple abstract symbol"
遅,slow,"64x64 pixel art, minimal style, 3-5 colors, clean pixel edges, simple abstract symbol"
漏,leak,"64x64 pixel art, minimal style, 3-5 colors, clean pixel edges, simple abstract symbol"
刷,printing,"64x64 pixel art, minimal style, 3-5 colors, clean pixel edges, simple abstract symbol"
尺,shaku,"64x64 pixel art, minimal style, 3-5 colors, clean pixel edges, simple abstract symbol"
尽,exhaust,"64x64 pixel art, minimal style, 3-5 colors, clean pixel edges, simple abstract symbol"
沢,swamp,"64x64 pixel art, minimal style, 3-5 colors, clean pixel edges, simple abstract symbol"
訳,translate,"64x64 pixel art, minimal style, 3-5 colors, clean pixel edges, simple abstract symbol"
択,choose,"64x64 pixel art, minimal style, 3-5 colors, clean pixel edges, simple abstract symbol"
昼,daytime,"64x64 pixel art, minimal style, 3-5 colors, clean pixel edges, simple abstract symbol"
戸,door,"64x64 pixel art, minimal style, 3-5 colors, clean pixel edges, simple abstract symbol"
肩,shoulder,"64x64 pixel art, minimal style, 3-5 colors, clean pixel edges, simple abstract symbol"
房,tassel,"64x64 pixel art, minimal style, 3-5 colors, clean pixel edges, simple abstract symbol"
扇,fan,"64x64 pixel art, minimal style, 3-5 colors, clean pixel edges, simple abstract symbol"
炉,hearth,"64x64 pixel art, minimal style, 3-5 colors, clean pixel edges, simple abstract symbol"
戻,revert,"64x64 pixel art, minimal style, 3-5 colors, clean pixel edges, simple abstract symbol"
涙,tears,"64x64 pixel art, minimal style, 3-5 colors, clean pixel edges, simple abstract symbol"
雇,employ,"64x64 pixel art, minimal style, 3-5 colors, clean pixel edges, simple abstract symbol"
顧,look_back,"64x64 pixel art, minimal style, 3-5 colors, clean pixel edges, simple abstract symbol"
啓,disclose,"64x64 pixel art, minimal style, 3-5 colors, clean pixel edges, simple abstract symbol"
示,indicate,"64x64 pixel art, minimal style, 3-5 colors, clean pixel edges, simple abstract symbol"
礼,thanks,"64x64 pixel art, minimal style, 3-5 colors, clean pixel edges, simple abstract symbol"
祥,auspicious,"64x64 pixel art, minimal style, 3-5 colors, clean pixel edges, simple abstract symbol"
祝,celebrate,"64x64 pixel art, minimal style, 3-5 colors, clean pixel edges, simple abstract symbol"
福,blessing,"64x64 pixel art, minimal style, 3-5 colors, clean pixel edges, simple abstract symbol"
祉,welfare,"64x64 pixel art, minimal style, 3-5 colors, clean pixel edges, simple abstract symbol"
社,company,"64x64 pixel art, minimal style, 3-5 colors, clean pixel edges, simple abstract symbol"
視,inspection,"64x64 pixel art, minimal style, 3-5 colors, clean pixel edges, simple abstract symbol"
奈,nara,"64x64 pixel art, minimal style, 3-5 colors, clean pixel edges, simple abstract symbol"
尉,military_officer,"64x64 pixel art, minimal style, 3-5 colors, clean pixel edges, simple abstract symbol"
慰,consolation,"64x64 pixel art, minimal style, 3-5 colors, clean pixel edges, simple abstract symbol"
款,goodwill,"64x64 pixel art, minimal style, 3-5 colors, clean pixel edges, simple abstract symbol"
禁,prohibition,"64x64 pixel art, minimal style, 3-5 colors, clean pixel edges, simple abstract symbol"
襟,collar,"64x64 pixel art, minimal style, 3-5 colors, clean pixel edges, simple abstract symbol"
宗,religion,"64x64 pixel art, minimal style, 3-5 colors, clean pixel edges, simple abstract symbol"
崇,adore,"64x64 pixel art, minimal style, 3-5 colors, clean pixel edges, simple abstract symbol"
祭,festival,"64x64 pixel art, minimal style, 3-5 colors, clean pixel edges, simple abstract symbol"
察,guess,"64x64 pixel art, minimal style, 3-5 colors, clean pixel edges, simple abstract symbol"
擦,grate,"64x64 pixel art, minimal style, 3-5 colors, clean pixel edges, simple abstract symbol"
由,wherefore,"64x64 pixel art, minimal style, 3-5 colors, clean pixel edges, simple abstract symbol"
抽,pluck,"64x64 pixel art, minimal style, 3-5 colors, clean pixel edges, simple abstract symbol"
油,oil,"64x64 pixel art, minimal style, 3-5 colors, clean pixel edges, simple abstract symbol"
袖,sleeve,"64x64 pixel art, minimal style, 3-5 colors, clean pixel edges, simple abstract symbol"
宙,midair,"64x64 pixel art, minimal style, 3-5 colors, clean pixel edges, simple abstract symbol"
届,deliver,"64x64 pixel art, minimal style, 3-5 colors, clean pixel edges, simple abstract symbol"
笛,flute,"64x64 pixel art, minimal style, 3-5 colors, clean pixel edges, simple abstract symbol"
軸,axis,"64x64 pixel art, minimal style, 3-5 colors, clean pixel edges, simple abstract symbol"
甲,armor,"64x64 pixel art, minimal style, 3-5 colors, clean pixel edges, simple abstract symbol"
押,push,"64x64 pixel art, minimal style, 3-5 colors, clean pixel edges, simple abstract symbol"
岬,headland,"64x64 pixel art, minimal style, 3-5 colors, clean pixel edges, simple abstract symbol"
挿,insert,"64x64 pixel art, minimal style, 3-5 colors, clean pixel edges, simple abstract symbol"
申,declare,"64x64 pixel art, minimal style, 3-5 colors, clean pixel edges, simple abstract symbol"
伸,expand,"64x64 pixel art, minimal style, 3-5 colors, clean pixel edges, simple abstract symbol"
神,gods,"64x64 pixel art, minimal style, 3-5 colors, clean pixel edges, simple abstract symbol"
捜,search,"64x64 pixel art, minimal style, 3-5 colors, clean pixel edges, simple abstract symbol"
果,fruit,"64x64 pixel art, minimal style, 3-5 colors, clean pixel edges, simple abstract symbol"
菓,confectionery,"64x64 pixel art, minimal style, 3-5 colors, clean pixel edges, simple abstract symbol"
課,sub-division,"64x64 pixel art, minimal style, 3-5 colors, clean pixel edges, simple abstract symbol"
裸,naked,"64x64 pixel art, minimal style, 3-5 colors, clean pixel edges, simple abstract symbol"
斤,axe,"64x64 pixel art, minimal style, 3-5 colors, clean pixel edges, simple abstract symbol"
析,chop,"64x64 pixel art, minimal style, 3-5 colors, clean pixel edges, simple abstract symbol"
所,place,"64x64 pixel art, minimal style, 3-5 colors, clean pixel edges, simple abstract symbol"
祈,pray,"64x64 pixel art, minimal style, 3-5 colors, clean pixel edges, simple abstract symbol"
近,near,"64x64 pixel art, minimal style, 3-5 colors, clean pixel edges, simple abstract symbol"
折,fold,"64x64 pixel art, minimal style, 3-5 colors, clean pixel edges, simple abstract symbol"
哲,philosophy,"64x64 pixel art, minimal style, 3-5 colors, clean pixel edges, simple abstract symbol"
逝,departed,"64x64 pixel art, minimal style, 3-5 colors, clean pixel edges, simple abstract symbol"
誓,vow,"64x64 pixel art, minimal style, 3-5 colors, clean pixel edges, simple abstract symbol"
斬,chop_off,"64x64 pixel art, minimal style, 3-5 colors, clean pixel edges, simple abstract symbol"
暫,temporarily,"64x64 pixel art, minimal style, 3-5 colors, clean pixel edges, simple abstract symbol"
漸,steadily,"64x64 pixel art, minimal style, 3-5 colors, clean pixel edges, simple abstract symbol"
断,cut_off,"64x64 pixel art, minimal style, 3-5 colors, clean pixel edges, simple abstract symbol"
質,quality,"64x64 pixel art, minimal style, 3-5 colors, clean pixel edges, simple abstract symbol"
斥,reject,"64x64 pixel art, minimal style, 3-5 colors, clean pixel edges, simple abstract symbol"
訴,sue,"64x64 pixel art, minimal style, 3-5 colors, clean pixel edges, simple abstract symbol"
昨,previous_day,"64x64 pixel art, minimal style, 3-5 colors, clean pixel edges, simple abstract symbol"
詐,lie,"64x64 pixel art, minimal style, 3-5 colors, clean pixel edges, simple abstract symbol"
作,make,"64x64 pixel art, minimal style, 3-5 colors, clean pixel edges, simple abstract symbol"
雪,snow,"64x64 pixel art, minimal style, 3-5 colors, clean pixel edges, simple abstract symbol"
録,record,"64x64 pixel art, minimal style, 3-5 colors, clean pixel edges, simple abstract symbol"
剥,peel_off,"64x64 pixel art, minimal style, 3-5 colors, clean pixel edges, simple abstract symbol"
尋,inquire,"64x64 pixel art, minimal style, 3-5 colors, clean pixel edges, simple abstract symbol"
急,hurry,"64x64 pixel art, minimal style, 3-5 colors, clean pixel edges, simple abstract symbol"
穏,calm,"64x64 pixel art, minimal style, 3-5 colors, clean pixel edges, simple abstract symbol"
侵,encroach,"64x64 pixel art, minimal style, 3-5 colors, clean pixel edges, simple abstract symbol"
浸,immersed,"64x64 pixel art, minimal style, 3-5 colors, clean pixel edges, simple abstract symbol"
寝,lie_down,"64x64 pixel art, minimal style, 3-5 colors, clean pixel edges, simple abstract symbol"
婦,lady,"64x64 pixel art, minimal style, 3-5 colors, clean pixel edges, simple abstract symbol"
掃,sweep,"64x64 pixel art, minimal style, 3-5 colors, clean pixel edges, simple abstract symbol"
当,hit,"64x64 pixel art, minimal style, 3-5 colors, clean pixel edges, simple abstract symbol"
彙,glossary,"64x64 pixel art, minimal style, 3-5 colors, clean pixel edges, simple abstract symbol"
争,conflict,"64x64 pixel art, minimal style, 3-5 colors, clean pixel edges, simple abstract symbol"
浄,clean,"64x64 pixel art, minimal style, 3-5 colors, clean pixel edges, simple abstract symbol"
事,abstract_thing,"64x64 pixel art, minimal style, 3-5 colors, clean pixel edges, simple abstract symbol"
唐,tang_dynasty,"64x64 pixel art, minimal style, 3-5 colors, clean pixel edges, simple abstract symbol"
糖,sugar,"64x64 pixel art, minimal style, 3-5 colors, clean pixel edges, simple abstract symbol"
康,health,"64x64 pixel art, minimal style, 3-5 colors, clean pixel edges, simple abstract symbol"
逮,apprehend,"64x64 pixel art, minimal style, 3-5 colors, clean pixel edges, simple abstract symbol"
伊,italy,"64x64 pixel art, minimal style, 3-5 colors, clean pixel edges, simple abstract symbol"
君,lord,"64x64 pixel art, minimal style, 3-5 colors, clean pixel edges, simple abstract symbol"
群,flock,"64x64 pixel art, minimal style, 3-5 colors, clean pixel edges, simple abstract symbol"
耐,endure,"64x64 pixel art, minimal style, 3-5 colors, clean pixel edges, simple abstract symbol"
需,demand,"64x64 pixel art, minimal style, 3-5 colors, clean pixel edges, simple abstract symbol"
儒,confucian,"64x64 pixel art, minimal style, 3-5 colors, clean pixel edges, simple abstract symbol"
端,edge,"64x64 pixel art, minimal style, 3-5 colors, clean pixel edges, simple abstract symbol"
両,both,"64x64 pixel art, minimal style, 3-5 colors, clean pixel edges, simple abstract symbol"
満,full,"64x64 pixel art, minimal style, 3-5 colors, clean pixel edges, simple abstract symbol"
画,draw,"64x64 pixel art, minimal style, 3-5 colors, clean pixel edges, simple abstract symbol"
歯,tooth,"64x64 pixel art, minimal style, 3-5 colors, clean pixel edges, simple abstract symbol"
曲,musical_composition,"64x64 pixel art, minimal style, 3-5 colors, clean pixel edges, simple abstract symbol"
曹,cadet,"64x64 pixel art, minimal style, 3-5 colors, clean pixel edges, simple abstract symbol"
遭,encounter,"64x64 pixel art, minimal style, 3-5 colors, clean pixel edges, simple abstract symbol"
漕,rowing,"64x64 pixel art, minimal style, 3-5 colors, clean pixel edges, simple abstract symbol"
槽,vat,"64x64 pixel art, minimal style, 3-5 colors, clean pixel edges, simple abstract symbol"
斗,big_dipper,"64x64 pixel art, minimal style, 3-5 colors, clean pixel edges, simple abstract symbol"
料,fee,"64x64 pixel art, minimal style, 3-5 colors, clean pixel edges, simple abstract symbol"
科,subject,"64x64 pixel art, minimal style, 3-5 colors, clean pixel edges, simple abstract symbol"
図,map,"64x64 pixel art, minimal style, 3-5 colors, clean pixel edges, simple abstract symbol"
用,utilize,"64x64 pixel art, minimal style, 3-5 colors, clean pixel edges, simple abstract symbol"
庸,commonplace,"64x64 pixel art, minimal style, 3-5 colors, clean pixel edges, simple abstract symbol"
備,equip,"64x64 pixel art, minimal style, 3-5 colors, clean pixel edges, simple abstract symbol"
昔,long_ago,"64x64 pixel art, minimal style, 3-5 colors, clean pixel edges, simple abstract symbol"
錯,confused,"64x64 pixel art, minimal style, 3-5 colors, clean pixel edges, simple abstract symbol"
借,borrow,"64x64 pixel art, minimal style, 3-5 colors, clean pixel edges, simple abstract symbol"
惜,pity,"64x64 pixel art, minimal style, 3-5 colors, clean pixel edges, simple abstract symbol"
措,set_aside,"64x64 pixel art, minimal style, 3-5 colors, clean pixel edges, simple abstract symbol"
散,scatter,"64x64 pixel art, minimal style, 3-5 colors, clean pixel edges, simple abstract symbol"
廿,twenty,"64x64 pixel art, minimal style, 3-5 colors, clean pixel edges, simple abstract symbol"
庶,commoner,"64x64 pixel art, minimal style, 3-5 colors, clean pixel edges, simple abstract symbol"
遮,intercept,"64x64 pixel art, minimal style, 3-5 colors, clean pixel edges, simple abstract symbol"
席,seat,"64x64 pixel art, minimal style, 3-5 colors, clean pixel edges, simple abstract symbol"
度,degrees,"64x64 pixel art, minimal style, 3-5 colors, clean pixel edges, simple abstract symbol"
渡,transit,"64x64 pixel art, minimal style, 3-5 colors, clean pixel edges, simple abstract symbol"
奔,bustle,"64x64 pixel art, minimal style, 3-5 colors, clean pixel edges, simple abstract symbol"
噴,erupt,"64x64 pixel art, minimal style, 3-5 colors, clean pixel edges, simple abstract symbol"
墳,tomb,"64x64 pixel art, minimal style, 3-5 colors, clean pixel edges, simple abstract symbol"
憤,aroused,"64x64 pixel art, minimal style, 3-5 colors, clean pixel edges, simple abstract symbol"
焼,bake,"64x64 pixel art, minimal style, 3-5 colors, clean pixel edges, simple abstract symbol"
暁,sunrise,"64x64 pixel art, minimal style, 3-5 colors, clean pixel edges, simple abstract symbol"
半,half,"64x64 pixel art, minimal style, 3-5 colors, clean pixel edges, simple abstract symbol"
伴,consort,"64x64 pixel art, minimal style, 3-5 colors, clean pixel edges, simple abstract symbol"
畔,paddy_ridge,"64x64 pixel art, minimal style, 3-5 colors, clean pixel edges, simple abstract symbol"
判,judgment,"64x64 pixel art, minimal style, 3-5 colors, clean pixel edges, simple abstract symbol"
拳,fist,"64x64 pixel art, minimal style, 3-5 colors, clean pixel edges, simple abstract symbol"
券,ticket,"64x64 pixel art, minimal style, 3-5 colors, clean pixel edges, simple abstract symbol"
巻,scroll,"64x64 pixel art, minimal style, 3-5 colors, clean pixel edges, simple abstract symbol"
圏,sphere_of_influence,"64x64 pixel art, minimal style, 3-5 colors, clean pixel edges, simple abstract symbol"
勝,victory,"64x64 pixel art, minimal style, 3-5 colors, clean pixel edges, simple abstract symbol"
藤,wisteria,"64x64 pixel art, minimal style, 3-5 colors, clean pixel edges, simple abstract symbol"
謄,mimeograph,"64x64 pixel art, minimal style, 3-5 colors, clean pixel edges, simple abstract symbol"
片,one_sided,"64x64 pixel art, minimal style, 3-5 colors, clean pixel edges, simple abstract symbol"
版,printing_block,"64x64 pixel art, minimal style, 3-5 colors, clean pixel edges, simple abstract symbol"
之,of,"64x64 pixel art, minimal style, 3-5 colors, clean pixel edges, simple abstract symbol"
乏,scarce,"64x64 pixel art, minimal style, 3-5 colors, clean pixel edges, simple abstract symbol"
芝,turf,"64x64 pixel art, minimal style, 3-5 colors, clean pixel edges, simple abstract symbol"
不,not,"64x64 pixel art, minimal style, 3-5 colors, clean pixel edges, simple abstract symbol"
否,negate,"64x64 pixel art, minimal style, 3-5 colors, clean pixel edges, simple abstract symbol"
杯,cupfuls,"64x64 pixel art, minimal style, 3-5 colors, clean pixel edges, simple abstract symbol"
矢,arrow,"64x64 pixel art, minimal style, 3-5 colors, clean pixel edges, simple abstract symbol"
矯,rectify,"64x64 pixel art, minimal style, 3-5 colors, clean pixel edges, simple abstract symbol"
族,tribe,"64x64 pixel art, minimal style, 3-5 colors, clean pixel edges, simple abstract symbol"
知,know,"64x64 pixel art, minimal style, 3-5 colors, clean pixel edges, simple abstract symbol"
智,wisdom,"64x64 pixel art, minimal style, 3-5 colors, clean pixel edges, simple abstract symbol"
挨,push_open,"64x64 pixel art, minimal style, 3-5 colors, clean pixel edges, simple abstract symbol"
矛,halberd,"64x64 pixel art, minimal style, 3-5 colors, clean pixel edges, simple abstract symbol"
柔,tender,"64x64 pixel art, minimal style, 3-5 colors, clean pixel edges, simple abstract symbol"
務,duty,"64x64 pixel art, minimal style, 3-5 colors, clean pixel edges, simple abstract symbol"
霧,fog,"64x64 pixel art, minimal style, 3-5 colors, clean pixel edges, simple abstract symbol"
班,squad,"64x64 pixel art, minimal style, 3-5 colors, clean pixel edges, simple abstract symbol"
帰,homecoming,"64x64 pixel art, minimal style, 3-5 colors, clean pixel edges, simple abstract symbol"
弓,archery_bow,"64x64 pixel art, minimal style, 3-5 colors, clean pixel edges, simple abstract symbol"
引,pull,"64x64 pixel art, minimal style, 3-5 colors, clean pixel edges, simple abstract symbol"
弔,condolences,"64x64 pixel art, minimal style, 3-5 colors, clean pixel edges, simple abstract symbol"
弘,vast,"64x64 pixel art, minimal style, 3-5 colors, clean pixel edges, simple abstract symbol"
強,strong,"64x64 pixel art, minimal style, 3-5 colors, clean pixel edges, simple abstract symbol"
弥,increasingly,"64x64 pixel art, minimal style, 3-5 colors, clean pixel edges, simple abstract symbol"
弱,weak,"64x64 pixel art, minimal style, 3-5 colors, clean pixel edges, simple abstract symbol"
溺,drowning,"64x64 pixel art, minimal style, 3-5 colors, clean pixel edges, simple abstract symbol"
沸,seethe,"64x64 pixel art, minimal style, 3-5 colors, clean pixel edges, simple abstract symbol"
費,expense,"64x64 pixel art, minimal style, 3-5 colors, clean pixel edges, simple abstract symbol"
第,ordinal_number,"64x64 pixel art, minimal style, 3-5 colors, clean pixel edges, simple abstract symbol"
弟,younger_brother,"64x64 pixel art, minimal style, 3-5 colors, clean pixel edges, simple abstract symbol"
巧,adroit,"64x64 pixel art, minimal style, 3-5 colors, clean pixel edges, simple abstract symbol"
号,designation,"64x64 pixel art, minimal style, 3-5 colors, clean pixel edges, simple abstract symbol"
朽,decay,"64x64 pixel art, minimal style, 3-5 colors, clean pixel edges, simple abstract symbol"
誇,boast,"64x64 pixel art, minimal style, 3-5 colors, clean pixel edges, simple abstract symbol"
顎,chin,"64x64 pixel art, minimal style, 3-5 colors, clean pixel edges, simple abstract symbol"
汚,dirty,"64x64 pixel art, minimal style, 3-5 colors, clean pixel edges, simple abstract symbol"
与,bestow,"64x64 pixel art, minimal style, 3-5 colors, clean pixel edges, simple abstract symbol"
写,copy,"64x64 pixel art, minimal style, 3-5 colors, clean pixel edges, simple abstract symbol"
身,somebody,"64x64 pixel art, minimal style, 3-5 colors, clean pixel edges, simple abstract symbol"
射,shoot,"64x64 pixel art, minimal style, 3-5 colors, clean pixel edges, simple abstract symbol"
謝,thank,"64x64 pixel art, minimal style, 3-5 colors, clean pixel edges, simple abstract symbol"
老,old_man,"64x64 pixel art, minimal style, 3-5 colors, clean pixel edges, simple abstract symbol"
考,consider,"64x64 pixel art, minimal style, 3-5 colors, clean pixel edges, simple abstract symbol"
孝,filial_piety,"64x64 pixel art, minimal style, 3-5 colors, clean pixel edges, simple abstract symbol"
教,teach,"64x64 pixel art, minimal style, 3-5 colors, clean pixel edges, simple abstract symbol"
拷,torture,"64x64 pixel art, minimal style, 3-5 colors, clean pixel edges, simple abstract symbol"
者,someone,"64x64 pixel art, minimal style, 3-5 colors, clean pixel edges, simple abstract symbol"
煮,boil,"64x64 pixel art, minimal style, 3-5 colors, clean pixel edges, simple abstract symbol"
著,renowned,"64x64 pixel art, minimal style, 3-5 colors, clean pixel edges, simple abstract symbol"
箸,chopsticks,"64x64 pixel art, minimal style, 3-5 colors, clean pixel edges, simple abstract symbol"
署,government_bureau,"64x64 pixel art, minimal style, 3-5 colors, clean pixel edges, simple abstract symbol"
暑,sultry,"64x64 pixel art, minimal style, 3-5 colors, clean pixel edges, simple abstract symbol"
諸,various,"64x64 pixel art, minimal style, 3-5 colors, clean pixel edges, simple abstract symbol"
猪,pack_of_dogs,"64x64 pixel art, minimal style, 3-5 colors, clean pixel edges, simple abstract symbol"
渚,shore,"64x64 pixel art, minimal style, 3-5 colors, clean pixel edges, simple abstract symbol"
賭,gamble,"64x64 pixel art, minimal style, 3-5 colors, clean pixel edges, simple abstract symbol"
峡,gorge,"64x64 pixel art, minimal style, 3-5 colors, clean pixel edges, simple abstract symbol"
狭,cramped,"64x64 pixel art, minimal style, 3-5 colors, clean pixel edges, simple abstract symbol"
挟,sandwiched,"64x64 pixel art, minimal style, 3-5 colors, clean pixel edges, simple abstract symbol"
頬,cheek,"64x64 pixel art, minimal style, 3-5 colors, clean pixel edges, simple abstract symbol"
追,chase,"64x64 pixel art, minimal style, 3-5 colors, clean pixel edges, simple abstract symbol"
阜,mound,"64x64 pixel art, minimal style, 3-5 colors, clean pixel edges, simple abstract symbol"
師,expert,"64x64 pixel art, minimal style, 3-5 colors, clean pixel edges, simple abstract symbol"
帥,commander,"64x64 pixel art, minimal style, 3-5 colors, clean pixel edges, simple abstract symbol"
官,bureaucrat,"64x64 pixel art, minimal style, 3-5 colors, clean pixel edges, simple abstract symbol"
棺,coffin,"64x64 pixel art, minimal style, 3-5 colors, clean pixel edges, simple abstract symbol"
管,pipe,"64x64 pixel art, minimal style, 3-5 colors, clean pixel edges, simple abstract symbol"
父,father,"64x64 pixel art, minimal style, 3-5 colors, clean pixel edges, simple abstract symbol"
釜,cauldron,"64x64 pixel art, minimal style, 3-5 colors, clean pixel edges, simple abstract symbol"
交,mingle,"64x64 pixel art, minimal style, 3-5 colors, clean pixel edges, simple abstract symbol"
効,effect,"64x64 pixel art, minimal style, 3-5 colors, clean pixel edges, simple abstract symbol"
較,contrast,"64x64 pixel art, minimal style, 3-5 colors, clean pixel edges, simple abstract symbol"
校,exam,"64x64 pixel art, minimal style, 3-5 colors, clean pixel edges, simple abstract symbol"
足,leg,"64x64 pixel art, minimal style, 3-5 colors, clean pixel edges, simple abstract symbol"
促,stimulate,"64x64 pixel art, minimal style, 3-5 colors, clean pixel edges, simple abstract symbol"
捉,nab,"64x64 pixel art, minimal style, 3-5 colors, clean pixel edges, simple abstract symbol"
距,long_distance,"64x64 pixel art, minimal style, 3-5 colors, clean pixel edges, simple abstract symbol"
路,path,"64x64 pixel art, minimal style, 3-5 colors, clean pixel edges, simple abstract symbol"
露,dew,"64x64 pixel art, minimal style, 3-5 colors, clean pixel edges, simple abstract symbol"
跳,hop,"64x64 pixel art, minimal style, 3-5 colors, clean pixel edges, simple abstract symbol"
躍,leap,"64x64 pixel art, minimal style, 3-5 colors, clean pixel edges, simple abstract symbol"
践,tread,"64x64 pixel art, minimal style, 3-5 colors, clean pixel edges, simple abstract symbol"
踏,step,"64x64 pixel art, minimal style, 3-5 colors, clean pixel edges, simple abstract symbol"
踪,footprints,"64x64 pixel art, minimal style, 3-5 colors, clean pixel edges, simple abstract symbol"
骨,bone,"64x64 pixel art, minimal style, 3-5 colors, clean pixel edges, simple abstract symbol"
滑,slippery,"64x64 pixel art, minimal style, 3-5 colors, clean pixel edges, simple abstract symbol"
髄,marrow,"64x64 pixel art, minimal style, 3-5 colors, clean pixel edges, simple abstract symbol"
禍,calamity,"64x64 pixel art, minimal style, 3-5 colors, clean pixel edges, simple abstract symbol"
渦,whirlpool,"64x64 pixel art, minimal style, 3-5 colors, clean pixel edges, simple abstract symbol"
鍋,pot,"64x64 pixel art, minimal style, 3-5 colors, clean pixel edges, simple abstract symbol"
過,overdo,"64x64 pixel art, minimal style, 3-5 colors, clean pixel edges, simple abstract symbol"
阪,heights,"64x64 pixel art, minimal style, 3-5 colors, clean pixel edges, simple abstract symbol"
阿,africa,"64x64 pixel art, minimal style, 3-5 colors, clean pixel edges, simple abstract symbol"
際,occasion,"64x64 pixel art, minimal style, 3-5 colors, clean pixel edges, simple abstract symbol"
障,hinder,"64x64 pixel art, minimal style, 3-5 colors, clean pixel edges, simple abstract symbol"
隙,fissure,"64x64 pixel art, minimal style, 3-5 colors, clean pixel edges, simple abstract symbol"
随,accompany,"64x64 pixel art, minimal style, 3-5 colors, clean pixel edges, simple abstract symbol"
陪,jury,"64x64 pixel art, minimal style, 3-5 colors, clean pixel edges, simple abstract symbol"
陽,sunshine,"64x64 pixel art, minimal style, 3-5 colors, clean pixel edges, simple abstract symbol"
陳,set_forth,"64x64 pixel art, minimal style, 3-5 colors, clean pixel edges, simple abstract symbol"
防,ward_off,"64x64 pixel art, minimal style, 3-5 colors, clean pixel edges, simple abstract symbol"
附,affixed,"64x64 pixel art, minimal style, 3-5 colors, clean pixel edges, simple abstract symbol"
院,institution,"64x64 pixel art, minimal style, 3-5 colors, clean pixel edges, simple abstract symbol"
陣,camp,"64x64 pixel art, minimal style, 3-5 colors, clean pixel edges, simple abstract symbol"
隊,regiment,"64x64 pixel art, minimal style, 3-5 colors, clean pixel edges, simple abstract symbol"
墜,crash,"64x64 pixel art, minimal style, 3-5 colors, clean pixel edges, simple abstract symbol"
降,descend,"64x64 pixel art, minimal style, 3-5 colors, clean pixel edges, simple abstract symbol"
階,floor,"64x64 pixel art, minimal style, 3-5 colors, clean pixel edges, simple abstract symbol"
陛,highness,"64x64 pixel art, minimal style, 3-5 colors, clean pixel edges, simple abstract symbol"
隣,neighboring,"64x64 pixel art, minimal style, 3-5 colors, clean pixel edges, simple abstract symbol"
隔,isolate,"64x64 pixel art, minimal style, 3-5 colors, clean pixel edges, simple abstract symbol"
隠,conceal,"64x64 pixel art, minimal style, 3-5 colors, clean pixel edges, simple abstract symbol"
堕,degenerate,"64x64 pixel art, minimal style, 3-5 colors, clean pixel edges, simple abstract symbol"
陥,collapse,"64x64 pixel art, minimal style, 3-5 colors, clean pixel edges, simple abstract symbol"
穴,hole,"64x64 pixel art, minimal style, 3-5 colors, clean pixel edges, simple abstract symbol"
空,sky,"64x64 pixel art, minimal style, 3-5 colors, clean pixel edges, simple abstract symbol"
控,withdraw,"64x64 pixel art, minimal style, 3-5 colors, clean pixel edges, simple abstract symbol"
突,stab,"64x64 pixel art, minimal style, 3-5 colors, clean pixel edges, simple abstract symbol"
究,research,"64x64 pixel art, minimal style, 3-5 colors, clean pixel edges, simple abstract symbol"
窒,plug_up,"64x64 pixel art, minimal style, 3-5 colors, clean pixel edges, simple abstract symbol"
窃,stealth,"64x64 pixel art, minimal style, 3-5 colors, clean pixel edges, simple abstract symbol"
窟,cavern,"64x64 pixel art, minimal style, 3-5 colors, clean pixel edges, simple abstract symbol"
窪,hollow,"64x64 pixel art, minimal style, 3-5 colors, clean pixel edges, simple abstract symbol"
搾,squeeze,"64x64 pixel art, minimal style, 3-5 colors, clean pixel edges, simple abstract symbol"
窯,kiln,"64x64 pixel art, minimal style, 3-5 colors, clean pixel edges, simple abstract symbol"
窮,hard_up,"64x64 pixel art, minimal style, 3-5 colors, clean pixel edges, simple abstract symbol"
探,grope,"64x64 pixel art, minimal style, 3-5 colors, clean pixel edges, simple abstract symbol"
深,deep,"64x64 pixel art, minimal style, 3-5 colors, clean pixel edges, simple abstract symbol"
丘,hill,"64x64 pixel art, minimal style, 3-5 colors, clean pixel edges, simple abstract symbol"
岳,mountain_peak,"64x64 pixel art, minimal style, 3-5 colors, clean pixel edges, simple abstract symbol"
兵,soldier,"64x64 pixel art, minimal style, 3-5 colors, clean pixel edges, simple abstract symbol"
浜,seacoast,"64x64 pixel art, minimal style, 3-5 colors, clean pixel edges, simple abstract symbol"
糸,thread,"64x64 pixel art, minimal style, 3-5 colors, clean pixel edges, simple abstract symbol"
織,weave,"64x64 pixel art, minimal style, 3-5 colors, clean pixel edges, simple abstract symbol"
繕,darning,"64x64 pixel art, minimal style, 3-5 colors, clean pixel edges, simple abstract symbol"
縮,shrink,"64x64 pixel art, minimal style, 3-5 colors, clean pixel edges, simple abstract symbol"
繁,luxuriant,"64x64 pixel art, minimal style, 3-5 colors, clean pixel edges, simple abstract symbol"
縦,vertical,"64x64 pixel art, minimal style, 3-5 colors, clean pixel edges, simple abstract symbol"
緻,intricate,"64x64 pixel art, minimal style, 3-5 colors, clean pixel edges, simple abstract symbol"
線,line,"64x64 pixel art, minimal style, 3-5 colors, clean pixel edges, simple abstract symbol"
綻,unravel,"64x64 pixel art, minimal style, 3-5 colors, clean pixel edges, simple abstract symbol"
締,tighten,"64x64 pixel art, minimal style, 3-5 colors, clean pixel edges, simple abstract symbol"
維,fiber,"64x64 pixel art, minimal style, 3-5 colors, clean pixel edges, simple abstract symbol"
羅,gauze,"64x64 pixel art, minimal style, 3-5 colors, clean pixel edges, simple abstract symbol"
練,practice,"64x64 pixel art, minimal style, 3-5 colors, clean pixel edges, simple abstract symbol"
緒,thong,"64x64 pixel art, minimal style, 3-5 colors, clean pixel edges, simple abstract symbol"
続,continue,"64x64 pixel art, minimal style, 3-5 colors, clean pixel edges, simple abstract symbol"
絵,picture,"64x64 pixel art, minimal style, 3-5 colors, clean pixel edges, simple abstract symbol"
統,unite,"64x64 pixel art, minimal style, 3-5 colors, clean pixel edges, simple abstract symbol"
絞,strangle,"64x64 pixel art, minimal style, 3-5 colors, clean pixel edges, simple abstract symbol"
給,salary,"64x64 pixel art, minimal style, 3-5 colors, clean pixel edges, simple abstract symbol"
絡,entwine,"64x64 pixel art, minimal style, 3-5 colors, clean pixel edges, simple abstract symbol"
結,tie,"64x64 pixel art, minimal style, 3-5 colors, clean pixel edges, simple abstract symbol"
終,end,"64x64 pixel art, minimal style, 3-5 colors, clean pixel edges, simple abstract symbol"
級,class,"64x64 pixel art, minimal style, 3-5 colors, clean pixel edges, simple abstract symbol"
紀,chronicle,"64x64 pixel art, minimal style, 3-5 colors, clean pixel edges, simple abstract symbol"
紅,crimson,"64x64 pixel art, minimal style, 3-5 colors, clean pixel edges, simple abstract symbol"
納,settlement,"64x64 pixel art, minimal style, 3-5 colors, clean pixel edges, simple abstract symbol"
紡,spinning,"64x64 pixel art, minimal style, 3-5 colors, clean pixel edges, simple abstract symbol"
紛,distract,"64x64 pixel art, minimal style, 3-5 colors, clean pixel edges, simple abstract symbol"
紹,introduce,"64x64 pixel art, minimal style, 3-5 colors, clean pixel edges, simple abstract symbol"
経,manage,"64x64 pixel art, minimal style, 3-5 colors, clean pixel edges, simple abstract symbol"
紳,sire,"64x64 pixel art, minimal style, 3-5 colors, clean pixel edges, simple abstract symbol"
約,promise,"64x64 pixel art, minimal style, 3-5 colors, clean pixel edges, simple abstract symbol"
細,thin,"64x64 pixel art, minimal style, 3-5 colors, clean pixel edges, simple abstract symbol"
累,pile_up,"64x64 pixel art, minimal style, 3-5 colors, clean pixel edges, simple abstract symbol"
索,cord,"64x64 pixel art, minimal style, 3-5 colors, clean pixel edges, simple abstract symbol"
総,total,"64x64 pixel art, minimal style, 3-5 colors, clean pixel edges, simple abstract symbol"
綿,cotton,"64x64 pixel art, minimal style, 3-5 colors, clean pixel edges, simple abstract symbol"
絹,silk,"64x64 pixel art, minimal style, 3-5 colors, clean pixel edges, simple abstract symbol"
繰,winding,"64x64 pixel art, minimal style, 3-5 colors, clean pixel edges, simple abstract symbol"
継,inherit,"64x64 pixel art, minimal style, 3-5 colors, clean pixel edges, simple abstract symbol"
緑,green,"64x64 pixel art, minimal style, 3-5 colors, clean pixel edges, simple abstract symbol"
縁,affinity,"64x64 pixel art, minimal style, 3-5 colors, clean pixel edges, simple abstract symbol"
網,netting,"64x64 pixel art, minimal style, 3-5 colors, clean pixel edges, simple abstract symbol"
緊,tense,"64x64 pixel art, minimal style, 3-5 colors, clean pixel edges, simple abstract symbol"
紫,purple,"64x64 pixel art, minimal style, 3-5 colors, clean pixel edges, simple abstract symbol"
縛,truss,"64x64 pixel art, minimal style, 3-5 colors, clean pixel edges, simple abstract symbol"
縄,straw_rope,"64x64 pixel art, minimal style, 3-5 colors, clean pixel edges, simple abstract symbol"
幼,infancy,"64x64 pixel art, minimal style, 3-5 colors, clean pixel edges, simple abstract symbol"
後,behind,"64x64 pixel art, minimal style, 3-5 colors, clean pixel edges, simple abstract symbol"
幽,dim,"64x64 pixel art, minimal style, 3-5 colors, clean pixel edges, simple abstract symbol"
幾,how_many,"64x64 pixel art, minimal style, 3-5 colors, clean pixel edges, simple abstract symbol"
機,machine,"64x64 pixel art, minimal style, 3-5 colors, clean pixel edges, simple abstract symbol"
畿,capital_area,"64x64 pixel art, minimal style, 3-5 colors, clean pixel edges, simple abstract symbol"
玄,mysterious,"64x64 pixel art, minimal style, 3-5 colors, clean pixel edges, simple abstract symbol"
畜,livestock,"64x64 pixel art, minimal style, 3-5 colors, clean pixel edges, simple abstract symbol"
蓄,amass,"64x64 pixel art, minimal style, 3-5 colors, clean pixel edges, simple abstract symbol"
弦,bowstring,"64x64 pixel art, minimal style, 3-5 colors, clean pixel edges, simple abstract symbol"
擁,hug,"64x64 pixel art, minimal style, 3-5 colors, clean pixel edges, simple abstract symbol"
滋,nourishing,"64x64 pixel art, minimal style, 3-5 colors, clean pixel edges, simple abstract symbol"
慈,mercy,"64x64 pixel art, minimal style, 3-5 colors, clean pixel edges, simple abstract symbol"
磁,magnet,"64x64 pixel art, minimal style, 3-5 colors, clean pixel edges, simple abstract symbol"
系,lineage,"64x64 pixel art, minimal style, 3-5 colors, clean pixel edges, simple abstract symbol"
係,person_in_charge,"64x64 pixel art, minimal style, 3-5 colors, clean pixel edges, simple abstract symbol"
孫,grandchild,"64x64 pixel art, minimal style, 3-5 colors, clean pixel edges, simple abstract symbol"
懸,suspend,"64x64 pixel art, minimal style, 3-5 colors, clean pixel edges, simple abstract symbol"
遜,modest,"64x64 pixel art, minimal style, 3-5 colors, clean pixel edges, simple abstract symbol"
却,instead,"64x64 pixel art, minimal style, 3-5 colors, clean pixel edges, simple abstract symbol"
脚,shins,"64x64 pixel art, minimal style, 3-5 colors, clean pixel edges, simple abstract symbol"
卸,wholesale,"64x64 pixel art, minimal style, 3-5 colors, clean pixel edges, simple abstract symbol"
御,honorable,"64x64 pixel art, minimal style, 3-5 colors, clean pixel edges, simple abstract symbol"
服,clothing,"64x64 pixel art, minimal style, 3-5 colors, clean pixel edges, simple abstract symbol"
命,fate,"64x64 pixel art, minimal style, 3-5 colors, clean pixel edges, simple abstract symbol"
令,orders,"64x64 pixel art, minimal style, 3-5 colors, clean pixel edges, simple abstract symbol"
零,zero,"64x64 pixel art, minimal style, 3-5 colors, clean pixel edges, simple abstract symbol"
齢,age,"64x64 pixel art, minimal style, 3-5 colors, clean pixel edges, simple abstract symbol"
冷,cool,"64x64 pixel art, minimal style, 3-5 colors, clean pixel edges, simple abstract symbol"
領,territory,"64x64 pixel art, minimal style, 3-5 colors, clean pixel edges, simple abstract symbol"
鈴,small_bell,"64x64 pixel art, minimal style, 3-5 colors, clean pixel edges, simple abstract symbol"
勇,courage,"64x64 pixel art, minimal style, 3-5 colors, clean pixel edges, simple abstract symbol"
湧,gush,"64x64 pixel art, minimal style, 3-5 colors, clean pixel edges, simple abstract symbol"
通,pass_through,"64x64 pixel art, minimal style, 3-5 colors, clean pixel edges, simple abstract symbol"
踊,jump,"64x64 pixel art, minimal style, 3-5 colors, clean pixel edges, simple abstract symbol"
疑,doubt,"64x64 pixel art, minimal style, 3-5 colors, clean pixel edges, simple abstract symbol"
擬,mimic,"64x64 pixel art, minimal style, 3-5 colors, clean pixel edges, simple abstract symbol"
凝,congeal,"64x64 pixel art, minimal style, 3-5 colors, clean pixel edges, simple abstract symbol"
範,pattern,"64x64 pixel art, minimal style, 3-5 colors, clean pixel edges, simple abstract symbol"
犯,crime,"64x64 pixel art, minimal style, 3-5 colors, clean pixel edges, simple abstract symbol"
氾,to_overflow,"64x64 pixel art, minimal style, 3-5 colors, clean pixel edges, simple abstract symbol"
厄,unlucky,"64x64 pixel art, minimal style, 3-5 colors, clean pixel edges, simple abstract symbol"
危,dangerous,"64x64 pixel art, minimal style, 3-5 colors, clean pixel edges, simple abstract symbol"
宛,addressed_to,"64x64 pixel art, minimal style, 3-5 colors, clean pixel edges, simple abstract symbol"
腕,arm,"64x64 pixel art, minimal style, 3-5 colors, clean pixel edges, simple abstract symbol"
苑,park,"64x64 pixel art, minimal style, 3-5 colors, clean pixel edges, simple abstract symbol"
怨,grudge,"64x64 pixel art, minimal style, 3-5 colors, clean pixel edges, simple abstract symbol"
柳,willow,"64x64 pixel art, minimal style, 3-5 colors, clean pixel edges, simple abstract symbol"
卵,egg,"64x64 pixel art, minimal style, 3-5 colors, clean pixel edges, simple abstract symbol"
留,detain,"64x64 pixel art, minimal style, 3-5 colors, clean pixel edges, simple abstract symbol"
瑠,marine_blue,"64x64 pixel art, minimal style, 3-5 colors, clean pixel edges, simple abstract symbol"
貿,trade,"64x64 pixel art, minimal style, 3-5 colors, clean pixel edges, simple abstract symbol"
印,stamp,"64x64 pixel art, minimal style, 3-5 colors, clean pixel edges, simple abstract symbol"
臼,mortar,"64x64 pixel art, minimal style, 3-5 colors, clean pixel edges, simple abstract symbol"
毀,break,"64x64 pixel art, minimal style, 3-5 colors, clean pixel edges, simple abstract symbol"
興,entertain,"64x64 pixel art, minimal style, 3-5 colors, clean pixel edges, simple abstract symbol"
酉,sake_flask,"64x64 pixel art, minimal style, 3-5 colors, clean pixel edges, simple abstract symbol"
酒,sake,"64x64 pixel art, minimal style, 3-5 colors, clean pixel edges, simple abstract symbol"
酌,bartending,"64x64 pixel art, minimal style, 3-5 colors, clean pixel edges, simple abstract symbol"
酎,alcohol,"64x64 pixel art, minimal style, 3-5 colors, clean pixel edges, simple abstract symbol"
酵,fermentation,"64x64 pixel art, minimal style, 3-5 colors, clean pixel edges, simple abstract symbol"
酷,cruel,"64x64 pixel art, minimal style, 3-5 colors, clean pixel edges, simple abstract symbol"
酬,repay,"64x64 pixel art, minimal style, 3-5 colors, clean pixel edges, simple abstract symbol"
酪,dairy,"64x64 pixel art, minimal style, 3-5 colors, clean pixel edges, simple abstract symbol"
酢,vinegar,"64x64 pixel art, minimal style, 3-5 colors, clean pixel edges, simple abstract symbol"
酔,drunk,"64x64 pixel art, minimal style, 3-5 colors, clean pixel edges, simple abstract symbol"
配,distribute,"64x64 pixel art, minimal style, 3-5 colors, clean pixel edges, simple abstract symbol"
酸,acid,"64x64 pixel art, minimal style, 3-5 colors, clean pixel edges, simple abstract symbol"
猶,still,"64x64 pixel art, minimal style, 3-5 colors, clean pixel edges, simple abstract symbol"
尊,revered,"64x64 pixel art, minimal style, 3-5 colors, clean pixel edges, simple abstract symbol"
豆,beans,"64x64 pixel art, minimal style, 3-5 colors, clean pixel edges, simple abstract symbol"
頭,head,"64x64 pixel art, minimal style, 3-5 colors, clean pixel edges, simple abstract symbol"
短,short,"64x64 pixel art, minimal style, 3-5 colors, clean pixel edges, simple abstract symbol"
豊,bountiful,"64x64 pixel art, minimal style, 3-5 colors, clean pixel edges, simple abstract symbol"
鼓,drum,"64x64 pixel art, minimal style, 3-5 colors, clean pixel edges, simple abstract symbol"
喜,rejoice,"64x64 pixel art, minimal style, 3-5 colors, clean pixel edges, simple abstract symbol"
樹,timber,"64x64 pixel art, minimal style, 3-5 colors, clean pixel edges, simple abstract symbol"
皿,dish,"64x64 pixel art, minimal style, 3-5 colors, clean pixel edges, simple abstract symbol"
血,blood,"64x64 pixel art, minimal style, 3-5 colors, clean pixel edges, simple abstract symbol"
盆,basin,"64x64 pixel art, minimal style, 3-5 colors, clean pixel edges, simple abstract symbol"
盟,alliance,"64x64 pixel art, minimal style, 3-5 colors, clean pixel edges, simple abstract symbol"
盗,steal,"64x64 pixel art, minimal style, 3-5 colors, clean pixel edges, simple abstract symbol"
温,warm,"64x64 pixel art, minimal style, 3-5 colors, clean pixel edges, simple abstract symbol"
蓋,lid,"64x64 pixel art, minimal style, 3-5 colors, clean pixel edges, simple abstract symbol"
監,oversee,"64x64 pixel art, minimal style, 3-5 colors, clean pixel edges, simple abstract symbol"
濫,excessive,"64x64 pixel art, minimal style, 3-5 colors, clean pixel edges, simple abstract symbol"
鑑,specimen,"64x64 pixel art, minimal style, 3-5 colors, clean pixel edges, simple abstract symbol"
藍,indigo,"64x64 pixel art, minimal style, 3-5 colors, clean pixel edges, simple abstract symbol"
猛,fierce,"64x64 pixel art, minimal style, 3-5 colors, clean pixel edges, simple abstract symbol"
盛,boom,"64x64 pixel art, minimal style, 3-5 colors, clean pixel edges, simple abstract symbol"
塩,salt,"64x64 pixel art, minimal style, 3-5 colors, clean pixel edges, simple abstract symbol"
銀,silver,"64x64 pixel art, minimal style, 3-5 colors, clean pixel edges, simple abstract symbol"
恨,resentment,"64x64 pixel art, minimal style, 3-5 colors, clean pixel edges, simple abstract symbol"
根,root,"64x64 pixel art, minimal style, 3-5 colors, clean pixel edges, simple abstract symbol"
即,instant,"64x64 pixel art, minimal style, 3-5 colors, clean pixel edges, simple abstract symbol"
爵,baron,"64x64 pixel art, minimal style, 3-5 colors, clean pixel edges, simple abstract symbol"
節,node,"64x64 pixel art, minimal style, 3-5 colors, clean pixel edges, simple abstract symbol"
退,retreat,"64x64 pixel art, minimal style, 3-5 colors, clean pixel edges, simple abstract symbol"
限,limit,"64x64 pixel art, minimal style, 3-5 colors, clean pixel edges, simple abstract symbol"
眼,eyeball,"64x64 pixel art, minimal style, 3-5 colors, clean pixel edges, simple abstract symbol"
良,good,"64x64 pixel art, minimal style, 3-5 colors, clean pixel edges, simple abstract symbol"
朗,melodious,"64x64 pixel art, minimal style, 3-5 colors, clean pixel edges, simple abstract symbol"
浪,wandering,"64x64 pixel art, minimal style, 3-5 colors, clean pixel edges, simple abstract symbol"
娘,daughter,"64x64 pixel art, minimal style, 3-5 colors, clean pixel edges, simple abstract symbol"
食,eat,"64x64 pixel art, minimal style, 3-5 colors, clean pixel edges, simple abstract symbol"
飯,meal,"64x64 pixel art, minimal style, 3-5 colors, clean pixel edges, simple abstract symbol"
飲,drink,"64x64 pixel art, minimal style, 3-5 colors, clean pixel edges, simple abstract symbol"
飢,hungry,"64x64 pixel art, minimal style, 3-5 colors, clean pixel edges, simple abstract symbol"
餓,starve,"64x64 pixel art, minimal style, 3-5 colors, clean pixel edges, simple abstract symbol"
飾,decorate,"64x64 pixel art, minimal style, 3-5 colors, clean pixel edges, simple abstract symbol"
餌,feed,"64x64 pixel art, minimal style, 3-5 colors, clean pixel edges, simple abstract symbol"
館,public_building,"64x64 pixel art, minimal style, 3-5 colors, clean pixel edges, simple abstract symbol"
餅,mochi,"64x64 pixel art, minimal style, 3-5 colors, clean pixel edges, simple abstract symbol"
養,foster,"64x64 pixel art, minimal style, 3-5 colors, clean pixel edges, simple abstract symbol"
飽,sated,"64x64 pixel art, minimal style, 3-5 colors, clean pixel edges, simple abstract symbol"
既,previously,"64x64 pixel art, minimal style, 3-5 colors, clean pixel edges, simple abstract symbol"
概,outline,"64x64 pixel art, minimal style, 3-5 colors, clean pixel edges, simple abstract symbol"
慨,rue,"64x64 pixel art, minimal style, 3-5 colors, clean pixel edges, simple abstract symbol"
平,flat,"64x64 pixel art, minimal style, 3-5 colors, clean pixel edges, simple abstract symbol"
呼,call,"64x64 pixel art, minimal style, 3-5 colors, clean pixel edges, simple abstract symbol"
坪,two_mats,"64x64 pixel art, minimal style, 3-5 colors, clean pixel edges, simple abstract symbol"
評,evaluate,"64x64 pixel art, minimal style, 3-5 colors, clean pixel edges, simple abstract symbol"
刈,reap,"64x64 pixel art, minimal style, 3-5 colors, clean pixel edges, simple abstract symbol"
刹,buddhist_temple,"64x64 pixel art, minimal style, 3-5 colors, clean pixel edges, simple abstract symbol"
希,hope,"64x64 pixel art, minimal style, 3-5 colors, clean pixel edges, simple abstract symbol"
凶,villain,"64x64 pixel art, minimal style, 3-5 colors, clean pixel edges, simple abstract symbol"
胸,bosom,"64x64 pixel art, minimal style, 3-5 colors, clean pixel edges, simple abstract symbol"
離,detach,"64x64 pixel art, minimal style, 3-5 colors, clean pixel edges, simple abstract symbol"
璃,glassy,"64x64 pixel art, minimal style, 3-5 colors, clean pixel edges, simple abstract symbol"
殺,kill,"64x64 pixel art, minimal style, 3-5 colors, clean pixel edges, simple abstract symbol"
爽,bracing,"64x64 pixel art, minimal style, 3-5 colors, clean pixel edges, simple abstract symbol"
純,genuine,"64x64 pixel art, minimal style, 3-5 colors, clean pixel edges, simple abstract symbol"
頓,immediate,"64x64 pixel art, minimal style, 3-5 colors, clean pixel edges, simple abstract symbol"
鈍,dull,"64x64 pixel art, minimal style, 3-5 colors, clean pixel edges, simple abstract symbol"
辛,spicy,"64x64 pixel art, minimal style, 3-5 colors, clean pixel edges, simple abstract symbol"
辞,resign,"64x64 pixel art, minimal style, 3-5 colors, clean pixel edges, simple abstract symbol"
梓,catalpa_tree,"64x64 pixel art, minimal style, 3-5 colors, clean pixel edges, simple abstract symbol"
宰,superintend,"64x64 pixel art, minimal style, 3-5 colors, clean pixel edges, simple abstract symbol"
壁,wall,"64x64 pixel art, minimal style, 3-5 colors, clean pixel edges, simple abstract symbol"
璧,gem,"64x64 pixel art, minimal style, 3-5 colors, clean pixel edges, simple abstract symbol"
避,evade,"64x64 pixel art, minimal style, 3-5 colors, clean pixel edges, simple abstract symbol"
新,new,"64x64 pixel art, minimal style, 3-5 colors, clean pixel edges, simple abstract symbol"
薪,firewood,"64x64 pixel art, minimal style, 3-5 colors, clean pixel edges, simple abstract symbol"
親,parent,"64x64 pixel art, minimal style, 3-5 colors, clean pixel edges, simple abstract symbol"
幸,happiness,"64x64 pixel art, minimal style, 3-5 colors, clean pixel edges, simple abstract symbol"
執,tenacious,"64x64 pixel art, minimal style, 3-5 colors, clean pixel edges, simple abstract symbol"
摯,clasp,"64x64 pixel art, minimal style, 3-5 colors, clean pixel edges, simple abstract symbol"
報,report,"64x64 pixel art, minimal style, 3-5 colors, clean pixel edges, simple abstract symbol"
叫,shout,"64x64 pixel art, minimal style, 3-5 colors, clean pixel edges, simple abstract symbol"
糾,twist,"64x64 pixel art, minimal style, 3-5 colors, clean pixel edges, simple abstract symbol"
収,income,"64x64 pixel art, minimal style, 3-5 colors, clean pixel edges, simple abstract symbol"
卑,lowly,"64x64 pixel art, minimal style, 3-5 colors, clean pixel edges, simple abstract symbol"
碑,tombstone,"64x64 pixel art, minimal style, 3-5 colors, clean pixel edges, simple abstract symbol"
陸,land,"64x64 pixel art, minimal style, 3-5 colors, clean pixel edges, simple abstract symbol"
睦,intimate,"64x64 pixel art, minimal style, 3-5 colors, clean pixel edges, simple abstract symbol"
勢,forces,"64x64 pixel art, minimal style, 3-5 colors, clean pixel edges, simple abstract symbol"
熱,heat,"64x64 pixel art, minimal style, 3-5 colors, clean pixel edges, simple abstract symbol"
菱,diamond,"64x64 pixel art, minimal style, 3-5 colors, clean pixel edges, simple abstract symbol"
陵,mausoleum,"64x64 pixel art, minimal style, 3-5 colors, clean pixel edges, simple abstract symbol"
亥,boar,"64x64 pixel art, minimal style, 3-5 colors, clean pixel edges, simple abstract symbol"
核,nucleus,"64x64 pixel art, minimal style, 3-5 colors, clean pixel edges, simple abstract symbol"
刻,engrave,"64x64 pixel art, minimal style, 3-5 colors, clean pixel edges, simple abstract symbol"
該,above_stated,"64x64 pixel art, minimal style, 3-5 colors, clean pixel edges, simple abstract symbol"
骸,remains,"64x64 pixel art, minimal style, 3-5 colors, clean pixel edges, simple abstract symbol"
劾,censure,"64x64 pixel art, minimal style, 3-5 colors, clean pixel edges, simple abstract symbol"
述,mention,"64x64 pixel art, minimal style, 3-5 colors, clean pixel edges, simple abstract symbol"
術,technique,"64x64 pixel art, minimal style, 3-5 colors, clean pixel edges, simple abstract symbol"
寒,cold,"64x64 pixel art, minimal style, 3-5 colors, clean pixel edges, simple abstract symbol"
塞,obstruct,"64x64 pixel art, minimal style, 3-5 colors, clean pixel edges, simple abstract symbol"
醸,brew,"64x64 pixel art, minimal style, 3-5 colors, clean pixel edges, simple abstract symbol"
譲,defer,"64x64 pixel art, minimal style, 3-5 colors, clean pixel edges, simple abstract symbol"
壌,lot,"64x64 pixel art, minimal style, 3-5 colors, clean pixel edges, simple abstract symbol"
嬢,lass,"64x64 pixel art, minimal style, 3-5 colors, clean pixel edges, simple abstract symbol"
毒,poison,"64x64 pixel art, minimal style, 3-5 colors, clean pixel edges, simple abstract symbol"
素,elementary,"64x64 pixel art, minimal style, 3-5 colors, clean pixel edges, simple abstract symbol"
麦,wheat,"64x64 pixel art, minimal style, 3-5 colors, clean pixel edges, simple abstract symbol"
青,blue,"64x64 pixel art, minimal style, 3-5 colors, clean pixel edges, simple abstract symbol"
精,refined,"64x64 pixel art, minimal style, 3-5 colors, clean pixel edges, simple abstract symbol"
請,solicit,"64x64 pixel art, minimal style, 3-5 colors, clean pixel edges, simple abstract symbol"
情,feelings,"64x64 pixel art, minimal style, 3-5 colors, clean pixel edges, simple abstract symbol"
晴,clear_up,"64x64 pixel art, minimal style, 3-5 colors, clean pixel edges, simple abstract symbol"
清,pure,"64x64 pixel art, minimal style, 3-5 colors, clean pixel edges, simple abstract symbol"
静,quiet,"64x64 pixel art, minimal style, 3-5 colors, clean pixel edges, simple abstract symbol"
責,blame,"64x64 pixel art, minimal style, 3-5 colors, clean pixel edges, simple abstract symbol"
績,exploits,"64x64 pixel art, minimal style, 3-5 colors, clean pixel edges, simple abstract symbol"
積,accumulate,"64x64 pixel art, minimal style, 3-5 colors, clean pixel edges, simple abstract symbol"
債,bond,"64x64 pixel art, minimal style, 3-5 colors, clean pixel edges, simple abstract symbol"
漬,pickling,"64x64 pixel art, minimal style, 3-5 colors, clean pixel edges, simple abstract symbol"
表,surface,"64x64 pixel art, minimal style, 3-5 colors, clean pixel edges, simple abstract symbol"
俵,bag,"64x64 pixel art, minimal style, 3-5 colors, clean pixel edges, simple abstract symbol"
潔,undefiled,"64x64 pixel art, minimal style, 3-5 colors, clean pixel edges, simple abstract symbol"
契,pledge,"64x64 pixel art, minimal style, 3-5 colors, clean pixel edges, simple abstract symbol"
喫,consume,"64x64 pixel art, minimal style, 3-5 colors, clean pixel edges, simple abstract symbol"
害,harm,"64x64 pixel art, minimal style, 3-5 colors, clean pixel edges, simple abstract symbol"
轄,jurisdiction,"64x64 pixel art, minimal style, 3-5 colors, clean pixel edges, simple abstract symbol"
割,proportion,"64x64 pixel art, minimal style, 3-5 colors, clean pixel edges, simple abstract symbol"
憲,constitution,"64x64 pixel art, minimal style, 3-5 colors, clean pixel edges, simple abstract symbol"
生,life,"64x64 pixel art, minimal style, 3-5 colors, clean pixel edges, simple abstract symbol"
星,star,"64x64 pixel art, minimal style, 3-5 colors, clean pixel edges, simple abstract symbol"
醒,awakening,"64x64 pixel art, minimal style, 3-5 colors, clean pixel edges, simple abstract symbol"
姓,surname,"64x64 pixel art, minimal style, 3-5 colors, clean pixel edges, simple abstract symbol"
性,gender,"64x64 pixel art, minimal style, 3-5 colors, clean pixel edges, simple abstract symbol"
牲,animal_sacrifice,"64x64 pixel art, minimal style, 3-5 colors, clean pixel edges, simple abstract symbol"
産,produce,"64x64 pixel art, minimal style, 3-5 colors, clean pixel edges, simple abstract symbol"
隆,hump,"64x64 pixel art, minimal style, 3-5 colors, clean pixel edges, simple abstract symbol"
峰,summit,"64x64 pixel art, minimal style, 3-5 colors, clean pixel edges, simple abstract symbol"
蜂,bee,"64x64 pixel art, minimal style, 3-5 colors, clean pixel edges, simple abstract symbol"
縫,sew,"64x64 pixel art, minimal style, 3-5 colors, clean pixel edges, simple abstract symbol"
拝,worship,"64x64 pixel art, minimal style, 3-5 colors, clean pixel edges, simple abstract symbol"
寿,longevity,"64x64 pixel art, minimal style, 3-5 colors, clean pixel edges, simple abstract symbol"
鋳,casting,"64x64 pixel art, minimal style, 3-5 colors, clean pixel edges, simple abstract symbol"
籍,enroll,"64x64 pixel art, minimal style, 3-5 colors, clean pixel edges, simple abstract symbol"
春,springtime,"64x64 pixel art, minimal style, 3-5 colors, clean pixel edges, simple abstract symbol"
椿,camellia_tree,"64x64 pixel art, minimal style, 3-5 colors, clean pixel edges, simple abstract symbol"
泰,peaceful,"64x64 pixel art, minimal style, 3-5 colors, clean pixel edges, simple abstract symbol"
奏,play_music,"64x64 pixel art, minimal style, 3-5 colors, clean pixel edges, simple abstract symbol"
実,reality,"64x64 pixel art, minimal style, 3-5 colors, clean pixel edges, simple abstract symbol"
奉,dedicate,"64x64 pixel art, minimal style, 3-5 colors, clean pixel edges, simple abstract symbol"
俸,stipend,"64x64 pixel art, minimal style, 3-5 colors, clean pixel edges, simple abstract symbol"
棒,rod,"64x64 pixel art, minimal style, 3-5 colors, clean pixel edges, simple abstract symbol"
謹,discreet,"64x64 pixel art, minimal style, 3-5 colors, clean pixel edges, simple abstract symbol"
僅,trifle,"64x64 pixel art, minimal style, 3-5 colors, clean pixel edges, simple abstract symbol"
勤,diligence,"64x64 pixel art, minimal style, 3-5 colors, clean pixel edges, simple abstract symbol"
漢,china,"64x64 pixel art, minimal style, 3-5 colors, clean pixel edges, simple abstract symbol"
嘆,sigh,"64x64 pixel art, minimal style, 3-5 colors, clean pixel edges, simple abstract symbol"
難,difficult,"64x64 pixel art, minimal style, 3-5 colors, clean pixel edges, simple abstract symbol"
華,splendor,"64x64 pixel art, minimal style, 3-5 colors, clean pixel edges, simple abstract symbol"
垂,droop,"64x64 pixel art, minimal style, 3-5 colors, clean pixel edges, simple abstract symbol"
唾,saliva,"64x64 pixel art, minimal style, 3-5 colors, clean pixel edges, simple abstract symbol"
睡,drowsy,"64x64 pixel art, minimal style, 3-5 colors, clean pixel edges, simple abstract symbol"
錘,spindle,"64x64 pixel art, minimal style, 3-5 colors, clean pixel edges, simple abstract symbol"
乗,ride,"64x64 pixel art, minimal style, 3-5 colors, clean pixel edges, simple abstract symbol"
剰,surplus,"64x64 pixel art, minimal style, 3-5 colors, clean pixel edges, simple abstract symbol"
今,now,"64x64 pixel art, minimal style, 3-5 colors, clean pixel edges, simple abstract symbol"
含,include,"64x64 pixel art, minimal style, 3-5 colors, clean pixel edges, simple abstract symbol"
貪,covet,"64x64 pixel art, minimal style, 3-5 colors, clean pixel edges, simple abstract symbol"
吟,versify,"64x64 pixel art, minimal style, 3-5 colors, clean pixel edges, simple abstract symbol"
念,wish,"64x64 pixel art, minimal style, 3-5 colors, clean pixel edges, simple abstract symbol"
捻,wrench,"64x64 pixel art, minimal style, 3-5 colors, clean pixel edges, simple abstract symbol"
琴,harp,"64x64 pixel art, minimal style, 3-5 colors, clean pixel edges, simple abstract symbol"
陰,shade,"64x64 pixel art, minimal style, 3-5 colors, clean pixel edges, simple abstract symbol"
予,in_advance,"64x64 pixel art, minimal style, 3-5 colors, clean pixel edges, simple abstract symbol"
序,preface,"64x64 pixel art, minimal style, 3-5 colors, clean pixel edges, simple abstract symbol"
預,deposit,"64x64 pixel art, minimal style, 3-5 colors, clean pixel edges, simple abstract symbol"
野,plains,"64x64 pixel art, minimal style, 3-5 colors, clean pixel edges, simple abstract symbol"
兼,concurrently,"64x64 pixel art, minimal style, 3-5 colors, clean pixel edges, simple abstract symbol"
嫌,dislike,"64x64 pixel art, minimal style, 3-5 colors, clean pixel edges, simple abstract symbol"
鎌,sickle,"64x64 pixel art, minimal style, 3-5 colors, clean pixel edges, simple abstract symbol"
謙,self_effacing,"64x64 pixel art, minimal style, 3-5 colors, clean pixel edges, simple abstract symbol"
廉,bargain,"64x64 pixel art, minimal style, 3-5 colors, clean pixel edges, simple abstract symbol"
西,west,"64x64 pixel art, minimal style, 3-5 colors, clean pixel edges, simple abstract symbol"
価,cost,"64x64 pixel art, minimal style, 3-5 colors, clean pixel edges, simple abstract symbol"
要,need,"64x64 pixel art, minimal style, 3-5 colors, clean pixel edges, simple abstract symbol"
腰,loins,"64x64 pixel art, minimal style, 3-5 colors, clean pixel edges, simple abstract symbol"
票,ballot,"64x64 pixel art, minimal style, 3-5 colors, clean pixel edges, simple abstract symbol"
漂,drift,"64x64 pixel art, minimal style, 3-5 colors, clean pixel edges, simple abstract symbol"
標,signpost,"64x64 pixel art, minimal style, 3-5 colors, clean pixel edges, simple abstract symbol"
栗,chestnut,"64x64 pixel art, minimal style, 3-5 colors, clean pixel edges, simple abstract symbol"
慄,shudder,"64x64 pixel art, minimal style, 3-5 colors, clean pixel edges, simple abstract symbol"
遷,transition,"64x64 pixel art, minimal style, 3-5 colors, clean pixel edges, simple abstract symbol"
覆,capsize,"64x64 pixel art, minimal style, 3-5 colors, clean pixel edges, simple abstract symbol"
煙,smoke,"64x64 pixel art, minimal style, 3-5 colors, clean pixel edges, simple abstract symbol"
南,south,"64x64 pixel art, minimal style, 3-5 colors, clean pixel edges, simple abstract symbol"
楠,camphor_tree,"64x64 pixel art, minimal style, 3-5 colors, clean pixel edges, simple abstract symbol"
献,offering,"64x64 pixel art, minimal style, 3-5 colors, clean pixel edges, simple abstract symbol"
門,gates,"64x64 pixel art, minimal style, 3-5 colors, clean pixel edges, simple abstract symbol"
問,question,"64x64 pixel art, minimal style, 3-5 colors, clean pixel edges, simple abstract symbol"
閲,review,"64x64 pixel art, minimal style, 3-5 colors, clean pixel edges, simple abstract symbol"
閥,clique,"64x64 pixel art, minimal style, 3-5 colors, clean pixel edges, simple abstract symbol"
間,interval,"64x64 pixel art, minimal style, 3-5 colors, clean pixel edges, simple abstract symbol"
闇,pitch_dark,"64x64 pixel art, minimal style, 3-5 colors, clean pixel edges, simple abstract symbol"
簡,simplicity,"64x64 pixel art, minimal style, 3-5 colors, clean pixel edges, simple abstract symbol"
開,open,"64x64 pixel art, minimal style, 3-5 colors, clean pixel edges, simple abstract symbol"
閉,closed,"64x64 pixel art, minimal style, 3-5 colors, clean pixel edges, simple abstract symbol"
閣,tower,"64x64 pixel art, minimal style, 3-5 colors, clean pixel edges, simple abstract symbol"
閑,leisure,"64x64 pixel art, minimal style, 3-5 colors, clean pixel edges, simple abstract symbol"
聞,hear,"64x64 pixel art, minimal style, 3-5 colors, clean pixel edges, simple abstract symbol"
潤,wet,"64x64 pixel art, minimal style, 3-5 colors, clean pixel edges, simple abstract symbol"
欄,column,"64x64 pixel art, minimal style, 3-5 colors, clean pixel edges, simple abstract symbol"
闘,fight,"64x64 pixel art, minimal style, 3-5 colors, clean pixel edges, simple abstract symbol"
倉,warehouse,"64x64 pixel art, minimal style, 3-5 colors, clean pixel edges, simple abstract symbol"
創,genesis,"64x64 pixel art, minimal style, 3-5 colors, clean pixel edges, simple abstract symbol"
非,non,"64x64 pixel art, minimal style, 3-5 colors, clean pixel edges, simple abstract symbol"
俳,haiku,"64x64 pixel art, minimal style, 3-5 colors, clean pixel edges, simple abstract symbol"
排,repudiate,"64x64 pixel art, minimal style, 3-5 colors, clean pixel edges, simple abstract symbol"
悲,sad,"64x64 pixel art, minimal style, 3-5 colors, clean pixel edges, simple abstract symbol"
罪,guilt,"64x64 pixel art, minimal style, 3-5 colors, clean pixel edges, simple abstract symbol"
輩,comrade,"64x64 pixel art, minimal style, 3-5 colors, clean pixel edges, simple abstract symbol"
扉,front_door,"64x64 pixel art, minimal style, 3-5 colors, clean pixel edges, simple abstract symbol"
侯,marquis,"64x64 pixel art, minimal style, 3-5 colors, clean pixel edges, simple abstract symbol"
喉,throat,"64x64 pixel art, minimal style, 3-5 colors, clean pixel edges, simple abstract symbol"
候,climate,"64x64 pixel art, minimal style, 3-5 colors, clean pixel edges, simple abstract symbol"
決,decide,"64x64 pixel art, minimal style, 3-5 colors, clean pixel edges, simple abstract symbol"
快,cheerful,"64x64 pixel art, minimal style, 3-5 colors, clean pixel edges, simple abstract symbol"
偉,admirable,"64x64 pixel art, minimal style, 3-5 colors, clean pixel edges, simple abstract symbol"
違,differ,"64x64 pixel art, minimal style, 3-5 colors, clean pixel edges, simple abstract symbol"
緯,horizontal,"64x64 pixel art, minimal style, 3-5 colors, clean pixel edges, simple abstract symbol"
衛,defense,"64x64 pixel art, minimal style, 3-5 colors, clean pixel edges, simple abstract symbol"
韓,korea,"64x64 pixel art, minimal style, 3-5 colors, clean pixel edges, simple abstract symbol"
干,dry,"64x64 pixel art, minimal style, 3-5 colors, clean pixel edges, simple abstract symbol"
肝,liver,"64x64 pixel art, minimal style, 3-5 colors, clean pixel edges, simple abstract symbol"
刊,publish,"64x64 pixel art, minimal style, 3-5 colors, clean pixel edges, simple abstract symbol"
汗,sweat,"64x64 pixel art, minimal style, 3-5 colors, clean pixel edges, simple abstract symbol"
軒,flats,"64x64 pixel art, minimal style, 3-5 colors, clean pixel edges, simple abstract symbol"
岸,beach,"64x64 pixel art, minimal style, 3-5 colors, clean pixel edges, simple abstract symbol"
幹,tree_trunk,"64x64 pixel art, minimal style, 3-5 colors, clean pixel edges, simple abstract symbol"
芋,potato,"64x64 pixel art, minimal style, 3-5 colors, clean pixel edges, simple abstract symbol"
宇,eaves,"64x64 pixel art, minimal style, 3-5 colors, clean pixel edges, simple abstract symbol"
余,too_much,"64x64 pixel art, minimal style, 3-5 colors, clean pixel edges, simple abstract symbol"
除,exclude,"64x64 pixel art, minimal style, 3-5 colors, clean pixel edges, simple abstract symbol"
徐,gradually,"64x64 pixel art, minimal style, 3-5 colors, clean pixel edges, simple abstract symbol"
叙,confer,"64x64 pixel art, minimal style, 3-5 colors, clean pixel edges, simple abstract symbol"
途,route,"64x64 pixel art, minimal style, 3-5 colors, clean pixel edges, simple abstract symbol"
斜,diagonal,"64x64 pixel art, minimal style, 3-5 colors, clean pixel edges, simple abstract symbol"
塗,paint,"64x64 pixel art, minimal style, 3-5 colors, clean pixel edges, simple abstract symbol"
束,bundle,"64x64 pixel art, minimal style, 3-5 colors, clean pixel edges, simple abstract symbol"
頼,trust,"64x64 pixel art, minimal style, 3-5 colors, clean pixel edges, simple abstract symbol"
瀬,rapids,"64x64 pixel art, minimal style, 3-5 colors, clean pixel edges, simple abstract symbol"
勅,imperial_order,"64x64 pixel art, minimal style, 3-5 colors, clean pixel edges, simple abstract symbol"
疎,alienate,"64x64 pixel art, minimal style, 3-5 colors, clean pixel edges, simple abstract symbol"
辣,bitter,"64x64 pixel art, minimal style, 3-5 colors, clean pixel edges, simple abstract symbol"
速,quick,"64x64 pixel art, minimal style, 3-5 colors, clean pixel edges, simple abstract symbol"
整,organize,"64x64 pixel art, minimal style, 3-5 colors, clean pixel edges, simple abstract symbol"
剣,sabre,"64x64 pixel art, minimal style, 3-5 colors, clean pixel edges, simple abstract symbol"
険,precipitous,"64x64 pixel art, minimal style, 3-5 colors, clean pixel edges, simple abstract symbol"
検,examination,"64x64 pixel art, minimal style, 3-5 colors, clean pixel edges, simple abstract symbol"
倹,frugal,"64x64 pixel art, minimal style, 3-5 colors, clean pixel edges, simple abstract symbol"
重,heavy,"64x64 pixel art, minimal style, 3-5 colors, clean pixel edges, simple abstract symbol"
動,move,"64x64 pixel art, minimal style, 3-5 colors, clean pixel edges, simple abstract symbol"
腫,tumor,"64x64 pixel art, minimal style, 3-5 colors, clean pixel edges, simple abstract symbol"
勲,meritorious_deed,"64x64 pixel art, minimal style, 3-5 colors, clean pixel edges, simple abstract symbol"
働,work,"64x64 pixel art, minimal style, 3-5 colors, clean pixel edges, simple abstract symbol"
種,species,"64x64 pixel art, minimal style, 3-5 colors, clean pixel edges, simple abstract symbol"
衝,collide,"64x64 pixel art, minimal style, 3-5 colors, clean pixel edges, simple abstract symbol"
薫,fragrant,"64x64 pixel art, minimal style, 3-5 colors, clean pixel edges, simple abstract symbol"
病,ill,"64x64 pixel art, minimal style, 3-5 colors, clean pixel edges, simple abstract symbol"
痴,stupid,"64x64 pixel art, minimal style, 3-5 colors, clean pixel edges, simple abstract symbol"
痘,pox,"64x64 pixel art, minimal style, 3-5 colors, clean pixel edges, simple abstract symbol"
症,symptoms,"64x64 pixel art, minimal style, 3-5 colors, clean pixel edges, simple abstract symbol"
瘍,carbuncle,"64x64 pixel art, minimal style, 3-5 colors, clean pixel edges, simple abstract symbol"
痩,lose_weight,"64x64 pixel art, minimal style, 3-5 colors, clean pixel edges, simple abstract symbol"
疾,rapidly,"64x64 pixel art, minimal style, 3-5 colors, clean pixel edges, simple abstract symbol"
嫉,envy,"64x64 pixel art, minimal style, 3-5 colors, clean pixel edges, simple abstract symbol"
痢,diarrhea,"64x64 pixel art, minimal style, 3-5 colors, clean pixel edges, simple abstract symbol"
痕,scar,"64x64 pixel art, minimal style, 3-5 colors, clean pixel edges, simple abstract symbol"
疲,exhausted,"64x64 pixel art, minimal style, 3-5 colors, clean pixel edges, simple abstract symbol"
疫,epidemic,"64x64 pixel art, minimal style, 3-5 colors, clean pixel edges, simple abstract symbol"
痛,pain,"64x64 pixel art, minimal style, 3-5 colors, clean pixel edges, simple abstract symbol"
癖,mannerism,"64x64 pixel art, minimal style, 3-5 colors, clean pixel edges, simple abstract symbol"
匿,hide,"64x64 pixel art, minimal style, 3-5 colors, clean pixel edges, simple abstract symbol"
匠,artisan,"64x64 pixel art, minimal style, 3-5 colors, clean pixel edges, simple abstract symbol"
医,doctor,"64x64 pixel art, minimal style, 3-5 colors, clean pixel edges, simple abstract symbol"
匹,equal,"64x64 pixel art, minimal style, 3-5 colors, clean pixel edges, simple abstract symbol"
区,ward,"64x64 pixel art, minimal style, 3-5 colors, clean pixel edges, simple abstract symbol"
枢,hinge,"64x64 pixel art, minimal style, 3-5 colors, clean pixel edges, simple abstract symbol"
殴,assault,"64x64 pixel art, minimal style, 3-5 colors, clean pixel edges, simple abstract symbol"
欧,europe,"64x64 pixel art, minimal style, 3-5 colors, clean pixel edges, simple abstract symbol"
抑,repress,"64x64 pixel art, minimal style, 3-5 colors, clean pixel edges, simple abstract symbol"
仰,look_up,"64x64 pixel art, minimal style, 3-5 colors, clean pixel edges, simple abstract symbol"
迎,welcome,"64x64 pixel art, minimal style, 3-5 colors, clean pixel edges, simple abstract symbol"
登,ascend,"64x64 pixel art, minimal style, 3-5 colors, clean pixel edges, simple abstract symbol"
澄,lucidity,"64x64 pixel art, minimal style, 3-5 colors, clean pixel edges, simple abstract symbol"
発,departure,"64x64 pixel art, minimal style, 3-5 colors, clean pixel edges, simple abstract symbol"
廃,abolish,"64x64 pixel art, minimal style, 3-5 colors, clean pixel edges, simple abstract symbol"
僚,colleague,"64x64 pixel art, minimal style, 3-5 colors, clean pixel edges, simple abstract symbol"
瞭,obvious,"64x64 pixel art, minimal style, 3-5 colors, clean pixel edges, simple abstract symbol"
寮,dormitory,"64x64 pixel art, minimal style, 3-5 colors, clean pixel edges, simple abstract symbol"
療,heal,"64x64 pixel art, minimal style, 3-5 colors, clean pixel edges, simple abstract symbol"
彫,carve,"64x64 pixel art, minimal style, 3-5 colors, clean pixel edges, simple abstract symbol"
形,shape,"64x64 pixel art, minimal style, 3-5 colors, clean pixel edges, simple abstract symbol"
影,shadow,"64x64 pixel art, minimal style, 3-5 colors, clean pixel edges, simple abstract symbol"
杉,sugi,"64x64 pixel art, minimal style, 3-5 colors, clean pixel edges, simple abstract symbol"
彩,coloring,"64x64 pixel art, minimal style, 3-5 colors, clean pixel edges, simple abstract symbol"
彰,patent,"64x64 pixel art, minimal style, 3-5 colors, clean pixel edges, simple abstract symbol"
彦,handsome_man,"64x64 pixel art, minimal style, 3-5 colors, clean pixel edges, simple abstract symbol"
顔,face,"64x64 pixel art, minimal style, 3-5 colors, clean pixel edges, simple abstract symbol"
須,must,"64x64 pixel art, minimal style, 3-5 colors, clean pixel edges, simple abstract symbol"
膨,swell,"64x64 pixel art, minimal style, 3-5 colors, clean pixel edges, simple abstract symbol"
参,participate,"64x64 pixel art, minimal style, 3-5 colors, clean pixel edges, simple abstract symbol"
惨,wretched,"64x64 pixel art, minimal style, 3-5 colors, clean pixel edges, simple abstract symbol"
修,discipline,"64x64 pixel art, minimal style, 3-5 colors, clean pixel edges, simple abstract symbol"
珍,rare,"64x64 pixel art, minimal style, 3-5 colors, clean pixel edges, simple abstract symbol"
診,checkup,"64x64 pixel art, minimal style, 3-5 colors, clean pixel edges, simple abstract symbol"
文,sentence,"64x64 pixel art, minimal style, 3-5 colors, clean pixel edges, simple abstract symbol"
対,opposite,"64x64 pixel art, minimal style, 3-5 colors, clean pixel edges, simple abstract symbol"
紋,family_crest,"64x64 pixel art, minimal style, 3-5 colors, clean pixel edges, simple abstract symbol"
蚊,mosquito,"64x64 pixel art, minimal style, 3-5 colors, clean pixel edges, simple abstract symbol"
斑,blemish,"64x64 pixel art, minimal style, 3-5 colors, clean pixel edges, simple abstract symbol"
斉,adjusted,"64x64 pixel art, minimal style, 3-5 colors, clean pixel edges, simple abstract symbol"
剤,dose,"64x64 pixel art, minimal style, 3-5 colors, clean pixel edges, simple abstract symbol"
済,settle,"64x64 pixel art, minimal style, 3-5 colors, clean pixel edges, simple abstract symbol"
斎,purification,"64x64 pixel art, minimal style, 3-5 colors, clean pixel edges, simple abstract symbol"
粛,solemn,"64x64 pixel art, minimal style, 3-5 colors, clean pixel edges, simple abstract symbol"
塁,bases,"64x64 pixel art, minimal style, 3-5 colors, clean pixel edges, simple abstract symbol"
楽,music,"64x64 pixel art, minimal style, 3-5 colors, clean pixel edges, simple abstract symbol"
薬,medicine,"64x64 pixel art, minimal style, 3-5 colors, clean pixel edges, simple abstract symbol"
率,rate,"64x64 pixel art, minimal style, 3-5 colors, clean pixel edges, simple abstract symbol"
渋,astringent,"64x64 pixel art, minimal style, 3-5 colors, clean pixel edges, simple abstract symbol"
摂,vicarious,"64x64 pixel art, minimal style, 3-5 colors, clean pixel edges, simple abstract symbol"
央,center,"64x64 pixel art, minimal style, 3-5 colors, clean pixel edges, simple abstract symbol"
英,england,"64x64 pixel art, minimal style, 3-5 colors, clean pixel edges, simple abstract symbol"
映,reflect,"64x64 pixel art, minimal style, 3-5 colors, clean pixel edges, simple abstract symbol"
赤,red,"64x64 pixel art, minimal style, 3-5 colors, clean pixel edges, simple abstract symbol"
赦,pardon,"64x64 pixel art, minimal style, 3-5 colors, clean pixel edges, simple abstract symbol"
変,unusual,"64x64 pixel art, minimal style, 3-5 colors, clean pixel edges, simple abstract symbol"
跡,tracks,"64x64 pixel art, minimal style, 3-5 colors, clean pixel edges, simple abstract symbol"
蛮,barbarian,"64x64 pixel art, minimal style, 3-5 colors, clean pixel edges, simple abstract symbol"
恋,romance,"64x64 pixel art, minimal style, 3-5 colors, clean pixel edges, simple abstract symbol"
湾,gulf,"64x64 pixel art, minimal style, 3-5 colors, clean pixel edges, simple abstract symbol"
黄,yellow,"64x64 pixel art, minimal style, 3-5 colors, clean pixel edges, simple abstract symbol"
横,sideways,"64x64 pixel art, minimal style, 3-5 colors, clean pixel edges, simple abstract symbol"
把,grasp,"64x64 pixel art, minimal style, 3-5 colors, clean pixel edges, simple abstract symbol"
色,color,"64x64 pixel art, minimal style, 3-5 colors, clean pixel edges, simple abstract symbol"
絶,discontinue,"64x64 pixel art, minimal style, 3-5 colors, clean pixel edges, simple abstract symbol"
艶,glossy,"64x64 pixel art, minimal style, 3-5 colors, clean pixel edges, simple abstract symbol"
肥,fertilizer,"64x64 pixel art, minimal style, 3-5 colors, clean pixel edges, simple abstract symbol"
甘,sweet,"64x64 pixel art, minimal style, 3-5 colors, clean pixel edges, simple abstract symbol"
紺,navy_blue,"64x64 pixel art, minimal style, 3-5 colors, clean pixel edges, simple abstract symbol"
某,so_and_so,"64x64 pixel art, minimal style, 3-5 colors, clean pixel edges, simple abstract symbol"
謀,conspire,"64x64 pixel art, minimal style, 3-5 colors, clean pixel edges, simple abstract symbol"
媒,mediator,"64x64 pixel art, minimal style, 3-5 colors, clean pixel edges, simple abstract symbol"
欺,deceit,"64x64 pixel art, minimal style, 3-5 colors, clean pixel edges, simple abstract symbol"
棋,chess_piece,"64x64 pixel art, minimal style, 3-5 colors, clean pixel edges, simple abstract symbol"
旗,national_flag,"64x64 pixel art, minimal style, 3-5 colors, clean pixel edges, simple abstract symbol"
期,period_of_time,"64x64 pixel art, minimal style, 3-5 colors, clean pixel edges, simple abstract symbol"
碁,go_game,"64x64 pixel art, minimal style, 3-5 colors, clean pixel edges, simple abstract symbol"
基,foundation,"64x64 pixel art, minimal style, 3-5 colors, clean pixel edges, simple abstract symbol"
甚,tremendously,"64x64 pixel art, minimal style, 3-5 colors, clean pixel edges, simple abstract symbol"
勘,intuition,"64x64 pixel art, minimal style, 3-5 colors, clean pixel edges, simple abstract symbol"
堪,withstand,"64x64 pixel art, minimal style, 3-5 colors, clean pixel edges, simple abstract symbol"
貴,precious,"64x64 pixel art, minimal style, 3-5 colors, clean pixel edges, simple abstract symbol"
遺,bequeath,"64x64 pixel art, minimal style, 3-5 colors, clean pixel edges, simple abstract symbol"
遣,dispatch,"64x64 pixel art, minimal style, 3-5 colors, clean pixel edges, simple abstract symbol"
潰,defile,"64x64 pixel art, minimal style, 3-5 colors, clean pixel edges, simple abstract symbol"
舞,dance,"64x64 pixel art, minimal style, 3-5 colors, clean pixel edges, simple abstract symbol"
無,nothingness,"64x64 pixel art, minimal style, 3-5 colors, clean pixel edges, simple abstract symbol"
組,association,"64x64 pixel art, minimal style, 3-5 colors, clean pixel edges, simple abstract symbol"
粗,coarse,"64x64 pixel art, minimal style, 3-5 colors, clean pixel edges, simple abstract symbol"
租,tariff,"64x64 pixel art, minimal style, 3-5 colors, clean pixel edges, simple abstract symbol"
狙,aim_at,"64x64 pixel art, minimal style, 3-5 colors, clean pixel edges, simple abstract symbol"
祖,ancestor,"64x64 pixel art, minimal style, 3-5 colors, clean pixel edges, simple abstract symbol"
阻,thwart,"64x64 pixel art, minimal style, 3-5 colors, clean pixel edges, simple abstract symbol"
査,investigate,"64x64 pixel art, minimal style, 3-5 colors, clean pixel edges, simple abstract symbol"
助,help,"64x64 pixel art, minimal style, 3-5 colors, clean pixel edges, simple abstract symbol"
宜,best_regards,"64x64 pixel art, minimal style, 3-5 colors, clean pixel edges, simple abstract symbol"
畳,tatami_mat,"64x64 pixel art, minimal style, 3-5 colors, clean pixel edges, simple abstract symbol"
並,row,"64x64 pixel art, minimal style, 3-5 colors, clean pixel edges, simple abstract symbol"
普,universal,"64x64 pixel art, minimal style, 3-5 colors, clean pixel edges, simple abstract symbol"
譜,musical_score,"64x64 pixel art, minimal style, 3-5 colors, clean pixel edges, simple abstract symbol"
湿,damp,"64x64 pixel art, minimal style, 3-5 colors, clean pixel edges, simple abstract symbol"
顕,appear,"64x64 pixel art, minimal style, 3-5 colors, clean pixel edges, simple abstract symbol"
繊,slender,"64x64 pixel art, minimal style, 3-5 colors, clean pixel edges, simple abstract symbol"
霊,spirits,"64x64 pixel art, minimal style, 3-5 colors, clean pixel edges, simple abstract symbol"
業,business,"64x64 pixel art, minimal style, 3-5 colors, clean pixel edges, simple abstract symbol"
撲,slap,"64x64 pixel art, minimal style, 3-5 colors, clean pixel edges, simple abstract symbol"
僕,me_male,"64x64 pixel art, minimal style, 3-5 colors, clean pixel edges, simple abstract symbol"
共,together,"64x64 pixel art, minimal style, 3-5 colors, clean pixel edges, simple abstract symbol"
供,offer,"64x64 pixel art, minimal style, 3-5 colors, clean pixel edges, simple abstract symbol"
異,uncommon,"64x64 pixel art, minimal style, 3-5 colors, clean pixel edges, simple abstract symbol"
翼,wing,"64x64 pixel art, minimal style, 3-5 colors, clean pixel edges, simple abstract symbol"
戴,accept_humbly,"64x64 pixel art, minimal style, 3-5 colors, clean pixel edges, simple abstract symbol"
洪,flood,"64x64 pixel art, minimal style, 3-5 colors, clean pixel edges, simple abstract symbol"
港,harbor,"64x64 pixel art, minimal style, 3-5 colors, clean pixel edges, simple abstract symbol"
暴,outburst,"64x64 pixel art, minimal style, 3-5 colors, clean pixel edges, simple abstract symbol"
爆,explode,"64x64 pixel art, minimal style, 3-5 colors, clean pixel edges, simple abstract symbol"
恭,respect,"64x64 pixel art, minimal style, 3-5 colors, clean pixel edges, simple abstract symbol"
選,elect,"64x64 pixel art, minimal style, 3-5 colors, clean pixel edges, simple abstract symbol"
殿,mister,"64x64 pixel art, minimal style, 3-5 colors, clean pixel edges, simple abstract symbol"
井,well,"64x64 pixel art, minimal style, 3-5 colors, clean pixel edges, simple abstract symbol"
丼,donburi,"64x64 pixel art, minimal style, 3-5 colors, clean pixel edges, simple abstract symbol"
囲,surround,"64x64 pixel art, minimal style, 3-5 colors, clean pixel edges, simple abstract symbol"
耕,till,"64x64 pixel art, minimal style, 3-5 colors, clean pixel edges, simple abstract symbol"
亜,asia,"64x64 pixel art, minimal style, 3-5 colors, clean pixel edges, simple abstract symbol"
悪,bad,"64x64 pixel art, minimal style, 3-5 colors, clean pixel edges, simple abstract symbol"
円,circle,"64x64 pixel art, minimal style, 3-5 colors, clean pixel edges, simple abstract symbol"
角,angle,"64x64 pixel art, minimal style, 3-5 colors, clean pixel edges, simple abstract symbol"
触,contact,"64x64 pixel art, minimal style, 3-5 colors, clean pixel edges, simple abstract symbol"
解,solution,"64x64 pixel art, minimal style, 3-5 colors, clean pixel edges, simple abstract symbol"
再,again,"64x64 pixel art, minimal style, 3-5 colors, clean pixel edges, simple abstract symbol"
講,lecture,"64x64 pixel art, minimal style, 3-5 colors, clean pixel edges, simple abstract symbol"
購,subscription,"64x64 pixel art, minimal style, 3-5 colors, clean pixel edges, simple abstract symbol"
構,construct,"64x64 pixel art, minimal style, 3-5 colors, clean pixel edges, simple abstract symbol"
溝,gutter,"64x64 pixel art, minimal style, 3-5 colors, clean pixel edges, simple abstract symbol"
論,argument,"64x64 pixel art, minimal style, 3-5 colors, clean pixel edges, simple abstract symbol"
倫,ethics,"64x64 pixel art, minimal style, 3-5 colors, clean pixel edges, simple abstract symbol"
輪,wheel,"64x64 pixel art, minimal style, 3-5 colors, clean pixel edges, simple abstract symbol"
偏,partial,"64x64 pixel art, minimal style, 3-5 colors, clean pixel edges, simple abstract symbol"
遍,everywhere,"64x64 pixel art, minimal style, 3-5 colors, clean pixel edges, simple abstract symbol"
編,compilation,"64x64 pixel art, minimal style, 3-5 colors, clean pixel edges, simple abstract symbol"
冊,volume,"64x64 pixel art, minimal style, 3-5 colors, clean pixel edges, simple abstract symbol"
柵,fence,"64x64 pixel art, minimal style, 3-5 colors, clean pixel edges, simple abstract symbol"
典,ceremony,"64x64 pixel art, minimal style, 3-5 colors, clean pixel edges, simple abstract symbol"
氏,family_name,"64x64 pixel art, minimal style, 3-5 colors, clean pixel edges, simple abstract symbol"
紙,paper,"64x64 pixel art, minimal style, 3-5 colors, clean pixel edges, simple abstract symbol"
婚,marriage,"64x64 pixel art, minimal style, 3-5 colors, clean pixel edges, simple abstract symbol"
低,lower,"64x64 pixel art, minimal style, 3-5 colors, clean pixel edges, simple abstract symbol"
抵,resist,"64x64 pixel art, minimal style, 3-5 colors, clean pixel edges, simple abstract symbol"
底,bottom,"64x64 pixel art, minimal style, 3-5 colors, clean pixel edges, simple abstract symbol"
民,people,"64x64 pixel art, minimal style, 3-5 colors, clean pixel edges, simple abstract symbol"
眠,sleep,"64x64 pixel art, minimal style, 3-5 colors, clean pixel edges, simple abstract symbol"
捕,catch,"64x64 pixel art, minimal style, 3-5 colors, clean pixel edges, simple abstract symbol"
哺,suckle,"64x64 pixel art, minimal style, 3-5 colors, clean pixel edges, simple abstract symbol"
浦,bay,"64x64 pixel art, minimal style, 3-5 colors, clean pixel edges, simple abstract symbol"
蒲,cattail,"64x64 pixel art, minimal style, 3-5 colors, clean pixel edges, simple abstract symbol"
舗,shop,"64x64 pixel art, minimal style, 3-5 colors, clean pixel edges, simple abstract symbol"
補,supplement,"64x64 pixel art, minimal style, 3-5 colors, clean pixel edges, simple abstract symbol"
邸,residence,"64x64 pixel art, minimal style, 3-5 colors, clean pixel edges, simple abstract symbol"
郭,enclosure,"64x64 pixel art, minimal style, 3-5 colors, clean pixel edges, simple abstract symbol"
郡,county,"64x64 pixel art, minimal style, 3-5 colors, clean pixel edges, simple abstract symbol"
郊,outskirts,"64x64 pixel art, minimal style, 3-5 colors, clean pixel edges, simple abstract symbol"
部,department,"64x64 pixel art, minimal style, 3-5 colors, clean pixel edges, simple abstract symbol"
都,metropolis,"64x64 pixel art, minimal style, 3-5 colors, clean pixel edges, simple abstract symbol"
郵,mail,"64x64 pixel art, minimal style, 3-5 colors, clean pixel edges, simple abstract symbol"
邦,home_country,"64x64 pixel art, minimal style, 3-5 colors, clean pixel edges, simple abstract symbol"
那,that,"64x64 pixel art, minimal style, 3-5 colors, clean pixel edges, simple abstract symbol"
郷,hometown,"64x64 pixel art, minimal style, 3-5 colors, clean pixel edges, simple abstract symbol"
響,echo,"64x64 pixel art, minimal style, 3-5 colors, clean pixel edges, simple abstract symbol"
郎,son,"64x64 pixel art, minimal style, 3-5 colors, clean pixel edges, simple abstract symbol"
廊,corridor,"64x64 pixel art, minimal style, 3-5 colors, clean pixel edges, simple abstract symbol"
盾,shield,"64x64 pixel art, minimal style, 3-5 colors, clean pixel edges, simple abstract symbol"
循,sequential,"64x64 pixel art, minimal style, 3-5 colors, clean pixel edges, simple abstract symbol"
派,faction,"64x64 pixel art, minimal style, 3-5 colors, clean pixel edges, simple abstract symbol"
脈,vein,"64x64 pixel art, minimal style, 3-5 colors, clean pixel edges, simple abstract symbol"
衆,masses,"64x64 pixel art, minimal style, 3-5 colors, clean pixel edges, simple abstract symbol"
逓,relay,"64x64 pixel art, minimal style, 3-5 colors, clean pixel edges, simple abstract symbol"
段,grade,"64x64 pixel art, minimal style, 3-5 colors, clean pixel edges, simple abstract symbol"
鍛,forge,"64x64 pixel art, minimal style, 3-5 colors, clean pixel edges, simple abstract symbol"
后,empress,"64x64 pixel art, minimal style, 3-5 colors, clean pixel edges, simple abstract symbol"
幻,phantasm,"64x64 pixel art, minimal style, 3-5 colors, clean pixel edges, simple abstract symbol"
司,director,"64x64 pixel art, minimal style, 3-5 colors, clean pixel edges, simple abstract symbol"
伺,pay_respects,"64x64 pixel art, minimal style, 3-5 colors, clean pixel edges, simple abstract symbol"
詞,parts_of_speech,"64x64 pixel art, minimal style, 3-5 colors, clean pixel edges, simple abstract symbol"
飼,domesticate,"64x64 pixel art, minimal style, 3-5 colors, clean pixel edges, simple abstract symbol"
嗣,heir,"64x64 pixel art, minimal style, 3-5 colors, clean pixel edges, simple abstract symbol"
舟,boat,"64x64 pixel art, minimal style, 3-5 colors, clean pixel edges, simple abstract symbol"
舶,liner,"64x64 pixel art, minimal style, 3-5 colors, clean pixel edges, simple abstract symbol"
航,navigate,"64x64 pixel art, minimal style, 3-5 colors, clean pixel edges, simple abstract symbol"
舷,gunwale,"64x64 pixel art, minimal style, 3-5 colors, clean pixel edges, simple abstract symbol"
般,carrier,"64x64 pixel art, minimal style, 3-5 colors, clean pixel edges, simple abstract symbol"
盤,tray,"64x64 pixel art, minimal style, 3-5 colors, clean pixel edges, simple abstract symbol"
搬,conveyor,"64x64 pixel art, minimal style, 3-5 colors, clean pixel edges, simple abstract symbol"
船,ship,"64x64 pixel art, minimal style, 3-5 colors, clean pixel edges, simple abstract symbol"
艦,warship,"64x64 pixel art, minimal style, 3-5 colors, clean pixel edges, simple abstract symbol"
艇,rowboat,"64x64 pixel art, minimal style, 3-5 colors, clean pixel edges, simple abstract symbol"
瓜,melon,"64x64 pixel art, minimal style, 3-5 colors, clean pixel edges, simple abstract symbol"
弧,arc,"64x64 pixel art, minimal style, 3-5 colors, clean pixel edges, simple abstract symbol"
孤,orphan,"64x64 pixel art, minimal style, 3-5 colors, clean pixel edges, simple abstract symbol"
繭,cocoon,"64x64 pixel art, minimal style, 3-5 colors, clean pixel edges, simple abstract symbol"
益,benefit,"64x64 pixel art, minimal style, 3-5 colors, clean pixel edges, simple abstract symbol"
暇,spare_time,"64x64 pixel art, minimal style, 3-5 colors, clean pixel edges, simple abstract symbol"
敷,spread,"64x64 pixel art, minimal style, 3-5 colors, clean pixel edges, simple abstract symbol"
来,come,"64x64 pixel art, minimal style, 3-5 colors, clean pixel edges, simple abstract symbol"
気,spirit,"64x64 pixel art, minimal style, 3-5 colors, clean pixel edges, simple abstract symbol"
汽,vapor,"64x64 pixel art, minimal style, 3-5 colors, clean pixel edges, simple abstract symbol"
飛,fly,"64x64 pixel art, minimal style, 3-5 colors, clean pixel edges, simple abstract symbol"
沈,sink,"64x64 pixel art, minimal style, 3-5 colors, clean pixel edges, simple abstract symbol"
枕,pillow,"64x64 pixel art, minimal style, 3-5 colors, clean pixel edges, simple abstract symbol"
妻,wife,"64x64 pixel art, minimal style, 3-5 colors, clean pixel edges, simple abstract symbol"
凄,nifty,"64x64 pixel art, minimal style, 3-5 colors, clean pixel edges, simple abstract symbol"
衰,decline,"64x64 pixel art, minimal style, 3-5 colors, clean pixel edges, simple abstract symbol"
衷,inmost,"64x64 pixel art, minimal style, 3-5 colors, clean pixel edges, simple abstract symbol"
面,mask,"64x64 pixel art, minimal style, 3-5 colors, clean pixel edges, simple abstract symbol"
麺,noodles,"64x64 pixel art, minimal style, 3-5 colors, clean pixel edges, simple abstract symbol"
革,leather,"64x64 pixel art, minimal style, 3-5 colors, clean pixel edges, simple abstract symbol"
靴,shoes,"64x64 pixel art, minimal style, 3-5 colors, clean pixel edges, simple abstract symbol"
覇,hegemony,"64x64 pixel art, minimal style, 3-5 colors, clean pixel edges, simple abstract symbol"
声,voice,"64x64 pixel art, minimal style, 3-5 colors, clean pixel edges, simple abstract symbol"
眉,eyebrow,"64x64 pixel art, minimal style, 3-5 colors, clean pixel edges, simple abstract symbol"
呉,give,"64x64 pixel art, minimal style, 3-5 colors, clean pixel edges, simple abstract symbol"
娯,recreation,"64x64 pixel art, minimal style, 3-5 colors, clean pixel edges, simple abstract symbol"
誤,mistake,"64x64 pixel art, minimal style, 3-5 colors, clean pixel edges, simple abstract symbol"
蒸,steam,"64x64 pixel art, minimal style, 3-5 colors, clean pixel edges, simple abstract symbol"
承,acquiesce,"64x64 pixel art, minimal style, 3-5 colors, clean pixel edges, simple abstract symbol"
函,bin,"64x64 pixel art, minimal style, 3-5 colors, clean pixel edges, simple abstract symbol"
極,poles,"64x64 pixel art, minimal style, 3-5 colors, clean pixel edges, simple abstract symbol"
牙,tusk,"64x64 pixel art, minimal style, 3-5 colors, clean pixel edges, simple abstract symbol"
芽,bud,"64x64 pixel art, minimal style, 3-5 colors, clean pixel edges, simple abstract symbol"
邪,wicked,"64x64 pixel art, minimal style, 3-5 colors, clean pixel edges, simple abstract symbol"
雅,gracious,"64x64 pixel art, minimal style, 3-5 colors, clean pixel edges, simple abstract symbol"
釈,interpretation,"64x64 pixel art, minimal style, 3-5 colors, clean pixel edges, simple abstract symbol"
番,ones_turn,"64x64 pixel art, minimal style, 3-5 colors, clean pixel edges, simple abstract symbol"
審,hearing,"64x64 pixel art, minimal style, 3-5 colors, clean pixel edges, simple abstract symbol"
翻,flip,"64x64 pixel art, minimal style, 3-5 colors, clean pixel edges, simple abstract symbol"
藩,clan,"64x64 pixel art, minimal style, 3-5 colors, clean pixel edges, simple abstract symbol"
毛,fur,"64x64 pixel art, minimal style, 3-5 colors, clean pixel edges, simple abstract symbol"
耗,decrease,"64x64 pixel art, minimal style, 3-5 colors, clean pixel edges, simple abstract symbol"
尾,tail,"64x64 pixel art, minimal style, 3-5 colors, clean pixel edges, simple abstract symbol"
宅,home,"64x64 pixel art, minimal style, 3-5 colors, clean pixel edges, simple abstract symbol"
託,consign,"64x64 pixel art, minimal style, 3-5 colors, clean pixel edges, simple abstract symbol"
為,do,"64x64 pixel art, minimal style, 3-5 colors, clean pixel edges, simple abstract symbol"
偽,falsehood,"64x64 pixel art, minimal style, 3-5 colors, clean pixel edges, simple abstract symbol"
畏,apprehensive,"64x64 pixel art, minimal style, 3-5 colors, clean pixel edges, simple abstract symbol"
長,long,"64x64 pixel art, minimal style, 3-5 colors, clean pixel edges, simple abstract symbol"
張,lengthen,"64x64 pixel art, minimal style, 3-5 colors, clean pixel edges, simple abstract symbol"
帳,notebook,"64x64 pixel art, minimal style, 3-5 colors, clean pixel edges, simple abstract symbol"
脹,dilate,"64x64 pixel art, minimal style, 3-5 colors, clean pixel edges, simple abstract symbol"
髪,hair,"64x64 pixel art, minimal style, 3-5 colors, clean pixel edges, simple abstract symbol"
展,unfold,"64x64 pixel art, minimal style, 3-5 colors, clean pixel edges, simple abstract symbol"
喪,miss,"64x64 pixel art, minimal style, 3-5 colors, clean pixel edges, simple abstract symbol"
巣,nest,"64x64 pixel art, minimal style, 3-5 colors, clean pixel edges, simple abstract symbol"
単,simple,"64x64 pixel art, minimal style, 3-5 colors, clean pixel edges, simple abstract symbol"
戦,war,"64x64 pixel art, minimal style, 3-5 colors, clean pixel edges, simple abstract symbol"
禅,zen,"64x64 pixel art, minimal style, 3-5 colors, clean pixel edges, simple abstract symbol"
弾,bullet,"64x64 pixel art, minimal style, 3-5 colors, clean pixel edges, simple abstract symbol"
桜,cherry_blossom,"64x64 pixel art, minimal style, 3-5 colors, clean pixel edges, simple abstract symbol"
獣,animal,"64x64 pixel art, minimal style, 3-5 colors, clean pixel edges, simple abstract symbol"
脳,brain,"64x64 pixel art, minimal style, 3-5 colors, clean pixel edges, simple abstract symbol"
悩,trouble,"64x64 pixel art, minimal style, 3-5 colors, clean pixel edges, simple abstract symbol"
厳,stern,"64x64 pixel art, minimal style, 3-5 colors, clean pixel edges, simple abstract symbol"
鎖,chain,"64x64 pixel art, minimal style, 3-5 colors, clean pixel edges, simple abstract symbol"
挙,raise,"64x64 pixel art, minimal style, 3-5 colors, clean pixel edges, simple abstract symbol"
誉,reputation,"64x64 pixel art, minimal style, 3-5 colors, clean pixel edges, simple abstract symbol"
猟,game_hunting,"64x64 pixel art, minimal style, 3-5 colors, clean pixel edges, simple abstract symbol"
鳥,bird,"64x64 pixel art, minimal style, 3-5 colors, clean pixel edges, simple abstract symbol"
鳴,chirp,"64x64 pixel art, minimal style, 3-5 colors, clean pixel edges, simple abstract symbol"
鶴,crane,"64x64 pixel art, minimal style, 3-5 colors, clean pixel edges, simple abstract symbol"
烏,crow,"64x64 pixel art, minimal style, 3-5 colors, clean pixel edges, simple abstract symbol"
蔦,vine,"64x64 pixel art, minimal style, 3-5 colors, clean pixel edges, simple abstract symbol"
鳩,pigeon,"64x64 pixel art, minimal style, 3-5 colors, clean pixel edges, simple abstract symbol"
鶏,chicken,"64x64 pixel art, minimal style, 3-5 colors, clean pixel edges, simple abstract symbol"
島,island,"64x64 pixel art, minimal style, 3-5 colors, clean pixel edges, simple abstract symbol"
暖,warmth,"64x64 pixel art, minimal style, 3-5 colors, clean pixel edges, simple abstract symbol"
媛,maiden,"64x64 pixel art, minimal style, 3-5 colors, clean pixel edges, simple abstract symbol"
援,abet,"64x64 pixel art, minimal style, 3-5 colors, clean pixel edges, simple abstract symbol"
緩,slacken,"64x64 pixel art, minimal style, 3-5 colors, clean pixel edges, simple abstract symbol"
属,belong,"64x64 pixel art, minimal style, 3-5 colors, clean pixel edges, simple abstract symbol"
嘱,entrust,"64x64 pixel art, minimal style, 3-5 colors, clean pixel edges, simple abstract symbol"
偶,accidentally,"64x64 pixel art, minimal style, 3-5 colors, clean pixel edges, simple abstract symbol"
遇,interview,"64x64 pixel art, minimal style, 3-5 colors, clean pixel edges, simple abstract symbol"
愚,foolish,"64x64 pixel art, minimal style, 3-5 colors, clean pixel edges, simple abstract symbol"
隅,corner,"64x64 pixel art, minimal style, 3-5 colors, clean pixel edges, simple abstract symbol"
逆,inverted,"64x64 pixel art, minimal style, 3-5 colors, clean pixel edges, simple abstract symbol"
塑,model,"64x64 pixel art, minimal style, 3-5 colors, clean pixel edges, simple abstract symbol"
遡,go_upstream,"64x64 pixel art, minimal style, 3-5 colors, clean pixel edges, simple abstract symbol"
岡,hills,"64x64 pixel art, minimal style, 3-5 colors, clean pixel edges, simple abstract symbol"
鋼,steel,"64x64 pixel art, minimal style, 3-5 colors, clean pixel edges, simple abstract symbol"
綱,hawser,"64x64 pixel art, minimal style, 3-5 colors, clean pixel edges, simple abstract symbol"
剛,sturdy,"64x64 pixel art, minimal style, 3-5 colors, clean pixel edges, simple abstract symbol"
缶,tin_can,"64x64 pixel art, minimal style, 3-5 colors, clean pixel edges, simple abstract symbol"
陶,pottery,"64x64 pixel art, minimal style, 3-5 colors, clean pixel edges, simple abstract symbol"
揺,swing,"64x64 pixel art, minimal style, 3-5 colors, clean pixel edges, simple abstract symbol"
謡,noh_chanting,"64x64 pixel art, minimal style, 3-5 colors, clean pixel edges, simple abstract symbol"
鬱,depression,"64x64 pixel art, minimal style, 3-5 colors, clean pixel edges, simple abstract symbol"
就,concerning,"64x64 pixel art, minimal style, 3-5 colors, clean pixel edges, simple abstract symbol"
蹴,kick,"64x64 pixel art, minimal style, 3-5 colors, clean pixel edges, simple abstract symbol"
懇,sociable,"64x64 pixel art, minimal style, 3-5 colors, clean pixel edges, simple abstract symbol"
墾,groundbreaking,"64x64 pixel art, minimal style, 3-5 colors, clean pixel edges, simple abstract symbol"
貌,countenance,"64x64 pixel art, minimal style, 3-5 colors, clean pixel edges, simple abstract symbol"
免,excuse,"64x64 pixel art, minimal style, 3-5 colors, clean pixel edges, simple abstract symbol"
逸,elude,"64x64 pixel art, minimal style, 3-5 colors, clean pixel edges, simple abstract symbol"
晩,nightfall,"64x64 pixel art, minimal style, 3-5 colors, clean pixel edges, simple abstract symbol"
勉,exertion,"64x64 pixel art, minimal style, 3-5 colors, clean pixel edges, simple abstract symbol"
象,elephant,"64x64 pixel art, minimal style, 3-5 colors, clean pixel edges, simple abstract symbol"
像,statue,"64x64 pixel art, minimal style, 3-5 colors, clean pixel edges, simple abstract symbol"
馬,horse,"64x64 pixel art, minimal style, 3-5 colors, clean pixel edges, simple abstract symbol"
駒,pony,"64x64 pixel art, minimal style, 3-5 colors, clean pixel edges, simple abstract symbol"
験,verification,"64x64 pixel art, minimal style, 3-5 colors, clean pixel edges, simple abstract symbol"
騎,equestrian,"64x64 pixel art, minimal style, 3-5 colors, clean pixel edges, simple abstract symbol"
駐,parking,"64x64 pixel art, minimal style, 3-5 colors, clean pixel edges, simple abstract symbol"
駆,drive,"64x64 pixel art, minimal style, 3-5 colors, clean pixel edges, simple abstract symbol"
駅,station,"64x64 pixel art, minimal style, 3-5 colors, clean pixel edges, simple abstract symbol"
騒,boisterous,"64x64 pixel art, minimal style, 3-5 colors, clean pixel edges, simple abstract symbol"
駄,burdensome,"64x64 pixel art, minimal style, 3-5 colors, clean pixel edges, simple abstract symbol"
驚,wonder,"64x64 pixel art, minimal style, 3-5 colors, clean pixel edges, simple abstract symbol"
篤,fervent,"64x64 pixel art, minimal style, 3-5 colors, clean pixel edges, simple abstract symbol"
罵,insult,"64x64 pixel art, minimal style, 3-5 colors, clean pixel edges, simple abstract symbol"
騰,inflation,"64x64 pixel art, minimal style, 3-5 colors, clean pixel edges, simple abstract symbol"
虎,tiger,"64x64 pixel art, minimal style, 3-5 colors, clean pixel edges, simple abstract symbol"
虜,captive,"64x64 pixel art, minimal style, 3-5 colors, clean pixel edges, simple abstract symbol"
膚,skin,"64x64 pixel art, minimal style, 3-5 colors, clean pixel edges, simple abstract symbol"
虚,void,"64x64 pixel art, minimal style, 3-5 colors, clean pixel edges, simple abstract symbol"
戯,frolic,"64x64 pixel art, minimal style, 3-5 colors, clean pixel edges, simple abstract symbol"
虞,uneasiness,"64x64 pixel art, minimal style, 3-5 colors, clean pixel edges, simple abstract symbol"
慮,prudence,"64x64 pixel art, minimal style, 3-5 colors, clean pixel edges, simple abstract symbol"
劇,drama,"64x64 pixel art, minimal style, 3-5 colors, clean pixel edges, simple abstract symbol"
虐,tyrannize,"64x64 pixel art, minimal style, 3-5 colors, clean pixel edges, simple abstract symbol"
鹿,deer,"64x64 pixel art, minimal style, 3-5 colors, clean pixel edges, simple abstract symbol"
麓,foot_of_mountain,"64x64 pixel art, minimal style, 3-5 colors, clean pixel edges, simple abstract symbol"
薦,recommend,"64x64 pixel art, minimal style, 3-5 colors, clean pixel edges, simple abstract symbol"
慶,jubilation,"64x64 pixel art, minimal style, 3-5 colors, clean pixel edges, simple abstract symbol"
麗,lovely,"64x64 pixel art, minimal style, 3-5 colors, clean pixel edges, simple abstract symbol"
熊,bear,"64x64 pixel art, minimal style, 3-5 colors, clean pixel edges, simple abstract symbol"
能,ability,"64x64 pixel art, minimal style, 3-5 colors, clean pixel edges, simple abstract symbol"
態,attitude,"64x64 pixel art, minimal style, 3-5 colors, clean pixel edges, simple abstract symbol"
寅,tiger_zodiac,"64x64 pixel art, minimal style, 3-5 colors, clean pixel edges, simple abstract symbol"
演,performance,"64x64 pixel art, minimal style, 3-5 colors, clean pixel edges, simple abstract symbol"
辰,dragon_zodiac,"64x64 pixel art, minimal style, 3-5 colors, clean pixel edges, simple abstract symbol"
辱,embarrass,"64x64 pixel art, minimal style, 3-5 colors, clean pixel edges, simple abstract symbol"
震,quake,"64x64 pixel art, minimal style, 3-5 colors, clean pixel edges, simple abstract symbol"
振,shake,"64x64 pixel art, minimal style, 3-5 colors, clean pixel edges, simple abstract symbol"
娠,with_child,"64x64 pixel art, minimal style, 3-5 colors, clean pixel edges, simple abstract symbol"
唇,lips,"64x64 pixel art, minimal style, 3-5 colors, clean pixel edges, simple abstract symbol"
農,agriculture,"64x64 pixel art, minimal style, 3-5 colors, clean pixel edges, simple abstract symbol"
濃,concentrated,"64x64 pixel art, minimal style, 3-5 colors, clean pixel edges, simple abstract symbol"
送,send_off,"64x64 pixel art, minimal style, 3-5 colors, clean pixel edges, simple abstract symbol"
関,connection,"64x64 pixel art, minimal style, 3-5 colors, clean pixel edges, simple abstract symbol"
咲,blossom,"64x64 pixel art, minimal style, 3-5 colors, clean pixel edges, simple abstract symbol"
鬼,ghost,"64x64 pixel art, minimal style, 3-5 colors, clean pixel edges, simple abstract symbol"
醜,ugly,"64x64 pixel art, minimal style, 3-5 colors, clean pixel edges, simple abstract symbol"
魂,soul,"64x64 pixel art, minimal style, 3-5 colors, clean pixel edges, simple abstract symbol"
魔,witch,"64x64 pixel art, minimal style, 3-5 colors, clean pixel edges, simple abstract symbol"
魅,fascination,"64x64 pixel art, minimal style, 3-5 colors, clean pixel edges, simple abstract symbol"
塊,clod,"64x64 pixel art, minimal style, 3-5 colors, clean pixel edges, simple abstract symbol"
襲,attack,"64x64 pixel art, minimal style, 3-5 colors, clean pixel edges, simple abstract symbol"
嚇,upbraid,"64x64 pixel art, minimal style, 3-5 colors, clean pixel edges, simple abstract symbol"
朕,majestic_plural,"64x64 pixel art, minimal style, 3-5 colors, clean pixel edges, simple abstract symbol"
雰,atmosphere,"64x64 pixel art, minimal style, 3-5 colors, clean pixel edges, simple abstract symbol"
箇,counters_for_things,"64x64 pixel art, minimal style, 3-5 colors, clean pixel edges, simple abstract symbol"
錬,tempering,"64x64 pixel art, minimal style, 3-5 colors, clean pixel edges, simple abstract symbol"
遵,abide_by,"64x64 pixel art, minimal style, 3-5 colors, clean pixel edges, simple abstract symbol"
罷,quit,"64x64 pixel art, minimal style, 3-5 colors, clean pixel edges, simple abstract symbol"
屯,barracks,"64x64 pixel art, minimal style, 3-5 colors, clean pixel edges, simple abstract symbol"
且,moreover,"64x64 pixel art, minimal style, 3-5 colors, clean pixel edges, simple abstract symbol"
藻,seaweed,"64x64 pixel art, minimal style, 3-5 colors, clean pixel edges, simple abstract symbol"
隷,slave,"64x64 pixel art, minimal style, 3-5 colors, clean pixel edges, simple abstract symbol"
癒,healing,"64x64 pixel art, minimal style, 3-5 colors, clean pixel edges, simple abstract symbol"
璽,imperial_seal,"64x64 pixel art, minimal style, 3-5 colors, clean pixel edges, simple abstract symbol"
潟,lagoon,"64x64 pixel art, minimal style, 3-5 colors, clean pixel edges, simple abstract symbol"
丹,cinnabar,"64x64 pixel art, minimal style, 3-5 colors, clean pixel edges, simple abstract symbol"
丑,ox_zodiac,"64x64 pixel art, minimal style, 3-5 colors, clean pixel edges, simple abstract symbol"
羞,humiliate,"64x64 pixel art, minimal style, 3-5 colors, clean pixel edges, simple abstract symbol"
卯,hare_zodiac,"64x64 pixel art, minimal style, 3-5 colors, clean pixel edges, simple abstract symbol"
巳,snake_zodiac,"64x64 pixel art, minimal style, 3-5 colors, clean pixel edges, simple abstract symbol"
此,this,"64x64 pixel art, minimal style, 3-5 colors, clean pixel edges, simple abstract symbol"
柴,brushwood,"64x64 pixel art, minimal style, 3-5 colors, clean pixel edges, simple abstract symbol"
些,whit,"64x64 pixel art, minimal style, 3-5 colors, clean pixel edges, simple abstract symbol"
砦,fort,"64x64 pixel art, minimal style, 3-5 colors, clean pixel edges, simple abstract symbol"
髭,beard,"64x64 pixel art, minimal style, 3-5 colors, clean pixel edges, simple abstract symbol"
禽,fowl,"64x64 pixel art, minimal style, 3-5 colors, clean pixel edges, simple abstract symbol"
檎,apple,"64x64 pixel art, minimal style, 3-5 colors, clean pixel edges, simple abstract symbol"
憐,sympathize_with,"64x64 pixel art, minimal style, 3-5 colors, clean pixel edges, simple abstract symbol"
燐,phosphorus,"64x64 pixel art, minimal style, 3-5 colors, clean pixel edges, simple abstract symbol"
麟,camelopard,"64x64 pixel art, minimal style, 3-5 colors, clean pixel edges, simple abstract symbol"
鱗,scaled,"64x64 pixel art, minimal style, 3-5 colors, clean pixel edges, simple abstract symbol"
奄,encompassing,"64x64 pixel art, minimal style, 3-5 colors, clean pixel edges, simple abstract symbol"
庵,hermitage,"64x64 pixel art, minimal style, 3-5 colors, clean pixel edges, simple abstract symbol"
掩,shrouded,"64x64 pixel art, minimal style, 3-5 colors, clean pixel edges, simple abstract symbol"
悛,make_amends,"64x64 pixel art, minimal style, 3-5 colors, clean pixel edges, simple abstract symbol"
駿,steed,"64x64 pixel art, minimal style, 3-5 colors, clean pixel edges, simple abstract symbol"
峻,steep,"64x64 pixel art, minimal style, 3-5 colors, clean pixel edges, simple abstract symbol"
竣,complete_a_job,"64x64 pixel art, minimal style, 3-5 colors, clean pixel edges, simple abstract symbol"
犀,rhinoceros,"64x64 pixel art, minimal style, 3-5 colors, clean pixel edges, simple abstract symbol"
皐,lunar_month,"64x64 pixel art, minimal style, 3-5 colors, clean pixel edges, simple abstract symbol"
畷,rice_field_footpath,"64x64 pixel art, minimal style, 3-5 colors, clean pixel edges, simple abstract symbol"
綴,mend,"64x64 pixel art, minimal style, 3-5 colors, clean pixel edges, simple abstract symbol"
鎧,suit_of_armor,"64x64 pixel art, minimal style, 3-5 colors, clean pixel edges, simple abstract symbol"
凱,triumph,"64x64 pixel art, minimal style, 3-5 colors, clean pixel edges, simple abstract symbol"
呑,quaff,"64x64 pixel art, minimal style, 3-5 colors, clean pixel edges, simple abstract symbol"
韮,leek,"64x64 pixel art, minimal style, 3-5 colors, clean pixel edges, simple abstract symbol"
籤,lottery,"64x64 pixel art, minimal style, 3-5 colors, clean pixel edges, simple abstract symbol"
懺,penitential,"64x64 pixel art, minimal style, 3-5 colors, clean pixel edges, simple abstract symbol"
芻,hay,"64x64 pixel art, minimal style, 3-5 colors, clean pixel edges, simple abstract symbol"
雛,chick,"64x64 pixel art, minimal style, 3-5 colors, clean pixel edges, simple abstract symbol"
趨,scurry,"64x64 pixel art, minimal style, 3-5 colors, clean pixel edges, simple abstract symbol"
尤,understandably,"64x64 pixel art, minimal style, 3-5 colors, clean pixel edges, simple abstract symbol"
厖,immense,"64x64 pixel art, minimal style, 3-5 colors, clean pixel edges, simple abstract symbol"
或,some,"64x64 pixel art, minimal style, 3-5 colors, clean pixel edges, simple abstract symbol"
兎,rabbit,"64x64 pixel art, minimal style, 3-5 colors, clean pixel edges, simple abstract symbol"
也,also,"64x64 pixel art, minimal style, 3-5 colors, clean pixel edges, simple abstract symbol"
巴,swirl,"64x64 pixel art, minimal style, 3-5 colors, clean pixel edges, simple abstract symbol"
疋,critters,"64x64 pixel art, minimal style, 3-5 colors, clean pixel edges, simple abstract symbol"
菫,violet,"64x64 pixel art, minimal style, 3-5 colors, clean pixel edges, simple abstract symbol"
曼,mandala,"64x64 pixel art, minimal style, 3-5 colors, clean pixel edges, simple abstract symbol"
云,quote,"64x64 pixel art, minimal style, 3-5 colors, clean pixel edges, simple abstract symbol"
莫,shalt,"64x64 pixel art, minimal style, 3-5 colors, clean pixel edges, simple abstract symbol"
而,and_then,"64x64 pixel art, minimal style, 3-5 colors, clean pixel edges, simple abstract symbol"
倭,yamato,"64x64 pixel art, minimal style, 3-5 colors, clean pixel edges, simple abstract symbol"
侠,chivalry,"64x64 pixel art, minimal style, 3-5 colors, clean pixel edges, simple abstract symbol"
倦,fed_up,"64x64 pixel art, minimal style, 3-5 colors, clean pixel edges, simple abstract symbol"
俄,abrupt,"64x64 pixel art, minimal style, 3-5 colors, clean pixel edges, simple abstract symbol"
佃,work_a_field,"64x64 pixel art, minimal style, 3-5 colors, clean pixel edges, simple abstract symbol"
仔,animal_offspring,"64x64 pixel art, minimal style, 3-5 colors, clean pixel edges, simple abstract symbol"
仇,foe,"64x64 pixel art, minimal style, 3-5 colors, clean pixel edges, simple abstract symbol"
伽,look_after,"64x64 pixel art, minimal style, 3-5 colors, clean pixel edges, simple abstract symbol"
儲,make_a_profit,"64x64 pixel art, minimal style, 3-5 colors, clean pixel edges, simple abstract symbol"
僑,emigrant,"64x64 pixel art, minimal style, 3-5 colors, clean pixel edges, simple abstract symbol"
倶,mate,"64x64 pixel art, minimal style, 3-5 colors, clean pixel edges, simple abstract symbol"
侃,forthright,"64x64 pixel art, minimal style, 3-5 colors, clean pixel edges, simple abstract symbol"
偲,memorial,"64x64 pixel art, minimal style, 3-5 colors, clean pixel edges, simple abstract symbol"
侭,as_is,"64x64 pixel art, minimal style, 3-5 colors, clean pixel edges, simple abstract symbol"
脩,dried_meat,"64x64 pixel art, minimal style, 3-5 colors, clean pixel edges, simple abstract symbol"
倅,my_son,"64x64 pixel art, minimal style, 3-5 colors, clean pixel edges, simple abstract symbol"
做,make_do,"64x64 pixel art, minimal style, 3-5 colors, clean pixel edges, simple abstract symbol"
冴,sharp,"64x64 pixel art, minimal style, 3-5 colors, clean pixel edges, simple abstract symbol"
凋,wilt,"64x64 pixel art, minimal style, 3-5 colors, clean pixel edges, simple abstract symbol"
凌,pull_through,"64x64 pixel art, minimal style, 3-5 colors, clean pixel edges, simple abstract symbol"
凛,stately,"64x64 pixel art, minimal style, 3-5 colors, clean pixel edges, simple abstract symbol"
凧,kite,"64x64 pixel art, minimal style, 3-5 colors, clean pixel edges, simple abstract symbol"
凪,lull,"64x64 pixel art, minimal style, 3-5 colors, clean pixel edges, simple abstract symbol"
夙,earlybird,"64x64 pixel art, minimal style, 3-5 colors, clean pixel edges, simple abstract symbol"
鳳,phoenix,"64x64 pixel art, minimal style, 3-5 colors, clean pixel edges, simple abstract symbol"
剽,menace,"64x64 pixel art, minimal style, 3-5 colors, clean pixel edges, simple abstract symbol"
劉,slaughter,"64x64 pixel art, minimal style, 3-5 colors, clean pixel edges, simple abstract symbol"
剃,shave,"64x64 pixel art, minimal style, 3-5 colors, clean pixel edges, simple abstract symbol"
厭,despondent,"64x64 pixel art, minimal style, 3-5 colors, clean pixel edges, simple abstract symbol"
雁,wild_goose,"64x64 pixel art, minimal style, 3-5 colors, clean pixel edges, simple abstract symbol"
贋,counterfeit,"64x64 pixel art, minimal style, 3-5 colors, clean pixel edges, simple abstract symbol"
厨,kitchen,"64x64 pixel art, minimal style, 3-5 colors, clean pixel edges, simple abstract symbol"
仄,insinuate,"64x64 pixel art, minimal style, 3-5 colors, clean pixel edges, simple abstract symbol"
哨,scout,"64x64 pixel art, minimal style, 3-5 colors, clean pixel edges, simple abstract symbol"
咎,reprehend,"64x64 pixel art, minimal style, 3-5 colors, clean pixel edges, simple abstract symbol"
囁,whisper,"64x64 pixel art, minimal style, 3-5 colors, clean pixel edges, simple abstract symbol"
喋,chatter,"64x64 pixel art, minimal style, 3-5 colors, clean pixel edges, simple abstract symbol"
嘩,quarrel,"64x64 pixel art, minimal style, 3-5 colors, clean pixel edges, simple abstract symbol"
噂,gossip,"64x64 pixel art, minimal style, 3-5 colors, clean pixel edges, simple abstract symbol"
咳,cough,"64x64 pixel art, minimal style, 3-5 colors, clean pixel edges, simple abstract symbol"
喧,clamor,"64x64 pixel art, minimal style, 3-5 colors, clean pixel edges, simple abstract symbol"
叩,bash,"64x64 pixel art, minimal style, 3-5 colors, clean pixel edges, simple abstract symbol"
嘘,fib,"64x64 pixel art, minimal style, 3-5 colors, clean pixel edges, simple abstract symbol"
啄,peck_at,"64x64 pixel art, minimal style, 3-5 colors, clean pixel edges, simple abstract symbol"
吠,barking,"64x64 pixel art, minimal style, 3-5 colors, clean pixel edges, simple abstract symbol"
吊,dangle,"64x64 pixel art, minimal style, 3-5 colors, clean pixel edges, simple abstract symbol"
噛,chew,"64x64 pixel art, minimal style, 3-5 colors, clean pixel edges, simple abstract symbol"
叶,within_ability,"64x64 pixel art, minimal style, 3-5 colors, clean pixel edges, simple abstract symbol"
吻,sides_of_mouth,"64x64 pixel art, minimal style, 3-5 colors, clean pixel edges, simple abstract symbol"
吃,stammer,"64x64 pixel art, minimal style, 3-5 colors, clean pixel edges, simple abstract symbol"
噺,spin_a_tale,"64x64 pixel art, minimal style, 3-5 colors, clean pixel edges, simple abstract symbol"
噌,miso,"64x64 pixel art, minimal style, 3-5 colors, clean pixel edges, simple abstract symbol"
邑,city_walls,"64x64 pixel art, minimal style, 3-5 colors, clean pixel edges, simple abstract symbol"
呆,dumbfounded,"64x64 pixel art, minimal style, 3-5 colors, clean pixel edges, simple abstract symbol"
喰,ingest,"64x64 pixel art, minimal style, 3-5 colors, clean pixel edges, simple abstract symbol"
埴,clay,"64x64 pixel art, minimal style, 3-5 colors, clean pixel edges, simple abstract symbol"
坤,receptive,"64x64 pixel art, minimal style, 3-5 colors, clean pixel edges, simple abstract symbol"
壕,dugout,"64x64 pixel art, minimal style, 3-5 colors, clean pixel edges, simple abstract symbol"
垢,grime,"64x64 pixel art, minimal style, 3-5 colors, clean pixel edges, simple abstract symbol"
坦,flat_level,"64x64 pixel art, minimal style, 3-5 colors, clean pixel edges, simple abstract symbol"
埠,wharf,"64x64 pixel art, minimal style, 3-5 colors, clean pixel edges, simple abstract symbol"
堰,dam,"64x64 pixel art, minimal style, 3-5 colors, clean pixel edges, simple abstract symbol"
堵,railing,"64x64 pixel art, minimal style, 3-5 colors, clean pixel edges, simple abstract symbol"
嬰,suckling_infant,"64x64 pixel art, minimal style, 3-5 colors, clean pixel edges, simple abstract symbol"
姦,violate,"64x64 pixel art, minimal style, 3-5 colors, clean pixel edges, simple abstract symbol"
婢,handmaiden,"64x64 pixel art, minimal style, 3-5 colors, clean pixel edges, simple abstract symbol"
婉,well_finished,"64x64 pixel art, minimal style, 3-5 colors, clean pixel edges, simple abstract symbol"
娼,harlot,"64x64 pixel art, minimal style, 3-5 colors, clean pixel edges, simple abstract symbol"
妓,courtesan,"64x64 pixel art, minimal style, 3-5 colors, clean pixel edges, simple abstract symbol"
娃,fair,"64x64 pixel art, minimal style, 3-5 colors, clean pixel edges, simple abstract symbol"
姪,niece,"64x64 pixel art, minimal style, 3-5 colors, clean pixel edges, simple abstract symbol"
嬬,mistress,"64x64 pixel art, minimal style, 3-5 colors, clean pixel edges, simple abstract symbol"
姥,aged_woman,"64x64 pixel art, minimal style, 3-5 colors, clean pixel edges, simple abstract symbol"
姑,motherinlaw,"64x64 pixel art, minimal style, 3-5 colors, clean pixel edges, simple abstract symbol"
姐,young_miss,"64x64 pixel art, minimal style, 3-5 colors, clean pixel edges, simple abstract symbol"
嬉,overjoyed,"64x64 pixel art, minimal style, 3-5 colors, clean pixel edges, simple abstract symbol"
孕,expecting,"64x64 pixel art, minimal style, 3-5 colors, clean pixel edges, simple abstract symbol"
孜,assiduous,"64x64 pixel art, minimal style, 3-5 colors, clean pixel edges, simple abstract symbol"
宥,soothe,"64x64 pixel art, minimal style, 3-5 colors, clean pixel edges, simple abstract symbol"
寓,imply,"64x64 pixel art, minimal style, 3-5 colors, clean pixel edges, simple abstract symbol"
宏,extensive,"64x64 pixel art, minimal style, 3-5 colors, clean pixel edges, simple abstract symbol"
牢,jail,"64x64 pixel art, minimal style, 3-5 colors, clean pixel edges, simple abstract symbol"
宋,sung_dynasty,"64x64 pixel art, minimal style, 3-5 colors, clean pixel edges, simple abstract symbol"
宍,venison,"64x64 pixel art, minimal style, 3-5 colors, clean pixel edges, simple abstract symbol"
屠,butchering,"64x64 pixel art, minimal style, 3-5 colors, clean pixel edges, simple abstract symbol"
屁,fart,"64x64 pixel art, minimal style, 3-5 colors, clean pixel edges, simple abstract symbol"
屑,rubbish,"64x64 pixel art, minimal style, 3-5 colors, clean pixel edges, simple abstract symbol"
屡,frequently,"64x64 pixel art, minimal style, 3-5 colors, clean pixel edges, simple abstract symbol"
屍,corpse,"64x64 pixel art, minimal style, 3-5 colors, clean pixel edges, simple abstract symbol"
屏,folding_screen,"64x64 pixel art, minimal style, 3-5 colors, clean pixel edges, simple abstract symbol"
嵩,high_reaching,"64x64 pixel art, minimal style, 3-5 colors, clean pixel edges, simple abstract symbol"
崚,rugged_mountains,"64x64 pixel art, minimal style, 3-5 colors, clean pixel edges, simple abstract symbol"
嶺,mountain_top,"64x64 pixel art, minimal style, 3-5 colors, clean pixel edges, simple abstract symbol"
嵌,fit_into,"64x64 pixel art, minimal style, 3-5 colors, clean pixel edges, simple abstract symbol"
帖,quire,"64x64 pixel art, minimal style, 3-5 colors, clean pixel edges, simple abstract symbol"
幡,banner,"64x64 pixel art, minimal style, 3-5 colors, clean pixel edges, simple abstract symbol"
幟,pennant,"64x64 pixel art, minimal style, 3-5 colors, clean pixel edges, simple abstract symbol"
庖,cleaver,"64x64 pixel art, minimal style, 3-5 colors, clean pixel edges, simple abstract symbol"
廓,licensed_quarters,"64x64 pixel art, minimal style, 3-5 colors, clean pixel edges, simple abstract symbol"
庇,overhang,"64x64 pixel art, minimal style, 3-5 colors, clean pixel edges, simple abstract symbol"
鷹,hawk,"64x64 pixel art, minimal style, 3-5 colors, clean pixel edges, simple abstract symbol"
庄,shire,"64x64 pixel art, minimal style, 3-5 colors, clean pixel edges, simple abstract symbol"
廟,tomb_sanctuary,"64x64 pixel art, minimal style, 3-5 colors, clean pixel edges, simple abstract symbol"
彊,strengthen,"64x64 pixel art, minimal style, 3-5 colors, clean pixel edges, simple abstract symbol"
弛,loosen,"64x64 pixel art, minimal style, 3-5 colors, clean pixel edges, simple abstract symbol"
粥,rice_gruel,"64x64 pixel art, minimal style, 3-5 colors, clean pixel edges, simple abstract symbol"
挽,lathe,"64x64 pixel art, minimal style, 3-5 colors, clean pixel edges, simple abstract symbol"
撞,bump_into,"64x64 pixel art, minimal style, 3-5 colors, clean pixel edges, simple abstract symbol"
扮,disguise,"64x64 pixel art, minimal style, 3-5 colors, clean pixel edges, simple abstract symbol"
捏,fabrication,"64x64 pixel art, minimal style, 3-5 colors, clean pixel edges, simple abstract symbol"
掴,clutch,"64x64 pixel art, minimal style, 3-5 colors, clean pixel edges, simple abstract symbol"
捺,impress,"64x64 pixel art, minimal style, 3-5 colors, clean pixel edges, simple abstract symbol"
掻,scratch,"64x64 pixel art, minimal style, 3-5 colors, clean pixel edges, simple abstract symbol"
撰,assortment,"64x64 pixel art, minimal style, 3-5 colors, clean pixel edges, simple abstract symbol"
揃,muster,"64x64 pixel art, minimal style, 3-5 colors, clean pixel edges, simple abstract symbol"
捌,deal_with,"64x64 pixel art, minimal style, 3-5 colors, clean pixel edges, simple abstract symbol"
按,press_down_on,"64x64 pixel art, minimal style, 3-5 colors, clean pixel edges, simple abstract symbol"
播,disseminate,"64x64 pixel art, minimal style, 3-5 colors, clean pixel edges, simple abstract symbol"
揖,bow,"64x64 pixel art, minimal style, 3-5 colors, clean pixel edges, simple abstract symbol"
托,receptacle,"64x64 pixel art, minimal style, 3-5 colors, clean pixel edges, simple abstract symbol"
捧,devote,"64x64 pixel art, minimal style, 3-5 colors, clean pixel edges, simple abstract symbol"
撚,twirl,"64x64 pixel art, minimal style, 3-5 colors, clean pixel edges, simple abstract symbol"
挺,upright,"64x64 pixel art, minimal style, 3-5 colors, clean pixel edges, simple abstract symbol"
擾,commotion,"64x64 pixel art, minimal style, 3-5 colors, clean pixel edges, simple abstract symbol"
撫,petting,"64x64 pixel art, minimal style, 3-5 colors, clean pixel edges, simple abstract symbol"
撒,sprinkle,"64x64 pixel art, minimal style, 3-5 colors, clean pixel edges, simple abstract symbol"
擢,outstanding,"64x64 pixel art, minimal style, 3-5 colors, clean pixel edges, simple abstract symbol"
摺,rubbing,"64x64 pixel art, minimal style, 3-5 colors, clean pixel edges, simple abstract symbol"
捷,spoils,"64x64 pixel art, minimal style, 3-5 colors, clean pixel edges, simple abstract symbol"
抉,gouge_out,"64x64 pixel art, minimal style, 3-5 colors, clean pixel edges, simple abstract symbol"
怯,wince,"64x64 pixel art, minimal style, 3-5 colors, clean pixel edges, simple abstract symbol"
惟,ponder,"64x64 pixel art, minimal style, 3-5 colors, clean pixel edges, simple abstract symbol"
惚,infatuation,"64x64 pixel art, minimal style, 3-5 colors, clean pixel edges, simple abstract symbol"
怜,quickwitted,"64x64 pixel art, minimal style, 3-5 colors, clean pixel edges, simple abstract symbol"
惇,considerate,"64x64 pixel art, minimal style, 3-5 colors, clean pixel edges, simple abstract symbol"
恰,as_if,"64x64 pixel art, minimal style, 3-5 colors, clean pixel edges, simple abstract symbol"
恢,enlarge,"64x64 pixel art, minimal style, 3-5 colors, clean pixel edges, simple abstract symbol"
悌,respect_for_elders,"64x64 pixel art, minimal style, 3-5 colors, clean pixel edges, simple abstract symbol"
澪,canal,"64x64 pixel art, minimal style, 3-5 colors, clean pixel edges, simple abstract symbol"
洸,glistening,"64x64 pixel art, minimal style, 3-5 colors, clean pixel edges, simple abstract symbol"
滉,expanse,"64x64 pixel art, minimal style, 3-5 colors, clean pixel edges, simple abstract symbol"
漱,gargle,"64x64 pixel art, minimal style, 3-5 colors, clean pixel edges, simple abstract symbol"
洲,continent,"64x64 pixel art, minimal style, 3-5 colors, clean pixel edges, simple abstract symbol"
洵,swirling_waters,"64x64 pixel art, minimal style, 3-5 colors, clean pixel edges, simple abstract symbol"
滲,seep,"64x64 pixel art, minimal style, 3-5 colors, clean pixel edges, simple abstract symbol"
洒,rinse,"64x64 pixel art, minimal style, 3-5 colors, clean pixel edges, simple abstract symbol"
沐,douse,"64x64 pixel art, minimal style, 3-5 colors, clean pixel edges, simple abstract symbol"
泪,teardrops,"64x64 pixel art, minimal style, 3-5 colors, clean pixel edges, simple abstract symbol"
渾,gushing,"64x64 pixel art, minimal style, 3-5 colors, clean pixel edges, simple abstract symbol"
涜,blaspheme,"64x64 pixel art, minimal style, 3-5 colors, clean pixel edges, simple abstract symbol"
梁,roofbeam,"64x64 pixel art, minimal style, 3-5 colors, clean pixel edges, simple abstract symbol"
澱,sediment,"64x64 pixel art, minimal style, 3-5 colors, clean pixel edges, simple abstract symbol"
洛,old_kyoto,"64x64 pixel art, minimal style, 3-5 colors, clean pixel edges, simple abstract symbol"
汝,thee,"64x64 pixel art, minimal style, 3-5 colors, clean pixel edges, simple abstract symbol"
漉,filter,"64x64 pixel art, minimal style, 3-5 colors, clean pixel edges, simple abstract symbol"
瀕,on_verge_of,"64x64 pixel art, minimal style, 3-5 colors, clean pixel edges, simple abstract symbol"
濠,moat,"64x64 pixel art, minimal style, 3-5 colors, clean pixel edges, simple abstract symbol"
溌,spray,"64x64 pixel art, minimal style, 3-5 colors, clean pixel edges, simple abstract symbol"
湊,port,"64x64 pixel art, minimal style, 3-5 colors, clean pixel edges, simple abstract symbol"
淋,solitude,"64x64 pixel art, minimal style, 3-5 colors, clean pixel edges, simple abstract symbol"
浩,abounding,"64x64 pixel art, minimal style, 3-5 colors, clean pixel edges, simple abstract symbol"
汀,waters_edge,"64x64 pixel art, minimal style, 3-5 colors, clean pixel edges, simple abstract symbol"
鴻,large_goose,"64x64 pixel art, minimal style, 3-5 colors, clean pixel edges, simple abstract symbol"
潅,souse,"64x64 pixel art, minimal style, 3-5 colors, clean pixel edges, simple abstract symbol"
溢,brimming,"64x64 pixel art, minimal style, 3-5 colors, clean pixel edges, simple abstract symbol"
湛,inundate,"64x64 pixel art, minimal style, 3-5 colors, clean pixel edges, simple abstract symbol"
淳,immaculate,"64x64 pixel art, minimal style, 3-5 colors, clean pixel edges, simple abstract symbol"
渥,moisten,"64x64 pixel art, minimal style, 3-5 colors, clean pixel edges, simple abstract symbol"
灘,rough_seas,"64x64 pixel art, minimal style, 3-5 colors, clean pixel edges, simple abstract symbol"
汲,draw_water,"64x64 pixel art, minimal style, 3-5 colors, clean pixel edges, simple abstract symbol"
溜,cumulation,"64x64 pixel art, minimal style, 3-5 colors, clean pixel edges, simple abstract symbol"
渕,abyss_variant,"64x64 pixel art, minimal style, 3-5 colors, clean pixel edges, simple abstract symbol"
沌,chaos,"64x64 pixel art, minimal style, 3-5 colors, clean pixel edges, simple abstract symbol"
濾,strainer,"64x64 pixel art, minimal style, 3-5 colors, clean pixel edges, simple abstract symbol"
濡,drench,"64x64 pixel art, minimal style, 3-5 colors, clean pixel edges, simple abstract symbol"
淀,eddy,"64x64 pixel art, minimal style, 3-5 colors, clean pixel edges, simple abstract symbol"
涅,black_soil,"64x64 pixel art, minimal style, 3-5 colors, clean pixel edges, simple abstract symbol"
斧,hatchet,"64x64 pixel art, minimal style, 3-5 colors, clean pixel edges, simple abstract symbol"
爺,grandpa,"64x64 pixel art, minimal style, 3-5 colors, clean pixel edges, simple abstract symbol"
猾,sly,"64x64 pixel art, minimal style, 3-5 colors, clean pixel edges, simple abstract symbol"
猥,indecent,"64x64 pixel art, minimal style, 3-5 colors, clean pixel edges, simple abstract symbol"
狡,cunning,"64x64 pixel art, minimal style, 3-5 colors, clean pixel edges, simple abstract symbol"
狸,racoon_dog,"64x64 pixel art, minimal style, 3-5 colors, clean pixel edges, simple abstract symbol"
狼,wolf,"64x64 pixel art, minimal style, 3-5 colors, clean pixel edges, simple abstract symbol"
狽,flustered,"64x64 pixel art, minimal style, 3-5 colors, clean pixel edges, simple abstract symbol"
狗,pup,"64x64 pixel art, minimal style, 3-5 colors, clean pixel edges, simple abstract symbol"
狐,fox,"64x64 pixel art, minimal style, 3-5 colors, clean pixel edges, simple abstract symbol"
狛,komainu,"64x64 pixel art, minimal style, 3-5 colors, clean pixel edges, simple abstract symbol"
獅,lion,"64x64 pixel art, minimal style, 3-5 colors, clean pixel edges, simple abstract symbol"
狒,baboon,"64x64 pixel art, minimal style, 3-5 colors, clean pixel edges, simple abstract symbol"
莨,tobacco,"64x64 pixel art, minimal style, 3-5 colors, clean pixel edges, simple abstract symbol"
茉,jasmine,"64x64 pixel art, minimal style, 3-5 colors, clean pixel edges, simple abstract symbol"
莉,hawthorn,"64x64 pixel art, minimal style, 3-5 colors, clean pixel edges, simple abstract symbol"
苺,strawberry,"64x64 pixel art, minimal style, 3-5 colors, clean pixel edges, simple abstract symbol"
萩,bush_clover,"64x64 pixel art, minimal style, 3-5 colors, clean pixel edges, simple abstract symbol"
藝,technique_old,"64x64 pixel art, minimal style, 3-5 colors, clean pixel edges, simple abstract symbol"
薙,trim,"64x64 pixel art, minimal style, 3-5 colors, clean pixel edges, simple abstract symbol"
蓑,straw_raincoat,"64x64 pixel art, minimal style, 3-5 colors, clean pixel edges, simple abstract symbol"
苔,moss,"64x64 pixel art, minimal style, 3-5 colors, clean pixel edges, simple abstract symbol"
蕩,prodigal,"64x64 pixel art, minimal style, 3-5 colors, clean pixel edges, simple abstract symbol"
蔓,tendril,"64x64 pixel art, minimal style, 3-5 colors, clean pixel edges, simple abstract symbol"
蓮,lotus,"64x64 pixel art, minimal style, 3-5 colors, clean pixel edges, simple abstract symbol"
芙,lotus_flower,"64x64 pixel art, minimal style, 3-5 colors, clean pixel edges, simple abstract symbol"
蓉,lotus_blossom,"64x64 pixel art, minimal style, 3-5 colors, clean pixel edges, simple abstract symbol"
蘭,orchid,"64x64 pixel art, minimal style, 3-5 colors, clean pixel edges, simple abstract symbol"
芦,hollow_reed,"64x64 pixel art, minimal style, 3-5 colors, clean pixel edges, simple abstract symbol"
薯,yam,"64x64 pixel art, minimal style, 3-5 colors, clean pixel edges, simple abstract symbol"
菖,iris,"64x64 pixel art, minimal style, 3-5 colors, clean pixel edges, simple abstract symbol"
蕉,banana,"64x64 pixel art, minimal style, 3-5 colors, clean pixel edges, simple abstract symbol"
蕎,buckwheat,"64x64 pixel art, minimal style, 3-5 colors, clean pixel edges, simple abstract symbol"
蕗,butterbur,"64x64 pixel art, minimal style, 3-5 colors, clean pixel edges, simple abstract symbol"
茄,eggplant,"64x64 pixel art, minimal style, 3-5 colors, clean pixel edges, simple abstract symbol"
蔭,behind_the_scenes,"64x64 pixel art, minimal style, 3-5 colors, clean pixel edges, simple abstract symbol"
蓬,wormwood,"64x64 pixel art, minimal style, 3-5 colors, clean pixel edges, simple abstract symbol"
芥,mustard,"64x64 pixel art, minimal style, 3-5 colors, clean pixel edges, simple abstract symbol"
萌,germinate,"64x64 pixel art, minimal style, 3-5 colors, clean pixel edges, simple abstract symbol"
葡,grape,"64x64 pixel art, minimal style, 3-5 colors, clean pixel edges, simple abstract symbol"
萄,grape_vine,"64x64 pixel art, minimal style, 3-5 colors, clean pixel edges, simple abstract symbol"
蘇,resurrect,"64x64 pixel art, minimal style, 3-5 colors, clean pixel edges, simple abstract symbol"
蕃,grow_wild,"64x64 pixel art, minimal style, 3-5 colors, clean pixel edges, simple abstract symbol"
苓,cocklebur,"64x64 pixel art, minimal style, 3-5 colors, clean pixel edges, simple abstract symbol"
菰,rush_mat,"64x64 pixel art, minimal style, 3-5 colors, clean pixel edges, simple abstract symbol"
蒙,darken,"64x64 pixel art, minimal style, 3-5 colors, clean pixel edges, simple abstract symbol"
茅,grassy_reed,"64x64 pixel art, minimal style, 3-5 colors, clean pixel edges, simple abstract symbol"
芭,plantain,"64x64 pixel art, minimal style, 3-5 colors, clean pixel edges, simple abstract symbol"
苅,mow,"64x64 pixel art, minimal style, 3-5 colors, clean pixel edges, simple abstract symbol"
葱,onion,"64x64 pixel art, minimal style, 3-5 colors, clean pixel edges, simple abstract symbol"
葵,hollyhock,"64x64 pixel art, minimal style, 3-5 colors, clean pixel edges, simple abstract symbol"
葺,shingling,"64x64 pixel art, minimal style, 3-5 colors, clean pixel edges, simple abstract symbol"
蕊,stamen,"64x64 pixel art, minimal style, 3-5 colors, clean pixel edges, simple abstract symbol"
茸,mushroom,"64x64 pixel art, minimal style, 3-5 colors, clean pixel edges, simple abstract symbol"
蒔,sowing,"64x64 pixel art, minimal style, 3-5 colors, clean pixel edges, simple abstract symbol"
芹,parsley,"64x64 pixel art, minimal style, 3-5 colors, clean pixel edges, simple abstract symbol"
苫,thatching,"64x64 pixel art, minimal style, 3-5 colors, clean pixel edges, simple abstract symbol"
蒼,pale_blue,"64x64 pixel art, minimal style, 3-5 colors, clean pixel edges, simple abstract symbol"
藁,straw,"64x64 pixel art, minimal style, 3-5 colors, clean pixel edges, simple abstract symbol"
蕪,turnip,"64x64 pixel art, minimal style, 3-5 colors, clean pixel edges, simple abstract symbol"
藷,sweet_potato,"64x64 pixel art, minimal style, 3-5 colors, clean pixel edges, simple abstract symbol"
薮,quack,"64x64 pixel art, minimal style, 3-5 colors, clean pixel edges, simple abstract symbol"
蒜,garlic,"64x64 pixel art, minimal style, 3-5 colors, clean pixel edges, simple abstract symbol"
蕨,bracken,"64x64 pixel art, minimal style, 3-5 colors, clean pixel edges, simple abstract symbol"
蔚,grow_plentiful,"64x64 pixel art, minimal style, 3-5 colors, clean pixel edges, simple abstract symbol"
茜,madder_red,"64x64 pixel art, minimal style, 3-5 colors, clean pixel edges, simple abstract symbol"
莞,candle_rush,"64x64 pixel art, minimal style, 3-5 colors, clean pixel edges, simple abstract symbol"
蒐,collector,"64x64 pixel art, minimal style, 3-5 colors, clean pixel edges, simple abstract symbol"
菅,sedge,"64x64 pixel art, minimal style, 3-5 colors, clean pixel edges, simple abstract symbol"
葦,ditch_reed,"64x64 pixel art, minimal style, 3-5 colors, clean pixel edges, simple abstract symbol"
迪,way,"64x64 pixel art, minimal style, 3-5 colors, clean pixel edges, simple abstract symbol"
辿,track_down,"64x64 pixel art, minimal style, 3-5 colors, clean pixel edges, simple abstract symbol"
這,crawl,"64x64 pixel art, minimal style, 3-5 colors, clean pixel edges, simple abstract symbol"
迂,detour,"64x64 pixel art, minimal style, 3-5 colors, clean pixel edges, simple abstract symbol"
遁,shirk,"64x64 pixel art, minimal style, 3-5 colors, clean pixel edges, simple abstract symbol"
逢,tryst,"64x64 pixel art, minimal style, 3-5 colors, clean pixel edges, simple abstract symbol"
遥,far_off,"64x64 pixel art, minimal style, 3-5 colors, clean pixel edges, simple abstract symbol"
遼,faraway,"64x64 pixel art, minimal style, 3-5 colors, clean pixel edges, simple abstract symbol"
逼,pressing,"64x64 pixel art, minimal style, 3-5 colors, clean pixel edges, simple abstract symbol"
迄,until,"64x64 pixel art, minimal style, 3-5 colors, clean pixel edges, simple abstract symbol"
逗,standstill,"64x64 pixel art, minimal style, 3-5 colors, clean pixel edges, simple abstract symbol"
鄭,courtesy,"64x64 pixel art, minimal style, 3-5 colors, clean pixel edges, simple abstract symbol"
隕,falling,"64x64 pixel art, minimal style, 3-5 colors, clean pixel edges, simple abstract symbol"
隈,nook,"64x64 pixel art, minimal style, 3-5 colors, clean pixel edges, simple abstract symbol"
憑,possessed,"64x64 pixel art, minimal style, 3-5 colors, clean pixel edges, simple abstract symbol"
惹,attract,"64x64 pixel art, minimal style, 3-5 colors, clean pixel edges, simple abstract symbol"
悉,all,"64x64 pixel art, minimal style, 3-5 colors, clean pixel edges, simple abstract symbol"
忽,instantaneously,"64x64 pixel art, minimal style, 3-5 colors, clean pixel edges, simple abstract symbol"
惣,firstborn_son,"64x64 pixel art, minimal style, 3-5 colors, clean pixel edges, simple abstract symbol"
愈,all_the_more,"64x64 pixel art, minimal style, 3-5 colors, clean pixel edges, simple abstract symbol"
恕,sensitive,"64x64 pixel art, minimal style, 3-5 colors, clean pixel edges, simple abstract symbol"
昴,over_arching,"64x64 pixel art, minimal style, 3-5 colors, clean pixel edges, simple abstract symbol"
晋,progress,"64x64 pixel art, minimal style, 3-5 colors, clean pixel edges, simple abstract symbol"
晟,aglow,"64x64 pixel art, minimal style, 3-5 colors, clean pixel edges, simple abstract symbol"
暈,halo,"64x64 pixel art, minimal style, 3-5 colors, clean pixel edges, simple abstract symbol"
暉,glitter,"64x64 pixel art, minimal style, 3-5 colors, clean pixel edges, simple abstract symbol"
旱,dry_weather,"64x64 pixel art, minimal style, 3-5 colors, clean pixel edges, simple abstract symbol"
晏,clear_skies,"64x64 pixel art, minimal style, 3-5 colors, clean pixel edges, simple abstract symbol"
晨,morrow,"64x64 pixel art, minimal style, 3-5 colors, clean pixel edges, simple abstract symbol"
晒,bleaching,"64x64 pixel art, minimal style, 3-5 colors, clean pixel edges, simple abstract symbol"
晃,limpid,"64x64 pixel art, minimal style, 3-5 colors, clean pixel edges, simple abstract symbol"
曝,expose,"64x64 pixel art, minimal style, 3-5 colors, clean pixel edges, simple abstract symbol"
曙,daybreak,"64x64 pixel art, minimal style, 3-5 colors, clean pixel edges, simple abstract symbol"
昂,elevate,"64x64 pixel art, minimal style, 3-5 colors, clean pixel edges, simple abstract symbol"
昏,dusk,"64x64 pixel art, minimal style, 3-5 colors, clean pixel edges, simple abstract symbol"
晦,dark,"64x64 pixel art, minimal style, 3-5 colors, clean pixel edges, simple abstract symbol"
膿,pus,"64x64 pixel art, minimal style, 3-5 colors, clean pixel edges, simple abstract symbol"
腑,viscera,"64x64 pixel art, minimal style, 3-5 colors, clean pixel edges, simple abstract symbol"
胱,bladder,"64x64 pixel art, minimal style, 3-5 colors, clean pixel edges, simple abstract symbol"
胚,embryo,"64x64 pixel art, minimal style, 3-5 colors, clean pixel edges, simple abstract symbol"
肛,anus,"64x64 pixel art, minimal style, 3-5 colors, clean pixel edges, simple abstract symbol"
脆,fragile,"64x64 pixel art, minimal style, 3-5 colors, clean pixel edges, simple abstract symbol"
肋,rib,"64x64 pixel art, minimal style, 3-5 colors, clean pixel edges, simple abstract symbol"
腔,body_cavity,"64x64 pixel art, minimal style, 3-5 colors, clean pixel edges, simple abstract symbol"
肱,armrest,"64x64 pixel art, minimal style, 3-5 colors, clean pixel edges, simple abstract symbol"
胡,uncivilized,"64x64 pixel art, minimal style, 3-5 colors, clean pixel edges, simple abstract symbol"
楓,maple,"64x64 pixel art, minimal style, 3-5 colors, clean pixel edges, simple abstract symbol"
楊,purple_willow,"64x64 pixel art, minimal style, 3-5 colors, clean pixel edges, simple abstract symbol"
椋,elm,"64x64 pixel art, minimal style, 3-5 colors, clean pixel edges, simple abstract symbol"
榛,hazel,"64x64 pixel art, minimal style, 3-5 colors, clean pixel edges, simple abstract symbol"
櫛,comb,"64x64 pixel art, minimal style, 3-5 colors, clean pixel edges, simple abstract symbol"
槌,sledgehammer,"64x64 pixel art, minimal style, 3-5 colors, clean pixel edges, simple abstract symbol"
樵,mallet,"64x64 pixel art, minimal style, 3-5 colors, clean pixel edges, simple abstract symbol"
梯,ladder,"64x64 pixel art, minimal style, 3-5 colors, clean pixel edges, simple abstract symbol"
柑,citrus_tree,"64x64 pixel art, minimal style, 3-5 colors, clean pixel edges, simple abstract symbol"
杭,picket,"64x64 pixel art, minimal style, 3-5 colors, clean pixel edges, simple abstract symbol"
柊,holly,"64x64 pixel art, minimal style, 3-5 colors, clean pixel edges, simple abstract symbol"
柚,citron,"64x64 pixel art, minimal style, 3-5 colors, clean pixel edges, simple abstract symbol"
椀,wooden_bowl,"64x64 pixel art, minimal style, 3-5 colors, clean pixel edges, simple abstract symbol"
栂,hemlock,"64x64 pixel art, minimal style, 3-5 colors, clean pixel edges, simple abstract symbol"
柾,spindle_tree,"64x64 pixel art, minimal style, 3-5 colors, clean pixel edges, simple abstract symbol"
榊,sacred_tree,"64x64 pixel art, minimal style, 3-5 colors, clean pixel edges, simple abstract symbol"
樫,evergreen_oak,"64x64 pixel art, minimal style, 3-5 colors, clean pixel edges, simple abstract symbol"
槙,black_pine,"64x64 pixel art, minimal style, 3-5 colors, clean pixel edges, simple abstract symbol"
楢,japanese_oak,"64x64 pixel art, minimal style, 3-5 colors, clean pixel edges, simple abstract symbol"
橘,tangerine,"64x64 pixel art, minimal style, 3-5 colors, clean pixel edges, simple abstract symbol"
桧,hinoki_variant,"64x64 pixel art, minimal style, 3-5 colors, clean pixel edges, simple abstract symbol"
棲,roost,"64x64 pixel art, minimal style, 3-5 colors, clean pixel edges, simple abstract symbol"
栖,nestle,"64x64 pixel art, minimal style, 3-5 colors, clean pixel edges, simple abstract symbol"
桔,bellflower,"64x64 pixel art, minimal style, 3-5 colors, clean pixel edges, simple abstract symbol"
杜,temple_grove,"64x64 pixel art, minimal style, 3-5 colors, clean pixel edges, simple abstract symbol"
杷,grain_rake,"64x64 pixel art, minimal style, 3-5 colors, clean pixel edges, simple abstract symbol"
梶,oar,"64x64 pixel art, minimal style, 3-5 colors, clean pixel edges, simple abstract symbol"
杵,wooden_pestle,"64x64 pixel art, minimal style, 3-5 colors, clean pixel edges, simple abstract symbol"
杖,cane,"64x64 pixel art, minimal style, 3-5 colors, clean pixel edges, simple abstract symbol"
樽,barrel,"64x64 pixel art, minimal style, 3-5 colors, clean pixel edges, simple abstract symbol"
櫓,turret,"64x64 pixel art, minimal style, 3-5 colors, clean pixel edges, simple abstract symbol"
橿,sturdy_oak,"64x64 pixel art, minimal style, 3-5 colors, clean pixel edges, simple abstract symbol"
杓,wooden_ladle,"64x64 pixel art, minimal style, 3-5 colors, clean pixel edges, simple abstract symbol"
李,damson,"64x64 pixel art, minimal style, 3-5 colors, clean pixel edges, simple abstract symbol"
棉,raw_cotton,"64x64 pixel art, minimal style, 3-5 colors, clean pixel edges, simple abstract symbol"
楯,escutcheon,"64x64 pixel art, minimal style, 3-5 colors, clean pixel edges, simple abstract symbol"
榎,hackberry,"64x64 pixel art, minimal style, 3-5 colors, clean pixel edges, simple abstract symbol"
樺,birch,"64x64 pixel art, minimal style, 3-5 colors, clean pixel edges, simple abstract symbol"
槍,lance,"64x64 pixel art, minimal style, 3-5 colors, clean pixel edges, simple abstract symbol"
柘,wild_mulberry,"64x64 pixel art, minimal style, 3-5 colors, clean pixel edges, simple abstract symbol"
梱,bale,"64x64 pixel art, minimal style, 3-5 colors, clean pixel edges, simple abstract symbol"
枇,loquat,"64x64 pixel art, minimal style, 3-5 colors, clean pixel edges, simple abstract symbol"
樋,downspout,"64x64 pixel art, minimal style, 3-5 colors, clean pixel edges, simple abstract symbol"
橇,sled,"64x64 pixel art, minimal style, 3-5 colors, clean pixel edges, simple abstract symbol"
槃,enjoyment,"64x64 pixel art, minimal style, 3-5 colors, clean pixel edges, simple abstract symbol"
栞,bookmark,"64x64 pixel art, minimal style, 3-5 colors, clean pixel edges, simple abstract symbol"
椰,coconut,"64x64 pixel art, minimal style, 3-5 colors, clean pixel edges, simple abstract symbol"
檀,sandalwood,"64x64 pixel art, minimal style, 3-5 colors, clean pixel edges, simple abstract symbol"
樗,sumac,"64x64 pixel art, minimal style, 3-5 colors, clean pixel edges, simple abstract symbol"
槻,zelkova,"64x64 pixel art, minimal style, 3-5 colors, clean pixel edges, simple abstract symbol"
椙,cryptomeria,"64x64 pixel art, minimal style, 3-5 colors, clean pixel edges, simple abstract symbol"
彬,copious,"64x64 pixel art, minimal style, 3-5 colors, clean pixel edges, simple abstract symbol"
桶,bucket,"64x64 pixel art, minimal style, 3-5 colors, clean pixel edges, simple abstract symbol"
楕,ellipse,"64x64 pixel art, minimal style, 3-5 colors, clean pixel edges, simple abstract symbol"
樒,staranise,"64x64 pixel art, minimal style, 3-5 colors, clean pixel edges, simple abstract symbol"
毬,furball,"64x64 pixel art, minimal style, 3-5 colors, clean pixel edges, simple abstract symbol"
燿,twinkle,"64x64 pixel art, minimal style, 3-5 colors, clean pixel edges, simple abstract symbol"
燎,watchfire,"64x64 pixel art, minimal style, 3-5 colors, clean pixel edges, simple abstract symbol"
炬,torch,"64x64 pixel art, minimal style, 3-5 colors, clean pixel edges, simple abstract symbol"
焚,kindle,"64x64 pixel art, minimal style, 3-5 colors, clean pixel edges, simple abstract symbol"
灸,moxa,"64x64 pixel art, minimal style, 3-5 colors, clean pixel edges, simple abstract symbol"
煽,fanning,"64x64 pixel art, minimal style, 3-5 colors, clean pixel edges, simple abstract symbol"
煤,soot,"64x64 pixel art, minimal style, 3-5 colors, clean pixel edges, simple abstract symbol"
煉,firing,"64x64 pixel art, minimal style, 3-5 colors, clean pixel edges, simple abstract symbol"
燦,dazzling,"64x64 pixel art, minimal style, 3-5 colors, clean pixel edges, simple abstract symbol"
灼,refulgent,"64x64 pixel art, minimal style, 3-5 colors, clean pixel edges, simple abstract symbol"
烙,branding,"64x64 pixel art, minimal style, 3-5 colors, clean pixel edges, simple abstract symbol"
焔,flames,"64x64 pixel art, minimal style, 3-5 colors, clean pixel edges, simple abstract symbol"
烹,stew,"64x64 pixel art, minimal style, 3-5 colors, clean pixel edges, simple abstract symbol"
牽,tug,"64x64 pixel art, minimal style, 3-5 colors, clean pixel edges, simple abstract symbol"
牝,female_animal,"64x64 pixel art, minimal style, 3-5 colors, clean pixel edges, simple abstract symbol"
牡,male_animal,"64x64 pixel art, minimal style, 3-5 colors, clean pixel edges, simple abstract symbol"
琳,chime,"64x64 pixel art, minimal style, 3-5 colors, clean pixel edges, simple abstract symbol"
琉,lapis_lazuli,"64x64 pixel art, minimal style, 3-5 colors, clean pixel edges, simple abstract symbol"
瑳,burnish,"64x64 pixel art, minimal style, 3-5 colors, clean pixel edges, simple abstract symbol"
琢,hone,"64x64 pixel art, minimal style, 3-5 colors, clean pixel edges, simple abstract symbol"
珊,coral,"64x64 pixel art, minimal style, 3-5 colors, clean pixel edges, simple abstract symbol"
瑚,coral_reef,"64x64 pixel art, minimal style, 3-5 colors, clean pixel edges, simple abstract symbol"
瑞,fortunate,"64x64 pixel art, minimal style, 3-5 colors, clean pixel edges, simple abstract symbol"
玖,jet,"64x64 pixel art, minimal style, 3-5 colors, clean pixel edges, simple abstract symbol"
瑛,crystal,"64x64 pixel art, minimal style, 3-5 colors, clean pixel edges, simple abstract symbol"
玲,tinkling,"64x64 pixel art, minimal style, 3-5 colors, clean pixel edges, simple abstract symbol"
畢,lastly,"64x64 pixel art, minimal style, 3-5 colors, clean pixel edges, simple abstract symbol"
畦,paddyfield,"64x64 pixel art, minimal style, 3-5 colors, clean pixel edges, simple abstract symbol"
痒,itch,"64x64 pixel art, minimal style, 3-5 colors, clean pixel edges, simple abstract symbol"
痰,phlegm,"64x64 pixel art, minimal style, 3-5 colors, clean pixel edges, simple abstract symbol"
疹,measles,"64x64 pixel art, minimal style, 3-5 colors, clean pixel edges, simple abstract symbol"
痔,hemorrhoids,"64x64 pixel art, minimal style, 3-5 colors, clean pixel edges, simple abstract symbol"
癌,cancer,"64x64 pixel art, minimal style, 3-5 colors, clean pixel edges, simple abstract symbol"
痺,paralysis,"64x64 pixel art, minimal style, 3-5 colors, clean pixel edges, simple abstract symbol"
眸,eye_pupil,"64x64 pixel art, minimal style, 3-5 colors, clean pixel edges, simple abstract symbol"
眩,dizzy,"64x64 pixel art, minimal style, 3-5 colors, clean pixel edges, simple abstract symbol"
雉,pheasant,"64x64 pixel art, minimal style, 3-5 colors, clean pixel edges, simple abstract symbol"
矩,carpenters_square,"64x64 pixel art, minimal style, 3-5 colors, clean pixel edges, simple abstract symbol"
磐,bedrock,"64x64 pixel art, minimal style, 3-5 colors, clean pixel edges, simple abstract symbol"
碇,grapnel,"64x64 pixel art, minimal style, 3-5 colors, clean pixel edges, simple abstract symbol"
碧,blue_green,"64x64 pixel art, minimal style, 3-5 colors, clean pixel edges, simple abstract symbol"
硯,inkstone,"64x64 pixel art, minimal style, 3-5 colors, clean pixel edges, simple abstract symbol"
砥,grindstone,"64x64 pixel art, minimal style, 3-5 colors, clean pixel edges, simple abstract symbol"
碗,teacup,"64x64 pixel art, minimal style, 3-5 colors, clean pixel edges, simple abstract symbol"
碍,obstacle,"64x64 pixel art, minimal style, 3-5 colors, clean pixel edges, simple abstract symbol"
碩,illustrious,"64x64 pixel art, minimal style, 3-5 colors, clean pixel edges, simple abstract symbol"
磯,rocky_beach,"64x64 pixel art, minimal style, 3-5 colors, clean pixel edges, simple abstract symbol"
砺,whetstone,"64x64 pixel art, minimal style, 3-5 colors, clean pixel edges, simple abstract symbol"
碓,mill,"64x64 pixel art, minimal style, 3-5 colors, clean pixel edges, simple abstract symbol"
禦,fend_off,"64x64 pixel art, minimal style, 3-5 colors, clean pixel edges, simple abstract symbol"
祷,beseech,"64x64 pixel art, minimal style, 3-5 colors, clean pixel edges, simple abstract symbol"
祐,ancestral_tablet,"64x64 pixel art, minimal style, 3-5 colors, clean pixel edges, simple abstract symbol"
祇,local_god,"64x64 pixel art, minimal style, 3-5 colors, clean pixel edges, simple abstract symbol"
祢,ancestral_shrine,"64x64 pixel art, minimal style, 3-5 colors, clean pixel edges, simple abstract symbol"
禄,salarium,"64x64 pixel art, minimal style, 3-5 colors, clean pixel edges, simple abstract symbol"
禎,felicitation,"64x64 pixel art, minimal style, 3-5 colors, clean pixel edges, simple abstract symbol"
秤,balancing_scales,"64x64 pixel art, minimal style, 3-5 colors, clean pixel edges, simple abstract symbol"
黍,millet,"64x64 pixel art, minimal style, 3-5 colors, clean pixel edges, simple abstract symbol"
禿,bald,"64x64 pixel art, minimal style, 3-5 colors, clean pixel edges, simple abstract symbol"
稔,bear_fruit,"64x64 pixel art, minimal style, 3-5 colors, clean pixel edges, simple abstract symbol"
稗,crabgrass,"64x64 pixel art, minimal style, 3-5 colors, clean pixel edges, simple abstract symbol"
穣,bumper_crop,"64x64 pixel art, minimal style, 3-5 colors, clean pixel edges, simple abstract symbol"
稜,imperial_authority,"64x64 pixel art, minimal style, 3-5 colors, clean pixel edges, simple abstract symbol"
稀,sparse,"64x64 pixel art, minimal style, 3-5 colors, clean pixel edges, simple abstract symbol"
穆,obeisant,"64x64 pixel art, minimal style, 3-5 colors, clean pixel edges, simple abstract symbol"
窺,peep,"64x64 pixel art, minimal style, 3-5 colors, clean pixel edges, simple abstract symbol"
窄,tight,"64x64 pixel art, minimal style, 3-5 colors, clean pixel edges, simple abstract symbol"
穿,drill,"64x64 pixel art, minimal style, 3-5 colors, clean pixel edges, simple abstract symbol"
竃,kitchen_stove,"64x64 pixel art, minimal style, 3-5 colors, clean pixel edges, simple abstract symbol"
竪,longness,"64x64 pixel art, minimal style, 3-5 colors, clean pixel edges, simple abstract symbol"
颯,rustling,"64x64 pixel art, minimal style, 3-5 colors, clean pixel edges, simple abstract symbol"
站,outpost,"64x64 pixel art, minimal style, 3-5 colors, clean pixel edges, simple abstract symbol"
靖,repose,"64x64 pixel art, minimal style, 3-5 colors, clean pixel edges, simple abstract symbol"
妾,concubine,"64x64 pixel art, minimal style, 3-5 colors, clean pixel edges, simple abstract symbol"
衿,lapel,"64x64 pixel art, minimal style, 3-5 colors, clean pixel edges, simple abstract symbol"
袷,lined_kimono,"64x64 pixel art, minimal style, 3-5 colors, clean pixel edges, simple abstract symbol"
袴,pleated_skirt,"64x64 pixel art, minimal style, 3-5 colors, clean pixel edges, simple abstract symbol"
襖,sliding_door,"64x64 pixel art, minimal style, 3-5 colors, clean pixel edges, simple abstract symbol"
笙,panpipe,"64x64 pixel art, minimal style, 3-5 colors, clean pixel edges, simple abstract symbol"
筏,raft,"64x64 pixel art, minimal style, 3-5 colors, clean pixel edges, simple abstract symbol"
簾,bamboo_blinds,"64x64 pixel art, minimal style, 3-5 colors, clean pixel edges, simple abstract symbol"
箪,rattan_box,"64x64 pixel art, minimal style, 3-5 colors, clean pixel edges, simple abstract symbol"
竿,pole,"64x64 pixel art, minimal style, 3-5 colors, clean pixel edges, simple abstract symbol"
箆,spatula,"64x64 pixel art, minimal style, 3-5 colors, clean pixel edges, simple abstract symbol"
箔,foil,"64x64 pixel art, minimal style, 3-5 colors, clean pixel edges, simple abstract symbol"
笥,wardrobe,"64x64 pixel art, minimal style, 3-5 colors, clean pixel edges, simple abstract symbol"
箭,arrow_shaft,"64x64 pixel art, minimal style, 3-5 colors, clean pixel edges, simple abstract symbol"
筑,ancient_harp,"64x64 pixel art, minimal style, 3-5 colors, clean pixel edges, simple abstract symbol"
篠,slender_bamboo,"64x64 pixel art, minimal style, 3-5 colors, clean pixel edges, simple abstract symbol"
纂,redaction,"64x64 pixel art, minimal style, 3-5 colors, clean pixel edges, simple abstract symbol"
竺,bamboo_cane,"64x64 pixel art, minimal style, 3-5 colors, clean pixel edges, simple abstract symbol"
箕,winnowing_fan,"64x64 pixel art, minimal style, 3-5 colors, clean pixel edges, simple abstract symbol"
笈,backpack,"64x64 pixel art, minimal style, 3-5 colors, clean pixel edges, simple abstract symbol"
篇,livraison,"64x64 pixel art, minimal style, 3-5 colors, clean pixel edges, simple abstract symbol"
筈,should,"64x64 pixel art, minimal style, 3-5 colors, clean pixel edges, simple abstract symbol"
簸,winnow,"64x64 pixel art, minimal style, 3-5 colors, clean pixel edges, simple abstract symbol"
粕,settlings,"64x64 pixel art, minimal style, 3-5 colors, clean pixel edges, simple abstract symbol"
糟,lees,"64x64 pixel art, minimal style, 3-5 colors, clean pixel edges, simple abstract symbol"
糊,paste,"64x64 pixel art, minimal style, 3-5 colors, clean pixel edges, simple abstract symbol"
籾,unhulled_rice,"64x64 pixel art, minimal style, 3-5 colors, clean pixel edges, simple abstract symbol"
糠,rice_bran,"64x64 pixel art, minimal style, 3-5 colors, clean pixel edges, simple abstract symbol"
糞,excrement,"64x64 pixel art, minimal style, 3-5 colors, clean pixel edges, simple abstract symbol"
粟,foxtail_millet,"64x64 pixel art, minimal style, 3-5 colors, clean pixel edges, simple abstract symbol"
繋,link_up,"64x64 pixel art, minimal style, 3-5 colors, clean pixel edges, simple abstract symbol"
綸,twine,"64x64 pixel art, minimal style, 3-5 colors, clean pixel edges, simple abstract symbol"
絨,carpet_yarn,"64x64 pixel art, minimal style, 3-5 colors, clean pixel edges, simple abstract symbol"
絆,ties,"64x64 pixel art, minimal style, 3-5 colors, clean pixel edges, simple abstract symbol"
緋,scarlet,"64x64 pixel art, minimal style, 3-5 colors, clean pixel edges, simple abstract symbol"
綜,synthesis,"64x64 pixel art, minimal style, 3-5 colors, clean pixel edges, simple abstract symbol"
紐,string,"64x64 pixel art, minimal style, 3-5 colors, clean pixel edges, simple abstract symbol"
紘,chinstrap,"64x64 pixel art, minimal style, 3-5 colors, clean pixel edges, simple abstract symbol"
纏,summarize,"64x64 pixel art, minimal style, 3-5 colors, clean pixel edges, simple abstract symbol"
絢,gorgeous,"64x64 pixel art, minimal style, 3-5 colors, clean pixel edges, simple abstract symbol"
繍,embroidery,"64x64 pixel art, minimal style, 3-5 colors, clean pixel edges, simple abstract symbol"
紬,pongee,"64x64 pixel art, minimal style, 3-5 colors, clean pixel edges, simple abstract symbol"
綺,ornate,"64x64 pixel art, minimal style, 3-5 colors, clean pixel edges, simple abstract symbol"
綾,twill_fabric,"64x64 pixel art, minimal style, 3-5 colors, clean pixel edges, simple abstract symbol"
絃,catgut,"64x64 pixel art, minimal style, 3-5 colors, clean pixel edges, simple abstract symbol"
縞,stripe,"64x64 pixel art, minimal style, 3-5 colors, clean pixel edges, simple abstract symbol"
綬,gimp,"64x64 pixel art, minimal style, 3-5 colors, clean pixel edges, simple abstract symbol"
紗,silk_gauze,"64x64 pixel art, minimal style, 3-5 colors, clean pixel edges, simple abstract symbol"
舵,rudder,"64x64 pixel art, minimal style, 3-5 colors, clean pixel edges, simple abstract symbol"
聯,strung_together,"64x64 pixel art, minimal style, 3-5 colors, clean pixel edges, simple abstract symbol"
聡,attentive,"64x64 pixel art, minimal style, 3-5 colors, clean pixel edges, simple abstract symbol"
聘,summons,"64x64 pixel art, minimal style, 3-5 colors, clean pixel edges, simple abstract symbol"
耽,addiction,"64x64 pixel art, minimal style, 3-5 colors, clean pixel edges, simple abstract symbol"
耶,exclamation,"64x64 pixel art, minimal style, 3-5 colors, clean pixel edges, simple abstract symbol"
蚤,flea,"64x64 pixel art, minimal style, 3-5 colors, clean pixel edges, simple abstract symbol"
蟹,crab,"64x64 pixel art, minimal style, 3-5 colors, clean pixel edges, simple abstract symbol"
蛋,protein,"64x64 pixel art, minimal style, 3-5 colors, clean pixel edges, simple abstract symbol"
蟄,hibernation,"64x64 pixel art, minimal style, 3-5 colors, clean pixel edges, simple abstract symbol"
蝿,housefly,"64x64 pixel art, minimal style, 3-5 colors, clean pixel edges, simple abstract symbol"
蟻,ant,"64x64 pixel art, minimal style, 3-5 colors, clean pixel edges, simple abstract symbol"
蝋,wax,"64x64 pixel art, minimal style, 3-5 colors, clean pixel edges, simple abstract symbol"
蝦,shrimp,"64x64 pixel art, minimal style, 3-5 colors, clean pixel edges, simple abstract symbol"
蛸,octopus,"64x64 pixel art, minimal style, 3-5 colors, clean pixel edges, simple abstract symbol"
螺,screw,"64x64 pixel art, minimal style, 3-5 colors, clean pixel edges, simple abstract symbol"
蝉,cicada,"64x64 pixel art, minimal style, 3-5 colors, clean pixel edges, simple abstract symbol"
蛙,frog,"64x64 pixel art, minimal style, 3-5 colors, clean pixel edges, simple abstract symbol"
蛾,moth,"64x64 pixel art, minimal style, 3-5 colors, clean pixel edges, simple abstract symbol"
蛤,clam,"64x64 pixel art, minimal style, 3-5 colors, clean pixel edges, simple abstract symbol"
蛭,leech,"64x64 pixel art, minimal style, 3-5 colors, clean pixel edges, simple abstract symbol"
蛎,oyster,"64x64 pixel art, minimal style, 3-5 colors, clean pixel edges, simple abstract symbol"
罫,ruled_lines,"64x64 pixel art, minimal style, 3-5 colors, clean pixel edges, simple abstract symbol"
袈,stole,"64x64 pixel art, minimal style, 3-5 colors, clean pixel edges, simple abstract symbol"
裟,monks_sash,"64x64 pixel art, minimal style, 3-5 colors, clean pixel edges, simple abstract symbol"
截,incision,"64x64 pixel art, minimal style, 3-5 colors, clean pixel edges, simple abstract symbol"
哉,alas,"64x64 pixel art, minimal style, 3-5 colors, clean pixel edges, simple abstract symbol"
詢,counsel,"64x64 pixel art, minimal style, 3-5 colors, clean pixel edges, simple abstract symbol"
諄,polite,"64x64 pixel art, minimal style, 3-5 colors, clean pixel edges, simple abstract symbol"
讐,vendetta,"64x64 pixel art, minimal style, 3-5 colors, clean pixel edges, simple abstract symbol"
諌,remonstrate,"64x64 pixel art, minimal style, 3-5 colors, clean pixel edges, simple abstract symbol"
諒,verify,"64x64 pixel art, minimal style, 3-5 colors, clean pixel edges, simple abstract symbol"
讃,compliment,"64x64 pixel art, minimal style, 3-5 colors, clean pixel edges, simple abstract symbol"
訊,query,"64x64 pixel art, minimal style, 3-5 colors, clean pixel edges, simple abstract symbol"
訣,split_up,"64x64 pixel art, minimal style, 3-5 colors, clean pixel edges, simple abstract symbol"
詫,apologize,"64x64 pixel art, minimal style, 3-5 colors, clean pixel edges, simple abstract symbol"
誼,familiarity,"64x64 pixel art, minimal style, 3-5 colors, clean pixel edges, simple abstract symbol"
謬,fallible,"64x64 pixel art, minimal style, 3-5 colors, clean pixel edges, simple abstract symbol"
訝,wary,"64x64 pixel art, minimal style, 3-5 colors, clean pixel edges, simple abstract symbol"
諺,proverb,"64x64 pixel art, minimal style, 3-5 colors, clean pixel edges, simple abstract symbol"
誹,slander,"64x64 pixel art, minimal style, 3-5 colors, clean pixel edges, simple abstract symbol"
謂,so_called,"64x64 pixel art, minimal style, 3-5 colors, clean pixel edges, simple abstract symbol"
諜,spying,"64x64 pixel art, minimal style, 3-5 colors, clean pixel edges, simple abstract symbol"
註,footnote,"64x64 pixel art, minimal style, 3-5 colors, clean pixel edges, simple abstract symbol"
譬,parable,"64x64 pixel art, minimal style, 3-5 colors, clean pixel edges, simple abstract symbol"
轟,rumble,"64x64 pixel art, minimal style, 3-5 colors, clean pixel edges, simple abstract symbol"
輔,reinforce,"64x64 pixel art, minimal style, 3-5 colors, clean pixel edges, simple abstract symbol"
輻,spoke,"64x64 pixel art, minimal style, 3-5 colors, clean pixel edges, simple abstract symbol"
輯,assemble,"64x64 pixel art, minimal style, 3-5 colors, clean pixel edges, simple abstract symbol"
豹,panther,"64x64 pixel art, minimal style, 3-5 colors, clean pixel edges, simple abstract symbol"
賎,despicable,"64x64 pixel art, minimal style, 3-5 colors, clean pixel edges, simple abstract symbol"
貰,get,"64x64 pixel art, minimal style, 3-5 colors, clean pixel edges, simple abstract symbol"
賑,bustling,"64x64 pixel art, minimal style, 3-5 colors, clean pixel edges, simple abstract symbol"
贖,expiate,"64x64 pixel art, minimal style, 3-5 colors, clean pixel edges, simple abstract symbol"
躓,stumble,"64x64 pixel art, minimal style, 3-5 colors, clean pixel edges, simple abstract symbol"
蹄,hoof,"64x64 pixel art, minimal style, 3-5 colors, clean pixel edges, simple abstract symbol"
蹟,vestiges,"64x64 pixel art, minimal style, 3-5 colors, clean pixel edges, simple abstract symbol"
跨,straddle,"64x64 pixel art, minimal style, 3-5 colors, clean pixel edges, simple abstract symbol"
跪,kneel,"64x64 pixel art, minimal style, 3-5 colors, clean pixel edges, simple abstract symbol"
醤,soy_sauce,"64x64 pixel art, minimal style, 3-5 colors, clean pixel edges, simple abstract symbol"
醍,whey,"64x64 pixel art, minimal style, 3-5 colors, clean pixel edges, simple abstract symbol"
醐,ghee,"64x64 pixel art, minimal style, 3-5 colors, clean pixel edges, simple abstract symbol"
醇,strong_sake,"64x64 pixel art, minimal style, 3-5 colors, clean pixel edges, simple abstract symbol"
麹,malt,"64x64 pixel art, minimal style, 3-5 colors, clean pixel edges, simple abstract symbol"
釦,button,"64x64 pixel art, minimal style, 3-5 colors, clean pixel edges, simple abstract symbol"
銚,keg,"64x64 pixel art, minimal style, 3-5 colors, clean pixel edges, simple abstract symbol"
鋤,plow,"64x64 pixel art, minimal style, 3-5 colors, clean pixel edges, simple abstract symbol"
鋸,hand_saw,"64x64 pixel art, minimal style, 3-5 colors, clean pixel edges, simple abstract symbol"
錐,awl,"64x64 pixel art, minimal style, 3-5 colors, clean pixel edges, simple abstract symbol"
鍬,hoe,"64x64 pixel art, minimal style, 3-5 colors, clean pixel edges, simple abstract symbol"
鋲,rivet,"64x64 pixel art, minimal style, 3-5 colors, clean pixel edges, simple abstract symbol"
錫,tin,"64x64 pixel art, minimal style, 3-5 colors, clean pixel edges, simple abstract symbol"
錨,anchor,"64x64 pixel art, minimal style, 3-5 colors, clean pixel edges, simple abstract symbol"
釘,nail,"64x64 pixel art, minimal style, 3-5 colors, clean pixel edges, simple abstract symbol"
鑓,javelin,"64x64 pixel art, minimal style, 3-5 colors, clean pixel edges, simple abstract symbol"
鋒,swords_point,"64x64 pixel art, minimal style, 3-5 colors, clean pixel edges, simple abstract symbol"
鎚,iron_hammer,"64x64 pixel art, minimal style, 3-5 colors, clean pixel edges, simple abstract symbol"
鉦,carillion,"64x64 pixel art, minimal style, 3-5 colors, clean pixel edges, simple abstract symbol"
錆,rust,"64x64 pixel art, minimal style, 3-5 colors, clean pixel edges, simple abstract symbol"
鍾,cluster,"64x64 pixel art, minimal style, 3-5 colors, clean pixel edges, simple abstract symbol"
鋏,scissors,"64x64 pixel art, minimal style, 3-5 colors, clean pixel edges, simple abstract symbol"
閃,flash,"64x64 pixel art, minimal style, 3-5 colors, clean pixel edges, simple abstract symbol"
悶,agony,"64x64 pixel art, minimal style, 3-5 colors, clean pixel edges, simple abstract symbol"
閤,side_gate,"64x64 pixel art, minimal style, 3-5 colors, clean pixel edges, simple abstract symbol"
雫,trickle,"64x64 pixel art, minimal style, 3-5 colors, clean pixel edges, simple abstract symbol"
霞,haze,"64x64 pixel art, minimal style, 3-5 colors, clean pixel edges, simple abstract symbol"
翰,quill,"64x64 pixel art, minimal style, 3-5 colors, clean pixel edges, simple abstract symbol"
斡,auspices,"64x64 pixel art, minimal style, 3-5 colors, clean pixel edges, simple abstract symbol"
鞍,saddle,"64x64 pixel art, minimal style, 3-5 colors, clean pixel edges, simple abstract symbol"
鞭,whip,"64x64 pixel art, minimal style, 3-5 colors, clean pixel edges, simple abstract symbol"
鞘,saddle_straps,"64x64 pixel art, minimal style, 3-5 colors, clean pixel edges, simple abstract symbol"
鞄,briefcase,"64x64 pixel art, minimal style, 3-5 colors, clean pixel edges, simple abstract symbol"
靭,pliable,"64x64 pixel art, minimal style, 3-5 colors, clean pixel edges, simple abstract symbol"
鞠,terminate,"64x64 pixel art, minimal style, 3-5 colors, clean pixel edges, simple abstract symbol"
顛,overturn,"64x64 pixel art, minimal style, 3-5 colors, clean pixel edges, simple abstract symbol"
穎,brush_tip,"64x64 pixel art, minimal style, 3-5 colors, clean pixel edges, simple abstract symbol"
頗,exceedingly,"64x64 pixel art, minimal style, 3-5 colors, clean pixel edges, simple abstract symbol"
頌,accolade,"64x64 pixel art, minimal style, 3-5 colors, clean pixel edges, simple abstract symbol"
頚,cervical,"64x64 pixel art, minimal style, 3-5 colors, clean pixel edges, simple abstract symbol"
餐,repast,"64x64 pixel art, minimal style, 3-5 colors, clean pixel edges, simple abstract symbol"
饗,feast,"64x64 pixel art, minimal style, 3-5 colors, clean pixel edges, simple abstract symbol"
蝕,eclipse,"64x64 pixel art, minimal style, 3-5 colors, clean pixel edges, simple abstract symbol"
飴,sweets,"64x64 pixel art, minimal style, 3-5 colors, clean pixel edges, simple abstract symbol"
駕,stretcher,"64x64 pixel art, minimal style, 3-5 colors, clean pixel edges, simple abstract symbol"
騨,dappled_horse,"64x64 pixel art, minimal style, 3-5 colors, clean pixel edges, simple abstract symbol"
馳,rush,"64x64 pixel art, minimal style, 3-5 colors, clean pixel edges, simple abstract symbol"
騙,cheat,"64x64 pixel art, minimal style, 3-5 colors, clean pixel edges, simple abstract symbol"
馴,tame,"64x64 pixel art, minimal style, 3-5 colors, clean pixel edges, simple abstract symbol"
駁,rebuttal,"64x64 pixel art, minimal style, 3-5 colors, clean pixel edges, simple abstract symbol"
駈,gallop,"64x64 pixel art, minimal style, 3-5 colors, clean pixel edges, simple abstract symbol"
驢,donkey,"64x64 pixel art, minimal style, 3-5 colors, clean pixel edges, simple abstract symbol"
鰻,eel,"64x64 pixel art, minimal style, 3-5 colors, clean pixel edges, simple abstract symbol"
鯛,sea_bream,"64x64 pixel art, minimal style, 3-5 colors, clean pixel edges, simple abstract symbol"
鰯,sardine,"64x64 pixel art, minimal style, 3-5 colors, clean pixel edges, simple abstract symbol"
鱒,trout,"64x64 pixel art, minimal style, 3-5 colors, clean pixel edges, simple abstract symbol"
鮭,salmon,"64x64 pixel art, minimal style, 3-5 colors, clean pixel edges, simple abstract symbol"
鮪,tuna,"64x64 pixel art, minimal style, 3-5 colors, clean pixel edges, simple abstract symbol"
鮎,smelt,"64x64 pixel art, minimal style, 3-5 colors, clean pixel edges, simple abstract symbol"
鯵,horse_mackeral,"64x64 pixel art, minimal style, 3-5 colors, clean pixel edges, simple abstract symbol"
鱈,cod,"64x64 pixel art, minimal style, 3-5 colors, clean pixel edges, simple abstract symbol"
鯖,mackerel,"64x64 pixel art, minimal style, 3-5 colors, clean pixel edges, simple abstract symbol"
鮫,shark,"64x64 pixel art, minimal style, 3-5 colors, clean pixel edges, simple abstract symbol"
鰹,bonito,"64x64 pixel art, minimal style, 3-5 colors, clean pixel edges, simple abstract symbol"
鰍,bullhead,"64x64 pixel art, minimal style, 3-5 colors, clean pixel edges, simple abstract symbol"
鰐,alligator,"64x64 pixel art, minimal style, 3-5 colors, clean pixel edges, simple abstract symbol"
鮒,crucian,"64x64 pixel art, minimal style, 3-5 colors, clean pixel edges, simple abstract symbol"
鮨,sushi,"64x64 pixel art, minimal style, 3-5 colors, clean pixel edges, simple abstract symbol"
鰭,fish_fin,"64x64 pixel art, minimal style, 3-5 colors, clean pixel edges, simple abstract symbol"
鴎,seagull,"64x64 pixel art, minimal style, 3-5 colors, clean pixel edges, simple abstract symbol"
鵬,roc,"64x64 pixel art, minimal style, 3-5 colors, clean pixel edges, simple abstract symbol"
鸚,parakeet,"64x64 pixel art, minimal style, 3-5 colors, clean pixel edges, simple abstract symbol"
鵡,parrot,"64x64 pixel art, minimal style, 3-5 colors, clean pixel edges, simple abstract symbol"
鵜,cormorant,"64x64 pixel art, minimal style, 3-5 colors, clean pixel edges, simple abstract symbol"
鷺,heron,"64x64 pixel art, minimal style, 3-5 colors, clean pixel edges, simple abstract symbol"
鷲,eagle,"64x64 pixel art, minimal style, 3-5 colors, clean pixel edges, simple abstract symbol"
鴨,wild_duck,"64x64 pixel art, minimal style, 3-5 colors, clean pixel edges, simple abstract symbol"
鳶,black_kite,"64x64 pixel art, minimal style, 3-5 colors, clean pixel edges, simple abstract symbol"
梟,owl,"64x64 pixel art, minimal style, 3-5 colors, clean pixel edges, simple abstract symbol"
塵,dust,"64x64 pixel art, minimal style, 3-5 colors, clean pixel edges, simple abstract symbol"
麒,giraffe,"64x64 pixel art, minimal style, 3-5 colors, clean pixel edges, simple abstract symbol"
舅,fatherinlaw,"64x64 pixel art, minimal style, 3-5 colors, clean pixel edges, simple abstract symbol"
鼠,mouse,"64x64 pixel art, minimal style, 3-5 colors, clean pixel edges, simple abstract symbol"
鑿,bore,"64x64 pixel art, minimal style, 3-5 colors, clean pixel edges, simple abstract symbol"
艘,small_craft,"64x64 pixel art, minimal style, 3-5 colors, clean pixel edges, simple abstract symbol"
瞑,close_eyes,"64x64 pixel art, minimal style, 3-5 colors, clean pixel edges, simple abstract symbol"
暝,murky,"64x64 pixel art, minimal style, 3-5 colors, clean pixel edges, simple abstract symbol"
坐,sitting,"64x64 pixel art, minimal style, 3-5 colors, clean pixel edges, simple abstract symbol"
朔,first_day,"64x64 pixel art, minimal style, 3-5 colors, clean pixel edges, simple abstract symbol"
曳,tow,"64x64 pixel art, minimal style, 3-5 colors, clean pixel edges, simple abstract symbol"
洩,dribble_out,"64x64 pixel art, minimal style, 3-5 colors, clean pixel edges, simple abstract symbol"
彗,comet,"64x64 pixel art, minimal style, 3-5 colors, clean pixel edges, simple abstract symbol"
慧,astute,"64x64 pixel art, minimal style, 3-5 colors, clean pixel edges, simple abstract symbol"
爾,thou,"64x64 pixel art, minimal style, 3-5 colors, clean pixel edges, simple abstract symbol"
嘉,applaud,"64x64 pixel art, minimal style, 3-5 colors, clean pixel edges, simple abstract symbol"
兇,evil,"64x64 pixel art, minimal style, 3-5 colors, clean pixel edges, simple abstract symbol"
兜,helmet,"64x64 pixel art, minimal style, 3-5 colors, clean pixel edges, simple abstract symbol"
靄,mist,"64x64 pixel art, minimal style, 3-5 colors, clean pixel edges, simple abstract symbol"
劫,kalpa,"64x64 pixel art, minimal style, 3-5 colors, clean pixel edges, simple abstract symbol"
歎,bemoan,"64x64 pixel art, minimal style, 3-5 colors, clean pixel edges, simple abstract symbol"
輿,palanquin,"64x64 pixel art, minimal style, 3-5 colors, clean pixel edges, simple abstract symbol"
歪,warped,"64x64 pixel art, minimal style, 3-5 colors, clean pixel edges, simple abstract symbol"
翠,jade_green,"64x64 pixel art, minimal style, 3-5 colors, clean pixel edges, simple abstract symbol"
黛,blue_black,"64x64 pixel art, minimal style, 3-5 colors, clean pixel edges, simple abstract symbol"
鼎,tripod,"64x64 pixel art, minimal style, 3-5 colors, clean pixel edges, simple abstract symbol"
鹵,rocksalt,"64x64 pixel art, minimal style, 3-5 colors, clean pixel edges, simple abstract symbol"
鹸,lye,"64x64 pixel art, minimal style, 3-5 colors, clean pixel edges, simple abstract symbol"
虔,reserved,"64x64 pixel art, minimal style, 3-5 colors, clean pixel edges, simple abstract symbol"
燕,swallow,"64x64 pixel art, minimal style, 3-5 colors, clean pixel edges, simple abstract symbol"
嘗,lick,"64x64 pixel art, minimal style, 3-5 colors, clean pixel edges, simple abstract symbol"
殆,almost,"64x64 pixel art, minimal style, 3-5 colors, clean pixel edges, simple abstract symbol"
牌,mahjong_tiles,"64x64 pixel art, minimal style, 3-5 colors, clean pixel edges, simple abstract symbol"
覗,peek,"64x64 pixel art, minimal style, 3-5 colors, clean pixel edges, simple abstract symbol"
齟,disagree,"64x64 pixel art, minimal style, 3-5 colors, clean pixel edges, simple abstract symbol"
齬,discord,"64x64 pixel art, minimal style, 3-5 colors, clean pixel edges, simple abstract symbol"
秦,manchu_dynasty,"64x64 pixel art, minimal style, 3-5 colors, clean pixel edges, simple abstract symbol"
雀,sparrow,"64x64 pixel art, minimal style, 3-5 colors, clean pixel edges, simple abstract symbol"
隼,peregrine_falcon,"64x64 pixel art, minimal style, 3-5 colors, clean pixel edges, simple abstract symbol"
耀,shimmering,"64x64 pixel art, minimal style, 3-5 colors, clean pixel edges, simple abstract symbol"
夷,ebisu,"64x64 pixel art, minimal style, 3-5 colors, clean pixel edges, simple abstract symbol"
嚢,cyst,"64x64 pixel art, minimal style, 3-5 colors, clean pixel edges, simple abstract symbol"
暢,carefree,"64x64 pixel art, minimal style, 3-5 colors, clean pixel edges, simple abstract symbol"
廻,circling,"64x64 pixel art, minimal style, 3-5 colors, clean pixel edges, simple abstract symbol"
欣,elation,"64x64 pixel art, minimal style, 3-5 colors, clean pixel edges, simple abstract symbol"
毅,stalwart,"64x64 pixel art, minimal style, 3-5 colors, clean pixel edges, simple abstract symbol"
斯,thus,"64x64 pixel art, minimal style, 3-5 colors, clean pixel edges, simple abstract symbol"
匙,wooden_spoon,"64x64 pixel art, minimal style, 3-5 colors, clean pixel edges, simple abstract symbol"
匡,set_straight,"64x64 pixel art, minimal style, 3-5 colors, clean pixel edges, simple abstract symbol"
肇,founding,"64x64 pixel art, minimal style, 3-5 colors, clean pixel edges, simple abstract symbol"
麿,utamaro,"64x64 pixel art, minimal style, 3-5 colors, clean pixel edges, simple abstract symbol"
叢,conglomerate,"64x64 pixel art, minimal style, 3-5 colors, clean pixel edges, simple abstract symbol"
肴,entreat,"64x64 pixel art, minimal style, 3-5 colors, clean pixel edges, simple abstract symbol"
斐,symmetrical,"64x64 pixel art, minimal style, 3-5 colors, clean pixel edges, simple abstract symbol"
卿,magistrate,"64x64 pixel art, minimal style, 3-5 colors, clean pixel edges, simple abstract symbol"
翫,fiddle,"64x64 pixel art, minimal style, 3-5 colors, clean pixel edges, simple abstract symbol"
於,within,"64x64 pixel art, minimal style, 3-5 colors, clean pixel edges, simple abstract symbol"
套,hackneyed,"64x64 pixel art, minimal style, 3-5 colors, clean pixel edges, simple abstract symbol"
叛,rebellion,"64x64 pixel art, minimal style, 3-5 colors, clean pixel edges, simple abstract symbol"
尖,sharp_point,"64x64 pixel art, minimal style, 3-5 colors, clean pixel edges, simple abstract symbol"
壷,crock,"64x64 pixel art, minimal style, 3-5 colors, clean pixel edges, simple abstract symbol"
叡,sapience,"64x64 pixel art, minimal style, 3-5 colors, clean pixel edges, simple abstract symbol"
酋,chieftain,"64x64 pixel art, minimal style, 3-5 colors, clean pixel edges, simple abstract symbol"
鴬,nightingale,"64x64 pixel art, minimal style, 3-5 colors, clean pixel edges, simple abstract symbol"
赫,incandescent,"64x64 pixel art, minimal style, 3-5 colors, clean pixel edges, simple abstract symbol"
臥,supinate,"64x64 pixel art, minimal style, 3-5 colors, clean pixel edges, simple abstract symbol"
甥,nephew,"64x64 pixel art, minimal style, 3-5 colors, clean pixel edges, simple abstract symbol"
瓢,gourd,"64x64 pixel art, minimal style, 3-5 colors, clean pixel edges, simple abstract symbol"
琵,biwa,"64x64 pixel art, minimal style, 3-5 colors, clean pixel edges, simple abstract symbol"
琶,lute,"64x64 pixel art, minimal style, 3-5 colors, clean pixel edges, simple abstract symbol"
叉,forked,"64x64 pixel art, minimal style, 3-5 colors, clean pixel edges, simple abstract symbol"
乖,disobey,"64x64 pixel art, minimal style, 3-5 colors, clean pixel edges, simple abstract symbol"
畠,dry_field,"64x64 pixel art, minimal style, 3-5 colors, clean pixel edges, simple abstract symbol"
圃,vegetable_patch,"64x64 pixel art, minimal style, 3-5 colors, clean pixel edges, simple abstract symbol"
丞,helping_hand,"64x64 pixel art, minimal style, 3-5 colors, clean pixel edges, simple abstract symbol"
亮,translucent,"64x64 pixel art, minimal style, 3-5 colors, clean pixel edges, simple abstract symbol"
胤,blood_relative,"64x64 pixel art, minimal style, 3-5 colors, clean pixel edges, simple abstract symbol"
疏,transcription,"64x64 pixel art, minimal style, 3-5 colors, clean pixel edges, simple abstract symbol"
膏,ointment,"64x64 pixel art, minimal style, 3-5 colors, clean pixel edges, simple abstract symbol"
魁,pioneer,"64x64 pixel art, minimal style, 3-5 colors, clean pixel edges, simple abstract symbol"
馨,ambrosial,"64x64 pixel art, minimal style, 3-5 colors, clean pixel edges, simple abstract symbol"
牒,label,"64x64 pixel art, minimal style, 3-5 colors, clean pixel edges, simple abstract symbol"
瞥,glimpse,"64x64 pixel art, minimal style, 3-5 colors, clean pixel edges, simple abstract symbol"
睾,testicle,"64x64 pixel art, minimal style, 3-5 colors, clean pixel edges, simple abstract symbol"
巫,sorceress,"64x64 pixel art, minimal style, 3-5 colors, clean pixel edges, simple abstract symbol"
敦,empathetic,"64x64 pixel art, minimal style, 3-5 colors, clean pixel edges, simple abstract symbol"
奎,andromeda,"64x64 pixel art, minimal style, 3-5 colors, clean pixel edges, simple abstract symbol"
翔,soar,"64x64 pixel art, minimal style, 3-5 colors, clean pixel edges, simple abstract symbol"
皓,beaming,"64x64 pixel art, minimal style, 3-5 colors, clean pixel edges, simple abstract symbol"
黎,tenebrous,"64x64 pixel art, minimal style, 3-5 colors, clean pixel edges, simple abstract symbol"
赳,bold,"64x64 pixel art, minimal style, 3-5 colors, clean pixel edges, simple abstract symbol"
已,stop_short,"64x64 pixel art, minimal style, 3-5 colors, clean pixel edges, simple abstract symbol"
棘,thornbush,"64x64 pixel art, minimal style, 3-5 colors, clean pixel edges, simple abstract symbol"
祟,haunt,"64x64 pixel art, minimal style, 3-5 colors, clean pixel edges, simple abstract symbol"
甦,resuscitate,"64x64 pixel art, minimal style, 3-5 colors, clean pixel edges, simple abstract symbol"
剪,pruning,"64x64 pixel art, minimal style, 3-5 colors, clean pixel edges, simple abstract symbol"
躾,upbringing,"64x64 pixel art, minimal style, 3-5 colors, clean pixel edges, simple abstract symbol"
夥,plentiful,"64x64 pixel art, minimal style, 3-5 colors, clean pixel edges, simple abstract symbol"
鼾,snore,"64x64 pixel art, minimal style, 3-5 colors, clean pixel edges, simple abstract symbol"
陀,steeply_inclined,"64x64 pixel art, minimal style, 3-5 colors, clean pixel edges, simple abstract symbol"
粁,kilometer,"64x64 pixel art, minimal style, 3-5 colors, clean pixel edges, simple abstract symbol"
糎,centimeter,"64x64 pixel art, minimal style, 3-5 colors, clean pixel edges, simple abstract symbol"
粍,millimeter,"64x64 pixel art, minimal style, 3-5 colors, clean pixel edges, simple abstract symbol"
噸,ton,"64x64 pixel art, minimal style, 3-5 colors, clean pixel edges, simple abstract symbol"
哩,mile,"64x64 pixel art, minimal style, 3-5 colors, clean pixel edges, simple abstract symbol"
浬,nautical_mile,"64x64 pixel art, minimal style, 3-5 colors, clean pixel edges, simple abstract symbol"
吋,inch,"64x64 pixel art, minimal style, 3-5 colors, clean pixel edges, simple abstract symbol"
呎,foot,"64x64 pixel art, minimal style, 3-5 colors, clean pixel edges, simple abstract symbol"
梵,brahman,"64x64 pixel art, minimal style, 3-5 colors, clean pixel edges, simple abstract symbol"
薩,bodhisattva,"64x64 pixel art, minimal style, 3-5 colors, clean pixel edges, simple abstract symbol"
菩,bo_tree,"64x64 pixel art, minimal style, 3-5 colors, clean pixel edges, simple abstract symbol"
唖,babble,"64x64 pixel art, minimal style, 3-5 colors, clean pixel edges, simple abstract symbol"
牟,low,"64x64 pixel art, minimal style, 3-5 colors, clean pixel edges, simple abstract symbol"
迦,sanskrit_ka,"64x64 pixel art, minimal style, 3-5 colors, clean pixel edges, simple abstract symbol"
珈,jeweled_hairpin,"64x64 pixel art, minimal style, 3-5 colors, clean pixel edges, simple abstract symbol"
琲,beaded_hairpin,"64x64 pixel art, minimal style, 3-5 colors, clean pixel edges, simple abstract symbol"
檜,hinoki,"64x64 pixel art, minimal style, 3-5 colors, clean pixel edges, simple abstract symbol"
轡,tinkling_bell,"64x64 pixel art, minimal style, 3-5 colors, clean pixel edges, simple abstract symbol"
淵,abyss,"64x64 pixel art, minimal style, 3-5 colors, clean pixel edges, simple abstract symbol"
伍,formal_five,"64x64 pixel art, minimal style, 3-5 colors, clean pixel edges, simple abstract symbol"
什,formal_ten,"64x64 pixel art, minimal style, 3-5 colors, clean pixel edges, simple abstract symbol"
萬,ten_thousand_old,"64x64 pixel art, minimal style, 3-5 colors, clean pixel edges, simple abstract symbol"
邁,push_forward,"64x64 pixel art, minimal style, 3-5 colors, clean pixel edges, simple abstract symbol"
燭,candlelight,"64x64 pixel art, minimal style, 3-5 colors, clean pixel edges, simple abstract symbol"
逞,tough,"64x64 pixel art, minimal style, 3-5 colors, clean pixel edges, simple abstract symbol"
燈,lamp_old,"64x64 pixel art, minimal style, 3-5 colors, clean pixel edges, simple abstract symbol"
裡,back_old,"64x64 pixel art, minimal style, 3-5 colors, clean pixel edges, simple abstract symbol"
薗,garden_name,"64x64 pixel art, minimal style, 3-5 colors, clean pixel edges, simple abstract symbol"
鋪,shop_variant,"64x64 pixel art, minimal style, 3-5 colors, clean pixel edges, simple abstract symbol"
嶋,island_variant,"64x64 pixel art, minimal style, 3-5 colors, clean pixel edges, simple abstract symbol"
峯,summit_variant,"64x64 pixel art, minimal style, 3-5 colors, clean pixel edges, simple abstract symbol"
埜,plains_variant,"64x64 pixel art, minimal style, 3-5 colors, clean pixel edges, simple abstract symbol"
龍,dragon_old,"64x64 pixel art, minimal style, 3-5 colors, clean pixel edges, simple abstract symbol"
寵,patronage,"64x64 pixel art, minimal style, 3-5 colors, clean pixel edges, simple abstract symbol"
聾,deafness,"64x64 pixel art, minimal style, 3-5 colors, clean pixel edges, simple abstract symbol"
慾,longing_old,"64x64 pixel art, minimal style, 3-5 colors, clean pixel edges, simple abstract symbol"
嶽,point_old,"64x64 pixel art, minimal style, 3-5 colors, clean pixel edges, simple abstract symbol"
國,country_old,"64x64 pixel art, minimal style, 3-5 colors, clean pixel edges, simple abstract symbol"
脛,shin,"64x64 pixel art, minimal style, 3-5 colors, clean pixel edges, simple abstract symbol"
勁,formidable,"64x64 pixel art, minimal style, 3-5 colors, clean pixel edges, simple abstract symbol"
祀,enshrine,"64x64 pixel art, minimal style, 3-5 colors, clean pixel edges, simple abstract symbol"
祓,exorcism,"64x64 pixel art, minimal style, 3-5 colors, clean pixel edges, simple abstract symbol"
躇,dither,"64x64 pixel art, minimal style, 3-5 colors, clean pixel edges, simple abstract symbol"
壽,longevity_old,"64x64 pixel art, minimal style, 3-5 colors, clean pixel edges, simple abstract symbol"
躊,hesitate,"64x64 pixel art, minimal style, 3-5 colors, clean pixel edges, simple abstract symbol"
饅,bean_jam,"64x64 pixel art, minimal style, 3-5 colors, clean pixel edges, simple abstract symbol"
嘔,retch,"64x64 pixel art, minimal style, 3-5 colors, clean pixel edges, simple abstract symbol"
鼈,snapping_turtle,"64x64 pixel art, minimal style, 3-5 colors, clean pixel edges, simple abstract symbol"
𠮟,scold_old,"64x64 pixel art, minimal style, 3-5 colors, clean pixel edges, simple abstract symbol"
塡,fill_in,"64x64 pixel art, minimal style, 3-5 colors, clean pixel edges, simple abstract symbol"
剝,peel,"64x64 pixel art, minimal style, 3-5 colors, clean pixel edges, simple abstract symbol"
頰,cheek_old,"64x64 pixel art, minimal style, 3-5 colors, clean pixel edges, simple abstract symbol"
籠,basket_variant,"64x64 pixel art, minimal style, 3-5 colors, clean pixel edges, simple abstract symbol"
亙,span_alt,"64x64 pixel art, minimal style, 3-5 colors, clean pixel edges, simple abstract symbol"
亨,go_smoothly,"64x64 pixel art, minimal style, 3-5 colors, clean pixel edges, simple abstract symbol"
伶,actor,"64x64 pixel art, minimal style, 3-5 colors, clean pixel edges, simple abstract symbol"
佑,aid,"64x64 pixel art, minimal style, 3-5 colors, clean pixel edges, simple abstract symbol"
佼,beautiful,"64x64 pixel art, minimal style, 3-5 colors, clean pixel edges, simple abstract symbol"
侑,coax,"64x64 pixel art, minimal style, 3-5 colors, clean pixel edges, simple abstract symbol"
俣,fork,"64x64 pixel art, minimal style, 3-5 colors, clean pixel edges, simple abstract symbol"
倖,good_fortune,"64x64 pixel art, minimal style, 3-5 colors, clean pixel edges, simple abstract symbol"
傭,hire,"64x64 pixel art, minimal style, 3-5 colors, clean pixel edges, simple abstract symbol"
僻,prejudice,"64x64 pixel art, minimal style, 3-5 colors, clean pixel edges, simple abstract symbol"
卜,divining,"64x64 pixel art, minimal style, 3-5 colors, clean pixel edges, simple abstract symbol"
喬,lofty,"64x64 pixel art, minimal style, 3-5 colors, clean pixel edges, simple abstract symbol"
孟,eldest,"64x64 pixel art, minimal style, 3-5 colors, clean pixel edges, simple abstract symbol"
尭,noble,"64x64 pixel art, minimal style, 3-5 colors, clean pixel edges, simple abstract symbol"
峨,towering,"64x64 pixel art, minimal style, 3-5 colors, clean pixel edges, simple abstract symbol"
嵯,craggy,"64x64 pixel art, minimal style, 3-5 colors, clean pixel edges, simple abstract symbol"
巌,crag,"64x64 pixel art, minimal style, 3-5 colors, clean pixel edges, simple abstract symbol"
巽,southeast,"64x64 pixel art, minimal style, 3-5 colors, clean pixel edges, simple abstract symbol"
彪,spotted,"64x64 pixel art, minimal style, 3-5 colors, clean pixel edges, simple abstract symbol"
掟,code,"64x64 pixel art, minimal style, 3-5 colors, clean pixel edges, simple abstract symbol"
掠,pillage,"64x64 pixel art, minimal style, 3-5 colors, clean pixel edges, simple abstract symbol"
撹,agitate,"64x64 pixel art, minimal style, 3-5 colors, clean pixel edges, simple abstract symbol"
梧,parasol_tree,"64x64 pixel art, minimal style, 3-5 colors, clean pixel edges, simple abstract symbol"
欝,gloom,"64x64 pixel art, minimal style, 3-5 colors, clean pixel edges, simple abstract symbol"
欽,revere,"64x64 pixel art, minimal style, 3-5 colors, clean pixel edges, simple abstract symbol"
煕,shine,"64x64 pixel art, minimal style, 3-5 colors, clean pixel edges, simple abstract symbol"
熔,fuse,"64x64 pixel art, minimal style, 3-5 colors, clean pixel edges, simple abstract symbol"
珪,jade_scepter,"64x64 pixel art, minimal style, 3-5 colors, clean pixel edges, simple abstract symbol"
瑶,beautiful_jewel,"64x64 pixel art, minimal style, 3-5 colors, clean pixel edges, simple abstract symbol"
甫,newly,"64x64 pixel art, minimal style, 3-5 colors, clean pixel edges, simple abstract symbol"
聚,congregate,"64x64 pixel art, minimal style, 3-5 colors, clean pixel edges, simple abstract symbol"
舘,mansion,"64x64 pixel art, minimal style, 3-5 colors, clean pixel edges, simple abstract symbol"
舜,morning_glory,"64x64 pixel art, minimal style, 3-5 colors, clean pixel edges, simple abstract symbol"
詑,deceive,"64x64 pixel art, minimal style, 3-5 colors, clean pixel edges, simple abstract symbol"
諏,consult,"64x64 pixel art, minimal style, 3-5 colors, clean pixel edges, simple abstract symbol"
躯,torso,"64x64 pixel art, minimal style, 3-5 colors, clean pixel edges, simple abstract symbol"
郁,elegant,"64x64 pixel art, minimal style, 3-5 colors, clean pixel edges, simple abstract symbol"
鏑,arrowhead,"64x64 pixel art, minimal style, 3-5 colors, clean pixel edges, simple abstract symbol"
子,rat_zodiac,"64x64 pixel art, minimal style, 3-5 colors, clean pixel edges, simple abstract symbol"
午,horse_zodiac,"64x64 pixel art, minimal style, 3-5 colors, clean pixel edges, simple abstract symbol"
未,sheep_zodiac,"64x64 pixel art, minimal style, 3-5 colors, clean pixel edges, simple abstract symbol"
申,monkey_zodiac,"64x64 pixel art, minimal style, 3-5 colors, clean pixel edges, simple abstract symbol"
酉,rooster_zodiac,"64x64 pixel art, minimal style, 3-5 colors, clean pixel edges, simple abstract symbol"
戌,dog_zodiac,"64x64 pixel art, minimal style, 3-5 colors, clean pixel edges, simple abstract symbol"
亥,boar_zodiac,"64x64 pixel art, minimal style, 3-5 colors, clean pixel edges, simple abstract symbol"
