# rank	lemma	count
1	何	101788
2	あなた	61399
3	言	53276
4	行	45074
5	人	40049
6	分	36394
7	来る	34715
8	知	34519
9	事	33839
10	彼女	32876
11	お前	31487
12	話	31154
13	か	26236
14	者	23768
15	聞	20548
16	死	19783
17	ああ	18777
18	殺	18531
19	前	17841
20	中	17777
21	達	17657
22	気	17629
23	一	16620
24	必要	16339
25	あの	15886
26	大丈夫	15284
27	自分	14818
28	持	14292
29	本当	14125
30	時間	14006
31	我々	13993
32	的	13663
33	無	13527
34	ありがとう	13421
35	家	13409
36	日	12695
37	会	12675
38	年	12453
39	手	11675
40	仕事	11427
41	一緒	10919
42	後	10775
43	出来	10766
44	目	10646
45	入	10531
46	他	10409
47	電話	9891
48	様	9047
49	上	9017
50	車	8985
51	所	8981
52	あんた	8673
53	度	8618
54	同じ	8326
55	子	8322
56	場所	8206
57	問題	7963
58	子供	7948
59	間	7880
60	金	7806
61	行く	7751
62	愛	7677
63	名前	7411
64	信	7400
65	さあ	7250
66	取	7125
67	使	7023
68	少し	6985
69	生きる	6939
70	全て	6930
71	世界	6865
72	教え	6852
73	通り	6843
74	入れる	6739
75	人間	6560
76	今日	6361
77	変	6231
78	女	6209
79	着	6194
80	物	6191
81	呼	6091
82	じゃあ	6001
83	止める	5915
84	あれ	5881
85	心配	5839
86	下	5752
87	母	5750
88	外	5720
89	連れ	5715
90	力	5701
91	回	5634
92	関係	5602
93	家族	5558
94	起き	5507
95	神	5487
96	起	5477
97	意味	5446
98	警察	5401
99	最後	5384
100	こ	5362
101	作	5344
102	次	5224
103	息子	5095
104	わ	5038
105	全部	5012
106	書	4972
107	捜査	4939
108	別	4782
109	情報	4773
110	理由	4744
111	数	4672
112	一人	4585
113	部屋	4538
114	急	4535
115	以上	4527
116	人生	4514
117	が	4473
118	食べる	4467
119	取る	4455
120	合	4445
121	続ける	4387
122	女性	4384
123	始める	4367
124	事件	4366
125	まあ	4363
126	最初	4333
127	連絡	4317
128	立	4307
129	調べ	4296
130	下す	4270
131	二	4264
132	安全	4256
133	受ける	4241
134	楽しい	4237
135	殺人	4194
136	万	4150
137	友達	4095
138	約束	4086
139	先	4049
140	結婚	4020
141	感じ	4008
142	無理	3976
143	得	3903
144	言う	3893
145	送	3882
146	あいつ	3871
147	最高	3838
148	計画	3789
149	不	3786
150	仲間	3777
151	可能	3776
152	あと	3770
153	明日	3740
154	聞こえ	3726
155	確認	3644
156	命	3619
157	動	3553
158	与える	3530
159	あげる	3515
160	全員	3510
161	二人	3482
162	理解	3479
163	開ける	3460
164	機	3458
165	友人	3449
166	大	3429
167	づ	3401
168	離れ	3388
169	戦	3337
170	先生	3309
171	犯人	3308
172	置る	3270
173	ある	3247
174	質問	3246
175	感	3241
176	あぁ	3239
177	第	3189
178	ドア	3170
179	伝える	3169
180	本	3163
181	用	3160
182	素晴らし	3153
183	乗	3133
184	感謝	3076
185	正す	3070
186	言葉	3047
187	２人	3011
188	座	3010
189	強	3005
190	写真	3001
191	説明	2989
192	十	2987
193	国	2987
194	博士	2980
195	絶対	2976
196	向く	2949
197	野郎	2947
198	名	2945
199	番	2861
200	王	2785
201	一番	2740
202	重要	2737
203	近	2735
204	状況	2723
205	水	2720
206	元気	2709
207	やあ	2697
208	変え	2681
209	週間	2667
210	父親	2663
211	役	2649
212	間違い	2645
213	等	2642
214	消える	2641
215	了解	2610
216	員	2600
217	相手	2589
218	声	2584
219	音	2564
220	多い	2557
221	話す	2557
222	会える	2550
223	過ぎる	2541
224	体	2538
225	会社	2529
226	簡単	2513
227	選	2503
228	残念	2497
229	自由	2496
230	元	2493
231	通	2488
232	読	2477
233	口	2471
234	自身	2466
235	生	2456
236	一体	2453
237	人々	2452
238	報告	2452
239	対	2437
240	語	2437
241	アメリカ	2423
242	命令	2410
243	大統領	2406
244	月	2401
245	警官	2390
246	要	2386
247	決める	2383
248	学校	2379
249	張	2378
250	真実	2368
251	初めて	2342
252	学	2321
253	大変	2309
254	あそこ	2298
255	戦争	2295
256	武器	2277
257	店	2271
258	落ち	2247
259	刑事	2233
260	母親	2233
261	運	2221
262	光	2220
263	違	2220
264	気持ち	2219
265	記録	2197
266	あっ	2192
267	実	2174
268	手伝	2172
269	存在	2157
270	住	2155
271	病院	2141
272	責任	2135
273	行動	2122
274	普通	2121
275	足	2116
276	大きな	2115
277	監視	2114
278	協力	2080
279	速	2075
280	多分	2072
281	実際	2056
282	地球	2052
283	止む	2052
284	生活	2051
285	任せる	2045
286	気分	2041
287	解決	2019
288	結果	2006
289	研究	2003
290	調査	2003
291	場	1993
292	大きい	1964
293	何処	1958
294	多	1956
295	開	1956
296	発見	1954
297	１人	1951
298	大事	1948
299	ヶ月	1947
300	なあ	1941
301	興味	1938
302	運転	1930
303	番号	1920
304	状態	1916
305	上手	1904
306	場合	1902
307	済	1902
308	朝	1898
309	刑務	1897
310	今度	1891
311	以外	1884
312	信ずる	1884
313	直	1884
314	共	1878
315	歌	1869
316	飛行	1867
317	知る	1858
318	あまり	1857
319	目的	1850
320	付	1848
321	近く	1845
322	後ろ	1842
323	面白い	1840
324	売	1836
325	客	1830
326	弁護	1828
327	特別	1819
328	昨日	1811
329	認める	1807
330	少ない	1803
331	不明	1802
332	死体	1793
333	医者	1791
334	装置	1791
335	唯一	1782
336	あんな	1776
337	信用	1772
338	限り	1772
339	美しい	1757
340	生まれ	1754
341	用意	1751
342	持つ	1745
343	映画	1742
344	移動	1742
345	美咲	1741
346	取引	1740
347	最近	1738
348	現場	1732
349	事故	1731
350	始	1731
351	連中	1726
352	付け	1724
353	有	1721
354	過去	1713
355	全く	1704
356	あら	1701
357	完全	1698
358	選択	1698
359	信頼	1692
360	町	1687
361	何故	1684
362	精神	1676
363	三	1674
364	身	1673
365	出	1669
366	女の子	1663
367	記憶	1661
368	頑	1646
369	引き	1627
370	非常	1626
371	空	1619
372	素敵	1612
373	食	1608
374	降り	1607
375	価値	1602
376	内	1597
377	最も	1595
378	両親	1589
379	人物	1588
380	馬鹿	1582
381	州	1576
382	無事	1576
383	警備	1576
384	以前	1575
385	聞ける	1573
386	部	1571
387	決して	1569
388	銀行	1568
389	裁判	1553
390	た	1552
391	大学	1548
392	今回	1533
393	経験	1524
394	本物	1521
395	込	1521
396	化る	1515
397	正直	1508
398	未来	1506
399	無駄	1505
400	年間	1504
401	島	1503
402	現れ	1503
403	消	1495
404	病気	1485
405	点	1468
406	風	1466
407	だ	1465
408	進	1458
409	結構	1456
410	治療	1454
411	予定	1451
412	許可	1443
413	勇気	1441
414	最悪	1441
415	本気	1441
416	全然	1436
417	作戦	1433
418	任務	1430
419	品	1429
420	日本	1429
421	成功	1425
422	向こう	1416
423	地	1405
424	小さな	1403
425	科学	1402
426	隊	1394
427	付く	1392
428	事実	1391
429	全	1384
430	地下	1374
431	無し	1374
432	ま	1370
433	関	1367
434	戦い	1361
435	少年	1353
436	爆発	1352
437	現実	1350
438	保護	1349
439	別れ	1344
440	あー	1341
441	さ	1339
442	時代	1337
443	主	1328
444	式	1325
445	使える	1323
446	組織	1323
447	馬	1317
448	落ち着ける	1315
449	動物	1312
450	線	1309
451	技術	1308
452	続	1306
453	個人	1303
454	局	1303
455	期待	1301
456	調子	1298
457	利用	1294
458	館	1293
459	主人	1292
460	毎日	1281
461	当然	1278
462	患者	1273
463	あたし	1268
464	今朝	1262
465	立て	1236
466	火	1225
467	地獄	1223
468	山	1222
469	屋	1220
470	陛下	1217
471	小い	1210
472	木	1207
473	解	1200
474	世話	1199
475	平気	1199
476	能力	1199
477	指	1195
478	理子	1191
479	検査	1187
480	星	1186
481	アレックス	1185
482	代わり	1173
483	構	1171
484	警部	1171
485	幸運	1170
486	食事	1170
487	駄目	1166
488	侵入	1165
489	緊急	1165
490	親父	1164
491	気付	1160
492	離	1139
493	原因	1138
494	警告	1135
495	山里	1133
496	特に	1127
497	部下	1125
498	運命	1117
499	到着	1113
500	自殺	1113
501	常	1111
502	現在	1109
503	一部	1108
504	大切	1106
505	行為	1106
506	遺体	1106
507	に	1102
508	曲	1101
509	感情	1095
510	夕食	1094
511	達也	1089
512	位	1088
513	手紙	1087
514	超	1085
515	混乱	1082
516	支配	1081
517	受け入れ	1080
518	影響	1079
519	行方	1077
520	半分	1075
521	少女	1073
522	誕生	1072
523	連れる	1072
524	施設	1070
525	殺す	1070
526	向ける	1069
527	人類	1066
528	機会	1066
529	器	1063
530	殺し	1060
531	上げ	1058
532	決	1055
533	正確	1053
534	向	1051
535	活動	1049
536	色々	1049
537	代	1047
538	組	1046
539	料理	1045
540	要求	1044
541	部隊	1043
542	指示	1040
543	何者	1037
544	音楽	1036
545	管理	1034
546	映像	1032
547	開始	1031
548	議員	1030
549	南	1028
550	反対	1026
551	勝手	1024
552	可愛い	1021
553	反応	1020
554	女王	1020
555	師	1020
556	面倒	1020
557	権利	1018
558	旅	1017
559	出発	1010
560	大好き	1009
561	当	1003
562	保安	999
563	楽しみ	989
564	将軍	985
565	担当	985
566	事態	983
567	杯	975
568	偉大	971
569	ロシア	969
570	平和	965
571	結局	965
572	司令	963
573	示る	963
574	解放	962
575	重	962
576	事務	961
577	瞬間	959
578	教授	958
579	教会	956
580	優しい	954
581	位置	952
582	部分	949
583	以来	946
584	突然	945
585	去る	943
586	通信	943
587	集中	943
588	あっち	942
589	契約	937
590	住所	932
591	園	932
592	異常	931
593	沢山	927
594	社	927
595	動き	925
596	様子	923
597	参加	921
598	自然	913
599	殺害	911
600	証言	908
601	途中	906
602	夏美	898
603	前回	897
604	種	897
605	手術	895
606	強盗	892
607	魔女	889
608	信号	887
609	専門	886
610	安心	884
611	会議	883
612	美月	883
613	閣下	883
614	提供	882
615	残	881
616	荷物	880
617	基地	874
618	目撃	873
619	親	867
620	全体	865
621	時々	864
622	動く	863
623	怪物	863
624	会話	859
625	一致	855
626	半	851
627	アンタ	849
628	徳井	849
629	広	846
630	勝利	844
631	天使	843
632	色	843
633	主義	841
634	旅行	838
635	個	836
636	夫人	836
637	死亡	836
638	目標	835
639	中国	834
640	建物	833
641	生徒	833
642	確信	833
643	台	832
644	使用	831
645	出会	831
646	周り	829
647	川	829
648	社会	829
649	市民	828
650	停止	820
651	実験	815
652	直接	815
653	ありがと	813
654	実行	810
655	乗せ	808
656	後悔	806
657	案内	805
658	流	804
659	禁止	802
660	足りる	800
661	次第	796
662	距離	792
663	制御	787
664	感染	787
665	白	787
666	有名	786
667	呼ぶ	785
668	戦闘	783
669	あ	782
670	以内	779
671	時	779
672	書類	779
673	偶然	777
674	機械	777
675	最終	776
676	アア	774
677	無視	774
678	同意	772
679	呼吸	772
680	王子	772
681	巨人	771
682	横	770
683	軍隊	770
684	支援	769
685	大人	768
686	恋人	768
687	知り合い	767
688	進める	766
689	努力	765
690	惑星	758
691	味方	757
692	限	757
693	回復	753
694	新聞	753
695	クレア	752
696	兵器	750
697	投げ	750
698	アパート	745
699	乗る	745
700	一生	743
701	最	743
702	立つ	743
703	アン	742
704	処理	740
705	方向	739
706	決定	739
707	アクセス	737
708	親友	736
709	満足	735
710	神経	735
711	分析	728
712	流れ	728
713	不思議	726
714	物語	726
715	入り	725
716	青	725
717	果	724
718	半田	723
719	両方	721
720	久しい	721
721	練習	721
722	他人	720
723	アラン	718
724	成長	718
725	再び	716
726	医	716
727	指揮	715
728	病	715
729	最大	714
730	時計	712
731	記事	712
732	面	711
733	手段	710
734	楽	707
735	具合	705
736	高校	705
737	太陽	704
738	立ち	704
739	経	704
740	才能	701
741	交換	700
742	所有	699
743	救急	696
744	最低	696
745	治	695
746	修理	694
747	団	693
748	応答	693
749	魅力	693
750	社長	691
751	勉強	689
752	提案	689
753	気の毒	689
754	資金	689
755	金持ち	689
756	ありさ	688
757	試合	688
758	安定	687
759	指紋	687
760	日間	683
761	石	683
762	午後	679
763	政治	678
764	正体	677
765	確保	677
766	アンナ	676
767	優秀	675
768	機能	675
769	発生	671
770	立場	670
771	英雄	670
772	帽子	669
773	電気	669
774	効果	668
775	連邦	668
776	条件	667
777	確実	666
778	土地	665
779	規則	665
780	卒業	664
781	手がかり	664
782	直ぐ	664
783	自己	663
784	列車	662
785	加減	659
786	暴力	659
787	返	659
788	アイツ	658
789	立派	658
790	形	656
791	不安	655
792	同様	655
793	身体	654
794	ライアン	653
795	権	652
796	対処	651
797	表	651
798	無線	650
799	千	649
800	雄基	648
801	誤解	647
802	起動	647
803	公	646
804	名誉	646
805	接触	646
806	大佐	644
807	あり	643
808	説得	643
809	標的	642
810	特定	642
811	非	640
812	正義	639
813	興奮	639
814	導	638
815	見張	638
816	無実	636
817	承知	635
818	光栄	633
819	納得	633
820	変更	632
821	本部	632
822	空気	631
823	城	630
824	支払	630
825	あらゆる	629
826	生命	629
827	片付け	627
828	アダム	626
829	医療	625
830	地図	625
831	法律	625
832	台無し	622
833	評価	621
834	貴様	621
835	都市	621
836	乗り	620
837	小	618
838	東	618
839	出身	617
840	村	617
841	保証	616
842	合わせ	616
843	大した	616
844	釈放	616
845	予想	615
846	疑問	615
847	省	615
848	交渉	614
849	同僚	614
850	変化	614
851	馬場	612
852	西	611
853	教	610
854	作業	609
855	将来	608
856	引	608
857	巨大	607
858	悠里	607
859	手配	607
860	指輪	607
861	空港	607
862	工場	604
863	話し合	602
864	あるいは	600
865	目覚める	600
866	金庫	600
867	間違える	599
868	当て	596
869	内部	595
870	艦隊	594
871	食料	592
872	保険	589
873	味	588
874	得意	588
875	生物	588
876	医師	587
877	鉄	587
878	子ども	585
879	英語	584
880	離婚	584
881	違反	583
882	男の子	582
883	維持	581
884	量	580
885	政子	579
886	口座	578
887	大勢	576
888	親切	576
889	仕業	575
890	太	574
891	贈り物	574
892	待機	571
893	戦士	571
894	知らせ	570
895	系	570
896	食べ物	569
897	尋問	568
898	発射	567
899	駅	567
900	育	566
901	事情	563
902	国家	563
903	開発	563
904	上司	562
905	育て	562
906	大使	561
907	機関	560
908	超え	560
909	無い	558
910	アー	557
911	天才	557
912	正気	556
913	人質	555
914	有罪	555
915	約	555
916	中止	554
917	現金	554
918	発表	554
919	公園	553
920	始末	553
921	撮影	553
922	衛星	553
923	小屋	552
924	都合	552
925	関連	552
926	単純	551
927	王国	551
928	存知	547
929	民	546
930	アレ	545
931	加える	545
932	道路	544
933	慎重	542
934	神父	542
935	注文	540
936	生存	540
937	時期	539
938	物質	539
939	米国	539
940	関心	539
941	駐車	538
942	遺伝	535
943	エイリアン	534
944	畜生	534
945	化学	533
946	返事	533
947	数え	532
948	アップ	531
949	緊張	531
950	優先	529
951	出来事	526
952	完成	526
953	設計	526
954	大量	525
955	内容	524
956	授業	523
957	機密	523
958	義務	521
959	突き止める	520
960	通報	519
961	文字	518
962	学生	517
963	暗殺	517
964	オリビア	516
965	背中	516
966	暗号	515
967	注目	515
968	休み	514
969	囚人	514
970	孤独	511
971	防衛	511
972	アイデア	510
973	武装	510
974	地域	509
975	始まり	508
976	程	508
977	移	507
978	見事	507
979	人形	506
980	着陸	506
981	ぬ	505
982	カリフォルニア	505
983	文句	505
984	メアリー	503
985	地元	503
986	委員	503
987	自信	503
988	貴女	503
989	知識	502
990	予約	501
991	椅子	501
992	賛成	499
993	アホ	498
994	操作	498
995	教師	498
996	愛する	497
997	要請	497
998	機嫌	496
999	記者	496
1000	今後	495
1001	引く	495
1002	伝説	494
1003	主張	493
1004	アンディ	491
1005	自ら	491
1006	降る	491
1007	死者	490
1008	あきらめる	489
1009	アリス	489
1010	ばあ	488
1011	議論	487
1012	証人	486
1013	一般	483
1014	先週	483
1015	放射	482
1016	程度	482
1017	アーサー	480
1018	休暇	480
1019	強力	480
1020	有難う	480
1021	身元	480
1022	同時	479
1023	拷問	478
1024	出口	477
1025	決断	476
1026	状	476
1027	大尉	474
1028	小僧	473
1029	アナタ	472
1030	態度	472
1031	記念	472
1032	非難	472
1033	投資	471
1034	危機	470
1035	反	470
1036	世紀	469
1037	企業	469
1038	四	468
1039	一方	467
1040	動ける	467
1041	接近	467
1042	作る	466
1043	否定	465
1044	ジュリア	464
1045	保管	464
1046	源	464
1047	吉森	462
1048	燃料	462
1049	道具	459
1050	順調	459
1051	朝食	457
1052	環境	456
1053	令状	455
1054	アーマン	454
1055	午前	454
1056	動機	453
1057	援護	453
1058	売春	452
1059	天国	450
1060	指導	450
1061	この世	449
1062	売れる	449
1063	門	449
1064	院	449
1065	代表	448
1066	投票	448
1067	地上	447
1068	最善	447
1069	帝国	446
1070	手助け	446
1071	数学	446
1072	婚約	445
1073	選手	445
1074	保障	444
1075	聞く	444
1076	自動	444
1077	休憩	442
1078	呼び出	442
1079	策	442
1080	中尉	441
1081	作品	441
1082	伝言	440
1083	夜中	440
1084	影	440
1085	経営	440
1086	送り	440
1087	安	438
1088	番組	438
1089	種類	438
1090	外れる	437
1091	手遅れ	437
1092	アル	436
1093	ジュリアン	435
1094	似合	435
1095	科	435
1096	警戒	435
1097	基本	434
1098	犯行	434
1099	読める	433
1100	警報	432
1101	不足	431
1102	同士	430
1103	動揺	429
1104	対応	429
1105	手伝い	429
1106	白人	429
1107	人殺し	428
1108	初	428
1109	放	428
1110	放す	428
1111	推測	427
1112	国民	426
1113	演奏	426
1114	航空	426
1115	係	425
1116	屋根	425
1117	神々	424
1118	自宅	423
1119	中毒	422
1120	回収	422
1121	正	422
1122	作り	421
1123	市場	421
1124	特殊	421
1125	保	419
1126	送信	419
1127	下る	418
1128	国境	418
1129	殺し屋	418
1130	芸術	418
1131	アイス	417
1132	年代	417
1133	資料	417
1134	飲み物	417
1135	宝石	416
1136	正当	416
1137	艦	416
1138	見当	416
1139	親しい	416
1140	単なる	414
1141	感覚	414
1142	諜報	414
1143	夢中	413
1144	放送	413
1145	老人	413
1146	配置	413
1147	支持	412
1148	告白	411
1149	来れる	411
1150	教育	410
1151	趣味	410
1152	従業	409
1153	看護	409
1154	候補	407
1155	利益	407
1156	寄	407
1157	地区	406
1158	着ける	406
1159	農場	406
1160	金曜	406
1161	黒人	406
1162	臆病	405
1163	術	405
1164	家庭	403
1165	認識	403
1166	近所	402
1167	中心	400
1168	取得	400
1169	波	400
1170	アニー	399
1171	接続	399
1172	来週	399
1173	天	398
1174	若者	397
1175	今年	396
1176	分ける	396
1177	大金	396
1178	観察	396
1179	使命	395
1180	速度	395
1181	数字	393
1182	独り	393
1183	中身	392
1184	座る	392
1185	継	391
1186	不幸	390
1187	世間	390
1188	応援	390
1189	気味	389
1190	済み	389
1191	理論	388
1192	降	388
1193	不能	387
1194	外出	387
1195	成	387
1196	権力	387
1197	訪問	387
1198	貴重	387
1199	処分	386
1200	阻止	386
1201	少佐	385
1202	両手	384
1203	優れる	384
1204	共有	383
1205	載	383
1206	死刑	382
1207	余計	381
1208	権限	381
1209	深刻	381
1210	無罪	381
1211	対策	380
1212	運動	380
1213	岩	379
1214	東京	378
1215	浮気	378
1216	登録	378
1217	あんまり	377
1218	か月	377
1219	発作	377
1220	輸送	377
1221	中央	376
1222	集団	376
1223	かた	375
1224	下げ	375
1225	何百	375
1226	加	375
1227	限界	375
1228	反乱	374
1229	含む	374
1230	何事	373
1231	相当	372
1232	全力	370
1233	念	370
1234	着替える	370
1235	賞	370
1236	解除	369
1237	計算	369
1238	金属	368
1239	とりあえず	367
1240	一言	367
1241	不満	367
1242	代理	367
1243	去年	367
1244	財布	367
1245	連続	366
1246	イタリア	365
1247	最新	365
1248	人気	364
1249	生き延びる	364
1250	関与	364
1251	助手	363
1252	送る	363
1253	通常	363
1254	一族	362
1255	反逆	362
1256	報酬	362
1257	巡査	362
1258	署名	362
1259	過ち	362
1260	余地	361
1261	民間	361
1262	美人	361
1263	進行	361
1264	選挙	361
1265	初め	360
1266	悲劇	360
1267	派	360
1268	財産	360
1269	事業	359
1270	共通	359
1271	合図	359
1272	滞在	359
1273	離す	359
1274	ア	358
1275	国際	358
1276	当時	358
1277	含める	357
1278	電源	357
1279	強制	356
1280	結	356
1281	五	355
1282	公平	355
1283	尾行	355
1284	正解	355
1285	潜入	355
1286	革命	355
1287	公式	354
1288	復活	354
1289	合衆	353
1290	英国	353
1291	軍事	353
1292	勿論	352
1293	物事	352
1294	存	351
1295	一瞬	350
1296	単に	350
1297	地面	350
1298	体験	349
1299	共同	349
1300	支え	348
1301	用事	348
1302	販売	348
1303	な	347
1304	ら	347
1305	業	347
1306	火事	347
1307	身分	347
1308	する	346
1309	産	346
1310	車両	346
1311	集会	346
1312	アイ	345
1313	マリア	345
1314	入手	345
1315	叔母	345
1316	向き	345
1317	呪文	345
1318	挑戦	345
1319	美味しい	345
1320	判事	344
1321	女房	344
1322	小説	344
1323	資格	344
1324	配達	344
1325	医学	343
1326	通過	343
1327	重大	343
1328	やる	342
1329	アマンダ	342
1330	正常	342
1331	製	342
1332	バウアー	341
1333	用心	341
1334	軍人	341
1335	アーロン	340
1336	不要	340
1337	期間	340
1338	調整	340
1339	馬鹿げる	340
1340	執行	339
1341	必死	339
1342	クリア	338
1343	不正	338
1344	防	338
1345	乗り越える	337
1346	創造	337
1347	用件	337
1348	薬物	337
1349	規模	337
1350	造	337
1351	悪化	336
1352	歩	336
1353	現	336
1354	置き去り	336
1355	言い訳	336
1356	際	336
1357	制服	335
1358	申し上げる	335
1359	顧客	335
1360	信仰	334
1361	無人	334
1362	護衛	334
1363	当局	333
1364	告発	332
1365	変身	332
1366	日々	332
1367	設定	331
1368	基	330
1369	工作	330
1370	一員	329
1371	処刑	329
1372	役割	329
1373	質	329
1374	女子	328
1375	戦う	328
1376	発砲	328
1377	建てる	327
1378	真面目	327
1379	電子	327
1380	風呂	327
1381	結論	326
1382	予測	325
1383	修正	325
1384	上げる	324
1385	対象	324
1386	手錠	324
1387	族	324
1388	警	324
1389	土曜	323
1390	実現	322
1391	種族	322
1392	転	322
1393	半沢	321
1394	牧師	321
1395	生き物	321
1396	区	320
1397	時点	320
1398	リア	319
1399	売り	319
1400	指令	319
1401	舞台	319
1402	交通	318
1403	美術	318
1404	自慢	318
1405	並	317
1406	アナ	316
1407	上昇	316
1408	勤務	316
1409	料	316
1410	野朗	316
1411	作用	315
1412	心理	315
1413	検討	315
1414	楽しめる	315
1415	世代	314
1416	前進	314
1417	隊長	314
1418	隠れ家	314
1419	死因	313
1420	決まり	313
1421	続く	313
1422	繭子	313
1423	酸素	313
1424	凶器	312
1425	助言	312
1426	国王	312
1427	外科	312
1428	引き受ける	312
1429	取り引き	311
1430	支払い	311
1431	此処	311
1432	月曜	310
1433	背後	310
1434	図書	308
1435	症状	308
1436	話しかける	308
1437	ジュニア	307
1438	公開	307
1439	商売	307
1440	理想	307
1441	転送	307
1442	隔離	307
1443	派遣	306
1444	置く	306
1445	乗客	305
1446	初めまして	305
1447	虐殺	305
1448	表現	305
1449	年齢	304
1450	面会	304
1451	使い	303
1452	報道	303
1453	悪党	303
1454	本人	303
1455	アウト	302
1456	アブ	302
1457	議会	302
1458	下り	301
1459	分離	301
1460	印象	301
1461	正面	301
1462	発信	301
1463	見張る	301
1464	ヵ月	300
1465	上院	300
1466	挙げる	300
1467	戦略	299
1468	あた	298
1469	一切	298
1470	引退	298
1471	心当たり	298
1472	期	298
1473	皇帝	298
1474	艦長	298
1475	金融	298
1476	魔術	298
1477	何千	297
1478	婦人	297
1479	アレク	296
1480	供給	296
1481	同盟	296
1482	商品	296
1483	毎晩	296
1484	祖母	296
1485	庁	295
1486	職員	295
1487	類	295
1488	正式	294
1489	群れ	294
1490	近づける	294
1491	世	293
1492	世の中	293
1493	王女	293
1494	テア	292
1495	ノア	292
1496	共和	292
1497	自転	292
1498	引っ越	291
1499	死人	291
1500	直ちに	291
1501	級	291
1502	進化	291
1503	アイリス	290
1504	アディ	290
1505	充分	290
1506	北部	290
1507	祝福	290
1508	部長	290
1509	給料	289
1510	見る	289
1511	黄色	289
1512	同情	288
1513	外国	288
1514	作動	287
1515	大臣	287
1516	手掛かり	287
1517	校長	287
1518	話題	287
1519	恋愛	286
1520	屋敷	285
1521	建設	285
1522	成果	285
1523	検索	285
1524	追加	285
1525	連行	285
1526	食う	285
1527	数百	284
1528	積	284
1529	日曜	283
1530	界	283
1531	発言	283
1532	苦手	283
1533	電車	283
1534	及	282
1535	司法	282
1536	株	282
1537	画像	282
1538	突入	282
1539	キャリア	281
1540	出番	281
1541	双子	281
1542	市	281
1543	当たり前	281
1544	放棄	281
1545	玄関	281
1546	共犯	280
1547	具体	280
1548	指名	280
1549	救世	280
1550	直面	280
1551	笑い声	280
1552	野球	280
1553	間抜け	280
1554	儀式	279
1555	圧力	279
1556	死ぬ	279
1557	聖書	279
1558	周辺	278
1559	帰	278
1560	比べる	278
1561	生涯	278
1562	高度	278
1563	大会	277
1564	職場	277
1565	アドバイス	275
1566	切る	275
1567	最中	275
1568	知恵	275
1569	融資	275
1570	議長	275
1571	信念	274
1572	借金	274
1573	入院	274
1574	企	273
1575	感動	273
1576	整理	273
1577	時刻	273
1578	検察	273
1579	検死	273
1580	資産	273
1581	アリ	272
1582	引け	272
1583	アーメン	271
1584	承認	271
1585	録	271
1586	解雇	270
1587	買い物	270
1588	高速	270
1589	アリバイ	269
1590	天気	269
1591	昼食	269
1592	再生	268
1593	古代	268
1594	引き金	268
1595	港	268
1596	獲物	268
1597	一同	267
1598	宗教	267
1599	役目	267
1600	降伏	267
1601	ブライアン	266
1602	領域	266
1603	屋上	265
1604	暴行	264
1605	検事	264
1606	渡	264
1607	発明	264
1608	社員	264
1609	静流	264
1610	半年	263
1611	あたり	262
1612	入り口	262
1613	同然	262
1614	悪人	262
1615	持ち主	262
1616	達成	262
1617	アフリカ	261
1618	受信	261
1619	弱点	261
1620	戦場	261
1621	消す	261
1622	物理	261
1623	評議	261
1624	進展	261
1625	あちこち	260
1626	主任	260
1627	手順	260
1628	菓子	260
1629	谷	260
1630	高級	260
1631	ウィリアム	259
1632	下手	259
1633	無効	259
1634	防御	259
1635	電力	259
1636	分間	258
1637	十字	258
1638	回る	258
1639	複数	258
1640	少々	257
1641	広げる	257
1642	廊下	257
1643	死後	257
1644	真ん中	257
1645	事項	256
1646	地点	256
1647	発電	256
1648	習	256
1649	選べる	256
1650	飛ぶ	256
1651	下ろす	255
1652	伝統	255
1653	処置	255
1654	新人	255
1655	サマリア	254
1656	代償	254
1657	保存	254
1658	愛情	254
1659	評判	254
1660	昇進	253
1661	構築	253
1662	相応	253
1663	解読	253
1664	誠人	253
1665	住民	252
1666	党	252
1667	周囲	252
1668	強化	252
1669	手続き	252
1670	直前	252
1671	親愛	252
1672	偽物	251
1673	博物	251
1674	寄付	251
1675	拡大	251
1676	競争	251
1677	随分	251
1678	丿	250
1679	以下	250
1680	意気	250
1681	永久	250
1682	消防	250
1683	無用	250
1684	神聖	250
1685	能	250
1686	公表	249
1687	大物	249
1688	製造	249
1689	済む	248
1690	素早い	248
1691	肉体	248
1692	葉	248
1693	都	248
1694	録音	248
1695	内側	247
1696	年寄り	247
1697	誘導	247
1698	起訴	247
1699	友情	246
1700	特徴	246
1701	やる気	245
1702	不法	245
1703	取り上げ	245
1704	本日	245
1705	自体	245
1706	アイザック	244
1707	予備	244
1708	展開	244
1709	手下	244
1710	アンジェラ	243
1711	カ月	243
1712	偵察	243
1713	利口	243
1714	匿名	243
1715	部品	243
1716	除	243
1717	中佐	242
1718	優勝	242
1719	分野	242
1720	国防	242
1721	忠実	242
1722	思い	242
1723	果て	242
1724	王妃	242
1725	黄金	242
1726	争い	241
1727	会計	241
1728	取締	241
1729	懸命	241
1730	拍手	241
1731	提出	241
1732	登場	241
1733	土	240
1734	売人	240
1735	手伝う	240
1736	人工	239
1737	任	239
1738	再開	239
1739	地位	239
1740	座標	239
1741	色んな	239
1742	作家	238
1743	出会い	238
1744	至急	238
1745	護	238
1746	部門	238
1747	出入り	237
1748	参	237
1749	小便	237
1750	経済	237
1751	郡	237
1752	開放	237
1753	大声	236
1754	率直	236
1755	米	236
1756	長年	236
1757	アビー	235
1758	多少	235
1759	毎年	235
1760	編集	235
1761	め	234
1762	エリア	234
1763	意外	234
1764	数千	234
1765	材料	234
1766	演	234
1767	独身	234
1768	予言	233
1769	文書	233
1770	模様	232
1771	て	231
1772	善人	231
1773	植物	231
1774	ミア	230
1775	付き合い	230
1776	先日	230
1777	勝者	230
1778	追放	230
1779	切	229
1780	孤児	229
1781	無料	229
1782	空腹	229
1783	適当	229
1784	利	228
1785	化け物	228
1786	変異	228
1787	宣言	228
1788	明白	228
1789	見付ける	228
1790	侵略	227
1791	制限	227
1792	国内	227
1793	幸福	227
1794	引き上げ	227
1795	ライアス	226
1796	乱	226
1797	合法	226
1798	下着	225
1799	合格	225
1800	職業	225
1801	構造	224
1802	葬式	224
1803	音声	224
1804	黙示	224
1805	先ず	223
1806	支店	223
1807	ン	222
1808	地震	222
1809	最強	222
1810	銀	222
1811	同行	221
1812	提督	221
1813	自白	221
1814	解明	221
1815	購入	221
1816	電波	221
1817	ツアー	220
1818	メディア	220
1819	空間	220
1820	解ける	220
1821	会見	219
1822	同	219
1823	尊重	219
1824	期限	219
1825	フェア	218
1826	マイアミ	218
1827	動脈	218
1828	木曜	218
1829	海外	218
1830	狂気	218
1831	費用	218
1832	劇場	217
1833	隣人	217
1834	アレン	216
1835	アンドリュー	216
1836	空ける	216
1837	面接	216
1838	原子	215
1839	報復	215
1840	外交	215
1841	多数	215
1842	演技	215
1843	中継	214
1844	内緒	214
1845	地方	214
1846	本名	214
1847	表示	214
1848	誠実	214
1849	久い	213
1850	悪者	213
1851	技	213
1852	日付	213
1853	貨物	213
1854	足跡	213
1855	反撃	212
1856	味う	212
1857	守護	212
1858	座り	212
1859	論	212
1860	アフガニスタン	211
1861	再会	211
1862	利生	211
1863	晩	211
1864	結末	211
1865	行き先	211
1866	言語	211
1867	固定	210
1868	潜水	210
1869	無限	210
1870	継続	210
1871	製品	210
1872	離陸	210
1873	アト	209
1874	上着	209
1875	体制	209
1876	児	209
1877	各	209
1878	押し入	209
1879	空軍	209
1880	通話	209
1881	運ぶ	209
1882	一応	208
1883	放る	208
1884	栄光	208
1885	火曜	208
1886	アボット	207
1887	丁度	207
1888	加速	207
1889	単独	207
1890	自警	207
1891	過剰	207
1892	イアン	206
1893	不利	206
1894	交代	206
1895	人種	206
1896	史上	206
1897	報	206
1898	手間	206
1899	民主	206
1900	民衆	206
1901	独房	206
1902	判決	205
1903	書ける	205
1904	有効	205
1905	検出	205
1906	見解	205
1907	陸軍	205
1908	アーチャー	204
1909	ピアノ	204
1910	所持	204
1911	文化	204
1912	経歴	204
1913	進歩	204
1914	集合	204
1915	回避	203
1916	声明	203
1917	アイリーン	202
1918	坊主	202
1919	意地	202
1920	粒子	202
1921	通路	202
1922	エア	201
1923	業界	201
1924	設置	201
1925	載せる	201
1926	催眠	200
1927	変人	200
1928	情熱	200
1929	最適	200
1930	本能	200
1931	法的	200
1932	獲得	200
1933	調達	200
1934	創	199
1935	区域	199
1936	現象	199
1937	アカデミー	198
1938	仕上げ	198
1939	制	198
1940	台所	198
1941	合流	198
1942	変態	198
1943	応	198
1944	是非	198
1945	白状	198
1946	皆殺し	198
1947	着信	198
1948	重力	198
1949	風邪	198
1950	飛び降りる	198
1951	例外	197
1952	同志	197
1953	成績	197
1954	本来	197
1955	の	196
1956	ワイアット	196
1957	伝う	196
1958	素直	196
1959	群	196
1960	主に	195
1961	充電	195
1962	対抗	195
1963	引き出	195
1964	同じく	194
1965	墓地	194
1966	売買	194
1967	大体	194
1968	番地	194
1969	路	194
1970	せる	193
1971	万歳	193
1972	休める	193
1973	田舎	193
1974	体重	192
1975	止	192
1976	直感	192
1977	アマ	191
1978	一種	191
1979	手首	191
1980	衝動	191
1981	回線	190
1982	探知	190
1983	日常	190
1984	次元	190
1985	直後	190
1986	野蛮	190
1987	人数	189
1988	団体	189
1989	境界	189
1990	文明	189
1991	有能	189
1992	高価	189
1993	アナキン	188
1994	保持	188
1995	女優	188
1996	応え	188
1997	有利	188
1998	直す	188
1999	迷子	188
2000	アリソン	187
2001	予感	187
2002	付近	187
2003	向こう側	187
2004	宮殿	187
2005	性的	187
2006	連合	187
2007	伊勢	186
2008	差別	186
2009	建築	186
2010	想定	186
2011	投与	186
2012	管制	186
2013	わあ	185
2014	停電	185
2015	出所	185
2016	大気	185
2017	悪気	184
2018	戦術	184
2019	次回	184
2020	比較	184
2021	総督	184
2022	雰囲気	184
2023	マフィア	183
2024	不快	183
2025	中断	183
2026	前科	183
2027	大げさ	183
2028	秘書	183
2029	退学	183
2030	アーム	182
2031	一家	182
2032	保釈	182
2033	出動	182
2034	地帯	182
2035	小切手	182
2036	当たり	182
2037	書く	182
2038	論理	182
2039	鉱山	182
2040	処方	181
2041	取材	181
2042	拠点	181
2043	採用	181
2044	教室	181
2045	決心	181
2046	王冠	181
2047	職務	181
2048	致命	181
2049	表情	181
2050	話し合い	181
2051	以降	180
2052	初日	180
2053	推理	180
2054	産業	180
2055	論文	180
2056	あかね	179
2057	ソフィア	179
2058	作成	179
2059	動産	179
2060	回転	179
2061	大胆	179
2062	気絶	179
2063	爽	179
2064	知性	179
2065	菜々	179
2066	説	179
2067	降下	179
2068	偽造	178
2069	和解	178
2070	大嫌い	178
2071	無力	178
2072	現地	178
2073	説教	178
2074	銃声	178
2075	到達	177
2076	不運	176
2077	写	176
2078	分かれる	176
2079	変わり	176
2080	握手	176
2081	日記	176
2082	アルバート	175
2083	別人	175
2084	大将	175
2085	引っかく	175
2086	生産	175
2087	紗絵	175
2088	航海	175
2089	隊員	175
2090	エンジニア	174
2091	セクレタリ	174
2092	上出来	174
2093	供述	174
2094	指環	174
2095	様々	174
2096	不審	173
2097	仮説	173
2098	先月	173
2099	参照	173
2100	取り戻す	173
2101	合意	173
2102	宣伝	173
2103	愛人	173
2104	温度	173
2105	無礼	173
2106	盲目	173
2107	インディアン	172
2108	予算	172
2109	務め	172
2110	及び	172
2111	呼び出し	172
2112	大麻	172
2113	料金	172
2114	未知	172
2115	潜在	172
2116	現状	172
2117	生き残る	172
2118	見	172
2119	賞金	172
2120	手口	171
2121	模	171
2122	決意	171
2123	派手	171
2124	義理	171
2125	聴取	171
2126	録画	171
2127	アジア	170
2128	不死	170
2129	人格	170
2130	成し遂げる	170
2131	納屋	170
2132	美	170
2133	習慣	170
2134	合理	169
2135	毎回	169
2136	独立	169
2137	着せる	169
2138	過ごす	169
2139	部署	169
2140	アス	168
2141	人口	168
2142	住人	168
2143	家賃	168
2144	展示	168
2145	広告	168
2146	広場	168
2147	本質	168
2148	象徴	168
2149	郊外	168
2150	鉄道	168
2151	食堂	168
2152	リアル	167
2153	俳優	167
2154	初期	167
2155	協定	167
2156	戦車	167
2157	火災	167
2158	狂人	167
2159	花火	167
2160	行う	167
2161	遺産	167
2162	金額	167
2163	馬車	167
2164	標準	166
2165	母国	166
2166	裁	166
2167	身長	166
2168	ありゃ	165
2169	アルコール	165
2170	外部	165
2171	我が家	165
2172	救命	165
2173	殿下	165
2174	毎週	165
2175	火星	165
2176	統合	165
2177	足元	165
2178	隠し事	165
2179	香港	165
2180	住宅	164
2181	動作	164
2182	大人しい	164
2183	富	164
2184	形跡	164
2185	神秘	164
2186	親戚	164
2187	アドレス	163
2188	丶	163
2189	反抗	163
2190	増加	163
2191	常識	163
2192	文	163
2193	検視	163
2194	構え	163
2195	毛布	163
2196	軍団	163
2197	ダイアナ	162
2198	バックアップ	162
2199	仕組	162
2200	仮定	162
2201	年上	162
2202	抗議	162
2203	持ち上げる	162
2204	整	162
2205	最良	162
2206	路地	162
2207	運営	162
2208	銀河	162
2209	アバ	161
2210	主要	161
2211	実在	161
2212	師匠	161
2213	男女	161
2214	結び	161
2215	野生	161
2216	アライグマ	160
2217	消去	160
2218	相続	160
2219	全国	159
2220	営業	159
2221	審査	159
2222	悟空	159
2223	懸念	159
2224	掛	159
2225	改善	159
2226	放置	159
2227	生む	159
2228	石油	159
2229	退院	159
2230	つ	158
2231	低下	158
2232	全滅	158
2233	八	158
2234	動画	158
2235	抜る	158
2236	東田	158
2237	現代	158
2238	競技	158
2239	見知	158
2240	退治	158
2241	野菜	158
2242	領主	158
2243	まあまあ	157
2244	化粧	157
2245	名乗	157
2246	成る	157
2247	本心	157
2248	気楽	157
2249	無茶	157
2250	生き残り	157
2251	異議	157
2252	組合	157
2253	補給	157
2254	ね	156
2255	アイディア	156
2256	外す	156
2257	知的	156
2258	経路	156
2259	通り抜け	156
2260	麗子	156
2261	人員	155
2262	似合い	155
2263	先頭	155
2264	兵隊	155
2265	名簿	155
2266	周波	155
2267	大騒ぎ	155
2268	成立	155
2269	改造	155
2270	数十	155
2271	異星	155
2272	税金	155
2273	配	155
2274	雇用	155
2275	電池	155
2276	ん	154
2277	コロンビア	154
2278	交差	154
2279	基準	154
2280	考え	154
2281	賞賛	154
2282	通知	154
2283	首都	154
2284	も	153
2285	アイルランド	153
2286	アレルギー	153
2287	先祖	153
2288	大門	153
2289	安藤	153
2290	昨年	153
2291	最愛	153
2292	男子	153
2293	画面	153
2294	観光	153
2295	防犯	153
2296	降ろす	153
2297	アイアン	152
2298	並べる	152
2299	再現	152
2300	前方	152
2301	前線	152
2302	機器	152
2303	流行	152
2304	養子	152
2305	あちら	151
2306	ソ連	151
2307	上級	151
2308	乗組	151
2309	伝染	151
2310	作り話	151
2311	政権	151
2312	旧	151
2313	物資	151
2314	統治	151
2315	臓器	151
2316	転換	151
2317	迅速	151
2318	食らう	151
2319	スチュアート	150
2320	令	150
2321	制度	150
2322	区画	150
2323	厳重	150
2324	家具	150
2325	射殺	150
2326	後退	150
2327	観客	150
2328	香水	150
2329	不在	149
2330	乱暴	149
2331	再建	149
2332	安らか	149
2333	専用	149
2334	祖国	149
2335	解く	149
2336	貴族	149
2337	院長	149
2338	交う	148
2339	参考	148
2340	大戦	148
2341	推薦	148
2342	業者	148
2343	湾	148
2344	照る	148
2345	移送	148
2346	総統	148
2347	降参	148
2348	ケア	147
2349	口論	147
2350	回路	147
2351	大和田	147
2352	暴動	147
2353	校	147
2354	演説	147
2355	見直	147
2356	野獣	147
2357	会場	146
2358	価格	146
2359	参り	146
2360	口径	146
2361	女神	146
2362	採取	146
2363	業務	146
2364	消滅	146
2365	重ね	146
2366	入学	145
2367	出産	145
2368	子犬	145
2369	手袋	145
2370	空想	145
2371	節約	145
2372	警視	145
2373	全身	144
2374	別々	144
2375	劇	144
2376	外側	144
2377	引き出し	144
2378	弟子	144
2379	組み合わせ	144
2380	茶色	144
2381	階級	144
2382	たどる	143
2383	アリシア	143
2384	可	143
2385	引き換え	143
2386	感心	143
2387	摂取	143
2388	毎朝	143
2389	無謀	143
2390	知事	143
2391	設備	143
2392	響	143
2393	アッシュ	142
2394	丈	142
2395	加護	142
2396	司祭	142
2397	団結	142
2398	定め	142
2399	延期	142
2400	強烈	142
2401	所属	142
2402	探検	142
2403	毎	142
2404	照合	142
2405	経過	142
2406	苦情	142
2407	表面	142
2408	よ	141
2409	バージニア	141
2410	両	141
2411	事前	141
2412	先端	141
2413	公正	141
2414	南部	141
2415	受け取る	141
2416	同感	141
2417	急ぎ	141
2418	照明	141
2419	猶予	141
2420	裏口	141
2421	解散	141
2422	通る	141
2423	道	141
2424	韓国	141
2425	アンドレア	140
2426	中隊	140
2427	会長	140
2428	入口	140
2429	助ける	140
2430	寸前	140
2431	小人	140
2432	役者	140
2433	祐司	140
2434	神話	140
2435	順番	140
2436	あける	139
2437	不良	139
2438	叫び声	139
2439	合成	139
2440	推定	139
2441	放つ	139
2442	昼間	139
2443	知能	139
2444	素人	139
2445	聖職	139
2446	ぶっ	138
2447	一矢	138
2448	信者	138
2449	周	138
2450	寛大	138
2451	後方	138
2452	決着	138
2453	特権	138
2454	産まれる	138
2455	絵画	138
2456	裕福	138
2457	見通し	138
2458	通訳	138
2459	井戸	137
2460	入力	137
2461	外傷	137
2462	幹部	137
2463	座席	137
2464	機長	137
2465	男	137
2466	金髪	137
2467	雨宮	137
2468	いやあ	136
2469	モリアティー	136
2470	偽名	136
2471	内臓	136
2472	向かい	136
2473	張り	136
2474	来年	136
2475	血清	136
2476	補佐	136
2477	解剖	136
2478	アポロ	135
2479	アンジー	135
2480	アンドリア	135
2481	アート	135
2482	一気	135
2483	子守	135
2484	提示	135
2485	搭乗	135
2486	空っぽ	135
2487	食い止める	135
2488	共謀	134
2489	出演	134
2490	勢力	134
2491	化	134
2492	右手	134
2493	天井	134
2494	抑制	134
2495	振り向る	134
2496	支度	134
2497	構成	134
2498	歌手	134
2499	深夜	134
2500	なり	133
2501	共産	133
2502	分子	133
2503	場面	133
2504	放題	133
2505	立証	133
2506	自爆	133
2507	街中	133
2508	送金	133
2509	食い物	133
2510	５千	133
2511	体内	132
2512	化け	132
2513	可哀想	132
2514	帰国	132
2515	店員	132
2516	放火	132
2517	略奪	132
2518	細工	132
2519	身代	132
2520	コア	131
2521	可笑しい	131
2522	名付け	131
2523	太平	131
2524	打ち上げる	131
2525	最期	131
2526	服役	131
2527	水曜	131
2528	生える	131
2529	美波	131
2530	角度	131
2531	診察	131
2532	通す	131
2533	通用	131
2534	部族	131
2535	あえて	130
2536	公共	130
2537	学ぶ	130
2538	平穏	130
2539	抹殺	130
2540	救済	130
2541	液体	130
2542	解毒	130
2543	食欲	130
2544	予防	129
2545	亡命	129
2546	向かう	129
2547	哲学	129
2548	工学	129
2549	感想	129
2550	計	129
2551	野心	129
2552	アルミ	128
2553	オーストラリア	128
2554	ディア	128
2555	丁	128
2556	再度	128
2557	外見	128
2558	役員	128
2559	恩人	128
2560	整える	128
2561	欠点	128
2562	点火	128
2563	理性	128
2564	真	128
2565	移植	128
2566	箇所	128
2567	荷造り	128
2568	魔力	128
2569	あふれる	127
2570	一掃	127
2571	便利	127
2572	名案	127
2573	堂々	127
2574	将校	127
2575	投稿	127
2576	明信	127
2577	要点	127
2578	解析	127
2579	鼓動	127
2580	アッ	126
2581	下水	126
2582	反省	126
2583	国外	126
2584	失業	126
2585	学者	126
2586	意義	126
2587	総	126
2588	美味	126
2589	要素	126
2590	解釈	126
2591	起爆	126
2592	遂行	126
2593	過激	126
2594	野人	126
2595	ムーア	125
2596	依存	125
2597	処女	125
2598	取り消	125
2599	大抵	125
2600	手柄	125
2601	治す	125
2602	無敵	125
2603	翌日	125
2604	識別	125
2605	進路	125
2606	過る	125
2607	青年	125
2608	アロー	124
2609	アンバー	124
2610	ビクトリア	124
2611	仲直り	124
2612	公衆	124
2613	変装	124
2614	村田	124
2615	測定	124
2616	破産	124
2617	立ち入り	124
2618	衛生	124
2619	身内	124
2620	アシスタント	123
2621	アンダーソン	123
2622	不倫	123
2623	会合	123
2624	何十	123
2625	傍受	123
2626	区別	123
2627	未亡人	123
2628	民族	123
2629	真下	123
2630	究極	123
2631	警護	123
2632	ボランティア	122
2633	一流	122
2634	不死身	122
2635	傑作	122
2636	兵団	122
2637	分類	122
2638	前向き	122
2639	加地	122
2640	占領	122
2641	報い	122
2642	大砲	122
2643	孤立	122
2644	後部	122
2645	新入り	122
2646	活躍	122
2647	浄化	122
2648	生死	122
2649	結合	122
2650	親指	122
2651	設立	122
2652	過程	122
2653	顔色	122
2654	高貴	122
2655	乗船	121
2656	名声	121
2657	明朝	121
2658	組み立て	121
2659	アビゲイル	120
2660	ピアス	120
2661	交信	120
2662	人材	120
2663	使者	120
2664	傾向	120
2665	光景	120
2666	単語	120
2667	国連	120
2668	家内	120
2669	平凡	120
2670	徹	120
2671	旧友	120
2672	概念	120
2673	浅野	120
2674	群衆	120
2675	講義	120
2676	ジョシュア	119
2677	上官	119
2678	出世	119
2679	取り付け	119
2680	常務	119
2681	敵対	119
2682	楽勝	119
2683	片	119
2684	理	119
2685	移民	119
2686	窮地	119
2687	策略	119
2688	補助	119
2689	見分け	119
2690	解体	119
2691	閉店	119
2692	雇い主	119
2693	う	118
2694	アラ	118
2695	オーストリア	118
2696	グレアム	118
2697	ダンブルドア	118
2698	上品	118
2699	人手	118
2700	備後	118
2701	国土	118
2702	地雷	118
2703	平均	118
2704	撃ち	118
2705	教訓	118
2706	独占	118
2707	罪人	118
2708	読書	118
2709	調理	118
2710	過	118
2711	食品	118
2712	アデル	117
2713	アンドレ	117
2714	クライアント	117
2715	ヤ	117
2716	ユーモア	117
2717	一旦	117
2718	上空	117
2719	容器	117
2720	対面	117
2721	復元	117
2722	所在	117
2723	指摘	117
2724	振動	117
2725	措置	117
2726	教官	117
2727	断言	117
2728	機体	117
2729	点ける	117
2730	王家	117
2731	真っ直ぐ	117
2732	社交	117
2733	シリア	116
2734	元老	116
2735	分解	116
2736	却下	116
2737	名刺	116
2738	基礎	116
2739	感知	116
2740	新品	116
2741	景色	116
2742	照準	116
2743	牧場	116
2744	物体	116
2745	独自	116
2746	画	116
2747	発展	116
2748	目当て	116
2749	該当	116
2750	防弾	116
2751	一連	115
2752	乗員	115
2753	原	115
2754	収入	115
2755	合う	115
2756	学習	115
2757	決勝	115
2758	玉座	115
2759	発動	115
2760	美女	115
2761	迷路	115
2762	重罪	115
2763	アップロード	114
2764	アナベル	114
2765	ドン	114
2766	パイア	114
2767	入国	114
2768	同期	114
2769	名義	114
2770	商人	114
2771	宝物	114
2772	属	114
2773	後継	114
2774	探査	114
2775	政策	114
2776	止まる	114
2777	法則	114
2778	自覚	114
2779	認証	114
2780	資源	114
2781	適任	114
2782	長者	114
2783	預言	114
2784	妥協	113
2785	気配	113
2786	落下	113
2787	要望	113
2788	視界	113
2789	記	113
2790	近道	113
2791	アメリア	112
2792	アルフレッド	112
2793	フロア	112
2794	先輩	112
2795	勢い	112
2796	安置	112
2797	対決	112
2798	指定	112
2799	無傷	112
2800	空中	112
2801	終身	112
2802	豪華	112
2803	足止め	112
2804	高め	112
2805	アルマ	111
2806	アンド	111
2807	ジア	111
2808	予期	111
2809	別荘	111
2810	同居	111
2811	定期	111
2812	対立	111
2813	工事	111
2814	手入れ	111
2815	粉々	111
2816	職人	111
2817	行儀	111
2818	豊富	111
2819	通り過ぎる	111
2820	鑑定	111
2821	長期	111
2822	食物	111
2823	上陸	110
2824	休息	110
2825	其処	110
2826	協会	110
2827	夜間	110
2828	家畜	110
2829	情け	110
2830	持ちこたえる	110
2831	本音	110
2832	株式	110
2833	無能	110
2834	着用	110
2835	経由	110
2836	育ち	110
2837	酒場	110
2838	防備	110
2839	靴下	110
2840	え	109
2841	ミリアム	109
2842	体調	109
2843	倫理	109
2844	全面	109
2845	奨学	109
2846	投獄	109
2847	撤回	109
2848	早速	109
2849	本番	109
2850	次々	109
2851	知人	109
2852	続行	109
2853	薬品	109
2854	よそ者	108
2855	アーチー	108
2856	中東	108
2857	大いに	108
2858	好物	108
2859	対戦	108
2860	居所	108
2861	役人	108
2862	手動	108
2863	持ち物	108
2864	改良	108
2865	放出	108
2866	敷地	108
2867	有り	108
2868	清掃	108
2869	火傷	108
2870	独特	108
2871	発行	108
2872	融合	108
2873	西村	108
2874	風船	108
2875	あくまで	107
2876	アカウント	107
2877	アーニー	107
2878	アーノルド	107
2879	ソフトウェア	107
2880	ピアース	107
2881	住まい	107
2882	執着	107
2883	実力	107
2884	家出	107
2885	専攻	107
2886	度胸	107
2887	待ち合わせ	107
2888	打ち合わせ	107
2889	有力	107
2890	派閥	107
2891	視る	107
2892	視聴	107
2893	通じ	107
2894	重荷	107
2895	電磁	107
2896	り	106
2897	アストラ	106
2898	サ	106
2899	ビア	106
2900	人体	106
2901	企み	106
2902	余分	106
2903	依然	106
2904	側面	106
2905	元々	106
2906	出現	106
2907	制作	106
2908	売却	106
2909	子孫	106
2910	定義	106
2911	実習	106
2912	局長	106
2913	強要	106
2914	持ち場	106
2915	方々	106
2916	生体	106
2917	進入	106
2918	ピア	105
2919	リディア	105
2920	一目	105
2921	人違い	105
2922	共感	105
2923	土産	105
2924	城壁	105
2925	大地	105
2926	大型	105
2927	大衆	105
2928	大陸	105
2929	始動	105
2930	引用	105
2931	心地	105
2932	心得	105
2933	手当て	105
2934	支局	105
2935	楽器	105
2936	歌う	105
2937	殺戮	105
2938	演ずる	105
2939	漫画	105
2940	発進	105
2941	臨時	105
2942	裁き	105
2943	要員	105
2944	規制	105
2945	身近	105
2946	遺言	105
2947	長生き	105
2948	は	104
2949	アロン	104
2950	ベア	104
2951	主役	104
2952	任命	104
2953	受賞	104
2954	平等	104
2955	思い知る	104
2956	是	104
2957	糞	104
2958	経緯	104
2959	親衛	104
2960	語る	104
2961	アンソニー	103
2962	導き	103
2963	居住	103
2964	工	103
2965	引っ越し	103
2966	文章	103
2967	曲げ	103
2968	本題	103
2969	物件	103
2970	疫病	103
2971	聖	103
2972	自首	103
2973	起こす	103
2974	近藤	103
2975	かあ	102
2976	また	102
2977	やり直す	102
2978	アクション	102
2979	ジュリアナ	102
2980	丁寧	102
2981	内密	102
2982	寄生	102
2983	気晴らし	102
2984	申し立て	102
2985	組み	102
2986	結晶	102
2987	要塞	102
2988	親密	102
2989	路上	102
2990	九	101
2991	児童	101
2992	口説	101
2993	命中	101
2994	器用	101
2995	大半	101
2996	委ねる	101
2997	山田	101
2998	成年	101
2999	押し付ける	101
3000	最小	101
3001	緑色	101
3002	褒美	101
3003	規定	101
3004	視線	101
3005	読む	101
3006	財務	101
3007	久美子	100
3008	人民	100
3009	仕様	100
3010	出力	100
3011	吐き気	100
3012	国務	100
3013	子猫	100
3014	居心地	100
3015	左手	100
3016	強姦	100
3017	役所	100
3018	指図	100
3019	来	100
3020	止血	100
3021	歩く	100
3022	演出	100
3023	私立	100
3024	積極	100
3025	聖堂	100
3026	評決	100
3027	農家	100
3028	あいにく	99
3029	アミン	99
3030	ギア	99
3031	仕向け	99
3032	体育	99
3033	入隊	99
3034	反射	99
3035	同胞	99
3036	国中	99
3037	妥当	99
3038	小鳥	99
3039	整備	99
3040	有機	99
3041	桜井	99
3042	留置	99
3043	盛り	99
3044	突	99
3045	薬局	99
3046	頭部	99
3047	おとぎ話	98
3048	アトランタ	98
3049	アリン	98
3050	ガーディアン	98
3051	ッス	98
3052	デ	98
3053	三角	98
3054	力強い	98
3055	強大	98
3056	悪口	98
3057	愛国	98
3058	手品	98
3059	早急	98
3060	果物	98
3061	権威	98
3062	滅多	98
3063	演習	98
3064	王座	98
3065	落書き	98
3066	諸島	98
3067	そ	97
3068	と	97
3069	アラーム	97
3070	アンテナ	97
3071	一線	97
3072	万が一	97
3073	出張	97
3074	別名	97
3075	受け止める	97
3076	合体	97
3077	同性	97
3078	回す	97
3079	少数	97
3080	手当	97
3081	来月	97
3082	検問	97
3083	次長	97
3084	病人	97
3085	盗品	97
3086	空爆	97
3087	聖杯	97
3088	読み	97
3089	通行	97
3090	難民	97
3091	アメリカン	96
3092	上海	96
3093	先ほど	96
3094	凍結	96
3095	北西	96
3096	反論	96
3097	口実	96
3098	台本	96
3099	名字	96
3100	和	96
3101	弁当	96
3102	強い	96
3103	王族	96
3104	称え	96
3105	称賛	96
3106	自得	96
3107	記入	96
3108	連れ出す	96
3109	あい	95
3110	アイランド	95
3111	アルゴリズム	95
3112	万全	95
3113	並み	95
3114	交流	95
3115	安らぎ	95
3116	広報	95
3117	戯言	95
3118	教団	95
3119	正午	95
3120	炭素	95
3121	物音	95
3122	理屈	95
3123	病棟	95
3124	縄張り	95
3125	自業	95
3126	言い分	95
3127	連隊	95
3128	除外	95
3129	響き	95
3130	鳥井	95
3131	アムステルダム	94
3132	下げる	94
3133	中学	94
3134	人事	94
3135	仮面	94
3136	住める	94
3137	体温	94
3138	分別	94
3139	取り調べ	94
3140	天皇	94
3141	小型	94
3142	支部	94
3143	時速	94
3144	植える	94
3145	楽園	94
3146	毒殺	94
3147	注入	94
3148	浜辺	94
3149	潔白	94
3150	点検	94
3151	球	94
3152	義父	94
3153	膨大	94
3154	親子	94
3155	足首	94
3156	顧問	94
3157	アイビー	93
3158	ペア	93
3159	会員	93
3160	個性	93
3161	出会える	93
3162	加害	93
3163	受付	93
3164	変換	93
3165	如何	93
3166	審議	93
3167	屋根裏	93
3168	差し上げる	93
3169	感傷	93
3170	献身	93
3171	製作	93
3172	象	93
3173	開催	93
3174	関わり	93
3175	なあに	92
3176	アプリ	92
3177	一撃	92
3178	出向	92
3179	北朝鮮	92
3180	原始	92
3181	口出し	92
3182	団長	92
3183	壮大	92
3184	好調	92
3185	家系	92
3186	小銭	92
3187	年金	92
3188	形成	92
3189	応ずる	92
3190	情けない	92
3191	愛す	92
3192	推進	92
3193	改革	92
3194	本性	92
3195	減少	92
3196	無害	92
3197	確定	92
3198	老師	92
3199	視覚	92
3200	買い手	92
3201	配線	92
3202	里親	92
3203	ああっ	91
3204	アスガルド	91
3205	主催	91
3206	介入	91
3207	代金	91
3208	勝ち	91
3209	回答	91
3210	実家	91
3211	性質	91
3212	感激	91
3213	日焼け	91
3214	検証	91
3215	適用	91
3216	限定	91
3217	食糧	91
3218	魔物	91
3219	そりゃあ	90
3220	キック	90
3221	ヴィジュアライズ	90
3222	一夕	90
3223	下院	90
3224	不潔	90
3225	劇的	90
3226	半径	90
3227	埋め合わせ	90
3228	執事	90
3229	寺院	90
3230	少尉	90
3231	悪事	90
3232	戦死	90
3233	次期	90
3234	火薬	90
3235	発音	90
3236	祖先	90
3237	組める	90
3238	致死	90
3239	衛兵	90
3240	西側	90
3241	西部	90
3242	視点	90
3243	辿る	90
3244	ダイアン	89
3245	一夜	89
3246	下品	89
3247	企画	89
3248	休日	89
3249	作り上げる	89
3250	傷付ける	89
3251	大阪	89
3252	我	89
3253	手前	89
3254	手本	89
3255	拘置	89
3256	検知	89
3257	武	89
3258	気まずい	89
3259	気取る	89
3260	気温	89
3261	気違い	89
3262	酸化	89
3263	重な	89
3264	階下	89
3265	アップル	88
3266	アルメイダ	88
3267	アンダー	88
3268	今月	88
3269	保留	88
3270	傷口	88
3271	分裂	88
3272	北東	88
3273	後半	88
3274	情	88
3275	森田	88
3276	無知	88
3277	牢屋	88
3278	統計	88
3279	蘇生	88
3280	観念	88
3281	言い聞かす	88
3282	過小	88
3283	都会	88
3284	野	88
3285	金塊	88
3286	雑音	88
3287	つう	87
3288	アビ	87
3289	アラブ	87
3290	アラー	87
3291	レア	87
3292	一味	87
3293	健全	87
3294	制圧	87
3295	勝ち目	87
3296	司教	87
3297	呼びかけ	87
3298	売女	87
3299	引き寄せ	87
3300	水道	87
3301	河	87
3302	目玉	87
3303	聖人	87
3304	至る所	87
3305	試作	87
3306	農民	87
3307	退役	87
3308	配備	87
3309	防ぐ	87
3310	アリゾナ	86
3311	エイドリアン	86
3312	ジョージア	86
3313	ナ	86
3314	保つ	86
3315	出航	86
3316	向上	86
3317	君主	86
3318	天候	86
3319	天然	86
3320	工業	86
3321	復旧	86
3322	忘れ物	86
3323	愛想	86
3324	暗示	86
3325	消費	86
3326	発揮	86
3327	結びつける	86
3328	美容	86
3329	船員	86
3330	規律	86
3331	隙間	86
3332	領事	86
3333	アール	85
3334	ジョアン	85
3335	リリアン	85
3336	不滅	85
3337	人目	85
3338	健太郎	85
3339	公聴	85
3340	原稿	85
3341	台詞	85
3342	小隊	85
3343	岩崎	85
3344	弾	85
3345	徐々	85
3346	成分	85
3347	手帳	85
3348	振り	85
3349	書斎	85
3350	毎月	85
3351	水中	85
3352	決闘	85
3353	洪水	85
3354	漁師	85
3355	無数	85
3356	用語	85
3357	画家	85
3358	病原	85
3359	アザ	84
3360	アルビン	84
3361	アル中	84
3362	クス	84
3363	シェア	84
3364	ライア	84
3365	不可欠	84
3366	住居	84
3367	出資	84
3368	単位	84
3369	受	84
3370	急速	84
3371	挑発	84
3372	教科	84
3373	最上	84
3374	条	84
3375	毒物	84
3376	気まぐれ	84
3377	消毒	84
3378	淑女	84
3379	防護	84
3380	やり直し	83
3381	不可解	83
3382	体力	83
3383	元帥	83
3384	処罰	83
3385	召し	83
3386	各地	83
3387	同一	83
3388	国税	83
3389	家政	83
3390	広い	83
3391	改めて	83
3392	気持	83
3393	灰色	83
3394	獅子	83
3395	発達	83
3396	示唆	83
3397	立てる	83
3398	等しい	83
3399	行進	83
3400	見学	83
3401	貫通	83
3402	走り	83
3403	身柄	83
3404	返済	83
3405	魔	83
3406	鳴き声	83
3407	２千	83
3408	アソコ	82
3409	リ	82
3410	任意	82
3411	基金	82
3412	子息	82
3413	岸川	82
3414	急行	82
3415	惨事	82
3416	所長	82
3417	手元	82
3418	手足	82
3419	抗生	82
3420	方面	82
3421	機材	82
3422	気遣い	82
3423	消耗	82
3424	花木	82
3425	複製	82
3426	言及	82
3427	認可	82
3428	配慮	82
3429	関節	82
3430	領土	82
3431	騒音	82
3432	あの世	81
3433	あんま	81
3434	アム	81
3435	シアトル	81
3436	代替	81
3437	光線	81
3438	初心	81
3439	割り当て	81
3440	台湾	81
3441	和平	81
3442	大昔	81
3443	小児	81
3444	広め	81
3445	敏感	81
3446	植民	81
3447	活性	81
3448	活発	81
3449	米軍	81
3450	精子	81
3451	若造	81
3452	詩人	81
3453	認知	81
3454	車庫	81
3455	アインシュタイン	80
3456	主婦	80
3457	乱れ	80
3458	交戦	80
3459	仲谷	80
3460	使い捨て	80
3461	具	80
3462	分かち	80
3463	刑期	80
3464	刺青	80
3465	南側	80
3466	墓場	80
3467	多田	80
3468	学園	80
3469	客人	80
3470	巡回	80
3471	往生	80
3472	業績	80
3473	無理やり	80
3474	王位	80
3475	立ち上げ	80
3476	結成	80
3477	莫大	80
3478	車輪	80
3479	連鎖	80
3480	達人	80
3481	適応	80
3482	離脱	80
3483	電灯	80
3484	あだ名	79
3485	あわせ	79
3486	ウィリアムズ	79
3487	マニュアル	79
3488	万一	79
3489	上層	79
3490	中間	79
3491	亭主	79
3492	伊賀	79
3493	休戦	79
3494	住む	79
3495	停車	79
3496	加担	79
3497	化石	79
3498	問い合わせ	79
3499	在庫	79
3500	学期	79
3501	宿命	79
3502	察	79
3503	戦艦	79
3504	生理	79
3505	総合	79
3506	透視	79
3507	ば	78
3508	アルバム	78
3509	フィラデルフィア	78
3510	人助け	78
3511	企て	78
3512	伝達	78
3513	動力	78
3514	南西	78
3515	同類	78
3516	向う	78
3517	実施	78
3518	強引	78
3519	来客	78
3520	治癒	78
3521	満月	78
3522	無法	78
3523	用いる	78
3524	総理	78
3525	親族	78
3526	誓約	78
3527	適合	78
3528	金貨	78
3529	あァ	77
3530	つま先	77
3531	エアコン	77
3532	オア	77
3533	シリアル	77
3534	ヘア	77
3535	モリアーティ	77
3536	一刻	77
3537	一定	77
3538	不意	77
3539	元カレ	77
3540	動転	77
3541	大聖	77
3542	存続	77
3543	射手	77
3544	成り行き	77
3545	投げる	77
3546	搬送	77
3547	特許	77
3548	番人	77
3549	確立	77
3550	葉巻	77
3551	誤	77
3552	調教	77
3553	長い	77
3554	陽気	77
3555	騒動	77
3556	ありか	76
3557	よ〜	76
3558	アントン	76
3559	ガイア	76
3560	グロリア	76
3561	一口	76
3562	不当	76
3563	中華	76
3564	仕組み	76
3565	初耳	76
3566	各自	76
3567	射程	76
3568	小娘	76
3569	手先	76
3570	散々	76
3571	施	76
3572	服用	76
3573	根本	76
3574	楽観	76
3575	機動	76
3576	法務	76
3577	焦点	76
3578	登る	76
3579	経費	76
3580	肉屋	76
3581	自力	76
3582	道理	76
3583	アッラー	75
3584	アヒル	75
3585	ティア	75
3586	リーアム	75
3587	一人ぼっち	75
3588	中立	75
3589	人前	75
3590	半端	75
3591	協議	75
3592	国籍	75
3593	実感	75
3594	専念	75
3595	師団	75
3596	後戻り	75
3597	手数	75
3598	掛ける	75
3599	星系	75
3600	有害	75
3601	有益	75
3602	村人	75
3603	混合	75
3604	減速	75
3605	溺死	75
3606	火葬	75
3607	無口	75
3608	生まれつき	75
3609	素性	75
3610	素材	75
3611	総省	75
3612	編成	75
3613	華	75
3614	血統	75
3615	速やか	75
3616	間近	75
3617	電流	75
3618	頑丈	75
3619	食器	75
3620	や	74
3621	アハハ	74
3622	パトリシア	74
3623	ヴィヴィアン	74
3624	不吉	74
3625	人身	74
3626	代役	74
3627	促進	74
3628	信心	74
3629	光速	74
3630	入札	74
3631	切開	74
3632	勘定	74
3633	吸引	74
3634	布	74
3635	幼児	74
3636	擁護	74
3637	敗者	74
3638	旋回	74
3639	朝飯	74
3640	流血	74
3641	消化	74
3642	清める	74
3643	由梨	74
3644	移住	74
3645	空く	74
3646	行使	74
3647	親権	74
3648	陸	74
3649	電報	74
3650	面談	74
3651	類似	74
3652	ブ	73
3653	万事	73
3654	交際	73
3655	前例	73
3656	同席	73
3657	名乗り出る	73
3658	娯楽	73
3659	応用	73
3660	手出し	73
3661	横断	73
3662	治安	73
3663	狂信	73
3664	罰金	73
3665	見上げる	73
3666	重傷	73
3667	長旅	73
3668	順位	73
3669	預金	73
3670	頭取	73
3671	アキレス	72
3672	アストリッド	72
3673	アダムス	72
3674	ボルチモア	72
3675	人狼	72
3676	仕立て	72
3677	出国	72
3678	取り下げ	72
3679	品質	72
3680	大手	72
3681	威力	72
3682	手作り	72
3683	接点	72
3684	日光	72
3685	榎本	72
3686	毒素	72
3687	脚本	72
3688	葉っぱ	72
3689	軍	72
3690	転校	72
3691	道化	72
3692	遺書	72
3693	アドレナリン	71
3694	アフガン	71
3695	三木	71
3696	主導	71
3697	出生	71
3698	勇者	71
3699	及ぶ	71
3700	命ずる	71
3701	地中	71
3702	引きつける	71
3703	懐中	71
3704	手榴	71
3705	抹消	71
3706	文学	71
3707	最速	71
3708	有望	71
3709	本土	71
3710	欧州	71
3711	水素	71
3712	泣き声	71
3713	無縁	71
3714	由美子	71
3715	短気	71
3716	磁気	71
3717	福祉	71
3718	積荷	71
3719	終結	71
3720	貯金	71
3721	足音	71
3722	迂回	71
3723	送還	71
3724	配属	71
3725	黒崎	71
3726	３千	71
3727	あれこれ	70
3728	でっち上げ	70
3729	ひと言	70
3730	アリー	70
3731	ドリアン	70
3732	一息	70
3733	作法	70
3734	全域	70
3735	分割	70
3736	同級	70
3737	寿命	70
3738	当事	70
3739	得点	70
3740	感電	70
3741	懸賞	70
3742	手強い	70
3743	投入	70
3744	標識	70
3745	消息	70
3746	清潔	70
3747	無断	70
3748	発掘	70
3749	縫合	70
3750	船体	70
3751	記述	70
3752	身代わり	70
3753	連盟	70
3754	開拓	70
3755	集結	70
3756	あああ	69
3757	うわあ	69
3758	やり取り	69
3759	アベル	69
3760	アラスカ	69
3761	アンドレイ	69
3762	モア	69
3763	事例	69
3764	作曲	69
3765	出場	69
3766	半数	69
3767	呼ばわり	69
3768	大いなる	69
3769	安物	69
3770	広大	69
3771	建造	69
3772	当分	69
3773	当初	69
3774	当選	69
3775	悪名	69
3776	手始め	69
3777	改装	69
3778	有毒	69
3779	条約	69
3780	浮上	69
3781	片手	69
3782	生贄	69
3783	発つ	69
3784	直美	69
3785	積み	69
3786	統一	69
3787	線路	69
3788	自供	69
3789	自家	69
3790	製薬	69
3791	運用	69
3792	限度	69
3793	領収	69
3794	アナル	68
3795	シンシア	68
3796	乗り物	68
3797	入れ墨	68
3798	公爵	68
3799	利己	68
3800	前後	68
3801	南東	68
3802	口紅	68
3803	呼び名	68
3804	変形	68
3805	就任	68
3806	引越し	68
3807	形式	68
3808	従者	68
3809	愛らしい	68
3810	成人	68
3811	新作	68
3812	水着	68
3813	洞察	68
3814	盗人	68
3815	裏付け	68
3816	解消	68
3817	遺族	68
3818	部外	68
3819	開店	68
3820	防止	68
3821	餓死	68
3822	高潔	68
3823	黒子	68
3824	あいさつ	67
3825	あッ	67
3826	アンドロイド	67
3827	コロニアル	67
3828	丁目	67
3829	世辞	67
3830	乗り換え	67
3831	乗車	67
3832	二十	67
3833	北京	67
3834	宗介	67
3835	実績	67
3836	帝王	67
3837	引き付け	67
3838	性能	67
3839	憑	67
3840	払	67
3841	早朝	67
3842	景気	67
3843	書き留める	67
3844	本件	67
3845	比	67
3846	消失	67
3847	渓谷	67
3848	特	67
3849	発想	67
3850	素手	67
3851	習得	67
3852	聞き覚え	67
3853	自	67
3854	自尊	67
3855	見物	67
3856	論争	67
3857	近頃	67
3858	量子	67
3859	鋼鉄	67
3860	頂上	67
3861	餌食	67
3862	ヤン	66
3863	人権	66
3864	仕置き	66
3865	入場	66
3866	前日	66
3867	即座	66
3868	商	66
3869	在住	66
3870	大男	66
3871	大目	66
3872	奪う	66
3873	山脈	66
3874	忌々しい	66
3875	搭載	66
3876	歯科	66
3877	毒島	66
3878	気遣	66
3879	水泳	66
3880	王室	66
3881	目隠し	66
3882	細部	66
3883	艦内	66
3884	見付	66
3885	討論	66
3886	調和	66
3887	賢者	66
3888	進軍	66
3889	隕石	66
3890	アシュリー	65
3891	アテネ	65
3892	アメ	65
3893	アーティ	65
3894	一斉	65
3895	乱用	65
3896	優位	65
3897	内通	65
3898	処	65
3899	利点	65
3900	取り決め	65
3901	大家	65
3902	大王	65
3903	大通り	65
3904	如何なる	65
3905	学長	65
3906	小川	65
3907	居間	65
3908	布告	65
3909	廃止	65
3910	懲役	65
3911	手法	65
3912	投げ捨てる	65
3913	拡張	65
3914	新年	65
3915	日誌	65
3916	流出	65
3917	演劇	65
3918	濃度	65
3919	田舎者	65
3920	田鶴	65
3921	立入	65
3922	素	65
3923	護送	65
3924	踏み入れる	65
3925	遺物	65
3926	頂点	65
3927	あきれる	64
3928	アニ	64
3929	セオドア	64
3930	万端	64
3931	両者	64
3932	人命	64
3933	今	64
3934	元妻	64
3935	器具	64
3936	夏休み	64
3937	工藤	64
3938	引き止める	64
3939	必然	64
3940	技師	64
3941	横取り	64
3942	歌声	64
3943	気前	64
3944	照会	64
3945	町中	64
3946	真山	64
3947	罪状	64
3948	要因	64
3949	観測	64
3950	農業	64
3951	返信	64
3952	迷信	64
3953	送り出る	64
3954	金子	64
3955	開き	64
3956	アドラー	63
3957	アポ	63
3958	クル	63
3959	ゲール	63
3960	タリア	63
3961	マン	63
3962	リアン	63
3963	体操	63
3964	先導	63
3965	全能	63
3966	全額	63
3967	判定	63
3968	化合	63
3969	南アフリカ	63
3970	取り返し	63
3971	司会	63
3972	大樹	63
3973	密売	63
3974	快楽	63
3975	持参	63
3976	死神	63
3977	汽車	63
3978	王者	63
3979	移行	63
3980	統制	63
3981	総員	63
3982	輸入	63
3983	野放し	63
3984	金田一	63
3985	食い	63
3986	ありのまま	62
3987	アダマ	62
3988	ガリ	62
3989	シアン	62
3990	シャ	62
3991	シャイ	62
3992	中古	62
3993	了	62
3994	修行	62
3995	売り上げ	62
3996	学位	62
3997	安っぽい	62
3998	式典	62
3999	引き取る	62
4000	引っ込る	62
4001	強迫	62
4002	待ち構える	62
4003	戸	62
4004	所詮	62
4005	手渡	62
4006	投下	62
4007	排水	62
4008	放浪	62
4009	整形	62
4010	日の出	62
4011	早期	62
4012	水平	62
4013	瀕死	62
4014	監査	62
4015	磁石	62
4016	競売	62
4017	聖域	62
4018	表紙	62
4019	読者	62
4020	調書	62
4021	近親	62
4022	重役	62
4023	重症	62
4024	あらら	61
4025	アルカディア	61
4026	イライアス	61
4027	スクエア	61
4028	ハア	61
4029	ベアー	61
4030	不可	61
4031	中傷	61
4032	主な	61
4033	人道	61
4034	代物	61
4035	作物	61
4036	保守	61
4037	公演	61
4038	合併	61
4039	夜通し	61
4040	急ぐ	61
4041	手短	61
4042	担保	61
4043	捕食	61
4044	教皇	61
4045	水槽	61
4046	発火	61
4047	直行	61
4048	石炭	61
4049	私物	61
4050	竹本	61
4051	絞殺	61
4052	脱水	61
4053	財団	61
4054	送電	61
4055	逆転	61
4056	顔面	61
4057	高官	61
4058	ありふれる	60
4059	まと	60
4060	アスピリン	60
4061	アナリスト	60
4062	ヶ所	60
4063	一見	60
4064	不全	60
4065	先手	60
4066	動員	60
4067	取り替え	60
4068	取調べ	60
4069	各国	60
4070	和らげる	60
4071	売る	60
4072	家中	60
4073	察知	60
4074	師範	60
4075	強奪	60
4076	性交	60
4077	恐れる	60
4078	感銘	60
4079	戦利	60
4080	抜群	60
4081	日向	60
4082	日没	60
4083	枢機	60
4084	死角	60
4085	残業	60
4086	永井	60
4087	浜	60
4088	火山	60
4089	無論	60
4090	生地	60
4091	皇太子	60
4092	監察	60
4093	羽目	60
4094	聞き込み	60
4095	腕前	60
4096	議事	60
4097	資本	60
4098	配給	60
4099	銃創	60
4100	陽動	60
4101	あざ	59
4102	アルカイダ	59
4103	ペンシルバニア	59
4104	リング	59
4105	信託	59
4106	倒産	59
4107	兵力	59
4108	内蔵	59
4109	出る	59
4110	原則	59
4111	域	59
4112	大西	59
4113	客観	59
4114	張り込み	59
4115	当社	59
4116	後任	59
4117	早起き	59
4118	書き換え	59
4119	東部	59
4120	格子	59
4121	標本	59
4122	水分	59
4123	灯台	59
4124	病的	59
4125	白雪	59
4126	目印	59
4127	自立	59
4128	蒸気	59
4129	視野	59
4130	詰む	59
4131	かき	58
4132	アァ	58
4133	アクセント	58
4134	ス	58
4135	ルイジアナ	58
4136	上がる	58
4137	上流	58
4138	便所	58
4139	信条	58
4140	優雅	58
4141	共存	58
4142	友子	58
4143	合計	58
4144	大隊	58
4145	子羊	58
4146	学び	58
4147	家宅	58
4148	専務	58
4149	庭師	58
4150	形態	58
4151	情緒	58
4152	支給	58
4153	来世	58
4154	株価	58
4155	歌詞	58
4156	殉教	58
4157	渡真利	58
4158	火炎	58
4159	特有	58
4160	病室	58
4161	盛大	58
4162	肉食	58
4163	芝生	58
4164	視力	58
4165	言い切る	58
4166	貸金	58
4167	起立	58
4168	過酷	58
4169	選び	58
4170	配管	58
4171	配送	58
4172	アプローチ	57
4173	不味	57
4174	予知	57
4175	会談	57
4176	佐久間	57
4177	分隊	57
4178	創る	57
4179	原告	57
4180	大群	57
4181	審問	57
4182	屠殺	57
4183	年月	57
4184	店主	57
4185	当面	57
4186	形見	57
4187	循環	57
4188	忍者	57
4189	怠け者	57
4190	戦線	57
4191	換気	57
4192	放課	57
4193	数値	57
4194	本意	57
4195	横領	57
4196	気候	57
4197	水族	57
4198	片目	57
4199	独裁	57
4200	生還	57
4201	異教	57
4202	病質	57
4203	真っ先	57
4204	私生	57
4205	税関	57
4206	系統	57
4207	腹部	57
4208	荒野	57
4209	落ち着き	57
4210	落第	57
4211	藤村	57
4212	表彰	57
4213	見習	57
4214	記載	57
4215	賛同	57
4216	連携	57
4217	関知	57
4218	音波	57
4219	飛	57
4220	駆け引き	57
4221	アクセル	56
4222	アタマ	56
4223	アルトン	56
4224	アーク	56
4225	ウィリアムス	56
4226	世論	56
4227	中退	56
4228	乗務	56
4229	停戦	56
4230	公務	56
4231	創設	56
4232	味見	56
4233	大蛇	56
4234	子宮	56
4235	富豪	56
4236	山﨑	56
4237	当日	56
4238	手荒	56
4239	投降	56
4240	掘る	56
4241	掲示	56
4242	掻	56
4243	日暮れ	56
4244	時空	56
4245	決めつける	56
4246	用途	56
4247	白紙	56
4248	矯正	56
4249	翌朝	56
4250	見殺し	56
4251	見知り	56
4252	訂正	56
4253	赤外	56
4254	走行	56
4255	足取り	56
4256	農夫	56
4257	近隣	56
4258	逃る	56
4259	闘技	56
4260	あーあ	55
4261	お	55
4262	アマチュア	55
4263	イリア	55
4264	スタジアム	55
4265	一帯	55
4266	一貫	55
4267	中世	55
4268	中庭	55
4269	乙女	55
4270	代々	55
4271	側近	55
4272	先住	55
4273	内務	55
4274	出来る	55
4275	参謀	55
4276	取り	55
4277	取り返す	55
4278	名づける	55
4279	噛む	55
4280	多大	55
4281	大腿	55
4282	寝	55
4283	導入	55
4284	小麦	55
4285	平方	55
4286	平静	55
4287	後頭	55
4288	持続	55
4289	整列	55
4290	方程	55
4291	有難い	55
4292	殺る	55
4293	気高	55
4294	無欲	55
4295	生成	55
4296	由来	55
4297	着地	55
4298	秒間	55
4299	積り	55
4300	義母	55
4301	胎児	55
4302	草原	55
4303	賃金	55
4304	踏む	55
4305	迷宮	55
4306	通告	55
4307	錯乱	55
4308	青春	55
4309	あらあら	54
4310	くそ	54
4311	アク	54
4312	アゴ	54
4313	アニキ	54
4314	アルド	54
4315	アーチ	54
4316	アーティスト	54
4317	スコア	54
4318	セルビア	54
4319	ミリアド	54
4320	モリ	54
4321	ルーマニア	54
4322	下宿	54
4323	不平	54
4324	中西	54
4325	伯母	54
4326	勃起	54
4327	取り込み	54
4328	多量	54
4329	孝則	54
4330	実践	54
4331	宣戦	54
4332	察し	54
4333	悲観	54
4334	戦力	54
4335	手際	54
4336	抗争	54
4337	架空	54
4338	歓声	54
4339	気流	54
4340	申し分	54
4341	直線	54
4342	石鹸	54
4343	絞める	54
4344	肯定	54
4345	自衛	54
4346	著名	54
4347	見本	54
4348	調合	54
4349	辞任	54
4350	近辺	54
4351	通称	54
4352	運び屋	54
4353	運搬	54
4354	重量	54
4355	金銭	54
4356	風景	54
4357	飼育	54
4358	お手上げ	53
4359	だあ	53
4360	アマゾン	53
4361	アラゴルン	53
4362	エミリア	53
4363	ガルシア	53
4364	ギリシア	53
4365	コリア	53
4366	シアー	53
4367	バリ	53
4368	ファイアウォール	53
4369	ブレア	53
4370	上達	53
4371	両側	53
4372	中年	53
4373	主演	53
4374	代弁	53
4375	再婚	53
4376	冷戦	53
4377	半ば	53
4378	原料	53
4379	原理	53
4380	受け取り	53
4381	同伴	53
4382	売り物	53
4383	大工	53
4384	奏者	53
4385	守衛	53
4386	巻	53
4387	年頃	53
4388	後援	53
4389	挿入	53
4390	接種	53
4391	新米	53
4392	機内	53
4393	殴る	53
4394	疑念	53
4395	皇	53
4396	直樹	53
4397	竹下	53
4398	義兄	53
4399	覆面	53
4400	路線	53
4401	送り届け	53
4402	通気	53
4403	過失	53
4404	鈴木	53
4405	関口	53
4406	アドバイザー	52
4407	アヘン	52
4408	ダイア	52
4409	バリア	52
4410	下降	52
4411	中村	52
4412	切手	52
4413	即死	52
4414	取り分	52
4415	味わえる	52
4416	在	52
4417	大口	52
4418	大喜び	52
4419	大晦日	52
4420	奥深い	52
4421	室内	52
4422	対話	52
4423	引き揚げる	52
4424	引っ張る	52
4425	急激	52
4426	感触	52
4427	捏造	52
4428	改める	52
4429	更生	52
4430	活用	52
4431	流し	52
4432	満員	52
4433	特技	52
4434	獣医	52
4435	異論	52
4436	発売	52
4437	突き	52
4438	精製	52
4439	精通	52
4440	縛り付ける	52
4441	自制	52
4442	航行	52
4443	親類	52
4444	責務	52
4445	起源	52
4446	足手	52
4447	身動き	52
4448	車内	52
4449	通貨	52
4450	進学	52
4451	電線	52
4452	い	51
4453	たどり着ける	51
4454	つく	51
4455	アバズレ	51
4456	アーデン	51
4457	グリア	51
4458	マニア	51
4459	モーフィアス	51
4460	リアクター	51
4461	リビア	51
4462	ワイア	51
4463	一変	51
4464	予告	51
4465	人相	51
4466	仙崎	51
4467	供	51
4468	偽者	51
4469	再発	51
4470	制裁	51
4471	前列	51
4472	周年	51
4473	呼び寄せる	51
4474	国立	51
4475	基盤	51
4476	失調	51
4477	子育て	51
4478	安静	51
4479	対価	51
4480	常連	51
4481	店長	51
4482	心強い	51
4483	早々	51
4484	時折	51
4485	末期	51
4486	東側	51
4487	横浜	51
4488	気難しい	51
4489	津波	51
4490	活く	51
4491	海上	51
4492	海水	51
4493	淫売	51
4494	清算	51
4495	点滴	51
4496	特性	51
4497	特異	51
4498	特集	51
4499	経理	51
4500	聞き出す	51
4501	船内	51
4502	落	51
4503	薫子	51
4504	言動	51
4505	賭博	51
4506	速報	51
4507	項目	51
4508	か所	50
4509	わて	50
4510	アメフト	50
4511	アメリー	50
4512	アレクサンダー	50
4513	アレス	50
4514	スター	50
4515	ダリア	50
4516	トビアス	50
4517	フィアンセ	50
4518	ユリア	50
4519	予選	50
4520	人的	50
4521	介護	50
4522	仕入れ	50
4523	伝	50
4524	元素	50
4525	助力	50
4526	口笛	50
4527	召使	50
4528	合唱	50
4529	回数	50
4530	圏外	50
4531	変動	50
4532	好機	50
4533	学年	50
4534	学費	50
4535	小学	50
4536	引き出す	50
4537	引き留める	50
4538	引き返す	50
4539	強調	50
4540	支障	50
4541	新入	50
4542	殺意	50
4543	気圧	50
4544	洗面	50
4545	燃える	50
4546	留学	50
4547	異動	50
4548	立ち去る	50
4549	競馬	50
4550	粘土	50
4551	総監	50
4552	自滅	50
4553	良々	50
4554	茶番	50
4555	補償	50
4556	見合	50
4557	見習い	50
4558	証書	50
4559	誇張	50
4560	講演	50
4561	資質	50
4562	超越	50
4563	進捗	50
4564	達者	50
4565	遺骨	50
4566	音量	50
4567	食べれる	50
4568	あのー	49
4569	こい	49
4570	アジト	49
4571	アスペン	49
4572	アントニオ	49
4573	コーディ	49
4574	シア	49
4575	ダイアモンド	49
4576	ヌ	49
4577	不断	49
4578	不通	49
4579	为	49
4580	准将	49
4581	口止め	49
4582	外壁	49
4583	大当たり	49
4584	大義	49
4585	天塩	49
4586	天文	49
4587	失神	49
4588	工具	49
4589	年度	49
4590	庫	49
4591	引き入れ	49
4592	教区	49
4593	然	49
4594	狂	49
4595	王都	49
4596	産物	49
4597	用紙	49
4598	白血	49
4599	空手	49
4600	縁起	49
4601	表明	49
4602	装着	49
4603	話せる	49
4604	追う	49
4605	造船	49
4606	運び	49
4607	選考	49
4608	需要	49
4609	高	49
4610	あ〜	48
4611	あした	48
4612	あぶない	48
4613	っ放し	48
4614	アイラ	48
4615	アフ	48
4616	アベンジャーズ	48
4617	アーカイブ	48
4618	オリヴィア	48
4619	チェックアウト	48
4620	ルシアン	48
4621	一団	48
4622	上位	48
4623	久々	48
4624	付き添い	48
4625	以後	48
4626	休養	48
4627	募金	48
4628	勿体	48
4629	半神	48
4630	取り出す	48
4631	名人	48
4632	回り道	48
4633	地平	48
4634	害者	48
4635	審理	48
4636	導師	48
4637	小夜子	48
4638	小遣い	48
4639	平行	48
4640	弁解	48
4641	形状	48
4642	後ほど	48
4643	戦隊	48
4644	投げつける	48
4645	拓馬	48
4646	新規	48
4647	木々	48
4648	本山	48
4649	死傷	48
4650	氷河	48
4651	求女	48
4652	泣き言	48
4653	無名	48
4654	焼く	48
4655	物的	48
4656	理事	48
4657	略	48
4658	白鳥	48
4659	目視	48
4660	真上	48
4661	筋書き	48
4662	算数	48
4663	義足	48
4664	自主	48
4665	言いつけ	48
4666	調節	48
4667	軍用	48
4668	長所	48
4669	非道	48
4670	面識	48
4671	飼い主	48
4672	アタック	47
4673	アテ	47
4674	メイ	47
4675	モアナ	47
4676	リード	47
4677	リーン	47
4678	丁重	47
4679	万能	47
4680	丈夫	47
4681	乗り切る	47
4682	交	47
4683	人食い	47
4684	人魚	47
4685	個別	47
4686	健在	47
4687	元カノ	47
4688	充実	47
4689	先代	47
4690	先行	47
4691	全速	47
4692	内面	47
4693	別居	47
4694	医務	47
4695	半身	47
4696	問い	47
4697	変わり者	47
4698	大して	47
4699	子豚	47
4700	宅配	47
4701	実質	47
4702	宴会	47
4703	容体	47
4704	屋内	47
4705	後回し	47
4706	御座	47
4707	意向	47
4708	所以	47
4709	打開	47
4710	推論	47
4711	放り投げる	47
4712	方式	47
4713	明後日	47
4714	昔々	47
4715	時差	47
4716	木戸	47
4717	木馬	47
4718	本格	47
4719	東洋	47
4720	株主	47
4721	森口	47
4722	毎度	47
4723	水面	47
4724	漂流	47
4725	玩具	47
4726	生け捕り	47
4727	病状	47
4728	発令	47
4729	石版	47
4730	祖父母	47
4731	私有	47
4732	素質	47
4733	美穂	47
4734	脳波	47
4735	行事	47
4736	表れ	47
4737	補充	47
4738	補足	47
4739	解任	47
4740	言い争い	47
4741	追及	47
4742	道連れ	47
4743	郎	47
4744	長谷川	47
4745	食卓	47
4746	高齢	47
4747	あせ	46
4748	あばずれ	46
4749	グルジア	46
4750	ディアス	46
4751	ノックアウト	46
4752	ファイア	46
4753	ファイアー	46
4754	中味	46
4755	中途	46
4756	人造	46
4757	依子	46
4758	元夫	46
4759	到来	46
4760	前夜	46
4761	加工	46
4762	医薬	46
4763	千尋	46
4764	口外	46
4765	召使い	46
4766	同等	46
4767	名乗り	46
4768	吸う	46
4769	囲	46
4770	安泰	46
4771	容認	46
4772	富樫	46
4773	少い	46
4774	局員	46
4775	展望	46
4776	山分け	46
4777	引き渡す	46
4778	抜く	46
4779	数々	46
4780	断念	46
4781	日中	46
4782	替	46
4783	本社	46
4784	気力	46
4785	汚名	46
4786	独りぼっち	46
4787	王殺し	46
4788	生ずる	46
4789	症候	46
4790	空調	46
4791	立ち会	46
4792	自発	46
4793	芝山	46
4794	見世物	46
4795	観衆	46
4796	誘発	46
4797	赤子	46
4798	転職	46
4799	野望	46
4800	金儲け	46
4801	銃口	46
4802	闘争	46
4803	電圧	46
4804	あさって	45
4805	やり手	45
4806	アイロン	45
4807	アルバ	45
4808	アルバレス	45
4809	アンカー	45
4810	アンブレラ	45
4811	ウェア	45
4812	オフェリア	45
4813	ソマリア	45
4814	ダミアン	45
4815	ディアナ	45
4816	ノ	45
4817	ババア	45
4818	フェリシア	45
4819	ヴァリ	45
4820	一服	45
4821	上回	45
4822	中枢	45
4823	体格	45
4824	傍観	45
4825	傷	45
4826	創作	45
4827	南極	45
4828	受け付け	45
4829	地表	45
4830	外観	45
4831	多様	45
4832	多額	45
4833	如果	45
4834	客室	45
4835	家主	45
4836	小物	45
4837	常習	45
4838	延	45
4839	建	45
4840	強情	45
4841	彗星	45
4842	急用	45
4843	方	45
4844	時限	45
4845	母校	45
4846	氏名	45
4847	民兵	45
4848	沼地	45
4849	洗車	45
4850	流儀	45
4851	現役	45
4852	発覚	45
4853	目前	45
4854	目覚まし	45
4855	相対	45
4856	着手	45
4857	私的	45
4858	空白	45
4859	立ち直る	45
4860	結社	45
4861	肥料	45
4862	至近	45
4863	著	45
4864	補強	45
4865	観点	45
4866	解き	45
4867	読み上げ	45
4868	農園	45
4869	金色	45
4870	隅々	45
4871	高所	45
4872	う〜ん	44
4873	アカ	44
4874	アグネス	44
4875	アニス	44
4876	アース	44
4877	アーッ	44
4878	ウ	44
4879	サンティアゴ	44
4880	マレーシア	44
4881	一平	44
4882	並外れる	44
4883	乗馬	44
4884	作者	44
4885	保有	44
4886	入居	44
4887	取り押さえ	44
4888	各々	44
4889	場違い	44
4890	士	44
4891	変質	44
4892	小包	44
4893	心変わり	44
4894	悪	44
4895	技能	44
4896	新種	44
4897	方位	44
4898	書面	44
4899	未知子	44
4900	気づき	44
4901	気象	44
4902	消灯	44
4903	満点	44
4904	点灯	44
4905	照れ	44
4906	田宮	44
4907	着席	44
4908	砂浜	44
4909	結束	44
4910	縮小	44
4911	聖霊	44
4912	聴聞	44
4913	胸部	44
4914	自我	44
4915	落着	44
4916	蒲生	44
4917	行政	44
4918	規範	44
4919	認定	44
4920	釜山	44
4921	頭上	44
4922	馬身	44
4923	アップグレード	43
4924	アミラ	43
4925	アラビア	43
4926	アーネスト	43
4927	クアンティコ	43
4928	クエスト	43
4929	ニ	43
4930	リーズ	43
4931	一人暮らし	43
4932	一環	43
4933	上々	43
4934	上下	43
4935	予報	43
4936	他所	43
4937	代え	43
4938	伝道	43
4939	全米	43
4940	出馬	43
4941	刃物	43
4942	前提	43
4943	受取	43
4944	同い年	43
4945	啓示	43
4946	地理	43
4947	外人	43
4948	家事	43
4949	密度	43
4950	少量	43
4951	尽力	43
4952	応募	43
4953	急襲	43
4954	悪役	43
4955	戦時	43
4956	戸惑	43
4957	戸棚	43
4958	手ぶら	43
4959	持ちかける	43
4960	末次	43
4961	果実	43
4962	残高	43
4963	毛深	43
4964	点数	43
4965	無垢	43
4966	無茶苦茶	43
4967	片足	43
4968	牽引	43
4969	異様	43
4970	究明	43
4971	聞き取る	43
4972	自棄	43
4973	自閉	43
4974	船乗り	43
4975	褒め言葉	43
4976	解説	43
4977	記号	43
4978	跡形	43
4979	退場	43
4980	開示	43
4981	間隔	43
4982	隊列	43
4983	高値	43
4984	し	42
4985	ちゃ	42
4986	アタシ	42
4987	アド	42
4988	アンディー	42
4989	インディア	42
4990	ウイリアム	42
4991	ジョアンナ	42
4992	ベジタリアン	42
4993	メチル	42
4994	一人一人	42
4995	交配	42
4996	付き合える	42
4997	保健	42
4998	偉業	42
4999	備品	42
5000	全土	42
5001	公判	42
5002	内輪	42
5003	別件	42
5004	変革	42
5005	妻子	42
5006	実用	42
5007	崇高	42
5008	差し金	42
5009	床屋	42
5010	復習	42
5011	性愛	42
5012	所為	42
5013	手ごわい	42
5014	手分け	42
5015	手書き	42
5016	手違い	42
5017	投薬	42
5018	描写	42
5019	新任	42
5020	日程	42
5021	有無	42
5022	朗報	42
5023	楽譜	42
5024	武力	42
5025	気がかり	42
5026	気合	42
5027	江上	42
5028	決行	42
5029	淳太	42
5030	混同	42
5031	発車	42
5032	白髪	42
5033	立体	42
5034	絵本	42
5035	肛門	42
5036	自問	42
5037	良木	42
5038	苦境	42
5039	衆	42
5040	表向き	42
5041	評論	42
5042	話し合う	42
5043	逃げ場	42
5044	速力	42
5045	運輸	42
5046	違和	42
5047	電球	42
5048	あばよ	41
5049	かける	41
5050	さま	41
5051	アガサ	41
5052	アックス	41
5053	アミダラ	41
5054	アラバマ	41
5055	アリーナ	41
5056	アーマー	41
5057	エレノア	41
5058	ココア	41
5059	スメア	41
5060	ゾ	41
5061	ダル	41
5062	チアリーダー	41
5063	バンパイア	41
5064	マニキュア	41
5065	レズビアン	41
5066	上映	41
5067	優勢	41
5068	公然	41
5069	前半	41
5070	即興	41
5071	可愛らしい	41
5072	命乞い	41
5073	商談	41
5074	地味	41
5075	増大	41
5076	売上	41
5077	年少	41
5078	心中	41
5079	性別	41
5080	手洗い	41
5081	抗体	41
5082	改ざん	41
5083	新車	41
5084	新郎	41
5085	有用	41
5086	木島	41
5087	果たして	41
5088	機構	41
5089	正規	41
5090	此	41
5091	歳	41
5092	水晶	41
5093	水飲	41
5094	江島	41
5095	活	41
5096	消火	41
5097	物凄い	41
5098	物騒	41
5099	独創	41
5100	生息	41
5101	知れる	41
5102	総長	41
5103	脱線	41
5104	自国	41
5105	花本	41
5106	裁量	41
5107	適正	41
5108	重圧	41
5109	銃殺	41
5110	除隊	41
5111	静止	41
5112	あいだ	40
5113	あんの	40
5114	じゃ	40
5115	な〜	40
5116	アイドル	40
5117	アルメニア	40
5118	ソン	40
5119	一筋	40
5120	下っ端	40
5121	下座	40
5122	下痢	40
5123	中々	40
5124	人参	40
5125	付着	40
5126	入れ替え	40
5127	公認	40
5128	六	40
5129	分散	40
5130	別物	40
5131	到	40
5132	即時	40
5133	原住	40
5134	口調	40
5135	吉	40
5136	名詞	40
5137	命名	40
5138	四方	40
5139	因果	40
5140	太鼓	40
5141	実業	40
5142	実証	40
5143	寺島	40
5144	左利き	40
5145	左足	40
5146	巻き上げる	40
5147	店舗	40
5148	庶子	40
5149	強度	40
5150	強欲	40
5151	心構え	40
5152	殺し合い	40
5153	水銀	40
5154	波止場	40
5155	流星	40
5156	溶接	40
5157	知道	40
5158	砲火	40
5159	積もり	40
5160	空襲	40
5161	聖母	40
5162	自慰	40
5163	苛	40
5164	蒸発	40
5165	血球	40
5166	複合	40
5167	議題	40
5168	超人	40
5169	転移	40
5170	近々	40
5171	这	40
5172	逃げる	40
5173	進出	40
5174	青色	40
5175	領地	40
5176	飾	40
5177	養育	40
5178	高慢	40
5179	高額	40
5180	アデライン	39
5181	コーデ	39
5182	スペア	39
5183	セリア	39
5184	ビス	39
5185	マリアンヌ	39
5186	保全	39
5187	公女	39
5188	刺殺	39
5189	前任	39
5190	右足	39
5191	同棲	39
5192	城門	39
5193	女医	39
5194	完治	39
5195	屋台	39
5196	山積み	39
5197	山羊	39
5198	布団	39
5199	庭園	39
5200	待ち受け	39
5201	従事	39
5202	復興	39
5203	批評	39
5204	探す	39
5205	教養	39
5206	木星	39
5207	来場	39
5208	案外	39
5209	横柄	39
5210	深め	39
5211	甥っ子	39
5212	男前	39
5213	直撃	39
5214	移る	39
5215	立ち上がる	39
5216	置き場	39
5217	美徳	39
5218	航路	39
5219	英	39
5220	見送り	39
5221	設ける	39
5222	講師	39
5223	说	39
5224	買う	39
5225	赴任	39
5226	超常	39
5227	通達	39
5228	遊園	39
5229	過大	39
5230	遺品	39
5231	配信	39
5232	金吾	39
5233	金魚	39
5234	関西	39
5235	陸上	39
5236	雑用	39
5237	青空	39
5238	あご	38
5239	そう	38
5240	アイコン	38
5241	アッカーマン	38
5242	アドルフ	38
5243	アナウンス	38
5244	アピール	38
5245	アレクセイ	38
5246	アーメド	38
5247	アーリア	38
5248	ジオ	38
5249	ダール	38
5250	事柄	38
5251	人里	38
5252	伝書	38
5253	似非	38
5254	体型	38
5255	個々	38
5256	入れ歯	38
5257	全焼	38
5258	再考	38
5259	力学	38
5260	反映	38
5261	取り消し	38
5262	合致	38
5263	品物	38
5264	商業	38
5265	器官	38
5266	境遇	38
5267	多忙	38
5268	夜空	38
5269	子守り	38
5270	定	38
5271	寿司	38
5272	帳消し	38
5273	得策	38
5274	悪用	38
5275	提携	38
5276	教員	38
5277	月面	38
5278	服	38
5279	木箱	38
5280	染色	38
5281	段取り	38
5282	潮時	38
5283	火力	38
5284	火神	38
5285	無言	38
5286	無邪気	38
5287	田	38
5288	目線	38
5289	直し	38
5290	看病	38
5291	真っ白	38
5292	着艦	38
5293	短期	38
5294	積み上げる	38
5295	系列	38
5296	給水	38
5297	統率	38
5298	色男	38
5299	行列	38
5300	言い換え	38
5301	迎え入れ	38
5302	遠回り	38
5303	配列	38
5304	野営	38
5305	題名	38
5306	あや	37
5307	あらすじ	37
5308	いつ	37
5309	で	37
5310	ね〜	37
5311	ぶら	37
5312	やま	37
5313	アトラス	37
5314	アルバカーキ	37
5315	ィ	37
5316	ビアンカ	37
5317	ラスト	37
5318	万引き	37
5319	三十	37
5320	上部	37
5321	下僕	37
5322	下心	37
5323	主題	37
5324	人影	37
5325	付け加え	37
5326	代わる	37
5327	係る	37
5328	信奉	37
5329	個体	37
5330	入る	37
5331	入金	37
5332	写し	37
5333	前払い	37
5334	半日	37
5335	協調	37
5336	口先	37
5337	可哀相	37
5338	吉田	37
5339	同窓	37
5340	君	37
5341	听	37
5342	味覚	37
5343	呼び出す	37
5344	国会	37
5345	壊	37
5346	変貌	37
5347	太古	37
5348	子分	37
5349	密接	37
5350	小木曽	37
5351	展	37
5352	年下	37
5353	年老いる	37
5354	弱者	37
5355	強固	37
5356	後尾	37
5357	扇動	37
5358	手早	37
5359	撃ち合い	37
5360	放免	37
5361	救護	37
5362	散開	37
5363	断定	37
5364	星座	37
5365	本屋	37
5366	検挙	37
5367	比喩	37
5368	水準	37
5369	洗い	37
5370	物乞い	37
5371	生き生き	37
5372	病欠	37
5373	痛み止め	37
5374	登校	37
5375	瞬時	37
5376	競	37
5377	競走	37
5378	築き上げる	37
5379	給与	37
5380	緩和	37
5381	脳内	37
5382	自暴	37
5383	著者	37
5384	誇大	37
5385	造り	37
5386	遺跡	37
5387	部位	37
5388	野原	37
5389	鈍感	37
5390	馬鹿馬鹿しい	37
5391	騒々しい	37
5392	アイオワ	36
5393	アイテム	36
5394	アウレリウス	36
5395	アガ	36
5396	アディソン	36
5397	アニメ	36
5398	アブラ	36
5399	アルツハイマー	36
5400	アレイ	36
5401	アレック	36
5402	カ国	36
5403	カ所	36
5404	フ	36
5405	マクティアニー	36
5406	マリアナ	36
5407	一層	36
5408	一心	36
5409	不信	36
5410	不屈	36
5411	不測	36
5412	不眠	36
5413	中絶	36
5414	乗り気	36
5415	仕立屋	36
5416	他言	36
5417	修子	36
5418	全う	36
5419	内戦	36
5420	内気	36
5421	利害	36
5422	前代	36
5423	動向	36
5424	台なし	36
5425	合同	36
5426	合金	36
5427	同調	36
5428	啓発	36
5429	噂話	36
5430	地質	36
5431	塗料	36
5432	実態	36
5433	実話	36
5434	对	36
5435	希少	36
5436	引き渡し	36
5437	怖気	36
5438	抱く	36
5439	抽象	36
5440	授与	36
5441	接客	36
5442	接着	36
5443	曜	36
5444	有様	36
5445	有権	36
5446	木材	36
5447	未聞	36
5448	松	36
5449	治める	36
5450	法人	36
5451	流通	36
5452	満載	36
5453	無敗	36
5454	特注	36
5455	瑤子	36
5456	生態	36
5457	生計	36
5458	疎開	36
5459	発散	36
5460	移転	36
5461	結び付け	36
5462	自惚れる	36
5463	航	36
5464	花屋	36
5465	芸能	36
5466	言わば	36
5467	近付ける	36
5468	通勤	36
5469	里	36
5470	雪	36
5471	駆り立てる	36
5472	駆動	36
5473	高等	36
5474	あっさり	35
5475	たわ言	35
5476	アイリッシュ	35
5477	アクティブ	35
5478	アベニュー	35
5479	アルファベット	35
5480	アルフォンス	35
5481	アルマン	35
5482	アレクサンドリア	35
5483	アンジェロ	35
5484	アンダース	35
5485	エアー	35
5486	ザッカライア	35
5487	ソ	35
5488	一人前	35
5489	一昨	35
5490	不妊	35
5491	予見	35
5492	他界	35
5493	何色	35
5494	全開	35
5495	包丁	35
5496	参列	35
5497	受刑	35
5498	可哀そう	35
5499	同業	35
5500	名乗る	35
5501	告げ口	35
5502	命運	35
5503	図面	35
5504	土壌	35
5505	坂口	35
5506	報奨	35
5507	天地	35
5508	女々	35
5509	好転	35
5510	学会	35
5511	孵化	35
5512	安息	35
5513	実体	35
5514	実戦	35
5515	家業	35
5516	居る	35
5517	幻影	35
5518	広瀬	35
5519	引き連れる	35
5520	悪行	35
5521	掘り下げ	35
5522	時田	35
5523	条項	35
5524	梯子	35
5525	概要	35
5526	気付け	35
5527	決め手	35
5528	深度	35
5529	瀬川	35
5530	熱中	35
5531	特使	35
5532	現われ	35
5533	球体	35
5534	用済み	35
5535	盛り上げる	35
5536	直視	35
5537	直進	35
5538	笑い事	35
5539	紛争	35
5540	聖水	35
5541	胴体	35
5542	自称	35
5543	血流	35
5544	近衛	35
5545	返品	35
5546	遺憾	35
5547	酒屋	35
5548	金玉	35
5549	開けれる	35
5550	面前	35
5551	順次	35
5552	願い事	35
5553	あらい	34
5554	アジズ	34
5555	アセット	34
5556	アッパー	34
5557	アーリントン	34
5558	シェークスピア	34
5559	シベリア	34
5560	スアン	34
5561	ビビアン	34
5562	ピックアップ	34
5563	一千	34
5564	一理	34
5565	亡者	34
5566	使う	34
5567	信憑	34
5568	催し	34
5569	先決	34
5570	先進	34
5571	入会	34
5572	再選	34
5573	分かる	34
5574	切り上げ	34
5575	千葉	34
5576	反動	34
5577	口答え	34
5578	司	34
5579	吸入	34
5580	噴火	34
5581	団地	34
5582	国内外	34
5583	夏子	34
5584	大違い	34
5585	天空	34
5586	嫌味	34
5587	対峙	34
5588	小嶋	34
5589	岩瀬	34
5590	峡谷	34
5591	応急	34
5592	所得	34
5593	手のひら	34
5594	手立て	34
5595	日出男	34
5596	星雲	34
5597	最寄り	34
5598	木村	34
5599	段々	34
5600	気質	34
5601	水源	34
5602	浸水	34
5603	深み	34
5604	火器	34
5605	炎上	34
5606	無一文	34
5607	生きがい	34
5608	画廊	34
5609	発注	34
5610	皮質	34
5611	秒読み	34
5612	移り	34
5613	穀物	34
5614	糸口	34
5615	純度	34
5616	育成	34
5617	船団	34
5618	華やか	34
5619	蓄積	34
5620	襲来	34
5621	規約	34
5622	軽視	34
5623	辞表	34
5624	配偶	34
5625	重度	34
5626	釘付け	34
5627	銃器	34
5628	閃光	34
5629	陣営	34
5630	項	34
5631	高層	34
5632	あお	33
5633	う～ん	33
5634	き	33
5635	アナン	33
5636	アミーゴ	33
5637	アルゼンチン	33
5638	アルトマン	33
5639	クラウディア	33
5640	トゥー	33
5641	ベス	33
5642	ポン引き	33
5643	ムート	33
5644	一覧	33
5645	下顎	33
5646	不変	33
5647	不調	33
5648	事案	33
5649	事象	33
5650	仏教	33
5651	他者	33
5652	個室	33
5653	公的	33
5654	刃	33
5655	分担	33
5656	分断	33
5657	分配	33
5658	判別	33
5659	前金	33
5660	前頭	33
5661	割引	33
5662	卒中	33
5663	博学	33
5664	名札	33
5665	命がけ	33
5666	地形	33
5667	執務	33
5668	大概	33
5669	大笑い	33
5670	子牛	33
5671	小柄	33
5672	岩山	33
5673	常用	33
5674	平	33
5675	引き分け	33
5676	引き継ぎ	33
5677	役職	33
5678	忠義	33
5679	手中	33
5680	手持ち	33
5681	搾取	33
5682	昼休み	33
5683	構想	33
5684	汚点	33
5685	流れ者	33
5686	流産	33
5687	満々	33
5688	無駄遣い	33
5689	特ダネ	33
5690	特捜	33
5691	禁物	33
5692	窒素	33
5693	素晴しい	33
5694	組み換え	33
5695	聖戦	33
5696	聴衆	33
5697	興行	33
5698	西洋	33
5699	見合い	33
5700	言いがかり	33
5701	読み取る	33
5702	诸神	33
5703	身辺	33
5704	近代	33
5705	送りつける	33
5706	速攻	33
5707	連想	33
5708	進言	33
5709	運河	33
5710	選出	33
5711	遺灰	33
5712	重み	33
5713	重視	33
5714	陣形	33
5715	電機	33
5716	面目	33
5717	音響	33
5718	魔導	33
5719	鳴る	33
5720	あちら側	32
5721	ぶり	32
5722	もつ	32
5723	アザーズ	32
5724	アストリド	32
5725	アヤ	32
5726	アルバイト	32
5727	アンヌ	32
5728	ハードウェア	32
5729	ファイアーズ	32
5730	フライ	32
5731	ブロア	32
5732	マル	32
5733	一角	32
5734	上物	32
5735	不尽	32
5736	乞食	32
5737	井上	32
5738	代価	32
5739	代謝	32
5740	你	32
5741	光り	32
5742	入室	32
5743	取調	32
5744	口癖	32
5745	周回	32
5746	命取り	32
5747	執念	32
5748	壁	32
5749	士気	32
5750	売り切れ	32
5751	外務	32
5752	大嘘	32
5753	天罰	32
5754	始終	32
5755	室	32
5756	局面	32
5757	差し向ける	32
5758	差し支え	32
5759	年長	32
5760	強靭	32
5761	当惑	32
5762	従来	32
5763	情勢	32
5764	抵当	32
5765	挽回	32
5766	政界	32
5767	教え子	32
5768	映写	32
5769	木の実	32
5770	次官	32
5771	正統	32
5772	正門	32
5773	流れ出る	32
5774	湿地	32
5775	炎症	32
5776	熟知	32
5777	物置	32
5778	特大	32
5779	町長	32
5780	画策	32
5781	疾病	32
5782	的確	32
5783	眼球	32
5784	知覚	32
5785	競合	32
5786	終止	32
5787	総務	32
5788	縁組	32
5789	置き換え	32
5790	義弟	32
5791	腕利き	32
5792	華麗	32
5793	落ち度	32
5794	見回る	32
5795	貧民	32
5796	身勝手	32
5797	車線	32
5798	連	32
5799	連結	32
5800	運送	32
5801	過度	32
5802	金星	32
5803	陣地	32
5804	隊形	32
5805	霊能	32
5806	非番	32
5807	頑張る	32
5808	ともあれ	31
5809	アスラン	31
5810	アスリート	31
5811	アニマル	31
5812	アルタ	31
5813	アンドリュース	31
5814	アービン	31
5815	キロ	31
5816	デラウェア	31
5817	バクテリア	31
5818	ヘアー	31
5819	ベル	31
5820	ヴァージニア	31
5821	一人っ子	31
5822	一文	31
5823	上腕	31
5824	丞相	31
5825	両足	31
5826	二階堂	31
5827	代り	31
5828	作為	31
5829	保育	31
5830	優等	31
5831	先制	31
5832	全車	31
5833	公子	31
5834	再来	31
5835	凍死	31
5836	分泌	31
5837	分身	31
5838	切り離す	31
5839	前兆	31
5840	加熱	31
5841	助っ人	31
5842	単刀	31
5843	反則	31
5844	反響	31
5845	古風	31
5846	右利き	31
5847	名称	31
5848	命懸け	31
5849	噴水	31
5850	外し	31
5851	奇行	31
5852	嫌気	31
5853	宮廷	31
5854	将	31
5855	居	31
5856	平ら	31
5857	後押し	31
5858	後見	31
5859	念入り	31
5860	戦友	31
5861	戦後	31
5862	手引き	31
5863	拍子	31
5864	指先	31
5865	教義	31
5866	敷物	31
5867	新生	31
5868	施錠	31
5869	星空	31
5870	歩行	31
5871	死骸	31
5872	活力	31
5873	漠然	31
5874	火あぶり	31
5875	無職	31
5876	特製	31
5877	生け贄	31
5878	画期	31
5879	番犬	31
5880	発症	31
5881	直入	31
5882	稼動	31
5883	空振り	31
5884	空虚	31
5885	窓口	31
5886	精査	31
5887	継母	31
5888	義	31
5889	自作	31
5890	西暦	31
5891	見取り	31
5892	見積	31
5893	貯水	31
5894	質屋	31
5895	連帯	31
5896	郵送	31
5897	銃身	31
5898	順応	31
5899	飢え死に	31
5900	飲料	31
5901	馬力	31
5902	騎馬	31
5903	８千	31
5904	あーっ	30
5905	でっちあげ	30
5906	アイズ	30
5907	アウシュビッツ	30
5908	アスタ	30
5909	アップデート	30
5910	アマル	30
5911	アロ	30
5912	アント	30
5913	カ	30
5914	ガーディア	30
5915	ダ	30
5916	ナルニア	30
5917	ニューアーク	30
5918	フェアリー	30
5919	ペンシルベニア	30
5920	主治	30
5921	二手	30
5922	代議	30
5923	体勢	30
5924	余生	30
5925	元凶	30
5926	入り江	30
5927	八百	30
5928	出前	30
5929	出来上がる	30
5930	分岐	30
5931	前妻	30
5932	剥離	30
5933	半額	30
5934	原作	30
5935	口ひげ	30
5936	后	30
5937	商店	30
5938	問答	30
5939	嗅ぐ	30
5940	団子	30
5941	国旗	30
5942	堅物	30
5943	増強	30
5944	大袈裟	30
5945	太っちょ	30
5946	安楽	30
5947	官	30
5948	富士	30
5949	引っかける	30
5950	弱体	30
5951	張本	30
5952	強み	30
5953	待合	30
5954	快感	30
5955	感度	30
5956	所定	30
5957	手並み	30
5958	扱	30
5959	投影	30
5960	持ち合わせ	30
5961	攻略	30
5962	新曲	30
5963	旅団	30
5964	旧姓	30
5965	時給	30
5966	朝鮮	30
5967	来訪	30
5968	極度	30
5969	正に	30
5970	武士	30
5971	気休め	30
5972	水上	30
5973	永続	30
5974	流動	30
5975	浩実	30
5976	測量	30
5977	湿気	30
5978	特典	30
5979	現行	30
5980	理学	30
5981	甚大	30
5982	生殖	30
5983	登り	30
5984	目つき	30
5985	真理	30
5986	神原	30
5987	私用	30
5988	程遠い	30
5989	積み重ね	30
5990	突進	30
5991	管区	30
5992	精力	30
5993	結べる	30
5994	結核	30
5995	群集	30
5996	義姉	30
5997	花山	30
5998	芸人	30
5999	藝	30
6000	行軍	30
6001	要件	30
6002	見過ごす	30
6003	視察	30
6004	計る	30
6005	誇示	30
6006	語りかける	30
6007	配布	30
6008	鍛冶屋	30
6009	鑑賞	30
6010	関谷	30
6011	電信	30
6012	風味	30
6013	高熱	30
6014	黒川	30
6015	あいこ	29
6016	おや	29
6017	こじ開ける	29
6018	アイスランド	29
6019	アウター	29
6020	アサド	29
6021	アハハハ	29
6022	アリア	29
6023	アングル	29
6024	インディアナ	29
6025	クタ	29
6026	シルヴィア	29
6027	ソニア	29
6028	チア	29
6029	ナディア	29
6030	フレア	29
6031	ブルガリア	29
6032	ボア	29
6033	マリアン	29
6034	レイア	29
6035	レス	29
6036	ヴィー	29
6037	丸太	29
6038	于	29
6039	仅供	29
6040	代行	29
6041	偉人	29
6042	先程	29
6043	公立	29
6044	初夜	29
6045	初歩	29
6046	前歴	29
6047	割合	29
6048	労力	29
6049	効力	29
6050	勝算	29
6051	北米	29
6052	半島	29
6053	南北	29
6054	参戦	29
6055	只	29
6056	合気	29
6057	合鍵	29
6058	名言	29
6059	否認	29
6060	告知	29
6061	営利	29
6062	四角	29
6063	因	29
6064	壁画	29
6065	変色	29
6066	夕美	29
6067	大脳	29
6068	太もも	29
6069	奉公	29
6070	字幕	29
6071	安易	29
6072	定住	29
6073	宿屋	29
6074	寝台	29
6075	小磯	29
6076	幹線	29
6077	庇護	29
6078	引っ掛ける	29
6079	強め	29
6080	強硬	29
6081	当番	29
6082	後日	29
6083	愛好	29
6084	担任	29
6085	持ち込める	29
6086	指数	29
6087	摂理	29
6088	改心	29
6089	新	29
6090	日陰	29
6091	曲線	29
6092	更正	29
6093	本体	29
6094	次男	29
6095	正真	29
6096	決する	29
6097	河原	29
6098	点滅	29
6099	無理矢理	29
6100	無駄口	29
6101	独断	29
6102	生身	29
6103	異変	29
6104	発案	29
6105	白昼	29
6106	白衣	29
6107	盗み聞き	29
6108	祝日	29
6109	神殿	29
6110	福音	29
6111	称号	29
6112	突起	29
6113	結集	29
6114	羽川	29
6115	聖地	29
6116	芽生え	29
6117	衣類	29
6118	裸足	29
6119	見立て	29
6120	視認	29
6121	護身	29
6122	賛美	29
6123	賜物	29
6124	足し	29
6125	足下	29
6126	过	29
6127	連れ戻す	29
6128	過ぎ	29
6129	過敏	29
6130	選別	29
6131	部員	29
6132	配下	29
6133	鉄砲	29
6134	青藍	29
6135	騎兵	29
6136	高み	29
6137	いや	28
6138	うなり声	28
6139	っこ	28
6140	つきあい	28
6141	ど	28
6142	やり口	28
6143	アクバル	28
6144	アッカ	28
6145	アパッチ	28
6146	アマール	28
6147	アレクサンドラ	28
6148	アーヴィン	28
6149	カナリア	28
6150	クリ	28
6151	ズー	28
6152	トピア	28
6153	トライ	28
6154	ドール	28
6155	ニア	28
6156	バア	28
6157	ペルシア	28
6158	ロア	28
6159	上書き	28
6160	下層	28
6161	不便	28
6162	不発	28
6163	主君	28
6164	二千	28
6165	交尾	28
6166	今来	28
6167	付き人	28
6168	仲裁	28
6169	伊藤	28
6170	休止	28
6171	何物	28
6172	保身	28
6173	党員	28
6174	全容	28
6175	公証	28
6176	兵役	28
6177	則	28
6178	前哨	28
6179	前面	28
6180	創業	28
6181	加入	28
6182	南米	28
6183	単一	28
6184	反復	28
6185	同位	28
6186	在宅	28
6187	境	28
6188	売り手	28
6189	大分	28
6190	大急ぎ	28
6191	奇形	28
6192	実物	28
6193	居合わす	28
6194	州兵	28
6195	差し入れ	28
6196	平原	28
6197	年配	28
6198	弱気	28
6199	後生	28
6200	御名	28
6201	怪人	28
6202	手すり	28
6203	打ち	28
6204	投	28
6205	持ち堪える	28
6206	挙	28
6207	排気	28
6208	暗記	28
6209	暴発	28
6210	植え付け	28
6211	様式	28
6212	正銘	28
6213	水路	28
6214	清	28
6215	漂白	28
6216	爆風	28
6217	现在	28
6218	生前	28
6219	病歴	28
6220	白木	28
6221	直近	28
6222	省略	28
6223	県	28
6224	真価	28
6225	示す	28
6226	社内	28
6227	精度	28
6228	締め上げる	28
6229	肩書き	28
6230	背信	28
6231	要領	28
6232	親分	28
6233	計略	28
6234	試着	28
6235	詰	28
6236	論点	28
6237	谷間	28
6238	走	28
6239	蹴り上げる	28
6240	身なり	28
6241	転属	28
6242	部局	28
6243	間接	28
6244	集計	28
6245	難問	28
6246	領	28
6247	頻度	28
6248	高揚	28
6249	４千	28
6250	うつ病	27
6251	とある	27
6252	アカゲ	27
6253	アドリア	27
6254	ケニア	27
6255	シロアリ	27
6256	ストア	27
6257	セレス	27
6258	一握り	27
6259	両目	27
6260	両立	27
6261	交替	27
6262	人肉	27
6263	住処	27
6264	全裸	27
6265	内心	27
6266	前菜	27
6267	剥ぐ	27
6268	可決	27
6269	名古屋	27
6270	周期	27
6271	善行	27
6272	外界	27
6273	外食	27
6274	大儲け	27
6275	大垣	27
6276	大差	27
6277	存分	27
6278	広間	27
6279	当直	27
6280	接待	27
6281	掲載	27
6282	揉め事	27
6283	方言	27
6284	旅人	27
6285	日数	27
6286	早乙女	27
6287	書物	27
6288	査定	27
6289	極限	27
6290	歯車	27
6291	殺到	27
6292	気品	27
6293	決め付ける	27
6294	没	27
6295	治験	27
6296	深入り	27
6297	混入	27
6298	湾岸	27
6299	火炙り	27
6300	火花	27
6301	生者	27
6302	産める	27
6303	発光	27
6304	目録	27
6305	砂子	27
6306	科目	27
6307	称	27
6308	税務	27
6309	空き家	27
6310	紫外	27
6311	細動	27
6312	統一郎	27
6313	続編	27
6314	繁華	27
6315	腐食	27
6316	自販	27
6317	舞う	27
6318	英知	27
6319	蛍光	27
6320	血	27
6321	行先	27
6322	補填	27
6323	見直し	27
6324	解答	27
6325	計り知る	27
6326	詩的	27
6327	誤報	27
6328	講習	27
6329	質量	27
6330	転落	27
6331	込む	27
6332	酵素	27
6333	鉱物	27
6334	間柄	27
6335	間際	27
6336	離れ離れ	27
6337	難解	27
6338	頼み事	27
6339	風俗	27
6340	飲物	27
6341	１日	27
6342	あえぎ	26
6343	あげく	26
6344	あこがれ	26
6345	あやつ	26
6346	ありったけ	26
6347	いじめっ子	26
6348	え〜	26
6349	こき	26
6350	ならず者	26
6351	ふ	26
6352	アクセサリー	26
6353	アズカバン	26
6354	アッシャー	26
6355	アリガト	26
6356	アルトゥール	26
6357	アレッ	26
6358	アンティーク	26
6359	シアター	26
6360	ジェリア	26
6361	セットアップ	26
6362	ナイジェリア	26
6363	フロアー	26
6364	ラ	26
6365	下見	26
6366	乗り出	26
6367	乳母	26
6368	人斬り	26
6369	人知	26
6370	他国	26
6371	任期	26
6372	余命	26
6373	優	26
6374	入念	26
6375	入浴	26
6376	全般	26
6377	初版	26
6378	副業	26
6379	医大	26
6380	友愛	26
6381	反発	26
6382	反転	26
6383	取り寄せ	26
6384	受け渡し	26
6385	同体	26
6386	周知	26
6387	和尚	26
6388	唐辛子	26
6389	問いかけ	26
6390	国歌	26
6391	声紋	26
6392	女装	26
6393	孤島	26
6394	安否	26
6395	密航	26
6396	小声	26
6397	小言	26
6398	山犬	26
6399	巻物	26
6400	平民	26
6401	平面	26
6402	幼少	26
6403	延々	26
6404	引力	26
6405	強敵	26
6406	心的	26
6407	急進	26
6408	想	26
6409	愛着	26
6410	折り合い	26
6411	拭く	26
6412	採石	26
6413	損なう	26
6414	放映	26
6415	整然	26
6416	春休み	26
6417	更	26
6418	書き置き	26
6419	朗読	26
6420	本棚	26
6421	東南	26
6422	松葉	26
6423	歯	26
6424	殴り合い	26
6425	母船	26
6426	気性	26
6427	江	26
6428	流石	26
6429	海流	26
6430	深海	26
6431	点呼	26
6432	生検	26
6433	痛手	26
6434	発疹	26
6435	空しい	26
6436	等級	26
6437	範子	26
6438	考察	26
6439	聖者	26
6440	聞え	26
6441	聞き入る	26
6442	落とし子	26
6443	行け行け	26
6444	覚える	26
6445	言い伝え	26
6446	計測	26
6447	話し掛ける	26
6448	課程	26
6449	諸国	26
6450	起業	26
6451	路面	26
6452	車種	26
6453	転覆	26
6454	辿り着ける	26
6455	返上	26
6456	送り主	26
6457	通りすがり	26
6458	道場	26
6459	遠足	26
6460	配る	26
6461	陰気	26
6462	音信	26
6463	高圧	26
6464	麦	26
6465	あらわ	25
6466	うめき声	25
6467	ご	25
6468	ずく	25
6469	ひと時	25
6470	アカルド	25
6471	アガメムノン	25
6472	アクア	25
6473	アシタカ	25
6474	アット	25
6475	アトリエ	25
6476	アライクム	25
6477	アルバニア	25
6478	アンネ	25
6479	アーリーン	25
6480	エンパイア	25
6481	トア	25
6482	ヘアピン	25
6483	ポー	25
6484	上演	25
6485	不毛	25
6486	並び	25
6487	中野渡	25
6488	余	25
6489	便器	25
6490	催	25
6491	先入	25
6492	先約	25
6493	内閣	25
6494	再	25
6495	几帳面	25
6496	力量	25
6497	助川	25
6498	化身	25
6499	千畝	25
6500	压制	25
6501	原点	25
6502	取引き	25
6503	受精	25
6504	口封じ	25
6505	合間	25
6506	同族	25
6507	四半	25
6508	国債	25
6509	墓石	25
6510	大軍	25
6511	天体	25
6512	委任	25
6513	学問	25
6514	少将	25
6515	屋外	25
6516	市会	25
6517	帰艦	25
6518	年末	25
6519	座礁	25
6520	後遺	25
6521	得体	25
6522	急増	25
6523	手っ取り	25
6524	招き入れる	25
6525	持ち出し	25
6526	指差	25
6527	挙句	25
6528	挙手	25
6529	教える	25
6530	敵機	25
6531	暴風	25
6532	最短	25
6533	有り難う	25
6534	有明	25
6535	本国	25
6536	根源	25
6537	検診	25
6538	機首	25
6539	武術	25
6540	武道	25
6541	死に掛ける	25
6542	殿	25
6543	気軽	25
6544	氷山	25
6545	汚物	25
6546	法令	25
6547	活気	25
6548	流す	25
6549	海原	25
6550	無鉄砲	25
6551	照射	25
6552	物言い	25
6553	狩人	25
6554	王朝	25
6555	環	25
6556	田上	25
6557	田中	25
6558	白骨	25
6559	皆無	25
6560	目下	25
6561	直々	25
6562	真空	25
6563	着弾	25
6564	硬化	25
6565	空母	25
6566	童話	25
6567	筋合い	25
6568	統括	25
6569	絶え間	25
6570	締め付け	25
6571	編み	25
6572	縫い目	25
6573	繁	25
6574	罪深い	25
6575	股間	25
6576	腹立たしい	25
6577	膨張	25
6578	自在	25
6579	艦橋	25
6580	色あせる	25
6581	色目	25
6582	荒れ地	25
6583	荒地	25
6584	荷台	25
6585	著作	25
6586	薬屋	25
6587	血中	25
6588	表す	25
6589	見通	25
6590	観覧	25
6591	起つ	25
6592	身の回り	25
6593	追い立て	25
6594	通商	25
6595	運行	25
6596	道中	25
6597	野外	25
6598	長続き	25
6599	開閉	25
6600	間宮	25
6601	関東	25
6602	非情	25
6603	食材	25
6604	食道	25
6605	駆使	25
6606	高飛び	25
6607	あく	24
6608	から	24
6609	はだか	24
6610	もみ	24
6611	もめ事	24
6612	れる	24
6613	わあー	24
6614	アイデンティティ	24
6615	アグ	24
6616	アスティ	24
6617	アデーレ	24
6618	アトランティック	24
6619	アリサ	24
6620	アーモンド	24
6621	エクスペリアームス	24
6622	カフェテリア	24
6623	ナウ	24
6624	フィギュア	24
6625	フレイア	24
6626	ブル	24
6627	ボスニア	24
6628	ポリネシア	24
6629	マグワイア	24
6630	一寸	24
6631	一節	24
6632	一髪	24
6633	下劣	24
6634	不況	24
6635	並列	24
6636	丼	24
6637	乗り捨てる	24
6638	事後	24
6639	云々	24
6640	交友	24
6641	仏語	24
6642	作田	24
6643	八つ裂き	24
6644	共鳴	24
6645	出港	24
6646	出社	24
6647	分厚い	24
6648	前衛	24
6649	剥製	24
6650	加勢	24
6651	加瀬	24
6652	北上	24
6653	医局	24
6654	単	24
6655	原爆	24
6656	取り入れ	24
6657	受話	24
6658	口頭	24
6659	同乗	24
6660	声援	24
6661	夕日	24
6662	多摩	24
6663	夜食	24
6664	大忙し	24
6665	天下	24
6666	子馬	24
6667	実地	24
6668	家来	24
6669	寒気	24
6670	対空	24
6671	平然	24
6672	広がり	24
6673	強打	24
6674	強風	24
6675	後ろめたい	24
6676	後者	24
6677	応戦	24
6678	急所	24
6679	性分	24
6680	性器	24
6681	性病	24
6682	悪女	24
6683	悪質	24
6684	手なずける	24
6685	投げ入れ	24
6686	押し当て	24
6687	持ち帰り	24
6688	推奨	24
6689	散布	24
6690	新参	24
6691	旅客	24
6692	族長	24
6693	既知	24
6694	旧式	24
6695	明瞭	24
6696	本業	24
6697	東ドイツ	24
6698	棒	24
6699	楽屋	24
6700	構内	24
6701	歳月	24
6702	気づける	24
6703	気狂い	24
6704	添付	24
6705	潜航	24
6706	無益	24
6707	特訓	24
6708	理恵	24
6709	異国	24
6710	発狂	24
6711	登山	24
6712	皆	24
6713	益々	24
6714	目障り	24
6715	省庁	24
6716	真っ当	24
6717	着水	24
6718	石盤	24
6719	福山	24
6720	総力	24
6721	聖歌	24
6722	自治	24
6723	色気	24
6724	見通す	24
6725	解像	24
6726	試食	24
6727	読み書き	24
6728	調	24
6729	財前	24
6730	資材	24
6731	軍医	24
6732	逆境	24
6733	通販	24
6734	鈍器	24
6735	銀座	24
6736	門限	24
6737	開戦	24
6738	開業	24
6739	防空	24
6740	階上	24
6741	電撃	24
6742	電荷	24
6743	飾り付け	24
6744	高利	24
6745	高台	24
6746	髪形	24
6747	ふる	23
6748	ろ過	23
6749	アザラシ	23
6750	アソーカ	23
6751	アリアス	23
6752	アルマジロ	23
6753	アワー	23
6754	アンチ	23
6755	ウィドゥモア	23
6756	カミ	23
6757	サイアク	23
6758	サルドュア	23
6759	トラキア	23
6760	マケドニア	23
6761	ミネアポリス	23
6762	一式	23
6763	中西部	23
6764	人選	23
6765	付き物	23
6766	付属	23
6767	付添	23
6768	休職	23
6769	余興	23
6770	係官	23
6771	偏向	23
6772	入門	23
6773	全軍	23
6774	共生	23
6775	内装	23
6776	分娩	23
6777	切り口	23
6778	初代	23
6779	劣化	23
6780	北欧	23
6781	反感	23
6782	取り除ける	23
6783	受験	23
6784	名無し	23
6785	君子	23
6786	吸い上げ	23
6787	和人	23
6788	図形	23
6789	図星	23
6790	国々	23
6791	土台	23
6792	塩水	23
6793	塩素	23
6794	大国	23
6795	大幅	23
6796	大石	23
6797	大豆	23
6798	天界	23
6799	太刀打ち	23
6800	太田	23
6801	宮	23
6802	家屋	23
6803	小姐	23
6804	巣	23
6805	工科	23
6806	常軌	23
6807	引き締める	23
6808	引っ込める	23
6809	律	23
6810	心境	23
6811	戦地	23
6812	手直し	23
6813	押し上げ	23
6814	撃ち殺す	23
6815	敬愛	23
6816	数式	23
6817	敷設	23
6818	日課	23
6819	星条	23
6820	朝日	23
6821	朝比奈	23
6822	未然	23
6823	本位	23
6824	本命	23
6825	松明	23
6826	果敢	23
6827	森本	23
6828	正装	23
6829	気付き	23
6830	気管	23
6831	気色	23
6832	水軍	23
6833	法王	23
6834	注	23
6835	海中	23
6836	海域	23
6837	液化	23
6838	港湾	23
6839	現に	23
6840	現像	23
6841	異母	23
6842	異状	23
6843	真次	23
6844	眷属	23
6845	着実	23
6846	硬直	23
6847	秋山	23
6848	移す	23
6849	窓際	23
6850	籠	23
6851	紫色	23
6852	編隊	23
6853	美貌	23
6854	老化	23
6855	耳元	23
6856	肉親	23
6857	膳立て	23
6858	船上	23
6859	菜食	23
6860	菫	23
6861	見受け	23
6862	言葉遣い	23
6863	計器	23
6864	詰め物	23
6865	誤認	23
6866	調停	23
6867	賞品	23
6868	足場	23
6869	転向	23
6870	近寄る	23
6871	近況	23
6872	野性	23
6873	金持	23
6874	鈍的	23
6875	銀色	23
6876	長女	23
6877	閉所	23
6878	隠す	23
6879	電極	23
6880	霊安	23
6881	非凡	23
6882	骨	23
6883	鼻水	23
6884	１番	23
6885	あいまい	22
6886	あっちこっち	22
6887	あて	22
6888	アウン・サン・スー・チー	22
6889	アブダビ	22
6890	アルカトラズ	22
6891	アルベリヒ	22
6892	アンジュロ	22
6893	アンリ	22
6894	イシルドゥア	22
6895	ウッド	22
6896	エストニア	22
6897	カンボジア	22
6898	グアンタナモ	22
6899	コメディアン	22
6900	シニア	22
6901	シン	22
6902	ティアー	22
6903	テリア	22
6904	ディアズ	22
6905	ブロデューア	22
6906	ボロ	22
6907	リトアニア	22
6908	一丸	22
6909	一休み	22
6910	三島	22
6911	上野	22
6912	下流	22
6913	下車	22
6914	不備	22
6915	不具	22
6916	不穏	22
6917	主権	22
6918	主観	22
6919	之	22
6920	乙	22
6921	乱射	22
6922	仕上	22
6923	代用	22
6924	会食	22
6925	伝承	22
6926	信管	22
6927	債権	22
6928	全機	22
6929	冬美	22
6930	利子	22
6931	受理	22
6932	台風	22
6933	名手	22
6934	向け	22
6935	味噌	22
6936	固有	22
6937	国語	22
6938	土壇場	22
6939	土方	22
6940	壺	22
6941	大雨	22
6942	天職	22
6943	威張	22
6944	学術	22
6945	学部	22
6946	宣教	22
6947	宿主	22
6948	富裕	22
6949	小七	22
6950	小銃	22
6951	山岳	22
6952	山椒	22
6953	山登り	22
6954	山頂	22
6955	工夫	22
6956	平安	22
6957	年収	22
6958	幸先	22
6959	引きこむ	22
6960	引き離す	22
6961	強者	22
6962	惨殺	22
6963	愛犬	22
6964	愛称	22
6965	手がける	22
6966	持ち込み	22
6967	指し	22
6968	指針	22
6969	支	22
6970	朝一	22
6971	村長	22
6972	査察	22
6973	歴代	22
6974	殺傷	22
6975	母神	22
6976	決戦	22
6977	洗い物	22
6978	淫乱	22
6979	湿度	22
6980	焚き火	22
6981	無二	22
6982	無情	22
6983	熱源	22
6984	物狂い	22
6985	物見	22
6986	猟師	22
6987	理念	22
6988	甲状	22
6989	疎通	22
6990	発熱	22
6991	白黒	22
6992	皮下	22
6993	目立つ	22
6994	知り合える	22
6995	石ころ	22
6996	石灰	22
6997	砂州	22
6998	空き地	22
6999	空売り	22
7000	粘着	22
7001	紀元	22
7002	総会	22
7003	縛り上げる	22
7004	置場	22
7005	署内	22
7006	美鈴	22
7007	聖徒	22
7008	聞き飽きる	22
7009	肩書	22
7010	育児	22
7011	自答	22
7012	航法	22
7013	藤原	22
7014	行く手	22
7015	解離	22
7016	議	22
7017	貫太	22
7018	貼り付け	22
7019	赤色	22
7020	軍艦	22
7021	辞書	22
7022	通う	22
7023	選ぶ	22
7024	都督	22
7025	重んずる	22
7026	重病	22
7027	針金	22
7028	鉄槌	22
7029	鉱石	22
7030	長田	22
7031	閉館	22
7032	開幕	22
7033	間中	22
7034	防腐	22
7035	降霊	22
7036	雑種	22
7037	頃合い	22
7038	顔	22
7039	飲食	22
7040	高温	22
7041	魔王	22
7042	あし	21
7043	あみ	21
7044	あやし	21
7045	かわい子	21
7046	こりゃあ	21
7047	ひと目	21
7048	アセテート	21
7049	アトリー	21
7050	アミール	21
7051	アラート	21
7052	アルキ	21
7053	アルプス	21
7054	アレクシス	21
7055	アンジェ	21
7056	アービング	21
7057	カーネリアン	21
7058	サウジアラビア	21
7059	サファイア	21
7060	サンアントニオ	21
7061	ジリアン	21
7062	ベアトリス	21
7063	ユリアス	21
7064	ラザニア	21
7065	ロシアン	21
7066	不祥	21
7067	五十	21
7068	五百	21
7069	交える	21
7070	人柄	21
7071	人脈	21
7072	今夜	21
7073	他意	21
7074	伝記	21
7075	体液	21
7076	何しろ	21
7077	係員	21
7078	停学	21
7079	優美	21
7080	先回り	21
7081	先見	21
7082	光三	21
7083	光学	21
7084	入社	21
7085	八方	21
7086	内視	21
7087	円形	21
7088	加賀	21
7089	即	21
7090	取り巻き	21
7091	取り敢えず	21
7092	口髭	21
7093	台帳	21
7094	司書	21
7095	吉良	21
7096	名家	21
7097	吾	21
7098	品種	21
7099	四十	21
7100	回帰	21
7101	外来	21
7102	多め	21
7103	大帝	21
7104	天窓	21
7105	学歴	21
7106	実弾	21
7107	密会	21
7108	小石	21
7109	小耳	21
7110	山々	21
7111	工芸	21
7112	干	21
7113	平手	21
7114	幹事	21
7115	幾分	21
7116	引渡し	21
7117	引越	21
7118	役立てる	21
7119	後釜	21
7120	御前	21
7121	微量	21
7122	急性	21
7123	急患	21
7124	急落	21
7125	恩義	21
7126	悪あがき	21
7127	情事	21
7128	慣習	21
7129	成就	21
7130	手引	21
7131	手当たり	21
7132	手腕	21
7133	手製	21
7134	打ち解ける	21
7135	拙者	21
7136	採点	21
7137	接合	21
7138	推力	21
7139	提灯	21
7140	改築	21
7141	政党	21
7142	教職	21
7143	施す	21
7144	旅程	21
7145	日時	21
7146	早死に	21
7147	果てし	21
7148	極上	21
7149	横流し	21
7150	死に際	21
7151	毎分	21
7152	比率	21
7153	求人	21
7154	決死	21
7155	泥棒	21
7156	渋谷	21
7157	減量	21
7158	渡航	21
7159	澤木	21
7160	無償	21
7161	無駄話	21
7162	猿人	21
7163	生い立ち	21
7164	生き埋め	21
7165	生き甲斐	21
7166	病理	21
7167	発端	21
7168	盟約	21
7169	直径	21
7170	相場	21
7171	真っ青	21
7172	着る	21
7173	着れる	21
7174	破局	21
7175	確約	21
7176	磁場	21
7177	私情	21
7178	空挺	21
7179	精算	21
7180	紀	21
7181	結びつき	21
7182	締	21
7183	緯度	21
7184	花果	21
7185	要人	21
7186	見向く	21
7187	見地	21
7188	覚	21
7189	触発	21
7190	言いかける	21
7191	買い得	21
7192	質疑	21
7193	超過	21
7194	車体	21
7195	車道	21
7196	転倒	21
7197	軽食	21
7198	辺境	21
7199	逆行	21
7200	途上	21
7201	通り道	21
7202	造る	21
7203	連動	21
7204	遺棄	21
7205	都心	21
7206	重複	21
7207	鉄鋼	21
7208	長崎	21
7209	開封	21
7210	陶器	21
7211	霊感	21
7212	青少年	21
7213	風呂場	21
7214	風変わり	21
7215	駐在	21
7216	騎手	21
7217	鼻歌	21
7218	あな	20
7219	くる	20
7220	そよ風	20
7221	たあ	20
7222	つける	20
7223	ぶら下げる	20
7224	ぼっち	20
7225	みち子	20
7226	もぐ	20
7227	アイモ	20
7228	アバター	20
7229	アラソルン	20
7230	アラモ	20
7231	アントワーヌ	20
7232	アンプ	20
7233	アーヴ	20
7234	イェン	20
7235	エクアドル	20
7236	カジュアル	20
7237	キャビア	20
7238	シェイクスピア	20
7239	シーモア	20
7240	ジェファソニアン	20
7241	ダイアル	20
7242	テイクアウト	20
7243	バラ色	20
7244	モント	20
7245	ヤマアラシ	20
7246	ワ	20
7247	一石	20
7248	一行	20
7249	下町	20
7250	下落	20
7251	不確か	20
7252	不貞	20
7253	両国	20
7254	両替	20
7255	乱交	20
7256	企む	20
7257	伝票	20
7258	低空	20
7259	個展	20
7260	催涙	20
7261	全権	20
7262	全霊	20
7263	冥福	20
7264	処遇	20
7265	分霊	20
7266	制約	20
7267	創立	20
7268	助成	20
7269	勝機	20
7270	半々	20
7271	半人	20
7272	半球	20
7273	南ア	20
7274	南京	20
7275	南方	20
7276	博	20
7277	占い師	20
7278	即位	20
7279	原動	20
7280	取り柄	20
7281	合言葉	20
7282	吉岡	20
7283	同定	20
7284	同罪	20
7285	名目	20
7286	周到	20
7287	園芸	20
7288	土星	20
7289	在り	20
7290	垣内	20
7291	売り込み	20
7292	売国	20
7293	変わる	20
7294	多勢	20
7295	大公	20
7296	大方	20
7297	奪取	20
7298	女好き	20
7299	委託	20
7300	孫権	20
7301	家臣	20
7302	射止める	20
7303	尋常	20
7304	小村	20
7305	小鬼	20
7306	展覧	20
7307	岩本	20
7308	州境	20
7309	幾何	20
7310	広島	20
7311	床下	20
7312	引き合う	20
7313	強気	20
7314	当行	20
7315	後世	20
7316	怪力	20
7317	悔い改める	20
7318	想起	20
7319	感受	20
7320	手形	20
7321	手掛り	20
7322	手放す	20
7323	打ち付け	20
7324	持ち株	20
7325	指す	20
7326	挙動	20
7327	撲殺	20
7328	文通	20
7329	斜面	20
7330	日頃	20
7331	明か	20
7332	星々	20
7333	映す	20
7334	朝メシ	20
7335	木製	20
7336	査問	20
7337	格別	20
7338	機敏	20
7339	欲張り	20
7340	正論	20
7341	死滅	20
7342	死霊	20
7343	残存	20
7344	水圧	20
7345	水没	20
7346	水浸し	20
7347	求愛	20
7348	法学	20
7349	消極	20
7350	清水	20
7351	溶解	20
7352	無駄足	20
7353	無駄骨	20
7354	特急	20
7355	独学	20
7356	王宮	20
7357	現す	20
7358	甘美	20
7359	生々しい	20
7360	生きもの	20
7361	生後	20
7362	発着	20
7363	白痴	20
7364	盲点	20
7365	眼中	20
7366	矢口	20
7367	社用	20
7368	私書	20
7369	突破	20
7370	競う	20
7371	素朴	20
7372	終点	20
7373	結託	20
7374	絶品	20
7375	総額	20
7376	置物	20
7377	老	20
7378	耐久	20
7379	聞き分け	20
7380	腕力	20
7381	腕立て	20
7382	茶	20
7383	融通	20
7384	袋小路	20
7385	解約	20
7386	計量	20
7387	談話	20
7388	諸々	20
7389	講座	20
7390	警笛	20
7391	護民	20
7392	走査	20
7393	軽々しい	20
7394	輝	20
7395	輪	20
7396	近接	20
7397	遊び場	20
7398	道義	20
7399	選抜	20
7400	部類	20
7401	里山	20
7402	重体	20
7403	野戦	20
7404	野次馬	20
7405	針路	20
7406	鉄線	20
7407	開花	20
7408	陸地	20
7409	頭金	20
7410	風速	20
7411	食らえる	20
7412	食肉	20
7413	騒乱	20
7414	鹿間	20
7415	１人暮らし	20
7416	あごひげ	19
7417	さあて	19
7418	す	19
7419	すごい	19
7420	アサシン	19
7421	アスター	19
7422	アラナ	19
7423	エステファニア	19
7424	クローディア	19
7425	サン	19
7426	ザ	19
7427	シュア	19
7428	スケ	19
7429	ダンピア	19
7430	ナイトメア	19
7431	ピュア	19
7432	ファラ	19
7433	フェアー	19
7434	ブライアー	19
7435	マドモアゼル	19
7436	ミュア	19
7437	ミレニアム	19
7438	メリー	19
7439	ル	19
7440	ルシア	19
7441	ヶ国	19
7442	三振	19
7443	三昧	19
7444	三脚	19
7445	不慣れ	19
7446	不時	19
7447	不服	19
7448	不老	19
7449	与	19
7450	両名	19
7451	中和	19
7452	中部	19
7453	乱闘	19
7454	二鳥	19
7455	人探し	19
7456	今時	19
7457	以つ	19
7458	休業	19
7459	何もの	19
7460	作り変える	19
7461	作文	19
7462	使い物	19
7463	保養	19
7464	値引き	19
7465	元彼	19
7466	元締め	19
7467	兄者	19
7468	先方	19
7469	入り込める	19
7470	入団	19
7471	入部	19
7472	全貌	19
7473	八重子	19
7474	公安	19
7475	公民	19
7476	内藤	19
7477	内障	19
7478	凡人	19
7479	出品	19
7480	分署	19
7481	切り分け	19
7482	前夫	19
7483	前立	19
7484	勘当	19
7485	千里	19
7486	卓球	19
7487	南軍	19
7488	取り出し	19
7489	可燃	19
7490	合わす	19
7491	吉報	19
7492	同房	19
7493	周瑜	19
7494	味わい	19
7495	命綱	19
7496	和室	19
7497	四国	19
7498	四肢	19
7499	回し	19
7500	回診	19
7501	因縁	19
7502	垂直	19
7503	基板	19
7504	塩化	19
7505	売り場	19
7506	売店	19
7507	夜警	19
7508	大根	19
7509	天賦	19
7510	奥田	19
7511	女史	19
7512	子作り	19
7513	孩子	19
7514	安寧	19
7515	定理	19
7516	容量	19
7517	専属	19
7518	庶民	19
7519	式場	19
7520	引き剥ぐ	19
7521	引き鉄	19
7522	弱々しい	19
7523	当店	19
7524	必殺	19
7525	思い付き	19
7526	思う	19
7527	惨劇	19
7528	感性	19
7529	手詰まり	19
7530	打算	19
7531	投棄	19
7532	押し入る	19
7533	支出	19
7534	支柱	19
7535	斉天	19
7536	日和	19
7537	時機	19
7538	書き込み	19
7539	有り金	19
7540	望月	19
7541	期日	19
7542	来襲	19
7543	松本	19
7544	果たす	19
7545	柏田	19
7546	査	19
7547	校内	19
7548	格言	19
7549	植木	19
7550	楽天	19
7551	正々	19
7552	死去	19
7553	殺める	19
7554	気球	19
7555	決済	19
7556	決議	19
7557	派兵	19
7558	瀬戸	19
7559	焼き付け	19
7560	物証	19
7561	玉皇	19
7562	球場	19
7563	理沙	19
7564	環状	19
7565	的外れ	19
7566	直結	19
7567	破水	19
7568	種子	19
7569	空域	19
7570	立方	19
7571	立案	19
7572	立腹	19
7573	籠城	19
7574	素顔	19
7575	終戦	19
7576	経度	19
7577	総帥	19
7578	線引き	19
7579	編み物	19
7580	肥大	19
7581	胞子	19
7582	臣下	19
7583	至福	19
7584	苦戦	19
7585	菅野	19
7586	著す	19
7587	虽然	19
7588	行き詰まり	19
7589	裏手	19
7590	要約	19
7591	討議	19
7592	護る	19
7593	貞子	19
7594	質素	19
7595	贋作	19
7596	起き上がる	19
7597	起床	19
7598	躍起	19
7599	転勤	19
7600	農地	19
7601	迫力	19
7602	追っ手	19
7603	達之	19
7604	重たい	19
7605	野暮	19
7606	野田	19
7607	銀貨	19
7608	関数	19
7609	降格	19
7610	集金	19
7611	青白	19
7612	頭領	19
7613	飲み会	19
7614	養護	19
7615	２人組	19
7616	あぅ	18
7617	あからさま	18
7618	あほ	18
7619	ありつける	18
7620	うわ	18
7621	げ	18
7622	しら	18
7623	アイヴァン	18
7624	アウ	18
7625	アジ	18
7626	アレンジ	18
7627	インソムニア	18
7628	インテリア	18
7629	エド	18
7630	エリアス	18
7631	オリ	18
7632	カルフォルニア	18
7633	ギルモア	18
7634	クロアチア	18
7635	シャンデリア	18
7636	シー	18
7637	ビアン	18
7638	ミディアム	18
7639	レイアウト	18
7640	ロス	18
7641	ヴィクトリア	18
7642	一挙	18
7643	一新	18
7644	三浦	18
7645	上る	18
7646	下がり	18
7647	下位	18
7648	下敷き	18
7649	下級	18
7650	下部	18
7651	不治	18
7652	不浄	18
7653	予行	18
7654	京橋	18
7655	人ごみ	18
7656	他人事	18
7657	他方	18
7658	代案	18
7659	仰向け	18
7660	休む	18
7661	体系	18
7662	体裁	18
7663	信久	18
7664	偶発	18
7665	像	18
7666	優良	18
7667	先駆	18
7668	全盛	18
7669	公約	18
7670	公選	18
7671	勝ち取る	18
7672	占有	18
7673	取り締まり	18
7674	受け持	18
7675	受領	18
7676	同化	18
7677	同室	18
7678	同点	18
7679	名門	18
7680	味付け	18
7681	呼び鈴	18
7682	因子	18
7683	団員	18
7684	図々しい	18
7685	園内	18
7686	地主	18
7687	地所	18
7688	地道	18
7689	堅実	18
7690	売りつける	18
7691	夜行	18
7692	天上	18
7693	奇人	18
7694	奮う	18
7695	安堵	18
7696	官能	18
7697	定か	18
7698	実刑	18
7699	実務	18
7700	家電	18
7701	富小路	18
7702	対照	18
7703	対称	18
7704	小吉	18
7705	小善	18
7706	小指	18
7707	小池	18
7708	居酒屋	18
7709	屈強	18
7710	島田	18
7711	常時	18
7712	幕開け	18
7713	度々	18
7714	引換	18
7715	引継ぎ	18
7716	張り裂ける	18
7717	張る	18
7718	強行	18
7719	往来	18
7720	応変	18
7721	思念	18
7722	悪評	18
7723	惨状	18
7724	技量	18
7725	掛け金	18
7726	搾り	18
7727	改修	18
7728	新星	18
7729	方形	18
7730	施行	18
7731	旅費	18
7732	曲芸	18
7733	書記	18
7734	月光	18
7735	有人	18
7736	有色	18
7737	木陰	18
7738	未定	18
7739	本院	18
7740	校舎	18
7741	案の定	18
7742	正念	18
7743	歩き回る	18
7744	殺虫	18
7745	比類	18
7746	民事	18
7747	気まま	18
7748	気掛かり	18
7749	水たまり	18
7750	水兵	18
7751	水深	18
7752	法師	18
7753	波長	18
7754	津々	18
7755	流体	18
7756	浮かぶ	18
7757	源泉	18
7758	激戦	18
7759	熱気	18
7760	物知り	18
7761	特化	18
7762	特売	18
7763	献金	18
7764	猿	18
7765	異種	18
7766	発泡	18
7767	目星	18
7768	石器	18
7769	神田	18
7770	神霊	18
7771	空洞	18
7772	立ち上がり	18
7773	竹内	18
7774	等分	18
7775	类	18
7776	統べる	18
7777	絵の具	18
7778	老後	18
7779	臨機	18
7780	船外	18
7781	行き違い	18
7782	補修	18
7783	補聴	18
7784	製氷	18
7785	西欧	18
7786	見せ場	18
7787	規格	18
7788	解凍	18
7789	言い回し	18
7790	誤算	18
7791	誤魔化す	18
7792	越	18
7793	足労	18
7794	踏ん張る	18
7795	転々	18
7796	辞令	18
7797	返金	18
7798	送迎	18
7799	這う	18
7800	運び出す	18
7801	道楽	18
7802	醸造	18
7803	里子	18
7804	錠前	18
7805	防ぎ	18
7806	電動	18
7807	青酸	18
7808	音速	18
7809	飲み屋	18
7810	養成	18
7811	騎乗	18
7812	ああぁ	17
7813	あう	17
7814	あたりまえ	17
7815	あらかじめ	17
7816	と殺	17
7817	のけ者	17
7818	わが家	17
7819	アイシャ	17
7820	アイゼンガルド	17
7821	アイゼンハワー	17
7822	アイダ	17
7823	アイダホ	17
7824	アクシーニヤ	17
7825	アツ	17
7826	アデレード	17
7827	アドリブ	17
7828	アベ	17
7829	アリッサ	17
7830	アルティ	17
7831	アレハンドロ	17
7832	アンジェリーナ	17
7833	アンドレフ	17
7834	アーサ	17
7835	アーヴィング	17
7836	イタリアン	17
7837	カロ	17
7838	グアテマラ	17
7839	ゴア	17
7840	ゴム	17
7841	チェア	17
7842	ティアラ	17
7843	ディ	17
7844	デス	17
7845	パラノイア	17
7846	ブライアント	17
7847	ミアーズ	17
7848	リアリティ	17
7849	一揆	17
7850	三恵	17
7851	上限	17
7852	不振	17
7853	交易	17
7854	交響	17
7855	享受	17
7856	人妻	17
7857	仔馬	17
7858	付随	17
7859	体質	17
7860	体面	17
7861	何れ	17
7862	何語	17
7863	使徒	17
7864	信任	17
7865	倒	17
7866	債務	17
7867	先行き	17
7868	入試	17
7869	全艦	17
7870	内向	17
7871	凝視	17
7872	刈り	17
7873	別室	17
7874	前者	17
7875	前触れ	17
7876	創始	17
7877	助産	17
7878	勅使	17
7879	化膿	17
7880	医院	17
7881	卍	17
7882	協同	17
7883	博愛	17
7884	取り扱い	17
7885	取り舵	17
7886	合戦	17
7887	向き合える	17
7888	否決	17
7889	品位	17
7890	商会	17
7891	国道	17
7892	垣間見	17
7893	堪能	17
7894	報知	17
7895	増員	17
7896	壮観	17
7897	多発	17
7898	大まか	17
7899	失策	17
7900	奉行	17
7901	女中	17
7902	威光	17
7903	存じ上げる	17
7904	安田	17
7905	完売	17
7906	定年	17
7907	実況	17
7908	専制	17
7909	小節	17
7910	小野寺	17
7911	届け物	17
7912	履行	17
7913	工程	17
7914	平林	17
7915	年中	17
7916	年寄	17
7917	延命	17
7918	張り合	17
7919	強襲	17
7920	強食	17
7921	当該	17
7922	後れ	17
7923	急変	17
7924	性急	17
7925	悩み事	17
7926	成熟	17
7927	戦傷	17
7928	戸締り	17
7929	所見	17
7930	手はず	17
7931	手抜き	17
7932	手玉	17
7933	投げかけ	17
7934	振り向ける	17
7935	撃つ	17
7936	改変	17
7937	放蕩	17
7938	既存	17
7939	日経	17
7940	早い	17
7941	昭和	17
7942	暫定	17
7943	条例	17
7944	東欧	17
7945	松吉	17
7946	栄子	17
7947	校庭	17
7948	植えつける	17
7949	楽団	17
7950	殺菌	17
7951	毎秒	17
7952	水滴	17
7953	水漏れ	17
7954	沖合	17
7955	消し	17
7956	溶岩	17
7957	無様	17
7958	無神	17
7959	無難	17
7960	焼ける	17
7961	物々	17
7962	物忘れ	17
7963	狂言	17
7964	独り身	17
7965	現存	17
7966	生み	17
7967	病弱	17
7968	発煙	17
7969	発送	17
7970	白水	17
7971	白熱	17
7972	的中	17
7973	着任	17
7974	砂利	17
7975	示談	17
7976	福	17
7977	秀子	17
7978	秋葉	17
7979	移入	17
7980	突き付ける	17
7981	突き当たり	17
7982	突く	17
7983	立ち向かえる	17
7984	立法	17
7985	粘り強い	17
7986	素行	17
7987	経典	17
7988	続報	17
7989	美学	17
7990	聴力	17
7991	職権	17
7992	臨界	17
7993	芸名	17
7994	荒々しい	17
7995	荷馬	17
7996	虚無	17
7997	裁定	17
7998	補正	17
7999	観戦	17
8000	認否	17
8001	誰	17
8002	諮問	17
8003	貴子	17
8004	購読	17
8005	起こし	17
8006	路肩	17
8007	踊り子	17
8008	転がり	17
8009	農薬	17
8010	近づき	17
8011	通夜	17
8012	適度	17
8013	選定	17
8014	都護	17
8015	野良犬	17
8016	金切り	17
8017	金利	17
8018	錬金	17
8019	開口	17
8020	開演	17
8021	防水	17
8022	雨	17
8023	電解	17
8024	青ざめる	17
8025	風習	17
8026	駆け付ける	17
8027	高名	17
8028	高橋	17
8029	鹿児島	17
8030	あがめる	16
8031	あさり	16
8032	かがり火	16
8033	かみ	16
8034	すま	16
8035	ただ	16
8036	むしる	16
8037	りす	16
8038	ん〜	16
8039	アイヴァー	16
8040	アウグスト	16
8041	アギ	16
8042	アスファルト	16
8043	アズラ	16
8044	アリウス	16
8045	アーカンソー	16
8046	イラ	16
8047	インドネシア	16
8048	オアシス	16
8049	コンティニュア	16
8050	ジャイアンツ	16
8051	ソリア	16
8052	ハワイアン	16
8053	フォアマン	16
8054	ボルティモア	16
8055	ボーン	16
8056	マラリア	16
8057	マンティコア	16
8058	マンド	16
8059	メ	16
8060	リアクション	16
8061	ヴィア	16
8062	ヵ所	16
8063	一起	16
8064	上乗せ	16
8065	上質	16
8066	下垂	16
8067	不可思議	16
8068	不純	16
8069	両端	16
8070	並行	16
8071	主流	16
8072	主犯	16
8073	乗り上げ	16
8074	乗り込める	16
8075	二の舞	16
8076	二股	16
8077	京都	16
8078	他殺	16
8079	令嬢	16
8080	伝導	16
8081	供与	16
8082	俗物	16
8083	信義	16
8084	先々	16
8085	入所	16
8086	八戒	16
8087	兵	16
8088	内原	16
8089	内地	16
8090	内陸	16
8091	分け与える	16
8092	刺客	16
8093	刻々	16
8094	前戯	16
8095	前言	16
8096	前途	16
8097	加圧	16
8098	勃発	16
8099	動議	16
8100	勝元	16
8101	北星	16
8102	半券	16
8103	原油	16
8104	反旗	16
8105	口数	16
8106	各位	16
8107	各種	16
8108	名士	16
8109	告解	16
8110	喚問	16
8111	喜劇	16
8112	圏内	16
8113	圭三	16
8114	基幹	16
8115	報せ	16
8116	声かけ	16
8117	売渡	16
8118	変数	16
8119	外套	16
8120	夜分	16
8121	大っ嫌い	16
8122	大罪	16
8123	大英	16
8124	大食い	16
8125	奇術	16
8126	媒体	16
8127	学士	16
8128	学業	16
8129	安住	16
8130	宛先	16
8131	実権	16
8132	密着	16
8133	将官	16
8134	尊大	16
8135	導ける	16
8136	小売	16
8137	小枝	16
8138	小男	16
8139	小道	16
8140	小額	16
8141	居続け	16
8142	層	16
8143	山賊	16
8144	差し引	16
8145	市外	16
8146	帝	16
8147	幅広	16
8148	平衡	16
8149	廃品	16
8150	建前	16
8151	建国	16
8152	引き立てる	16
8153	当方	16
8154	徳子	16
8155	感じ取る	16
8156	慈愛	16
8157	手付	16
8158	手応え	16
8159	打合せ	16
8160	挙式	16
8161	振り子	16
8162	提言	16
8163	提起	16
8164	搬入	16
8165	摘発	16
8166	支払う	16
8167	改宗	16
8168	改竄	16
8169	散乱	16
8170	敵地	16
8171	文法	16
8172	文無し	16
8173	旗本	16
8174	日差し	16
8175	日用	16
8176	早口	16
8177	昔話	16
8178	時分	16
8179	暴言	16
8180	書籍	16
8181	月日	16
8182	有料	16
8183	末	16
8184	末路	16
8185	本道	16
8186	材木	16
8187	検疫	16
8188	死期	16
8189	母方	16
8190	母星	16
8191	江南	16
8192	決別	16
8193	治世	16
8194	波紋	16
8195	流用	16
8196	浪人	16
8197	海面	16
8198	激化	16
8199	無音	16
8200	焼死	16
8201	牧野	16
8202	物好き	16
8203	特命	16
8204	特質	16
8205	申し入れ	16
8206	町外れ	16
8207	発酵	16
8208	目分	16
8209	直帰	16
8210	直観	16
8211	相関	16
8212	矢野	16
8213	知子	16
8214	社名	16
8215	神社	16
8216	稼業	16
8217	積める	16
8218	立件	16
8219	米兵	16
8220	終着	16
8221	絶命	16
8222	締結	16
8223	縁石	16
8224	置換	16
8225	聖典	16
8226	肌	16
8227	自社	16
8228	自給	16
8229	葉書	16
8230	蓮	16
8231	蝶々	16
8232	裁縫	16
8233	褐色	16
8234	見せ付ける	16
8235	観る	16
8236	角田	16
8237	解する	16
8238	触手	16
8239	言論	16
8240	試行	16
8241	読み物	16
8242	谷子	16
8243	負い目	16
8244	跳ね	16
8245	車中	16
8246	軍部	16
8247	転売	16
8248	農作	16
8249	近年	16
8250	退位	16
8251	送り迎え	16
8252	逆上	16
8253	過信	16
8254	遺志	16
8255	還元	16
8256	重宝	16
8257	野口	16
8258	金太郎	16
8259	釣り合い	16
8260	鉄板	16
8261	鍋島	16
8262	開園	16
8263	院内	16
8264	震える	16
8265	霊界	16
8266	非行	16
8267	音符	16
8268	顕著	16
8269	食塩	16
8270	駆ける	16
8271	高潮	16
8272	高瀬	16
8273	鳥類	16
8274	６千	16
8275	７千	16
8276	あたい	15
8277	あたえる	15
8278	あたかも	15
8279	きゃあ	15
8280	しあわせ	15
8281	なし	15
8282	へえ	15
8283	ほ	15
8284	る	15
8285	アクシオ	15
8286	アッティラ	15
8287	アトラクション	15
8288	アニマ	15
8289	アバロン	15
8290	アブラハム	15
8291	アプリケーション	15
8292	アボ	15
8293	アリオ	15
8294	アルカリ	15
8295	アントニー	15
8296	アンフェタミン	15
8297	アーチスト	15
8298	アーノ	15
8299	エアロ	15
8300	エンジニアリング	15
8301	オー	15
8302	ガ	15
8303	ギリアム	15
8304	クリアランス	15
8305	シンクレア	15
8306	シーア	15
8307	スピアーズ	15
8308	タ	15
8309	ドアー	15
8310	バイアグラ	15
8311	バン	15
8312	ヒアリング	15
8313	プレミア	15
8314	マルコ	15
8315	マーゴット	15
8316	ミス	15
8317	ヤル気	15
8318	ラン	15
8319	レーリア	15
8320	一人ひとり	15
8321	一役	15
8322	上階	15
8323	不可避	15
8324	不向き	15
8325	不敵	15
8326	不知	15
8327	中性	15
8328	主席	15
8329	乗艦	15
8330	二の次	15
8331	二百	15
8332	五千	15
8333	人出	15
8334	会得	15
8335	会費	15
8336	佐	15
8337	作り手	15
8338	便座	15
8339	俺	15
8340	催促	15
8341	先例	15
8342	先陣	15
8343	入植	15
8344	入港	15
8345	全室	15
8346	典子	15
8347	円周	15
8348	出鱈目	15
8349	初頭	15
8350	制覇	15
8351	前置き	15
8352	剣術	15
8353	半殺し	15
8354	単身	15
8355	博美	15
8356	原本	15
8357	取り立て	15
8358	受容	15
8359	口添え	15
8360	可視	15
8361	台北	15
8362	号外	15
8363	合点	15
8364	名作	15
8365	名高	15
8366	吟味	15
8367	吹く	15
8368	呼び止める	15
8369	唱歌	15
8370	堀田	15
8371	塚本	15
8372	夜	15
8373	大暴れ	15
8374	大柄	15
8375	大盛り	15
8376	大鹿	15
8377	天性	15
8378	失	15
8379	奮起	15
8380	子持ち	15
8381	定着	15
8382	家宝	15
8383	小心	15
8384	小汚い	15
8385	小沼	15
8386	工面	15
8387	巻く	15
8388	常套	15
8389	平日	15
8390	年鑑	15
8391	幸せ者	15
8392	弁論	15
8393	強豪	15
8394	後ろ盾	15
8395	後期	15
8396	心	15
8397	心情	15
8398	性悪	15
8399	愚者	15
8400	戒律	15
8401	戦火	15
8402	戸口	15
8403	戸締まり	15
8404	所業	15
8405	手懐ける	15
8406	手綱	15
8407	抑止	15
8408	折り	15
8409	持ち逃げ	15
8410	接地	15
8411	改名	15
8412	故人	15
8413	敬語	15
8414	数珠	15
8415	敵艦	15
8416	敵視	15
8417	断然	15
8418	新手	15
8419	新設	15
8420	於ける	15
8421	早送り	15
8422	暗視	15
8423	書置き	15
8424	最古	15
8425	有り難い	15
8426	有給	15
8427	木こり	15
8428	本職	15
8429	根元	15
8430	根回し	15
8431	検体	15
8432	構う	15
8433	欠場	15
8434	死守	15
8435	母乳	15
8436	比例	15
8437	気密	15
8438	水夫	15
8439	水筒	15
8440	決算	15
8441	決裂	15
8442	油井	15
8443	注視	15
8444	消え失せる	15
8445	火矢	15
8446	火遊び	15
8447	物静か	15
8448	特攻	15
8449	犬	15
8450	狽	15
8451	班	15
8452	生まれ変わり	15
8453	生気	15
8454	痛々しい	15
8455	発祥	15
8456	相乗り	15
8457	真後ろ	15
8458	矢代	15
8459	知力	15
8460	石板	15
8461	礼	15
8462	神戸	15
8463	私	15
8464	稟議	15
8465	積み込める	15
8466	空砲	15
8467	笑	15
8468	筋金	15
8469	糞女	15
8470	結界	15
8471	縫い合わせ	15
8472	繕	15
8473	繰り広げる	15
8474	義手	15
8475	老女	15
8476	背面	15
8477	能否	15
8478	脇線	15
8479	脈	15
8480	腹	15
8481	自叙	15
8482	自責	15
8483	興	15
8484	良江	15
8485	芸者	15
8486	草地	15
8487	荷車	15
8488	行き来	15
8489	行く末	15
8490	術師	15
8491	衣料	15
8492	西経	15
8493	見付かる	15
8494	見開	15
8495	親方	15
8496	触れ合	15
8497	言い当てる	15
8498	言い草	15
8499	話かける	15
8500	調印	15
8501	軽量	15
8502	送り込める	15
8503	通帳	15
8504	通風	15
8505	運勢	15
8506	達し	15
8507	適所	15
8508	金槌	15
8509	金沢	15
8510	金物	15
8511	防音	15
8512	際限	15
8513	離せる	15
8514	風向き	15
8515	風貌	15
8516	食後	15
8517	館長	15
8518	黙認	15
8519	あえぎ声	14
8520	あくび	14
8521	あっけない	14
8522	いたる所	14
8523	さしあたり	14
8524	ただ中	14
8525	アクシデント	14
8526	アタ	14
8527	アダルト	14
8528	アティカス	14
8529	アディオス	14
8530	アトロピン	14
8531	アナログ	14
8532	アパレル	14
8533	アプトン	14
8534	アムール	14
8535	アライ	14
8536	アルミニウム	14
8537	アレクサンドル	14
8538	アンクル	14
8539	アンコール	14
8540	アーケード	14
8541	アーニャ	14
8542	ウェン	14
8543	クロン	14
8544	ゴ	14
8545	サア	14
8546	サル	14
8547	チェコスロバキア	14
8548	テルアビブ	14
8549	デラウアー	14
8550	ナシ	14
8551	ニュニアス	14
8552	ヒ素	14
8553	ファイアント	14
8554	フォアグラ	14
8555	モアブ	14
8556	ライアー	14
8557	ラット	14
8558	リヴァイアサン	14
8559	ルアー	14
8560	ルナ	14
8561	レアック	14
8562	一々	14
8563	一人娘	14
8564	一人息子	14
8565	一大	14
8566	一端	14
8567	一騎	14
8568	不用	14
8569	両面	14
8570	中指	14
8571	中核	14
8572	主砲	14
8573	予め	14
8574	京子	14
8575	仕分ける	14
8576	他社	14
8577	代数	14
8578	件数	14
8579	伝送	14
8580	余程	14
8581	働き者	14
8582	先物	14
8583	全校	14
8584	共学	14
8585	内情	14
8586	内耳	14
8587	冥王	14
8588	前座	14
8589	前歯	14
8590	前部	14
8591	力持ち	14
8592	加重	14
8593	区分	14
8594	卒論	14
8595	取り外す	14
8596	取り消す	14
8597	口臭	14
8598	古来	14
8599	右上	14
8600	右目	14
8601	号泣	14
8602	同社	14
8603	名残	14
8604	名答	14
8605	向こう岸	14
8606	品行	14
8607	営倉	14
8608	園子	14
8609	在る	14
8610	地底	14
8611	塩分	14
8612	壊死	14
8613	声帯	14
8614	変えれる	14
8615	変電	14
8616	夕	14
8617	外泊	14
8618	多重	14
8619	大洋	14
8620	大田	14
8621	太い	14
8622	失速	14
8623	婚前	14
8624	存命	14
8625	安売り	14
8626	安達	14
8627	完結	14
8628	定数	14
8629	定規	14
8630	実例	14
8631	実名	14
8632	実演	14
8633	宮入り	14
8634	密造	14
8635	寛解	14
8636	対人	14
8637	対向	14
8638	尺度	14
8639	州法	14
8640	巡る	14
8641	工房	14
8642	帯	14
8643	帰路	14
8644	常々	14
8645	平らげる	14
8646	年数	14
8647	廃人	14
8648	廃業	14
8649	引っ越す	14
8650	引受け	14
8651	心身	14
8652	心電	14
8653	忍野	14
8654	忽然	14
8655	恒久	14
8656	悪運	14
8657	愛おしい	14
8658	憎む	14
8659	成す	14
8660	戦前	14
8661	戦況	14
8662	戦績	14
8663	打つ	14
8664	投函	14
8665	投合	14
8666	押し	14
8667	拾い上げる	14
8668	持論	14
8669	探究	14
8670	敗戦	14
8671	敬具	14
8672	整頓	14
8673	新間	14
8674	日月	14
8675	星章	14
8676	曲名	14
8677	最長	14
8678	有刺	14
8679	朝刊	14
8680	本望	14
8681	杉原	14
8682	条理	14
8683	東方	14
8684	果樹	14
8685	棄権	14
8686	検閲	14
8687	極楽	14
8688	榎木	14
8689	模造	14
8690	樹立	14
8691	機影	14
8692	残党	14
8693	段	14
8694	母体	14
8695	水位	14
8696	江戸	14
8697	決壊	14
8698	沢田	14
8699	法外	14
8700	流れ星	14
8701	海運	14
8702	海馬	14
8703	浸食	14
8704	清らか	14
8705	湘南	14
8706	満場	14
8707	演唱	14
8708	演繹	14
8709	無心	14
8710	無援	14
8711	熟女	14
8712	爪先	14
8713	牧子	14
8714	物色	14
8715	特効	14
8716	独善	14
8717	獄中	14
8718	獣	14
8719	王手	14
8720	生来	14
8721	由紀子	14
8722	疎外	14
8723	症例	14
8724	登記	14
8725	白川	14
8726	白鯨	14
8727	目新しい	14
8728	盲	14
8729	真っ向	14
8730	真似事	14
8731	短編	14
8732	石頭	14
8733	積み荷	14
8734	空席	14
8735	立会	14
8736	策謀	14
8737	算	14
8738	管	14
8739	級友	14
8740	組成	14
8741	結び目	14
8742	線香	14
8743	編入	14
8744	織物	14
8745	羅	14
8746	義眼	14
8747	義輝	14
8748	羽田	14
8749	考え事	14
8750	耳	14
8751	肝門	14
8752	臣民	14
8753	自画	14
8754	自習	14
8755	自負	14
8756	舞い降りる	14
8757	良質	14
8758	若々しい	14
8759	若気	14
8760	菌類	14
8761	落とし前	14
8762	薬	14
8763	蛇口	14
8764	蛋白	14
8765	血族	14
8766	行き場	14
8767	行き当たり	14
8768	裏表	14
8769	裏通り	14
8770	補欠	14
8771	西岸	14
8772	親しみ	14
8773	親睦	14
8774	観れる	14
8775	解錠	14
8776	言い合い	14
8777	詐称	14
8778	論外	14
8779	譜面	14
8780	貴公	14
8781	買物	14
8782	身軽	14
8783	近し	14
8784	近郊	14
8785	追手	14
8786	逃げ足	14
8787	逐一	14
8788	連打	14
8789	週末	14
8790	進み出る	14
8791	進撃	14
8792	逸	14
8793	都内	14
8794	酒	14
8795	酷評	14
8796	金欠	14
8797	金輪際	14
8798	金鉱	14
8799	釣り上げる	14
8800	鉄筋	14
8801	鍛治	14
8802	長々	14
8803	開設	14
8804	防壁	14
8805	隣り合わせ	14
8806	静観	14
8807	音色	14
8808	領空	14
8809	頭	14
8810	食人	14
8811	餃子	14
8812	馬主	14
8813	黒曜	14
8814	あす	13
8815	あっと	13
8816	あはは	13
8817	ありゃあ	13
8818	あれっ	13
8819	あわ	13
8820	あーら	13
8821	か〜	13
8822	つき	13
8823	はぁ	13
8824	りく	13
8825	アイク	13
8826	アカプルコ	13
8827	アキノ	13
8828	アストリア	13
8829	アスパラガス	13
8830	アナグマ	13
8831	アナトリー	13
8832	アミ	13
8833	アラル	13
8834	アリガトウ	13
8835	アルト	13
8836	アンモニア	13
8837	アンモニウム	13
8838	アーカム	13
8839	イノ	13
8840	ウィドモア	13
8841	カシ	13
8842	グアム	13
8843	シ	13
8844	シディアス	13
8845	スカンジナビア	13
8846	タレ	13
8847	トラ	13
8848	バリアー	13
8849	ヒア	13
8850	ファイアーウォール	13
8851	フアン	13
8852	フィルモア	13
8853	フォース	13
8854	ブエノスアイレス	13
8855	ホア	13
8856	ホイアン	13
8857	ボリビア	13
8858	ラク	13
8859	リアス	13
8860	リヤ	13
8861	レスビアン	13
8862	レノア	13
8863	ロン	13
8864	ロード	13
8865	一座	13
8866	一網	13
8867	三流	13
8868	上方	13
8869	不実	13
8870	不幸せ	13
8871	両腕	13
8872	中手	13
8873	乱入	13
8874	乳児	13
8875	予兆	13
8876	人差し	13
8877	今期	13
8878	仕事柄	13
8879	仕送り	13
8880	他愛	13
8881	仰天	13
8882	伊達	13
8883	休眠	13
8884	何せ	13
8885	作り物	13
8886	価	13
8887	信徒	13
8888	借り物	13
8889	倹約	13
8890	光明	13
8891	入局	13
8892	全隊	13
8893	共々	13
8894	共食い	13
8895	内線	13
8896	凍り	13
8897	分かち合える	13
8898	初恋	13
8899	制止	13
8900	創り上げる	13
8901	創出	13
8902	劇団	13
8903	加盟	13
8904	助太刀	13
8905	勅命	13
8906	化物	13
8907	南下	13
8908	南口	13
8909	博覧	13
8910	即応	13
8911	原田	13
8912	参政	13
8913	双生	13
8914	取り組み	13
8915	叩き	13
8916	只中	13
8917	各所	13
8918	否応	13
8919	吧	13
8920	含有	13
8921	味気	13
8922	呼びつけ	13
8923	嗅ぎ付ける	13
8924	器材	13
8925	国有	13
8926	土手	13
8927	均等	13
8928	外気	13
8929	夜会	13
8930	大きめ	13
8931	大それた	13
8932	大名	13
8933	大海	13
8934	大理	13
8935	大空	13
8936	大藪	13
8937	奈美	13
8938	好戦	13
8939	姉	13
8940	委	13
8941	威信	13
8942	子ブタ	13
8943	守	13
8944	定番	13
8945	家路	13
8946	寝言	13
8947	対談	13
8948	専	13
8949	尊師	13
8950	局所	13
8951	山中	13
8952	岩盤	13
8953	左	13
8954	帯域	13
8955	帰投	13
8956	平地	13
8957	平野	13
8958	年々	13
8959	店内	13
8960	廃屋	13
8961	引き合い	13
8962	引当	13
8963	引火	13
8964	弱音	13
8965	役得	13
8966	後手	13
8967	御所	13
8968	復	13
8969	微小	13
8970	必用	13
8971	応対	13
8972	念願	13
8973	思い入れ	13
8974	性	13
8975	意表	13
8976	愚行	13
8977	愛用	13
8978	感嘆	13
8979	慰安	13
8980	戦勝	13
8981	戦法	13
8982	戦犯	13
8983	戸越	13
8984	扇風	13
8985	手渡し	13
8986	手羽	13
8987	手話	13
8988	抽選	13
8989	持病	13
8990	捜し物	13
8991	接見	13
8992	掻き	13
8993	揉み	13
8994	換金	13
8995	放牧	13
8996	故殺	13
8997	救い主	13
8998	数多く	13
8999	新月	13
9000	旅立ち	13
9001	日取り	13
9002	日食	13
9003	旧知	13
9004	旧約	13
9005	明記	13
9006	映り	13
9007	普及	13
9008	暴挙	13
9009	書き上げる	13
9010	書店	13
9011	最早	13
9012	有る	13
9013	期末	13
9014	木っ端	13
9015	本田	13
9016	来店	13
9017	東経	13
9018	東陽	13
9019	根付	13
9020	根気	13
9021	極小	13
9022	横暴	13
9023	機転	13
9024	武勇	13
9025	死す	13
9026	残り物	13
9027	母音	13
9028	気体	13
9029	気合い	13
9030	気安い	13
9031	法定	13
9032	海	13
9033	消えかける	13
9034	消臭	13
9035	激情	13
9036	炭水	13
9037	無性	13
9038	無欠	13
9039	照	13
9040	爆死	13
9041	爱	13
9042	物品	13
9043	犬死	13
9044	理花	13
9045	由香	13
9046	疾風	13
9047	白目	13
9048	目論見	13
9049	直属	13
9050	直系	13
9051	眉間	13
9052	着心地	13
9053	短波	13
9054	石棺	13
9055	磁力	13
9056	種目	13
9057	種馬	13
9058	突っ立つ	13
9059	突発	13
9060	競り合い	13
9061	筆記	13
9062	築地	13
9063	篭	13
9064	細身	13
9065	置換える	13
9066	習性	13
9067	聞こえる	13
9068	肌身	13
9069	至上	13
9070	色素	13
9071	茶屋	13
9072	草食	13
9073	蛍火	13
9074	蜂起	13
9075	行き届	13
9076	表皮	13
9077	製材	13
9078	見聞き	13
9079	親善	13
9080	親近	13
9081	觉	13
9082	記名	13
9083	語彙	13
9084	課外	13
9085	調味	13
9086	論説	13
9087	讃美	13
9088	賞味	13
9089	起点	13
9090	足かせ	13
9091	転げる	13
9092	転げ落ちる	13
9093	転嫁	13
9094	転身	13
9095	还能	13
9096	退社	13
9097	送り込み	13
9098	通電	13
9099	過労	13
9100	部活	13
9101	酌量	13
9102	配合	13
9103	重犯	13
9104	野宿	13
9105	門番	13
9106	防具	13
9107	陣取	13
9108	陽光	13
9109	離反	13
9110	難局	13
9111	難航	13
9112	雨水	13
9113	零	13
9114	霊的	13
9115	面積	13
9116	靴屋	13
9117	願書	13
9118	風車	13
9119	飛来	13
9120	騒ぎ立つ	13
9121	高望み	13
9122	高架	13
9123	高給	13
9124	鳴	13
9125	あがり	12
9126	あっち側	12
9127	あの〜	12
9128	あぶ	12
9129	あぶる	12
9130	あやふや	12
9131	あらっ	12
9132	あらわれ	12
9133	いち	12
9134	かく乱	12
9135	か国	12
9136	こも	12
9137	さしあげる	12
9138	しかめっ面	12
9139	ずい分	12
9140	たき火	12
9141	だます	12
9142	む	12
9143	わ〜	12
9144	アウグストス	12
9145	アシュレイ	12
9146	アストラル	12
9147	アズ	12
9148	アセ	12
9149	アダ	12
9150	アナウンサー	12
9151	アハッ	12
9152	アバダ	12
9153	アブルーチ	12
9154	アボカド	12
9155	アラク	12
9156	アルゴス	12
9157	アルフ	12
9158	アレキサンドリア	12
9159	アンドラーシュ	12
9160	アーミー	12
9161	アーン	12
9162	アーント	12
9163	ウェアウルフ	12
9164	オセアニア	12
9165	キリ	12
9166	ケン	12
9167	サビ	12
9168	ジュリアス	12
9169	ソコ	12
9170	テディ	12
9171	トゥア	12
9172	トリ	12
9173	ナイ	12
9174	ニナ	12
9175	ピラニア	12
9176	フアレス	12
9177	フィアー	12
9178	フロンティア	12
9179	ペトロ	12
9180	マネット	12
9181	メアリ	12
9182	メモリアル	12
9183	ライジェリア	12
9184	一派	12
9185	一転	12
9186	上訴	12
9187	下女	12
9188	下調べ	12
9189	主教	12
9190	予習	12
9191	二流	12
9192	五島	12
9193	五感	12
9194	人型	12
9195	人嫌い	12
9196	人骨	12
9197	什	12
9198	仕上がり	12
9199	仮病	12
9200	伸	12
9201	体外	12
9202	体現	12
9203	体臭	12
9204	便乗	12
9205	修業	12
9206	値上がり	12
9207	値上げ	12
9208	元帳	12
9209	先発	12
9210	入館	12
9211	公害	12
9212	公道	12
9213	内外	12
9214	内定	12
9215	内政	12
9216	内科	12
9217	出入	12
9218	出合	12
9219	分かれ道	12
9220	分院	12
9221	利権	12
9222	前世	12
9223	前祝い	12
9224	割れ目	12
9225	加奈	12
9226	効き目	12
9227	医科	12
9228	半月	12
9229	反証	12
9230	取りやめる	12
9231	取り止め	12
9232	受動	12
9233	受胎	12
9234	右	12
9235	合せ	12
9236	同日	12
9237	同郷	12
9238	向かい側	12
9239	唤	12
9240	啊	12
9241	問い詰める	12
9242	嗅ぎ分ける	12
9243	器物	12
9244	器量	12
9245	回りくどい	12
9246	回廊	12
9247	回想	12
9248	回教	12
9249	国選	12
9250	土屋	12
9251	地殻	12
9252	地階	12
9253	壇上	12
9254	変り	12
9255	大小	12
9256	大業	12
9257	大賞	12
9258	大野	12
9259	天敵	12
9260	失言	12
9261	奔放	12
9262	如来	12
9263	学力	12
9264	安上がり	12
9265	安岡	12
9266	安野	12
9267	完	12
9268	宗臣	12
9269	定食	12
9270	客席	12
9271	客間	12
9272	家柄	12
9273	寝る	12
9274	導火	12
9275	小島	12
9276	小瓶	12
9277	小賢しい	12
9278	少なめ	12
9279	就算	12
9280	山奥	12
9281	岩石	12
9282	峰	12
9283	嶋田	12
9284	常勤	12
9285	年季	12
9286	広域	12
9287	引きこもり	12
9288	引き替え	12
9289	引取り	12
9290	当り前	12
9291	当家	12
9292	当座	12
9293	形勢	12
9294	往	12
9295	後進	12
9296	復学	12
9297	心外	12
9298	心音	12
9299	志向	12
9300	応報	12
9301	念力	12
9302	念頭	12
9303	恩師	12
9304	愛撫	12
9305	所帯	12
9306	手厚い	12
9307	手探り	12
9308	手筈	12
9309	手車	12
9310	手頃	12
9311	投手	12
9312	指標	12
9313	接戦	12
9314	携行	12
9315	支離	12
9316	教頭	12
9317	散	12
9318	数列	12
9319	文献	12
9320	新発田	12
9321	施術	12
9322	旋風	12
9323	時世	12
9324	時中	12
9325	最少	12
9326	月給	12
9327	末っ子	12
9328	本丸	12
9329	本分	12
9330	本拠	12
9331	本編	12
9332	柏木	12
9333	構図	12
9334	横行	12
9335	機知	12
9336	武運	12
9337	歯止め	12
9338	死に様	12
9339	死産	12
9340	気乗り	12
9341	気紛れ	12
9342	気道	12
9343	水力	12
9344	水域	12
9345	河川	12
9346	波形	12
9347	泣き	12
9348	浮く	12
9349	淋病	12
9350	深層	12
9351	深部	12
9352	演目	12
9353	演算	12
9354	激変	12
9355	瀬	12
9356	火種	12
9357	灰田	12
9358	炭化	12
9359	無惨	12
9360	無我	12
9361	無残	12
9362	照らし合わす	12
9363	熱病	12
9364	燻製	12
9365	物価	12
9366	狭間	12
9367	率先	12
9368	玉子	12
9369	現世	12
9370	現物	12
9371	理科	12
9372	瑠里子	12
9373	生き様	12
9374	生首	12
9375	用務	12
9376	界隈	12
9377	番手	12
9378	疑り深い	12
9379	病者	12
9380	痴話	12
9381	発情	12
9382	発病	12
9383	発給	12
9384	発育	12
9385	白日	12
9386	盗用	12
9387	盲人	12
9388	着く	12
9389	着想	12
9390	着物	12
9391	短所	12
9392	石打ち	12
9393	祭司	12
9394	禁制	12
9395	福岡	12
9396	空輸	12
9397	突き合う	12
9398	立ち話	12
9399	算出	12
9400	簡	12
9401	純平	12
9402	純然	12
9403	終日	12
9404	給付	12
9405	給食	12
9406	絶大	12
9407	縫製	12
9408	罰則	12
9409	耕治	12
9410	胸当て	12
9411	脆弱	12
9412	脳死	12
9413	腹話	12
9414	自傷	12
9415	色白	12
9416	華々しい	12
9417	葛原	12
9418	蓄音	12
9419	虫	12
9420	融解	12
9421	術後	12
9422	補習	12
9423	製油	12
9424	親交	12
9425	親身	12
9426	解禁	12
9427	言い値	12
9428	言い表す	12
9429	記章	12
9430	誘因	12
9431	説き伏せる	12
9432	論議	12
9433	謀反	12
9434	謀殺	12
9435	謀略	12
9436	豊作	12
9437	象牙	12
9438	象限	12
9439	財源	12
9440	貢ぎ物	12
9441	走り回る	12
9442	起因	12
9443	車掌	12
9444	転回	12
9445	転機	12
9446	軽度	12
9447	逆流	12
9448	逆立ち	12
9449	通り魔	12
9450	連勝	12
9451	連発	12
9452	道程	12
9453	遺留	12
9454	重点	12
9455	野伏	12
9456	量産	12
9457	金貸	12
9458	鉗子	12
9459	鋭利	12
9460	錬	12
9461	鎮火	12
9462	長	12
9463	長持ち	12
9464	長野	12
9465	開く	12
9466	集約	12
9467	音痴	12
9468	頃合	12
9469	頓着	12
9470	風切り	12
9471	食い違い	12
9472	飽和	12
9473	首位	12
9474	馬乗り	12
9475	高らか	12
9476	高地	12
9477	高騰	12
9478	９千	12
9479	あか	11
9480	あずける	11
9481	あべこべ	11
9482	あゆ	11
9483	うわ〜	11
9484	お主	11
9485	しかめ面	11
9486	つかの間	11
9487	なお	11
9488	やう	11
9489	アシスト	11
9490	アスコット	11
9491	アストロ	11
9492	アゼ	11
9493	アダムズ	11
9494	アテナ	11
9495	アドニス	11
9496	アドベンチャー	11
9497	アナキスト	11
9498	アナスタシア	11
9499	アナフィラキシー	11
9500	アニタ	11
9501	アフター	11
9502	アルディ	11
9503	アロハ	11
9504	アロンソ	11
9505	アンジェラス	11
9506	アンティ	11
9507	アンドレアス	11
9508	アースキン	11
9509	インデアン	11
9510	オアフ	11
9511	オセチア	11
9512	オフショア	11
9513	ガリア	11
9514	キン	11
9515	クリアー	11
9516	ジョサイア	11
9517	セント	11
9518	チャム	11
9519	ドラ	11
9520	ナイアガラ	11
9521	ネアンデルタール	11
9522	ノスタルジア	11
9523	バシ	11
9524	パイオニア	11
9525	フィア	11
9526	フオアン	11
9527	ブリアンナ	11
9528	ペディキュア	11
9529	ミュージアム	11
9530	メアド	11
9531	ラック	11
9532	レアリテ	11
9533	一下	11
9534	一句	11
9535	一押し	11
9536	一括	11
9537	一足	11
9538	一途	11
9539	上り	11
9540	下向き	11
9541	下界	11
9542	不同	11
9543	不敬	11
9544	世捨て	11
9545	両人	11
9546	主力	11
9547	主賓	11
9548	久富	11
9549	么	11
9550	乗り場	11
9551	乗り心地	11
9552	人混み	11
9553	仁義	11
9554	仕事先	11
9555	伝授	11
9556	併合	11
9557	使い古し	11
9558	僻地	11
9559	優遇	11
9560	先天	11
9561	先送り	11
9562	入賞	11
9563	全知	11
9564	公益	11
9565	公示	11
9566	公社	11
9567	共演	11
9568	内乱	11
9569	再起	11
9570	初戦	11
9571	初演	11
9572	利恵	11
9573	前倒し	11
9574	前年	11
9575	十二指腸	11
9576	半速	11
9577	卑下	11
9578	南天	11
9579	博打	11
9580	博識	11
9581	参入	11
9582	反吐	11
9583	収録	11
9584	取りあえず	11
9585	取扱い	11
9586	受け持ち	11
9587	受診	11
9588	古	11
9589	古株	11
9590	古着	11
9591	各人	11
9592	名所	11
9593	名曲	11
9594	吹き回し	11
9595	呪術	11
9596	呼び戻す	11
9597	呼気	11
9598	命日	11
9599	品切れ	11
9600	商標	11
9601	嘘つき	11
9602	回り込める	11
9603	回頭	11
9604	図体	11
9605	固体	11
9606	土木	11
9607	在地	11
9608	城塞	11
9609	墙之	11
9610	変圧	11
9611	外洋	11
9612	外道	11
9613	多々	11
9614	多種	11
9615	大々	11
9616	大作	11
9617	大儀	11
9618	大卒	11
9619	大層	11
9620	天志	11
9621	好感	11
9622	妖術	11
9623	婚外	11
9624	存亡	11
9625	安値	11
9626	安眠	11
9627	宗派	11
9628	対外	11
9629	小包み	11
9630	小手	11
9631	小松原	11
9632	小林	11
9633	小澤	11
9634	屁	11
9635	島々	11
9636	巡り合る	11
9637	巡業	11
9638	左下	11
9639	左目	11
9640	左門	11
9641	差し当たり	11
9642	差す	11
9643	平たい	11
9644	平坦	11
9645	平常	11
9646	幻化	11
9647	庁舎	11
9648	店番	11
9649	弓隊	11
9650	弾着	11
9651	当てつける	11
9652	後続	11
9653	後輩	11
9654	復号	11
9655	心因	11
9656	快調	11
9657	急務	11
9658	感化	11
9659	成り上がり	11
9660	成田	11
9661	戯れ言	11
9662	所用	11
9663	手厳しい	11
9664	手柔らか	11
9665	手管	11
9666	打	11
9667	披露目	11
9668	拾	11
9669	持ち出す	11
9670	持ち帰る	11
9671	振り付け	11
9672	振り向く	11
9673	損得	11
9674	撹乱	11
9675	教習	11
9676	散策	11
9677	旅路	11
9678	既成	11
9679	映し出る	11
9680	景品	11
9681	月並み	11
9682	月刊	11
9683	有史	11
9684	未決	11
9685	柳	11
9686	棄教	11
9687	検分	11
9688	横峯	11
9689	横転	11
9690	機銃	11
9691	欲情	11
9692	欲深	11
9693	歯並び	11
9694	死罪	11
9695	死臭	11
9696	殉死	11
9697	残量	11
9698	母性	11
9699	氏家	11
9700	気丈	11
9701	水牛	11
9702	氷	11
9703	汝	11
9704	波動	11
9705	泰葉	11
9706	洋美	11
9707	流浪	11
9708	流行り	11
9709	消印	11
9710	液	11
9711	添加	11
9712	清純	11
9713	渦中	11
9714	温水	11
9715	満州	11
9716	演歌	11
9717	激流	11
9718	点字	11
9719	無給	11
9720	熟成	11
9721	燿子	11
9722	片親	11
9723	牝馬	11
9724	物心	11
9725	特派	11
9726	特筆	11
9727	狂乱	11
9728	独	11
9729	猫	11
9730	王政	11
9731	现	11
9732	甘味	11
9733	生きれる	11
9734	生憎	11
9735	由美	11
9736	申し付け	11
9737	男手	11
9738	異物	11
9739	発声	11
9740	発汗	11
9741	白浜	11
9742	白馬	11
9743	盛り上がり	11
9744	目眩	11
9745	相殺	11
9746	真直ぐ	11
9747	眠気	11
9748	矛先	11
9749	知りあい	11
9750	石けん	11
9751	石像	11
9752	石垣	11
9753	砂	11
9754	破	11
9755	礼状	11
9756	神出	11
9757	神業	11
9758	秒速	11
9759	秘伝	11
9760	立入り	11
9761	符合	11
9762	筋力	11
9763	策士	11
9764	節度	11
9765	簿記	11
9766	素っ裸	11
9767	素振り	11
9768	素通り	11
9769	終始	11
9770	終業	11
9771	総裁	11
9772	線維	11
9773	罪	11
9774	義一	11
9775	聖子	11
9776	職	11
9777	育て上げる	11
9778	脳天	11
9779	自足	11
9780	色合い	11
9781	芸当	11
9782	苛立たしい	11
9783	華氏	11
9784	蓼	11
9785	薄情	11
9786	虚構	11
9787	行員	11
9788	行程	11
9789	街路	11
9790	裏地	11
9791	見せ物	11
9792	見定める	11
9793	親玉	11
9794	訃報	11
9795	訴状	11
9796	試算	11
9797	謎解き	11
9798	警棒	11
9799	详	11
9800	象形	11
9801	負	11
9802	起きれる	11
9803	趣向	11
9804	躍進	11
9805	身振り	11
9806	車屋	11
9807	軍国	11
9808	轟	11
9809	農	11
9810	近場	11
9811	造花	11
9812	遅番	11
9813	選任	11
9814	選曲	11
9815	部数	11
9816	重る	11
9817	金具	11
9818	金目	11
9819	鉄人	11
9820	鉱業	11
9821	鍵	11
9822	開腹	11
9823	開錠	11
9824	間者	11
9825	関税	11
9826	随時	11
9827	隷属	11
9828	雌馬	11
9829	雲	11
9830	青山	11
9831	面影	11
9832	音源	11
9833	順子	11
9834	順風	11
9835	領分	11
9836	顔合わせ	11
9837	顔向け	11
9838	風下	11
9839	飲む	11
9840	飼料	11
9841	首	11
9842	駅員	11
9843	駆け足	11
9844	騒然	11
9845	あきらか	10
9846	あご髭	10
9847	あたる	10
9848	あばら	10
9849	あらためて	10
9850	あらー	10
9851	あれれ	10
9852	が〜	10
9853	ぎゃあ	10
9854	けん引	10
9855	しゃあ	10
9856	たまり場	10
9857	つり上げ	10
9858	つ子	10
9859	はあ	10
9860	はぎ	10
9861	ばばあ	10
9862	み	10
9863	よっしゃあ	10
9864	んな	10
9865	アウレリオ	10
9866	アウン	10
9867	アコーディオン	10
9868	アナハイム	10
9869	アブネル	10
9870	アマデウス	10
9871	アミノ	10
9872	アメージング	10
9873	アルバス	10
9874	アルーラ	10
9875	アンズ	10
9876	アンフィリサイト	10
9877	アンヘウサー	10
9878	アーガス	10
9879	アーチェリー	10
9880	アーティファクト	10
9881	アーリン	10
9882	イト	10
9883	イースタシア	10
9884	エチオピア	10
9885	エビアン	10
9886	エロ本	10
9887	クアントニアム	10
9888	グルドゥア	10
9889	ケラ	10
9890	コンプライアンス	10
9891	サンクチュアリ	10
9892	シチリア	10
9893	シルビア	10
9894	スピア	10
9895	セントルシア	10
9896	ダック	10
9897	チュ	10
9898	デッド	10
9899	トライアングル	10
9900	ハイアライ	10
9901	バルボア	10
9902	バー	10
9903	ピアー	10
9904	ファイアンス	10
9905	リーク	10
9906	レる	10
9907	ロスアンゼルス	10
9908	一世	10
9909	一介	10
9910	一任	10
9911	一夫	10
9912	一所	10
9913	一泡	10
9914	一通り	10
9915	万物	10
9916	三百	10
9917	三重	10
9918	下剤	10
9919	下士	10
9920	下手くそ	10
9921	下請け	10
9922	不仲	10
9923	不凍	10
9924	不可抗	10
9925	不定	10
9926	不躾	10
9927	両性	10
9928	両舷	10
9929	丸々	10
9930	乱雑	10
9931	争える	10
9932	事典	10
9933	二、三	10
9934	五輪	10
9935	亜希子	10
9936	今野	10
9937	仕事帰り	10
9938	付与	10
9939	仮設	10
9940	伝令	10
9941	似る	10
9942	住み込み	10
9943	佐々木	10
9944	佐藤	10
9945	何方	10
9946	使い道	10
9947	便	10
9948	係留	10
9949	保湿	10
9950	健太	10
9951	優柔	10
9952	儲け話	10
9953	先遣	10
9954	光子	10
9955	入れ	10
9956	入れ替わり	10
9957	入行	10
9958	公営	10
9959	公布	10
9960	公明	10
9961	内膜	10
9962	凝結	10
9963	出直す	10
9964	分かり合える	10
9965	分け前	10
9966	分際	10
9967	切っ先	10
9968	前々	10
9969	前脚	10
9970	前腕	10
9971	剤	10
9972	効能	10
9973	動悸	10
9974	区間	10
9975	半蔵	10
9976	協和	10
9977	原型	10
9978	参上	10
9979	反面	10
9980	収支	10
9981	取りつけ	10
9982	取り外し	10
9983	取り次	10
9984	取戻	10
9985	受け売り	10
9986	受る	10
9987	召し物	10
9988	右下	10
9989	名物	10
9990	命題	10
9991	和美	10
9992	咳止め	10
9993	商法	10
9994	商社	10
9995	商船	10
9996	問える	10
9997	喚起	10
9998	囗	10
9999	土砂降り	10
10000	在り処	10
10001	地名	10
10002	地熱	10
10003	均一	10
10004	城之内	10
10005	塗り	10
10006	境地	10
10007	墨	10
10008	変容	10
10009	変性	10
10010	大掛かり	10
10011	大村	10
10012	大波	10
10013	大破	10
10014	大酒	10
10015	大麦	10
10016	奪回	10
10017	好	10
10018	妻殺し	10
10019	子爵	10
10020	学科	10
10021	学級	10
10022	安宿	10
10023	宗	10
10024	実り	10
10025	家長	10
10026	富む	10
10027	対地	10
10028	対米	10
10029	山道	10
10030	巡視	10
10031	工兵	10
10032	布陣	10
10033	帰化	10
10034	帰属	10
10035	幽体	10
10036	弊社	10
10037	引きとめる	10
10038	引き継げる	10
10039	引き裂ける	10
10040	当り	10
10041	待	10
10042	後々	10
10043	後ろ姿	10
10044	後先	10
10045	後味	10
10046	御者	10
10047	復員	10
10048	思い上がる	10
10049	恒星	10
10050	愛車	10
10051	愛馬	10
10052	感服	10
10053	懇親	10
10054	所轄	10
10055	手根	10
10056	手相	10
10057	手続	10
10058	手薄	10
10059	手近	10
10060	打者	10
10061	押す	10
10062	指骨	10
10063	採決	10
10064	摘み	10
10065	攪乱	10
10066	改正	10
10067	攻城	10
10068	放電	10
10069	教唆	10
10070	散る	10
10071	敵	10
10072	斑点	10
10073	方策	10
10074	旅先	10
10075	旅券	10
10076	日の目	10
10077	日夜	10
10078	早智子	10
10079	時効	10
10080	暗	10
10081	曜日	10
10082	書き直し	10
10083	曾祖母	10
10084	月末	10
10085	有数	10
10086	木登り	10
10087	東西	10
10088	枠組み	10
10089	柄	10
10090	検認	10
10091	業火	10
10092	楽章	10
10093	概算	10
10094	機種	10
10095	欠員	10
10096	次席	10
10097	欧米	10
10098	欲張	10
10099	歌姫	10
10100	歌子	10
10101	歌曲	10
10102	正大	10
10103	正攻	10
10104	武勲	10
10105	歩合	10
10106	歪曲	10
10107	母艦	10
10108	氏族	10
10109	気さく	10
10110	気化	10
10111	気配り	10
10112	水増し	10
10113	水底	10
10114	水温	10
10115	氷点	10
10116	沈着	10
10117	波乗り	10
10118	波打	10
10119	波野	10
10120	洗い流す	10
10121	深淵	10
10122	清廉	10
10123	温存	10
10124	湖水	10
10125	湾曲	10
10126	滑り台	10
10127	滑車	10
10128	漁村	10
10129	激務	10
10130	濫用	10
10131	点状	10
10132	無念	10
10133	無期	10
10134	無臭	10
10135	焦土	10
10136	照らす	10
10137	物書き	10
10138	特等	10
10139	独り者	10
10140	独力	10
10141	独習	10
10142	玉木	10
10143	瓜二つ	10
10144	生かす	10
10145	生き長らえる	10
10146	生粋	10
10147	産む	10
10148	産科	10
10149	田森	10
10150	異質	10
10151	痴情	10
10152	発振	10
10153	白色	10
10154	百科	10
10155	百聞	10
10156	目利き	10
10157	直射	10
10158	直訳	10
10159	看る	10
10160	真正	10
10161	着色	10
10162	瞭然	10
10163	矢村	10
10164	短小	10
10165	磐田	10
10166	神妙	10
10167	神官	10
10168	票決	10
10169	福島	10
10170	私語	10
10171	移譲	10
10172	積載	10
10173	空き巣	10
10174	空事	10
10175	突き立る	10
10176	立ち退く	10
10177	立地	10
10178	競り	10
10179	簡素	10
10180	純情	10
10181	純金	10
10182	紙面	10
10183	絆創	10
10184	経つ	10
10185	続々	10
10186	総て	10
10187	総代	10
10188	縫い付ける	10
10189	繋	10
10190	置いてきぼり	10
10191	署員	10
10192	翌年	10
10193	聖体	10
10194	背広	10
10195	能天気	10
10196	能率	10
10197	脱走	10
10198	色情	10
10199	苗	10
10200	茶飯	10
10201	菅原	10
10202	落し物	10
10203	蜃気	10
10204	行きずり	10
10205	行きつける	10
10206	裁ける	10
10207	裏目	10
10208	裏門	10
10209	製法	10
10210	西方	10
10211	西棟	10
10212	視える	10
10213	言道	10
10214	討ち死に	10
10215	評	10
10216	読み違える	10
10217	読心	10
10218	謀議	10
10219	議案	10
10220	責め立てる	10
10221	貴社	10
10222	買い取る	10
10223	賭け事	10
10224	走り書き	10
10225	足踏み	10
10226	踏み台	10
10227	身寄り	10
10228	身構え	10
10229	身震い	10
10230	車検	10
10231	軍師	10
10232	転居	10
10233	転生	10
10234	転貸	10
10235	返送	10
10236	速記	10
10237	造園	10
10238	逸話	10
10239	運航	10
10240	過食	10
10241	遠回し	10
10242	適者	10
10243	遺恨	10
10244	配膳	10
10245	酒気	10
10246	酷使	10
10247	野ネズミ	10
10248	野犬	10
10249	釣り合	10
10250	鉄則	10
10251	鉢植え	10
10252	銃	10
10253	鋳造	10
10254	鍛造	10
10255	鑑別	10
10256	開廷	10
10257	闘病	10
10258	队	10
10259	防毒	10
10260	降臨	10
10261	降雨	10
10262	随一	10
10263	隣接	10
10264	難関	10
10265	電柱	10
10266	震源	10
10267	静電	10
10268	面々	10
10269	韓流	10
10270	音節	10
10271	風力	10
10272	風穴	10
10273	食いしん坊	10
10274	食べ残し	10
10275	食用	10
10276	食費	10
10277	飯	10
10278	飯田	10
10279	餞別	10
10280	首領	10
10281	駄作	10
10282	騙す	10
10283	高原	10
10284	高尾	10
10285	黒	10
10286	１千	10
10287	あがき	9
10288	あのぉ	9
10289	あひる	9
10290	いがむ	9
10291	いや〜	9
10292	え〜と	9
10293	かな	9
10294	け	9
10295	ささやき声	9
10296	ぜ	9
10297	そこ	9
10298	つなぎ合わす	9
10299	ど田舎	9
10300	ねじ曲げる	9
10301	ぶつかる	9
10302	まかる	9
10303	みんな	9
10304	われ	9
10305	アイーシャ	9
10306	アウトドア	9
10307	アクティベーション	9
10308	アクロバット	9
10309	アコスタ	9
10310	アサルト	9
10311	アサン	9
10312	アザゼル	9
10313	アスベスト	9
10314	アップタウン	9
10315	アネット	9
10316	アラカ	9
10317	アルスター	9
10318	アルバニー	9
10319	アルビ	9
10320	アルメン	9
10321	アルレルト	9
10322	アンカレッジ	9
10323	アンゴラ	9
10324	アンドラ	9
10325	アンフィトリオン	9
10326	イエ	9
10327	イン	9
10328	エグゼ	9
10329	エゴ	9
10330	エリノア	9
10331	ガルガンチュア	9
10332	キャシア	9
10333	クリスピアン	9
10334	グラビア	9
10335	グル	9
10336	ケンカ	9
10337	ジェルス	9
10338	ジャイアント	9
10339	ジョージアナ	9
10340	スピリチュアル	9
10341	スン	9
10342	セコイア	9
10343	タグ	9
10344	タニア	9
10345	チュニジア	9
10346	デア	9
10347	ドラッグストア	9
10348	ドーア	9
10349	ナアスコブ	9
10350	ニー	9
10351	バイアス	9
10352	バルチモア	9
10353	パア	9
10354	ヒートアップ	9
10355	ピアニスト	9
10356	フェイス	9
10357	フローリアン	9
10358	ブッ	9
10359	ベアトリックス	9
10360	ベリー	9
10361	ホアキン	9
10362	ホイット	9
10363	ミステリアス	9
10364	メソポタミア	9
10365	ユーラシア	9
10366	ヨ	9
10367	ラス	9
10368	ラトビア	9
10369	ラー	9
10370	ルシアス	9
10371	一婦	9
10372	三千	9
10373	上京	9
10374	上告	9
10375	上場	9
10376	上記	9
10377	上顎	9
10378	不作	9
10379	不和	9
10380	不憫	9
10381	不手際	9
10382	不覚	9
10383	与信	9
10384	与太話	9
10385	个	9
10386	中将	9
10387	中期	9
10388	中流	9
10389	中野	9
10390	主旨	9
10391	乗っける	9
10392	予断	9
10393	五体	9
10394	井	9
10395	井伊	9
10396	交互	9
10397	交付	9
10398	人夫	9
10399	人為	9
10400	仕度	9
10401	仕立て上げる	9
10402	付加	9
10403	付添い	9
10404	代々木	9
10405	仰々しい	9
10406	件名	9
10407	休みなし	9
10408	休廷	9
10409	会う	9
10410	会館	9
10411	位相	9
10412	佐保	9
10413	体形	9
10414	何曜	9
10415	余白	9
10416	作り出す	9
10417	借主	9
10418	借用	9
10419	傘下	9
10420	元祖	9
10421	先妻	9
10422	先駆ける	9
10423	党首	9
10424	入城	9
10425	全寮	9
10426	全弾	9
10427	全馬	9
10428	八千	9
10429	公会	9
10430	公私	9
10431	公言	9
10432	共闘	9
10433	共食	9
10434	内偵	9
10435	内示	9
10436	再犯	9
10437	冠状	9
10438	出す	9
10439	出入国	9
10440	出来たて	9
10441	出物	9
10442	切り株	9
10443	初回	9
10444	別格	9
10445	利き手	9
10446	制定	9
10447	刺身	9
10448	前職	9
10449	前足	9
10450	前輪	9
10451	剣先	9
10452	力添え	9
10453	动	9
10454	助命	9
10455	勅令	9
10456	務	9
10457	勝ち得る	9
10458	勝ち組	9
10459	勤続	9
10460	区切り	9
10461	半裸	9
10462	南端	9
10463	原産	9
10464	原発	9
10465	原野	9
10466	受けとめる	9
10467	叙事	9
10468	口づけ	9
10469	口付け	9
10470	口輪	9
10471	召しあがる	9
10472	合コン	9
10473	向い	9
10474	呆然	9
10475	商工	9
10476	商用	9
10477	回遊	9
10478	国交	9
10479	土日	9
10480	土豚	9
10481	地べた	9
10482	型	9
10483	堂	9
10484	堤防	9
10485	塩基	9
10486	墓標	9
10487	売上げ	9
10488	変る	9
10489	夏	9
10490	外皮	9
10491	外装	9
10492	多彩	9
10493	多角	9
10494	大友	9
10495	大損	9
10496	大泣き	9
10497	大漁	9
10498	天竺	9
10499	奥村	9
10500	女心	9
10501	好評	9
10502	始発	9
10503	娼館	9
10504	子ネコ	9
10505	学食	9
10506	孫息子	9
10507	安西	9
10508	安酒	9
10509	完済	9
10510	定員	9
10511	実存	9
10512	客船	9
10513	室井	9
10514	小っちゃい	9
10515	小数	9
10516	小路	9
10517	屈指	9
10518	岩塩	9
10519	岩礁	9
10520	島民	9
10521	川口	9
10522	川岸	9
10523	川底	9
10524	巡航	9
10525	左上	9
10526	差	9
10527	差し止め	9
10528	帝政	9
10529	帰省	9
10530	平壌	9
10531	年明け	9
10532	幾多	9
10533	広々	9
10534	度合い	9
10535	开始	9
10536	引き下げ	9
10537	引き際	9
10538	引出し	9
10539	張り合い	9
10540	当てずっぽう	9
10541	当夜	9
10542	形容	9
10543	影武者	9
10544	律法	9
10545	後ろ手	9
10546	後光	9
10547	得る	9
10548	御	9
10549	微分	9
10550	急便	9
10551	急遽	9
10552	情況	9
10553	戌井	9
10554	成層	9
10555	成形	9
10556	戦意	9
10557	戦慄	9
10558	所望	9
10559	所謂	9
10560	手斧	9
10561	手軽	9
10562	投石	9
10563	抜ける	9
10564	持ちきり	9
10565	指向	9
10566	指折り	9
10567	振る	9
10568	捧げ物	9
10569	授賞	9
10570	掌	9
10571	探し当てる	9
10572	推察	9
10573	掻き立つ	9
10574	放し飼い	9
10575	整合	9
10576	整数	9
10577	文言	9
10578	文面	9
10579	新着	9
10580	方正	9
10581	日和見	9
10582	日雇い	9
10583	早番	9
10584	早足	9
10585	昆布	9
10586	昇天	9
10587	明察	9
10588	星占い	9
10589	昭一	9
10590	時事	9
10591	晃	9
10592	晴天	9
10593	有線	9
10594	服部	9
10595	未	9
10596	本場	9
10597	材質	9
10598	東棟	9
10599	枕元	9
10600	校正	9
10601	样子	9
10602	根深	9
10603	格上	9
10604	格安	9
10605	森崎	9
10606	棲家	9
10607	検屍	9
10608	極	9
10609	極力	9
10610	様態	9
10611	標高	9
10612	模写	9
10613	横たえる	9
10614	樹木	9
10615	正教	9
10616	正月	9
10617	残金	9
10618	毎夜	9
10619	気づく	9
10620	気兼ね	9
10621	水口	9
10622	水場	9
10623	水色	9
10624	水辺	9
10625	油田	9
10626	沿い	9
10627	法科	9
10628	波風	9
10629	洞	9
10630	流し台	9
10631	流れ弾	9
10632	消し去る	9
10633	深紅	9
10634	深遠	9
10635	潮流	9
10636	火元	9
10637	点取り	9
10638	無勢	9
10639	無精	9
10640	無辜	9
10641	焼き付	9
10642	熱波	9
10643	父子	9
10644	父母	9
10645	牡馬	9
10646	物流	9
10647	物覚え	9
10648	牽制	9
10649	王立	9
10650	現況	9
10651	環菜	9
10652	生卵	9
10653	生姜	9
10654	用命	9
10655	用度	9
10656	男物	9
10657	男色	9
10658	画鋲	9
10659	略式	9
10660	番兵	9
10661	番長	9
10662	異色	9
10663	病める	9
10664	発現	9
10665	白子	9
10666	白線	9
10667	盗作	9
10668	目の敵	9
10669	相子	9
10670	省ける	9
10671	真っ平	9
10672	真向かい	9
10673	眼科	9
10674	着眼	9
10675	矢先	9
10676	神々しい	9
10677	神学	9
10678	私設	9
10679	秘策	9
10680	秘術	9
10681	稀少	9
10682	種付け	9
10683	空室	9
10684	突風	9
10685	立ち聞き	9
10686	立ち退き	9
10687	算段	9
10688	累	9
10689	結膜	9
10690	絵	9
10691	絵具	9
10692	絶世	9
10693	絶交	9
10694	続出	9
10695	罰当たり	9
10696	美化	9
10697	美春	9
10698	美男	9
10699	美香	9
10700	習わし	9
10701	胎内	9
10702	腫れる	9
10703	腸間	9
10704	膠着	9
10705	自伝	9
10706	自室	9
10707	自腹	9
10708	自重	9
10709	舌	9
10710	航跡	9
10711	船隊	9
10712	苛立ち	9
10713	若手	9
10714	荒立つ	9
10715	荒馬	9
10716	落選	9
10717	落馬	9
10718	著書	9
10719	董	9
10720	蔵書	9
10721	薬学	9
10722	薬指	9
10723	行内	9
10724	行商	9
10725	術式	9
10726	袋	9
10727	被写	9
10728	裸体	9
10729	見合わせ	9
10730	見境	9
10731	見張り	9
10732	見積もり	9
10733	見習う	9
10734	視	9
10735	託児	9
10736	訴因	9
10737	語り手	9
10738	語源	9
10739	議場	9
10740	財力	9
10741	貴	9
10742	貸付	9
10743	賢人	9
10744	起こり	9
10745	足がかり	9
10746	身障	9
10747	車列	9
10748	転任	9
10749	転入	9
10750	輸出入	9
10751	退化	9
10752	送り先	9
10753	逐次	9
10754	通ずる	9
10755	通学	9
10756	通関	9
10757	速達	9
10758	過言	9
10759	遠路	9
10760	都度	9
10761	重い	9
10762	重苦しい	9
10763	野平	9
10764	鉄分	9
10765	鍛え上げる	9
10766	長話	9
10767	門違い	9
10768	開門	9
10769	陰口	9
10770	陸橋	9
10771	陽子	9
10772	隆博	9
10773	隆起	9
10774	雁門	9
10775	集大成	9
10776	集積	9
10777	離ればなれ	9
10778	離散	9
10779	難産	9
10780	青木ヶ原	9
10781	頑強	9
10782	頭数	9
10783	頸部	9
10784	額面	9
10785	顕示	9
10786	風上	9
10787	風鈴	9
10788	飛び乗る	9
10789	飛び立つ	9
10790	飲み食い	9
10791	養女	9
10792	骨折	9
10793	高位	9
10794	高尚	9
10795	黒死	9
10796	ああー	8
10797	あき	8
10798	あさ	8
10799	あだ	8
10800	あっぱれ	8
10801	あーっと	8
10802	お伽話	8
10803	かけ離れる	8
10804	くっ	8
10805	ぐわあ	8
10806	すぐ	8
10807	ち	8
10808	っす	8
10809	つきあわす	8
10810	つき合い	8
10811	つめる	8
10812	で〜	8
10813	ひき	8
10814	ふー	8
10815	ぶっ続け	8
10816	ぶっ通し	8
10817	むさぼる	8
10818	アイライナー	8
10819	アウトロー	8
10820	アステカ	8
10821	アセトン	8
10822	アゾグ	8
10823	アタッカー	8
10824	アッバース	8
10825	アツアツ	8
10826	アデム	8
10827	アトランティス	8
10828	アハハハハ	8
10829	アブドラ	8
10830	アモン	8
10831	アヤトラ	8
10832	アラム	8
10833	アルカビーリ	8
10834	アルター	8
10835	アルテア	8
10836	アルテミシア	8
10837	アルビノ	8
10838	アンケート	8
10839	アンジェリカ	8
10840	アントワープ	8
10841	アンドルー	8
10842	アンニョンハセヨ	8
10843	アーセナル	8
10844	ウルフ	8
10845	エアウェイズ	8
10846	エラ	8
10847	カリビアン	8
10848	ガーディ	8
10849	キア	8
10850	クア	8
10851	ゲル	8
10852	コ	8
10853	コス	8
10854	コロシアム	8
10855	コーアリシャン	8
10856	ゴリアテ	8
10857	シリアス	8
10858	ジ	8
10859	ジアン	8
10860	スペルツア	8
10861	スロバキア	8
10862	セキュア	8
10863	セビリア	8
10864	ソー	8
10865	ダス	8
10866	ダメ	8
10867	ダルタニアン	8
10868	ダービ	8
10869	デュアル	8
10870	デル	8
10871	ハラジ	8
10872	ビジュアル	8
10873	ピアソン	8
10874	フィニ	8
10875	フランソア	8
10876	ブリリアント	8
10877	プレミアム	8
10878	ベルフルーア	8
10879	ボルト	8
10880	マルシア	8
10881	ミニチュア	8
10882	ヨウ素	8
10883	ラインアップ	8
10884	リュ	8
10885	ヾワ	8
10886	一人占め	8
10887	一動	8
10888	一報	8
10889	一物	8
10890	一睡	8
10891	一群	8
10892	七	8
10893	上り詰める	8
10894	上向き	8
10895	上役	8
10896	下衆	8
10897	不届き	8
10898	世帯	8
10899	両眼	8
10900	主将	8
10901	久利	8
10902	乗り手	8
10903	乙女座	8
10904	乱痴気	8
10905	乳母車	8
10906	予	8
10907	二言	8
10908	交点	8
10909	人通り	8
10910	仆人	8
10911	付合	8
10912	代打	8
10913	仮名	8
10914	仮死	8
10915	休学	8
10916	低音	8
10917	佐吉	8
10918	体位	8
10919	作りあげる	8
10920	你在	8
10921	你身	8
10922	使節	8
10923	侍女	8
10924	供物	8
10925	係長	8
10926	信じこむ	8
10927	信ぴょう	8
10928	信玄	8
10929	信金	8
10930	借り手	8
10931	借入	8
10932	優生	8
10933	優越	8
10934	元手	8
10935	先っぽ	8
10936	先人	8
10937	先走り	8
10938	光る	8
10939	入れ物	8
10940	入荷	8
10941	全壊	8
10942	全船	8
10943	全長	8
10944	八木	8
10945	公人	8
10946	公使	8
10947	兵営	8
10948	内国	8
10949	内海	8
10950	再三	8
10951	再燃	8
10952	写本	8
10953	冬休み	8
10954	凍え死	8
10955	凵	8
10956	出し物	8
10957	出火	8
10958	分光	8
10959	分遣	8
10960	切り取り	8
10961	切れ味	8
10962	初日の出	8
10963	利他	8
10964	刺す	8
10965	前期	8
10966	創世	8
10967	加算	8
10968	勝手口	8
10969	勾配	8
10970	升	8
10971	半減	8
10972	危急	8
10973	取っ手	8
10974	取り合い	8
10975	取り囲める	8
10976	取り壊し	8
10977	受注	8
10978	受諾	8
10979	口うるさい	8
10980	口利き	8
10981	口説く	8
10982	可愛子	8
10983	台座	8
10984	号	8
10985	同義	8
10986	名優	8
10987	名画	8
10988	吗	8
10989	吹き付け	8
10990	吹奏	8
10991	呑気	8
10992	呼び捨て	8
10993	品格	8
10994	唖然	8
10995	喜代子	8
10996	噴気	8
10997	四谷	8
10998	回顧	8
10999	固形	8
11000	土産物	8
11001	在処	8
11002	在籍	8
11003	在職	8
11004	地検	8
11005	堆積	8
11006	墓	8
11007	墓参り	8
11008	声音	8
11009	変調	8
11010	外野	8
11011	大がかり	8
11012	大もうけ	8
11013	大塚	8
11014	大奥	8
11015	大嵐	8
11016	大恥	8
11017	大敵	8
11018	大穴	8
11019	大耳	8
11020	大腸	8
11021	大輔	8
11022	天狗	8
11023	天秤	8
11024	奪い取る	8
11025	奮発	8
11026	女のコ	8
11027	学芸	8
11028	安らげる	8
11029	安保	8
11030	宝町	8
11031	実技	8
11032	実直	8
11033	実装	8
11034	家訓	8
11035	寄せ付ける	8
11036	密通	8
11037	寝付ける	8
11038	寝間着	8
11039	寝食	8
11040	寮母	8
11041	専業	8
11042	小うるさい	8
11043	小山	8
11044	小箱	8
11045	少	8
11046	就業	8
11047	就能	8
11048	局外	8
11049	山口	8
11050	岡田	8
11051	岩殿	8
11052	川村	8
11053	州道	8
11054	巡り合わせ	8
11055	左様	8
11056	巨体	8
11057	巻き付け	8
11058	帳	8
11059	年俸	8
11060	年内	8
11061	年次	8
11062	幼年	8
11063	広まり	8
11064	広東	8
11065	広範	8
11066	庭仕事	8
11067	建て直し	8
11068	开	8
11069	弓	8
11070	当てはめる	8
11071	当て付け	8
11072	当人	8
11073	従属	8
11074	御子	8
11075	心神	8
11076	心象	8
11077	急病	8
11078	恐	8
11079	息女	8
11080	情状	8
11081	意見	8
11082	慣れる	8
11083	戦乱	8
11084	戸外	8
11085	手こずる	8
11086	手だて	8
11087	手堅い	8
11088	投ずる	8
11089	投錨	8
11090	折り目	8
11091	抱き上げる	8
11092	拒食	8
11093	持主	8
11094	持込る	8
11095	掛け合わせ	8
11096	接吻	8
11097	推す	8
11098	推量	8
11099	提唱	8
11100	揺り	8
11101	摂食	8
11102	摩天	8
11103	摺	8
11104	政略	8
11105	教祖	8
11106	文脈	8
11107	断続	8
11108	新興	8
11109	旋律	8
11110	旗下	8
11111	旗艦	8
11112	无	8
11113	日当	8
11114	日当たり	8
11115	日本橋	8
11116	旦那	8
11117	昌	8
11118	明治	8
11119	明言	8
11120	易々	8
11121	映え	8
11122	時枝	8
11123	曲がり	8
11124	更年	8
11125	書きとめる	8
11126	書庫	8
11127	最寄	8
11128	月夜	8
11129	月明かり	8
11130	有価	8
11131	有限	8
11132	有頂天	8
11133	朝方	8
11134	未開	8
11135	本隊	8
11136	来賓	8
11137	東北	8
11138	東大	8
11139	東門	8
11140	果然	8
11141	柴田	8
11142	栄華	8
11143	校則	8
11144	楠本	8
11145	楽々	8
11146	概略	8
11147	欠航	8
11148	歌唱	8
11149	毅然	8
11150	母娘	8
11151	母子	8
11152	比べ物	8
11153	気概	8
11154	気筒	8
11155	水切り	8
11156	汚水	8
11157	江ノ島	8
11158	決起	8
11159	河野	8
11160	泉谷	8
11161	法度	8
11162	法規	8
11163	泡立	8
11164	泡風呂	8
11165	活ける	8
11166	流れ落ちる	8
11167	流域	8
11168	浩太	8
11169	浸入	8
11170	淡水	8
11171	混線	8
11172	清々	8
11173	減点	8
11174	渡る	8
11175	温和	8
11176	温情	8
11177	湧く	8
11178	溺愛	8
11179	滝田	8
11180	濁	8
11181	濾過	8
11182	火中	8
11183	火急	8
11184	火消し	8
11185	点差	8
11186	無私	8
11187	無稽	8
11188	無粋	8
11189	熊手	8
11190	燭台	8
11191	父	8
11192	父神	8
11193	片時	8
11194	片田舎	8
11195	物議	8
11196	特例	8
11197	特選	8
11198	玉三郎	8
11199	王道	8
11200	現職	8
11201	理系	8
11202	生ぬるい	8
11203	生まれる	8
11204	生れ	8
11205	生易しい	8
11206	生業	8
11207	生肉	8
11208	産み	8
11209	産駒	8
11210	用向き	8
11211	由緒	8
11212	町人	8
11213	町内	8
11214	町田	8
11215	略語	8
11216	病名	8
11217	病変	8
11218	痛風	8
11219	癒着	8
11220	発足	8
11221	皇居	8
11222	皇族	8
11223	目付け	8
11224	目先	8
11225	目白	8
11226	盲信	8
11227	直球	8
11228	直立	8
11229	直腸	8
11230	直通	8
11231	看取	8
11232	着工	8
11233	着目	8
11234	石膏	8
11235	砂利道	8
11236	社宅	8
11237	税理	8
11238	空き缶	8
11239	空冷	8
11240	空家	8
11241	空論	8
11242	立ち込める	8
11243	立て直し	8
11244	立会い	8
11245	立川	8
11246	端子	8
11247	笑い	8
11248	筆	8
11249	等々	8
11250	納品	8
11251	納期	8
11252	索引	8
11253	組み合わす	8
11254	組合せ	8
11255	絶体	8
11256	置き土産	8
11257	署	8
11258	羊	8
11259	美佳	8
11260	美寿々	8
11261	美点	8
11262	義彦	8
11263	習う	8
11264	耐火	8
11265	聞きつける	8
11266	聞き捨て	8
11267	背丈	8
11268	能見	8
11269	膨れる	8
11270	臨戦	8
11271	自前	8
11272	自律	8
11273	至高	8
11274	興ずる	8
11275	色恋	8
11276	芋	8
11277	芝居	8
11278	花田	8
11279	若葉	8
11280	苦行	8
11281	英徳	8
11282	荷作り	8
11283	薬理	8
11284	薬用	8
11285	藍	8
11286	虚言	8
11287	蛮行	8
11288	血の気	8
11289	行間	8
11290	表題	8
11291	裁決	8
11292	補	8
11293	補導	8
11294	製鉄	8
11295	角	8
11296	設営	8
11297	試写	8
11298	試用	8
11299	読唇	8
11300	謹力	8
11301	警鐘	8
11302	谷底	8
11303	負け戦	8
11304	貴国	8
11305	買い受ける	8
11306	貸	8
11307	赤点	8
11308	路頭	8
11309	車外	8
11310	転用	8
11311	轢く	8
11312	追い風	8
11313	退路	8
11314	送り返す	8
11315	送付	8
11316	送別	8
11317	逆	8
11318	逆手	8
11319	透過	8
11320	速め	8
11321	速球	8
11322	造反	8
11323	連射	8
11324	進呈	8
11325	進攻	8
11326	進航	8
11327	逸品	8
11328	遊説	8
11329	運賃	8
11330	遍	8
11331	適役	8
11332	選りすぐり	8
11333	遺失	8
11334	配当	8
11335	配役	8
11336	配電	8
11337	重責	8
11338	野牛	8
11339	金ピカ	8
11340	金閣	8
11341	鉄棒	8
11342	銃座	8
11343	長子	8
11344	長身	8
11345	門出	8
11346	門前	8
11347	門戸	8
11348	開会	8
11349	間取り	8
11350	防災	8
11351	防諜	8
11352	陸将	8
11353	陸運	8
11354	際どい	8
11355	隠し子	8
11356	隠語	8
11357	难民	8
11358	難点	8
11359	雲行き	8
11360	零下	8
11361	電光	8
11362	面子	8
11363	面通し	8
11364	風前	8
11365	風変り	8
11366	風邪薬	8
11367	飲み水	8
11368	飾り立て	8
11369	香料	8
11370	馬上	8
11371	高倉	8
11372	高跳び	8
11373	鬱病	8
11374	鳥	8
11375	鼻先	8
11376	齔	8
11377	あかし	7
11378	あがる	7
11379	あてつける	7
11380	あのぅ	7
11381	あま	7
11382	あめ	7
11383	あららら	7
11384	あわわ	7
11385	ええ	7
11386	おもちゃ屋	7
11387	かき分ける	7
11388	かき立てる	7
11389	くぼ地	7
11390	さ〜ん	7
11391	さき	7
11392	さけ	7
11393	じゃれる	7
11394	そば	7
11395	たたき	7
11396	たたき上げ	7
11397	たち	7
11398	たとえ話	7
11399	ちょ	7
11400	つまみ食い	7
11401	なあなあ	7
11402	なぶり殺し	7
11403	ねつ造	7
11404	は〜い	7
11405	ぶち	7
11406	もてる	7
11407	やああ	7
11408	アィオー	7
11409	アイスマン	7
11410	アイズリー	7
11411	アイソ	7
11412	アイデンティティー	7
11413	アイバー	7
11414	アウディ	7
11415	アクメ	7
11416	アサ	7
11417	アザレロ	7
11418	アシュレー	7
11419	アジサイ	7
11420	アジソン	7
11421	アック	7
11422	アティウス	7
11423	アティナ	7
11424	アヌビス	7
11425	アノ	7
11426	アブナイ	7
11427	アブミ	7
11428	アムピアラー	7
11429	アユタヤ	7
11430	アラジン	7
11431	アラメダ	7
11432	アララ	7
11433	アリアナ	7
11434	アリストテレス	7
11435	アルゴ	7
11436	アルサス	7
11437	アルベルト	7
11438	アル・カイーダ	7
11439	アレー	7
11440	アワード	7
11441	アンガス	7
11442	アンダルシア	7
11443	アンチョビ	7
11444	アンドー	7
11445	アーウィン	7
11446	アーチボルド	7
11447	アーツ	7
11448	アーディレス	7
11449	アーバー	7
11450	アーミン	7
11451	イェ	7
11452	イヤ	7
11453	イヨ	7
11454	インペリアル	7
11455	ウィリアムズバーグ	7
11456	ウルグアイ	7
11457	オスギリアス	7
11458	カシオペア	7
11459	カルリジアン	7
11460	キュア	7
11461	キーラ	7
11462	クソ	7
11463	グアアア	7
11464	グィネビア	7
11465	ケ	7
11466	コット	7
11467	サディ	7
11468	サード	7
11469	シナ	7
11470	ジェレマイア	7
11471	ジュスティニアニ	7
11472	ステア	7
11473	スミア	7
11474	タティアナ	7
11475	チ	7
11476	ティフ	7
11477	トリアージ	7
11478	ナイメリア	7
11479	ニカラグア	7
11480	ニュアンス	7
11481	ハアハア	7
11482	ハム	7
11483	パパ	7
11484	パロアルト	7
11485	パート	7
11486	フェビアン	7
11487	フッ化	7
11488	フロ	7
11489	ベアリング	7
11490	ポケ	7
11491	マクシミリアン	7
11492	マッキンタイア	7
11493	マッド	7
11494	ミリア	7
11495	モー	7
11496	ユウ	7
11497	リック	7
11498	リニューアル	7
11499	リー	7
11500	ロザ	7
11501	ヲ	7
11502	ヵ国	7
11503	一倍	7
11504	一向	7
11505	一声	7
11506	一存	7
11507	一瞥	7
11508	一触	7
11509	一身	7
11510	一過	7
11511	丁場	7
11512	万里	7
11513	三宿	7
11514	上前	7
11515	上向	7
11516	上客	7
11517	上納	7
11518	下ろし	7
11519	下ネタ	7
11520	下働き	7
11521	下記	7
11522	下達	7
11523	不動	7
11524	不耐	7
11525	不落	7
11526	不詳	7
11527	世継ぎ	7
11528	両生	7
11529	並木	7
11530	並走	7
11531	中座	7
11532	中田	7
11533	丶手	7
11534	乗り降り	7
11535	予後	7
11536	事足りる	7
11537	二人組	7
11538	二塁	7
11539	人称	7
11540	人聞き	7
11541	人騒がせ	7
11542	付け替え	7
11543	代官山	7
11544	代払	7
11545	伊豆	7
11546	休会	7
11547	休校	7
11548	低位	7
11549	低能	7
11550	低速	7
11551	体当たり	7
11552	余力	7
11553	作り事	7
11554	併用	7
11555	供え	7
11556	供え物	7
11557	保母	7
11558	借家	7
11559	値下げ	7
11560	倫子	7
11561	做	7
11562	側	7
11563	元来	7
11564	先取り	7
11565	先客	7
11566	光永	7
11567	光熱	7
11568	入信	7
11569	入出国	7
11570	入店	7
11571	入管	7
11572	全周	7
11573	全快	7
11574	八重歯	7
11575	六十	7
11576	兵員	7
11577	再戦	7
11578	冥界	7
11579	冷水	7
11580	出処	7
11581	出店	7
11582	刀	7
11583	分位	7
11584	切り開ける	7
11585	切実	7
11586	初動	7
11587	別状	7
11588	前庭	7
11589	前髪	7
11590	剖検	7
11591	劣等	7
11592	動ずる	7
11593	動体	7
11594	北口	7
11595	千夜	7
11596	単体	7
11597	即決	7
11598	即発	7
11599	卵子	7
11600	卸売	7
11601	厚着	7
11602	原価	7
11603	原初	7
11604	参る	7
11605	及第	7
11606	反目	7
11607	反米	7
11608	取っ替え	7
11609	取扱	7
11610	取消	7
11611	取締る	7
11612	受け容れる	7
11613	受入れる	7
11614	受託	7
11615	变	7
11616	叙任	7
11617	口コミ	7
11618	口当たり	7
11619	口火	7
11620	口腔	7
11621	口車	7
11622	古参	7
11623	叩	7
11624	台地	7
11625	台場	7
11626	台車	7
11627	台頭	7
11628	右後ろ	7
11629	各車	7
11630	合宿	7
11631	吊り上げ	7
11632	同好	7
11633	名指し	7
11634	名残惜しい	7
11635	含み	7
11636	吸気	7
11637	呼び掛け	7
11638	呼び集める	7
11639	呼出	7
11640	命数	7
11641	唯	7
11642	唱	7
11643	商務	7
11644	問いつめる	7
11645	喪中	7
11646	営み	7
11647	嘉	7
11648	器械	7
11649	回送	7
11650	国勢	7
11651	国宝	7
11652	在中	7
11653	在学	7
11654	地盤	7
11655	坂東	7
11656	坑	7
11657	型通り	7
11658	城主	7
11659	執る	7
11660	基隆	7
11661	場外	7
11662	壁際	7
11663	売り家	7
11664	売れ行き	7
11665	売約	7
11666	変種	7
11667	変速	7
11668	外線	7
11669	外資	7
11670	多才	7
11671	大局	7
11672	大役	7
11673	大畑	7
11674	天命	7
11675	天災	7
11676	太め	7
11677	奮い立つ	7
11678	女人	7
11679	女嫌い	7
11680	女狐	7
11681	妙技	7
11682	嫌々	7
11683	嫌い	7
11684	存ずる	7
11685	孝行	7
11686	孤高	7
11687	安い	7
11688	安直	7
11689	官庁	7
11690	定刻	7
11691	宛名	7
11692	実情	7
11693	宮内	7
11694	家紋	7
11695	寄与	7
11696	寝起き	7
11697	寺	7
11698	対岸	7
11699	対気	7
11700	小事	7
11701	小口	7
11702	小国	7
11703	小脳	7
11704	小難しい	7
11705	少額	7
11706	局内	7
11707	局部	7
11708	山上	7
11709	山積	7
11710	屹立	7
11711	川島	7
11712	川辺	7
11713	州都	7
11714	巡り会える	7
11715	左派	7
11716	布教	7
11717	帝大	7
11718	常備	7
11719	常食	7
11720	幅木	7
11721	幕引き	7
11722	幼子	7
11723	幾久	7
11724	店名	7
11725	度量	7
11726	廃車	7
11727	引きずる	7
11728	引きはぐ	7
11729	引き抜き	7
11730	引き起こす	7
11731	引張	7
11732	引換え	7
11733	張り付け	7
11734	張り紙	7
11735	強壮	7
11736	当主	7
11737	当地	7
11738	彩音	7
11739	後ろ側	7
11740	後衛	7
11741	得れる	7
11742	心機	7
11743	忍び足	7
11744	快活	7
11745	急死	7
11746	恩	7
11747	悲運	7
11748	意固地	7
11749	愚問	7
11750	愛嬌	7
11751	成仏	7
11752	戦列	7
11753	戦果	7
11754	戸別	7
11755	手ほどき	7
11756	手札	7
11757	手短か	7
11758	才	7
11759	才気	7
11760	投げ込める	7
11761	投射	7
11762	投機	7
11763	押し入れ	7
11764	持ち	7
11765	持ち切り	7
11766	持ち掛ける	7
11767	持久	7
11768	指南	7
11769	指尖	7
11770	振り上げる	7
11771	捜る	7
11772	换	7
11773	排他	7
11774	掘り起こし	7
11775	推移	7
11776	描画	7
11777	提訴	7
11778	揚子	7
11779	握り	7
11780	撃鉄	7
11781	擬人	7
11782	支社	7
11783	放せる	7
11784	放水	7
11785	故事	7
11786	教材	7
11787	斗	7
11788	断食	7
11789	新語	7
11790	新調	7
11791	旗手	7
11792	既然	7
11793	日下部	7
11794	日暮らし	7
11795	时	7
11796	昇華	7
11797	昌代	7
11798	明	7
11799	是正	7
11800	昼時	7
11801	時価	7
11802	暮らし	7
11803	曲解	7
11804	書簡	7
11805	曹司	7
11806	最多	7
11807	有識	7
11808	望	7
11809	朝礼	7
11810	朝練	7
11811	木立	7
11812	木蓮	7
11813	本家	7
11814	本館	7
11815	机上	7
11816	東山	7
11817	東条	7
11818	松林	7
11819	某所	7
11820	柔和	7
11821	柔術	7
11822	案山子	7
11823	極東	7
11824	様相	7
11825	標語	7
11826	横たわる	7
11827	横向き	7
11828	機甲	7
11829	次いで	7
11830	歌舞伎	7
11831	歩調	7
11832	歯形	7
11833	歲	7
11834	死闘	7
11835	毛並み	7
11836	民意	7
11837	民話	7
11838	気長	7
11839	気骨	7
11840	水ぶくれ	7
11841	水星	7
11842	水浴び	7
11843	水無	7
11844	水際	7
11845	永住	7
11846	永田町	7
11847	決まり事	7
11848	法	7
11849	泡立て	7
11850	泣き女	7
11851	注力	7
11852	泪	7
11853	流入	7
11854	流暢	7
11855	流派	7
11856	流砂	7
11857	清聴	7
11858	滑空	7
11859	潅木	7
11860	潮風	7
11861	灯火	7
11862	焚き付け	7
11863	無味	7
11864	無機	7
11865	無菌	7
11866	熱々	7
11867	熱電	7
11868	爵位	7
11869	牙山	7
11870	物持	7
11871	物真似	7
11872	犯罪	7
11873	独りよがり	7
11874	狼	7
11875	王将	7
11876	現ナマ	7
11877	環礁	7
11878	生きのびる	7
11879	生き別れ	7
11880	生き死に	7
11881	生皮	7
11882	産出	7
11883	産地	7
11884	用量	7
11885	田舎町	7
11886	甲子	7
11887	男優	7
11888	男気	7
11889	町民	7
11890	留め金	7
11891	異存	7
11892	痛感	7
11893	発破	7
11894	白々しい	7
11895	白け	7
11896	白ウサギ	7
11897	白亜	7
11898	皇后	7
11899	皇室	7
11900	盛り合わせ	7
11901	盛況	7
11902	目くらまし	7
11903	目まい	7
11904	目茶苦茶	7
11905	目薬	7
11906	目見	7
11907	目覚し	7
11908	直直	7
11909	相同	7
11910	着ぐるみ	7
11911	着火	7
11912	矢	7
11913	知名	7
11914	短調	7
11915	矮小	7
11916	砂場	7
11917	砂金	7
11918	砲兵	7
11919	礼子	7
11920	神王	7
11921	神舟	7
11922	神頼み	7
11923	祭日	7
11924	秋田	7
11925	秘話	7
11926	穂先	7
11927	空耳	7
11928	立ち会える	7
11929	立ち直り	7
11930	立て替え	7
11931	筋書	7
11932	箱入り	7
11933	節目	7
11934	粛清	7
11935	精進	7
11936	紅葉	7
11937	納入	7
11938	紛い物	7
11939	絡む	7
11940	絵葉書	7
11941	総数	7
11942	線形	7
11943	美大	7
11944	美食	7
11945	聞き違い	7
11946	肌着	7
11947	肚	7
11948	背任	7
11949	脇役	7
11950	腕白	7
11951	自ずと	7
11952	自壊	7
11953	自害	7
11954	自活	7
11955	自演	7
11956	自賛	7
11957	自軍	7
11958	航続	7
11959	船	7
11960	船名	7
11961	色分け	7
11962	花園	7
11963	茶会	7
11964	茶入れ	7
11965	草木	7
11966	菜園	7
11967	落ち目	7
11968	落とし物	7
11969	葛西	7
11970	葺	7
11971	蓬	7
11972	薄い	7
11973	藻類	7
11974	蛮族	7
11975	行き	7
11976	術前	7
11977	表札	7
11978	被検	7
11979	製紙	7
11980	要所	7
11981	見せ所	7
11982	見つめる	7
11983	見比べる	7
11984	観賞	7
11985	解法	7
11986	言いきる	7
11987	計らい	7
11988	計上	7
11989	証	7
11990	試問	7
11991	試料	7
11992	誉め言葉	7
11993	誓う	7
11994	語学	7
11995	誤魔化し	7
11996	読み聞かせ	7
11997	課金	7
11998	請ける	7
11999	講和	7
12000	議席	7
12001	譲り受け	7
12002	让	7
12003	負け組	7
12004	負け組み	7
12005	貢物	7
12006	買い付け	7
12007	買取	7
12008	貸家	7
12009	賛歌	7
12010	贈与	7
12011	赤	7
12012	越境	7
12013	身だしなみ	7
12014	車酔い	7
12015	軒先	7
12016	近ごろ	7
12017	追い付る	7
12018	退会	7
12019	退行	7
12020	送検	7
12021	送風	7
12022	通りがかり	7
12023	過密	7
12024	過越	7
12025	遺骸	7
12026	配水	7
12027	醜聞	7
12028	重曹	7
12029	野村	7
12030	野良猫	7
12031	量販	7
12032	金づち	7
12033	金網	7
12034	鉄くず	7
12035	銃火	7
12036	银河	7
12037	長城	7
12038	長谷部	7
12039	长	7
12040	长久	7
12041	門脈	7
12042	閉会	7
12043	開胸	7
12044	関わる	7
12045	阪神	7
12046	防火	7
12047	降りれる	7
12048	隠し味	7
12049	隣家	7
12050	隣町	7
12051	隷	7
12052	雄大	7
12053	雷神	7
12054	露天	7
12055	非力	7
12056	非業	7
12057	音頭	7
12058	頻発	7
12059	飛び回る	7
12060	飛び火	7
12061	食前	7
12062	養生	7
12063	駅前	7
12064	高まり	7
12065	高卒	7
12066	高次	7
12067	高音	7
12068	高高	7
12069	鷲	7
12070	黒色	7
12071	鼻面	7
12072	あおり	6
12073	あざやか	6
12074	あつらえ向き	6
12075	あばれる	6
12076	あやす	6
12077	あやつる	6
12078	あわい	6
12079	あんまし	6
12080	いたずらっ子	6
12081	いでる	6
12082	うわ言	6
12083	お〜い	6
12084	お手の物	6
12085	きづ	6
12086	くい止める	6
12087	ぐり	6
12088	こすり合わす	6
12089	さす	6
12090	すく	6
12091	せき止め	6
12092	たらい回し	6
12093	ちびっ子	6
12094	ちゃ〜ん	6
12095	つき合う	6
12096	つけ加える	6
12097	な〜ん	6
12098	ない	6
12099	のす	6
12100	はけ口	6
12101	ひゃあ	6
12102	ふれあい	6
12103	ふ化	6
12104	ほめ言葉	6
12105	めぐる	6
12106	ゆすり	6
12107	アイボリードフス	6
12108	アカシア	6
12109	アクチュエーター	6
12110	アクメンラー	6
12111	アシ	6
12112	アジタ	6
12113	アタリ	6
12114	アダ名	6
12115	アップグレイド	6
12116	アテンション	6
12117	アテンダント	6
12118	アトミック	6
12119	アトモス	6
12120	アネックス	6
12121	アハ	6
12122	アバカ	6
12123	アパ	6
12124	アパラチア	6
12125	アヒポキ	6
12126	アブドゥル	6
12127	アプ	6
12128	アポカリプス	6
12129	アミー	6
12130	アヤメ	6
12131	アルカディ	6
12132	アルジェリア	6
12133	アルジェント	6
12134	アルビオン	6
12135	アルフィー	6
12136	アルフォンソ	6
12137	アルマーニ	6
12138	アルモニ	6
12139	アレグラ	6
12140	アンガ	6
12141	アンサー	6
12142	アンティック	6
12143	アンドレス	6
12144	アンドロメダ	6
12145	アンマン	6
12146	アヴリル	6
12147	アーア	6
12148	アーシュラ	6
12149	アーミッシュ	6
12150	ウエア	6
12151	オヘア	6
12152	カリ	6
12153	キアヌ	6
12154	キアラ	6
12155	キャア	6
12156	クモ	6
12157	クリアレイク	6
12158	クロリアン	6
12159	グラシア	6
12160	グリ	6
12161	ケアリー	6
12162	ケアンズ	6
12163	ケアー	6
12164	ゲルマニア	6
12165	コアラ	6
12166	コリアンダー	6
12167	コンドミニアム	6
12168	サモア	6
12169	サンアンジェロ	6
12170	ザム	6
12171	シオ	6
12172	ジュリアーニ	6
12173	ジン	6
12174	ストアー	6
12175	スパイウェア	6
12176	スロベニア	6
12177	タジ	6
12178	タチアナ	6
12179	ダイ	6
12180	チッ	6
12181	ティー	6
12182	デリ	6
12183	ニュー	6
12184	ネ	6
12185	ノバスコシア	6
12186	バス	6
12187	バビロニア	6
12188	バレンシア	6
12189	パトリアルク	6
12190	パルティア	6
12191	ピシア	6
12192	フィギュロア	6
12193	フローリアナ	6
12194	ブチ	6
12195	ブラディ	6
12196	プレ	6
12197	プーア	6
12198	ヘルニア	6
12199	ペアリング	6
12200	ホラ	6
12201	ボロ布	6
12202	ポーン	6
12203	マクガィア	6
12204	マタコーア	6
12205	マナグア	6
12206	マライア	6
12207	マリアム	6
12208	マリアーノ	6
12209	マルドニア	6
12210	メルシ	6
12211	メー	6
12212	モ	6
12213	ユア	6
12214	ユートピア	6
12215	ラッド	6
12216	リアリティー	6
12217	リク	6
12218	リタイア	6
12219	リッド	6
12220	リベリア	6
12221	ルート	6
12222	レティシア	6
12223	レンテリア	6
12224	ロアーク	6
12225	ロントフテビェアウ	6
12226	ワン	6
12227	ヴィセ	6
12228	ヶ	6
12229	一先ず	6
12230	一目散	6
12231	一緖	6
12232	一美	6
12233	一色	6
12234	一躍	6
12235	一遇	6
12236	一難	6
12237	七十	6
12238	万平	6
12239	三叉	6
12240	三右衛門	6
12241	三蔵	6
12242	三郎	6
12243	上っ面	6
12244	上体	6
12245	上書	6
12246	下地	6
12247	下方	6
12248	下書き	6
12249	下校	6
12250	下線	6
12251	下賤	6
12252	下馬	6
12253	不問	6
12254	不感	6
12255	不甲斐	6
12256	不随	6
12257	世俗	6
12258	両脚	6
12259	並はずれる	6
12260	並べ替え	6
12261	並べ立る	6
12262	中堅	6
12263	中盤	6
12264	中２	6
12265	主体	6
12266	主宰	6
12267	主戦	6
12268	乗物	6
12269	乱心	6
12270	二者	6
12271	五郎	6
12272	井崎	6
12273	交わり	6
12274	交霊	6
12275	人件	6
12276	人力	6
12277	人名	6
12278	人心	6
12279	今一	6
12280	仕切り	6
12281	付き合う	6
12282	付ける	6
12283	们	6
12284	会報	6
12285	低級	6
12286	住み心地	6
12287	佐渡	6
12288	体つき	6
12289	体感	6
12290	体毛	6
12291	体罰	6
12292	作製	6
12293	使い分け	6
12294	使途	6
12295	侵食	6
12296	係争	6
12297	修学	6
12298	倉科	6
12299	借り主	6
12300	値打ち	6
12301	傷物	6
12302	僧院	6
12303	元旦	6
12304	先史	6
12305	入庁	6
12306	入江	6
12307	全会	6
12308	全文	6
12309	八十	6
12310	共倒れ	6
12311	共用	6
12312	兼任	6
12313	冊子	6
12314	再編	6
12315	再臨	6
12316	写す	6
12317	写メ	6
12318	凍土	6
12319	凛々しい	6
12320	凶作	6
12321	出来心	6
12322	出立	6
12323	分かつ	6
12324	刈	6
12325	判読	6
12326	別口	6
12327	別条	6
12328	別館	6
12329	利得	6
12330	利息	6
12331	前かがみ	6
12332	前作	6
12333	剣技	6
12334	副次	6
12335	力一	6
12336	力場	6
12337	助	6
12338	勉学	6
12339	勘	6
12340	北	6
12341	北山	6
12342	区切	6
12343	千切	6
12344	千夏	6
12345	千本	6
12346	千載	6
12347	協業	6
12348	南進	6
12349	単調	6
12350	卵	6
12351	原っぱ	6
12352	原宿	6
12353	原潜	6
12354	反する	6
12355	反り	6
12356	反故	6
12357	収用	6
12358	发生	6
12359	取りあげる	6
12360	取り次ぎ	6
12361	取り次ぐ	6
12362	取り留め	6
12363	受給	6
12364	受講	6
12365	口蓋	6
12366	口開け	6
12367	叩く	6
12368	叫	6
12369	号令	6
12370	各部	6
12371	同人	6
12372	同名	6
12373	同姓	6
12374	同封	6
12375	同種	6
12376	名分	6
12377	向き合い	6
12378	向けれる	6
12379	否	6
12380	吸着	6
12381	周忌	6
12382	呼び声	6
12383	呼び物	6
12384	和我	6
12385	和食	6
12386	品定め	6
12387	品性	6
12388	善処	6
12389	喝采	6
12390	囁き	6
12391	四つんばい	6
12392	四百	6
12393	回旋	6
12394	回生	6
12395	図式	6
12396	図解	6
12397	国営	6
12398	土建	6
12399	土足	6
12400	圧制	6
12401	在日	6
12402	地蔵	6
12403	垂れ	6
12404	基質	6
12405	塞	6
12406	境目	6
12407	士族	6
12408	声高	6
12409	売り買い	6
12410	売名	6
12411	売血	6
12412	変幻	6
12413	変死	6
12414	夏目	6
12415	外殻	6
12416	多感	6
12417	多面	6
12418	夜半	6
12419	大キライ	6
12420	大川	6
12421	大敗	6
12422	大火	6
12423	大熊	6
12424	大逆	6
12425	大雑把	6
12426	大食	6
12427	天真	6
12428	太っ腹	6
12429	太る	6
12430	太腿	6
12431	太郎	6
12432	央	6
12433	奇数	6
12434	奥	6
12435	奥地	6
12436	奪い合い	6
12437	女帝	6
12438	女遊び	6
12439	好き	6
12440	好し	6
12441	好色	6
12442	妖	6
12443	妹	6
12444	姬	6
12445	子離れ	6
12446	子飼い	6
12447	孔子	6
12448	学友	6
12449	学説	6
12450	学院	6
12451	孫	6
12452	孫子	6
12453	安保理	6
12454	宗祐	6
12455	定職	6
12456	実利	6
12457	実子	6
12458	実父	6
12459	宮城	6
12460	家々	6
12461	家名	6
12462	家計	6
12463	察官	6
12464	寶吉	6
12465	対潜	6
12466	導体	6
12467	小舟	6
12468	小金	6
12469	小馬	6
12470	少林	6
12471	尚子	6
12472	居然	6
12473	届	6
12474	岐路	6
12475	川下り	6
12476	工員	6
12477	左回り	6
12478	差止	6
12479	巷	6
12480	巾着	6
12481	帯水	6
12482	帯電	6
12483	常駐	6
12484	広州	6
12485	床	6
12486	店頭	6
12487	度肝	6
12488	座敷	6
12489	引きかえ	6
12490	引き抜ける	6
12491	引導	6
12492	引渡	6
12493	引継	6
12494	張り切り	6
12495	張り替え	6
12496	張り詰める	6
12497	役作り	6
12498	往々	6
12499	律儀	6
12500	後ろ向き	6
12501	得手	6
12502	御行	6
12503	徴用	6
12504	徴発	6
12505	心地良い	6
12506	心当り	6
12507	忠左衛門	6
12508	怖じ気	6
12509	急送	6
12510	恵比寿	6
12511	悠	6
12512	悠々	6
12513	患部	6
12514	悪王	6
12515	悪習	6
12516	情欲	6
12517	愛し合う	6
12518	愛妻	6
12519	愛玩	6
12520	愛護	6
12521	感応	6
12522	戦歴	6
12523	戯曲	6
12524	所作	6
12525	所要	6
12526	扁平	6
12527	扇	6
12528	手慣れる	6
12529	手招き	6
12530	手掛ける	6
12531	手放し	6
12532	手縫い	6
12533	手触り	6
12534	技巧	6
12535	折半	6
12536	択一	6
12537	押し売	6
12538	押入れ	6
12539	拘引	6
12540	拠	6
12541	持ち手	6
12542	持ち運べる	6
12543	持分	6
12544	持株	6
12545	振り下ろす	6
12546	振り分け	6
12547	捨て身	6
12548	掘り当てる	6
12549	掛け持ち	6
12550	探り当てる	6
12551	掩護	6
12552	揚げ物	6
12553	換算	6
12554	操業	6
12555	操車	6
12556	改訂	6
12557	放心	6
12558	教壇	6
12559	教示	6
12560	数独	6
12561	敵影	6
12562	斜路	6
12563	断線	6
12564	新約	6
12565	既定	6
12566	既得	6
12567	日刊	6
12568	日照り	6
12569	日産	6
12570	日米	6
12571	早田	6
12572	明示	6
12573	易	6
12574	星団	6
12575	星間	6
12576	曲がり角	6
12577	書き	6
12578	書式	6
12579	書状	6
12580	曾	6
12581	最盛	6
12582	月食	6
12583	有一	6
12584	朝っぱら	6
12585	朝会	6
12586	木枠	6
12587	本店	6
12588	本管	6
12589	机	6
12590	村々	6
12591	杓子	6
12592	条痕	6
12593	東岸	6
12594	松下	6
12595	果す	6
12596	根治	6
12597	格上げ	6
12598	格下	6
12599	梁	6
12600	棚上げ	6
12601	椎間	6
12602	楽曲	6
12603	榎戸	6
12604	横っ面	6
12605	横丁	6
12606	横綱	6
12607	横道	6
12608	欠	6
12609	次ぐ	6
12610	次善	6
12611	欧	6
12612	武田	6
12613	歳入	6
12614	死別	6
12615	死肉	6
12616	殺せる	6
12617	殺生	6
12618	殺風景	6
12619	母屋	6
12620	毎時	6
12621	毒	6
12622	民家	6
12623	民枝	6
12624	気取り	6
12625	気弱	6
12626	気泡	6
12627	気胸	6
12628	気迫	6
12629	水なし	6
12630	水玉	6
12631	水門	6
12632	氷解	6
12633	汗水	6
12634	油山	6
12635	法制	6
12636	流刑	6
12637	流量	6
12638	海王	6
12639	浸	6
12640	消えうせる	6
12641	淡々	6
12642	深手	6
12643	深酒	6
12644	混ぜ合わせ	6
12645	混成	6
12646	清々しい	6
12647	清楚	6
12648	清浄	6
12649	渋々	6
12650	港町	6
12651	湧き水	6
12652	湿布	6
12653	滑り降りる	6
12654	漁業	6
12655	漂着	6
12656	火鉢	6
12657	災	6
12658	炮	6
12659	点心	6
12660	焉言	6
12661	無上	6
12662	無声	6
12663	無根	6
12664	無比	6
12665	無骨	6
12666	熱	6
12667	熱情	6
12668	爆音	6
12669	牛	6
12670	物分かり	6
12671	特科	6
12672	狙い目	6
12673	猊下	6
12674	猟場	6
12675	珍味	6
12676	生え際	6
12677	生き写し	6
12678	生き永らえる	6
12679	生ける	6
12680	生まれたて	6
12681	生まれ変わる	6
12682	生得	6
12683	生育	6
12684	産卵	6
12685	用品	6
12686	用達	6
12687	田んぼ	6
12688	留	6
12689	病死	6
12690	病菌	6
12691	発	6
12692	発露	6
12693	登り詰める	6
12694	白クマ	6
12695	白兵	6
12696	皆目	6
12697	盛り上がる	6
12698	目安	6
12699	直る	6
12700	直列	6
12701	相乗	6
12702	相愛	6
12703	真中	6
12704	真利	6
12705	眼前	6
12706	着こなし	6
12707	瞬殺	6
12708	知見	6
12709	短歌	6
12710	石碑	6
12711	砦	6
12712	砲手	6
12713	破算	6
12714	硬変	6
12715	磁化	6
12716	磁器	6
12717	磨き上げる	6
12718	神奈川	6
12719	神性	6
12720	神谷	6
12721	神風	6
12722	祭り上げる	6
12723	禁衛	6
12724	福田	6
12725	秀	6
12726	私事	6
12727	私行	6
12728	稀有	6
12729	程々	6
12730	積乱	6
12731	積分	6
12732	穴場	6
12733	穴開け	6
12734	空き瓶	6
12735	空前	6
12736	空欄	6
12737	空路	6
12738	突き当り	6
12739	立杭	6
12740	端的	6
12741	笑い物	6
12742	箇条	6
12743	節	6
12744	米ソ	6
12745	糸目	6
12746	紅白	6
12747	終生	6
12748	終電	6
12749	組み上げる	6
12750	組換える	6
12751	結び付き	6
12752	結腸	6
12753	続けざま	6
12754	綿あめ	6
12755	緋村	6
12756	総出	6
12757	義肢	6
12758	義雄	6
12759	聖油	6
12760	聞き役	6
12761	職種	6
12762	肩代わり	6
12763	肩入れ	6
12764	育ち盛り	6
12765	胸	6
12766	胸元	6
12767	脱色	6
12768	腫れ物	6
12769	臆面	6
12770	臓物	6
12771	臨	6
12772	自明	6
12773	自筆	6
12774	自虐	6
12775	至	6
12776	興業	6
12777	舐める	6
12778	船旅	6
12779	良家	6
12780	苹果	6
12781	茶葉	6
12782	華奢	6
12783	蒔	6
12784	蒼白	6
12785	薄々	6
12786	藤本	6
12787	藤田	6
12788	藩主	6
12789	蘭子	6
12790	蝶番	6
12791	血生臭い	6
12792	表層	6
12793	被	6
12794	装具	6
12795	裏金	6
12796	複写	6
12797	褒賞	6
12798	西北	6
12799	覇権	6
12800	見つける	6
12801	見直す	6
12802	角部屋	6
12803	触る	6
12804	言いくるめる	6
12805	訪米	6
12806	語り部	6
12807	説法	6
12808	調度	6
12809	論ずる	6
12810	謀	6
12811	謎々	6
12812	謹	6
12813	议	6
12814	谷村	6
12815	買い上げる	6
12816	貸し付け	6
12817	賃料	6
12818	賞状	6
12819	走者	6
12820	起きる	6
12821	起こる	6
12822	足許	6
12823	跡取り	6
12824	蹄鉄	6
12825	躍動	6
12826	身重	6
12827	車番	6
12828	軍産	6
12829	軟体	6
12830	軟化	6
12831	転がり落ちる	6
12832	転び	6
12833	転化	6
12834	軽々	6
12835	軽口	6
12836	辛気	6
12837	農奴	6
12838	農村	6
12839	農耕	6
12840	迎合	6
12841	近日	6
12842	近視	6
12843	还有	6
12844	退任	6
12845	送り状	6
12846	這い	6
12847	通り名	6
12848	連れ子	6
12849	連れ帰る	6
12850	連係	6
12851	連日	6
12852	連覇	6
12853	連載	6
12854	進退	6
12855	遊び	6
12856	運任せ	6
12857	運試し	6
12858	過多	6
12859	遠近	6
12860	遥々	6
12861	選り抜き	6
12862	酒乱	6
12863	酒代	6
12864	酒類	6
12865	重き	6
12866	重り	6
12867	重奏	6
12868	重機	6
12869	重石	6
12870	重篤	6
12871	野党	6
12872	金づる	6
12873	金縛り	6
12874	金貸し	6
12875	鉄壁	6
12876	鉄拳	6
12877	鉄粉	6
12878	銀幕	6
12879	銅線	6
12880	銘言	6
12881	銘記	6
12882	開通	6
12883	間欠	6
12884	関わり合い	6
12885	防戦	6
12886	降りる	6
12887	降ろし	6
12888	院生	6
12889	除け者	6
12890	除名	6
12891	陰部	6
12892	随行	6
12893	集	6
12894	離着陸	6
12895	離隊	6
12896	難度	6
12897	雨戸	6
12898	雨音	6
12899	電離	6
12900	霊	6
12901	霊屋	6
12902	静江	6
12903	面白おかしい	6
12904	順当	6
12905	顔立ち	6
12906	願い下げ	6
12907	風情	6
12908	風水	6
12909	風紀	6
12910	飛び級	6
12911	食らわす	6
12912	飲み代	6
12913	飾り物	6
12914	香	6
12915	馬屋	6
12916	骨組み	6
12917	高い	6
12918	高嶺	6
12919	高見	6
12920	高鳴り	6
12921	魚座	6
12922	黄土	6
12923	鼻	6
12924	ぁん	5
12925	あぁ〜	5
12926	あくせく	5
12927	あぐら	5
12928	あじ	5
12929	あずかる	5
12930	あそび	5
12931	あびる	5
12932	あふれ出る	5
12933	あぶみ	5
12934	あまい	5
12935	あまえ	5
12936	あわよくば	5
12937	あんしん	5
12938	うち	5
12939	かなり	5
12940	がさ入れ	5
12941	くず鉄	5
12942	けん制	5
12943	こす	5
12944	さっ	5
12945	ざ	5
12946	しめる	5
12947	しょ	5
12948	すき間	5
12949	すり	5
12950	ず	5
12951	ずる休み	5
12952	そっ	5
12953	たた	5
12954	つきあえる	5
12955	つき合える	5
12956	とりあげる	5
12957	とり上げる	5
12958	とる	5
12959	と金	5
12960	ねじ	5
12961	ねじ上げる	5
12962	の〜	5
12963	のた	5
12964	はい	5
12965	ぱた	5
12966	ぴ	5
12967	ふく	5
12968	ふち	5
12969	へ	5
12970	ほう	5
12971	ほか	5
12972	まだ	5
12973	まとめ上げ	5
12974	まり子	5
12975	やがる	5
12976	やじ馬	5
12977	より分ける	5
12978	わあっ	5
12979	わかる	5
12980	アイドリング	5
12981	アウェイ	5
12982	アオ	5
12983	アオミドロ	5
12984	アカギ	5
12985	アキ	5
12986	アクティベート	5
12987	アクト	5
12988	アコニチン	5
12989	アゴラ	5
12990	アサンジ	5
12991	アザミ	5
12992	アシカ	5
12993	アストン	5
12994	アスペルガー	5
12995	アセロラ	5
12996	アセン	5
12997	アセンブリ	5
12998	アッチ	5
12999	アデリン	5
13000	アデン	5
13001	アドリアン	5
13002	アドリアーノ	5
13003	アナーキー	5
13004	アニマルズ	5
13005	アニメーション	5
13006	アニータ	5
13007	アハムド	5
13008	アパルトヘイト	5
13009	アパートメント	5
13010	アフレック	5
13011	アフロ	5
13012	アプリコット	5
13013	アベス	5
13014	アベンジャー	5
13015	アボガド	5
13016	アメジスト	5
13017	アメリ	5
13018	アラウンド	5
13019	アラシ	5
13020	アラベスコ	5
13021	アリアドネ	5
13022	アルアディア	5
13023	アルジャーノン	5
13024	アルタウッセ	5
13025	アルテス	5
13026	アルマンド	5
13027	アルミホイル	5
13028	アルヴィン	5
13029	アロホモーラ	5
13030	アロマ	5
13031	アローン	5
13032	アンジェリコ	5
13033	アンテ	5
13034	アントワネット	5
13035	アンドゥ	5
13036	アンドリェス	5
13037	アンバランス	5
13038	アンブッシュ	5
13039	アーガイル	5
13040	アーキテクチャ	5
13041	アーキテック	5
13042	アーネット	5
13043	インディアナポリス	5
13044	ウィキペディア	5
13045	ウィンガーディアム	5
13046	ウイリアムズ	5
13047	ウォーリア	5
13048	ウソつき	5
13049	エアポート	5
13050	エル	5
13051	エンド	5
13052	オセアニック	5
13053	オリンピア	5
13054	カシア	5
13055	カツアゲ	5
13056	ガラ空き	5
13057	ギアー	5
13058	ギニア	5
13059	ギョロ目	5
13060	クシ	5
13061	クナ	5
13062	クロ	5
13063	グアイマス	5
13064	グアカモーレ	5
13065	グレイ	5
13066	ケガ	5
13067	ケルアック	5
13068	コーン	5
13069	サルビア	5
13070	サンタマリア	5
13071	サンチアゴ	5
13072	シアド	5
13073	シャア	5
13074	ショア	5
13075	ジアゼパム	5
13076	ジャ	5
13077	スキ	5
13078	ステ	5
13079	スプレー	5
13080	スペアリブ	5
13081	ゾディアック	5
13082	タンザニア	5
13083	ダイアゴン	5
13084	チアーズ	5
13085	チオ	5
13086	チカ	5
13087	ッ子	5
13088	テ	5
13089	テオドア	5
13090	デッチあげる	5
13091	デュボア	5
13092	トイ	5
13093	トマン	5
13094	トライアスロン	5
13095	トライアル	5
13096	トランシルヴァニア	5
13097	トー	5
13098	ドアン	5
13099	ドス	5
13100	ハッハッハ	5
13101	ハバ	5
13102	バリモア	5
13103	パップスメア	5
13104	ファビアナ	5
13105	フィス	5
13106	フィリア	5
13107	ブルジョア	5
13108	プア	5
13109	プライア	5
13110	ヘ	5
13111	ヘルスケア	5
13112	ペチュニア	5
13113	ホアン	5
13114	ボディ	5
13115	ボール	5
13116	マニアック	5
13117	ム	5
13118	メシア	5
13119	メルアド	5
13120	ラキ	5
13121	ラド	5
13122	ルカ	5
13123	ルチア	5
13124	ルチアーナ	5
13125	ルード	5
13126	レソア	5
13127	レース	5
13128	ロイアル	5
13129	ロスアンジェルス	5
13130	ワケあり	5
13131	ワ～	5
13132	ヴェリィ	5
13133	一堂	5
13134	一塊	5
13135	一条	5
13136	一概	5
13137	一皮	5
13138	一説	5
13139	万博	5
13140	万策	5
13141	三谷	5
13142	上塗り	5
13143	上意	5
13144	上皮	5
13145	上行	5
13146	上辺	5
13147	下側	5
13148	下船	5
13149	不得	5
13150	不渡り	5
13151	不義	5
13152	与圧	5
13153	世田谷	5
13154	丘	5
13155	両家	5
13156	両軍	5
13157	中丸	5
13158	中旬	5
13159	中背	5
13160	丹念	5
13161	主夫	5
13162	乃木坂	5
13163	久保田	5
13164	么事	5
13165	乗り合わす	5
13166	乗り継ぎ	5
13167	也有	5
13168	争点	5
13169	争議	5
13170	事由	5
13171	二郎	5
13172	亜流	5
13173	交錯	5
13174	交雑	5
13175	享	5
13176	享楽	5
13177	京	5
13178	亮	5
13179	人づて	5
13180	人好き	5
13181	人望	5
13182	人死	5
13183	人狩り	5
13184	仁美	5
13185	今作	5
13186	介在	5
13187	付け根	5
13188	伙	5
13189	伝播	5
13190	伝聞	5
13191	伸展	5
13192	但	5
13193	低地	5
13194	何ごと	5
13195	作り笑い	5
13196	作詞	5
13197	作風	5
13198	你要	5
13199	併発	5
13200	使いっ走り	5
13201	例え話	5
13202	例年	5
13203	侯	5
13204	便名	5
13205	俗世	5
13206	俗称	5
13207	保冷	5
13208	保温	5
13209	修	5
13210	健気	5
13211	偶数	5
13212	傍目	5
13213	働き口	5
13214	優子	5
13215	元首	5
13216	先任	5
13217	先王	5
13218	先立つ	5
13219	先鋒	5
13220	光輝	5
13221	党軍	5
13222	入り用	5
13223	入れ子	5
13224	入廷	5
13225	入用	5
13226	入籍	5
13227	全中	5
13228	全巻	5
13229	全館	5
13230	公用	5
13231	公職	5
13232	公邸	5
13233	其	5
13234	内勤	5
13235	内紛	5
13236	再演	5
13237	冷気	5
13238	凶行	5
13239	出し入れ	5
13240	出っ張る	5
13241	出向く	5
13242	出来栄え	5
13243	分かりあえる	5
13244	分け隔て	5
13245	分る	5
13246	分布	5
13247	分数	5
13248	切り開き	5
13249	切れ目	5
13250	切れ者	5
13251	刈入れる	5
13252	刊行	5
13253	列	5
13254	列島	5
13255	初診	5
13256	別途	5
13257	別離	5
13258	利き腕	5
13259	利ける	5
13260	刺創	5
13261	削岩	5
13262	前奏	5
13263	前述	5
13264	前門	5
13265	割当	5
13266	割愛	5
13267	劇中	5
13268	力説	5
13269	加藤	5
13270	動乱	5
13271	北野	5
13272	半信	5
13273	半値	5
13274	半円	5
13275	半生	5
13276	半疑	5
13277	南出口	5
13278	単発	5
13279	厄日	5
13280	原石	5
13281	厳正	5
13282	厳選	5
13283	友	5
13284	双葉	5
13285	反る	5
13286	取りかかる	5
13287	取り囲む	5
13288	取り換え	5
13289	取り違える	5
13290	取戻す	5
13291	取立て	5
13292	受け継ぎ	5
13293	受電	5
13294	口上	5
13295	口元	5
13296	口悪	5
13297	口直し	5
13298	口述	5
13299	句点	5
13300	史料	5
13301	右前	5
13302	吃	5
13303	各局	5
13304	各社	5
13305	名医	5
13306	名犬	5
13307	向き合う	5
13308	吠え面	5
13309	含み笑い	5
13310	吻合	5
13311	呉	5
13312	呢	5
13313	周遊	5
13314	呼称	5
13315	和正	5
13316	品々	5
13317	品川	5
13318	品評	5
13319	問屋	5
13320	喉元	5
13321	四隅	5
13322	回文	5
13323	図画	5
13324	国政	5
13325	土葬	5
13326	地価	5
13327	地響き	5
13328	垂れる	5
13329	型番	5
13330	堅持	5
13331	墓所	5
13332	増進	5
13333	売れ筋	5
13334	売値	5
13335	変える	5
13336	変則	5
13337	変心	5
13338	変遷	5
13339	外的	5
13340	外相	5
13341	外遊	5
13342	多動	5
13343	多産	5
13344	多神	5
13345	夜番	5
13346	大ごと	5
13347	大ざっぱ	5
13348	大人びる	5
13349	大便	5
13350	大助かり	5
13351	大叔父	5
13352	大岩	5
13353	大皿	5
13354	大盤	5
13355	大真面目	5
13356	大股	5
13357	大荒れ	5
13358	天ぷら	5
13359	天朝	5
13360	天蓋	5
13361	太一	5
13362	太后	5
13363	奈々	5
13364	契機	5
13365	奥行き	5
13366	女殺し	5
13367	好事	5
13368	妄言	5
13369	始祖	5
13370	姦通	5
13371	威張る	5
13372	婉曲	5
13373	子竜	5
13374	学派	5
13375	学界	5
13376	安価	5
13377	定岡	5
13378	定石	5
13379	宝山	5
13380	客足	5
13381	宮家	5
13382	害	5
13383	家人	5
13384	家財	5
13385	宿り木	5
13386	寓話	5
13387	寛	5
13388	寝入り	5
13389	寝心地	5
13390	實	5
13391	対局	5
13392	対数	5
13393	封	5
13394	小分け	5
13395	小夏	5
13396	小犬	5
13397	小者	5
13398	小間物	5
13399	小魚	5
13400	就在	5
13401	就要	5
13402	尽	5
13403	尽く	5
13404	屍体	5
13405	屑鉄	5
13406	山手	5
13407	山盛り	5
13408	岩室	5
13409	島流し	5
13410	川原	5
13411	川崎	5
13412	川床	5
13413	巣作り	5
13414	巨万	5
13415	巫女	5
13416	己心	5
13417	市ヶ谷	5
13418	布地	5
13419	帯状	5
13420	帰港	5
13421	年掛け	5
13422	年貢	5
13423	幸田	5
13424	底力	5
13425	弁務	5
13426	弓手	5
13427	弓術	5
13428	引きあげる	5
13429	引き合	5
13430	引き戻す	5
13431	引き摺り	5
13432	引き離し	5
13433	引っぱる	5
13434	弟	5
13435	弩	5
13436	張り番	5
13437	強運	5
13438	当てる	5
13439	当校	5
13440	役場	5
13441	役柄	5
13442	彼	5
13443	後輪	5
13444	微々	5
13445	微動	5
13446	徳川	5
13447	必	5
13448	志村	5
13449	忘れる	5
13450	応酬	5
13451	念ずる	5
13452	念押し	5
13453	急流	5
13454	急騰	5
13455	息止め	5
13456	恵美	5
13457	悟言	5
13458	悪戦	5
13459	悪業	5
13460	惣	5
13461	意	5
13462	愕然	5
13463	愛娘	5
13464	愛読	5
13465	慎	5
13466	慰問	5
13467	憶病	5
13468	成りすます	5
13469	戦神	5
13470	戸籍	5
13471	所内	5
13472	所員	5
13473	所存	5
13474	手かせ	5
13475	手ごたえ	5
13476	手ぬるい	5
13477	手向	5
13478	手広い	5
13479	手打ち	5
13480	手押し	5
13481	手渡す	5
13482	手芸	5
13483	手馴れる	5
13484	打ち身	5
13485	払い下げ	5
13486	投げ縄	5
13487	投足	5
13488	抗原	5
13489	抜本	5
13490	护	5
13491	抱え上げる	5
13492	拭き取る	5
13493	持ち家	5
13494	持ち運び	5
13495	捨て子	5
13496	掌中	5
13497	掛け声	5
13498	推挙	5
13499	揉む	5
13500	揚々	5
13501	握力	5
13502	揺れ	5
13503	損	5
13504	搬出	5
13505	撃	5
13506	改	5
13507	放り込める	5
13508	放尿	5
13509	放物	5
13510	政争	5
13511	教務	5
13512	敢然	5
13513	敬治	5
13514	文なし	5
13515	文太	5
13516	文芸	5
13517	新旧	5
13518	新町	5
13519	新風	5
13520	旅館	5
13521	既製	5
13522	日ごろ	5
13523	日だまり	5
13524	日増し	5
13525	日帰り	5
13526	日替わり	5
13527	日直	5
13528	旧型	5
13529	旧道	5
13530	早馬	5
13531	星明かり	5
13532	星芒	5
13533	昼過ぎ	5
13534	智子	5
13535	更地	5
13536	書き加える	5
13537	書き取り	5
13538	書棚	5
13539	會	5
13540	月収	5
13541	月額	5
13542	服務	5
13543	服屋	5
13544	朝露	5
13545	朝顔	5
13546	木偶	5
13547	木目	5
13548	木阿弥	5
13549	本校	5
13550	本線	5
13551	本艦	5
13552	本領	5
13553	来園	5
13554	来席	5
13555	来生	5
13556	松ぼっくり	5
13557	松田	5
13558	果報	5
13559	果汁	5
13560	枯葉	5
13561	栄転	5
13562	标	5
13563	校外	5
13564	格下げ	5
13565	桃子	5
13566	桜子	5
13567	桜田	5
13568	極地	5
13569	極少	5
13570	楽し	5
13571	標	5
13572	横切る	5
13573	横山	5
13574	横目	5
13575	機上	5
13576	歌い手	5
13577	正則	5
13578	正方	5
13579	正道	5
13580	武具	5
13581	死にざま	5
13582	死に絶える	5
13583	死活	5
13584	死語	5
13585	殺気	5
13586	殺鼠	5
13587	毛先	5
13588	民営	5
13589	気ちがい	5
13590	氣	5
13591	水かけ	5
13592	水しぶき	5
13593	水桶	5
13594	水溶	5
13595	水産	5
13596	水責め	5
13597	水車	5
13598	水遊び	5
13599	沢野	5
13600	河口	5
13601	沸く	5
13602	治る	5
13603	波しぶき	5
13604	波乱	5
13605	洋上	5
13606	活字	5
13607	派生	5
13608	流感	5
13609	浄水	5
13610	涼太	5
13611	涼子	5
13612	深々	5
13613	深追い	5
13614	混む	5
13615	満ち引き	5
13616	満ち足りる	5
13617	溜まり場	5
13618	演台	5
13619	漢	5
13620	潜行	5
13621	激発	5
13622	火照	5
13623	炎天	5
13624	点在	5
13625	為	5
13626	無学	5
13627	無痛	5
13628	無色	5
13629	焼	5
13630	煮物	5
13631	熟達	5
13632	熱愛	5
13633	父系	5
13634	片言	5
13635	牛丼	5
13636	物思い	5
13637	物欲	5
13638	物語り	5
13639	物陰	5
13640	特務	5
13641	特報	5
13642	特番	5
13643	犬上	5
13644	狙	5
13645	独り占め	5
13646	狭量	5
13647	猛々しい	5
13648	猛然	5
13649	猛者	5
13650	王権	5
13651	珠子	5
13652	理容	5
13653	瓦解	5
13654	甘言	5
13655	生ゴミ	5
13656	生半可	5
13657	生娘	5
13658	生家	5
13659	用具	5
13660	用足し	5
13661	田所	5
13662	甲高	5
13663	申し開き	5
13664	男児	5
13665	画素	5
13666	画集	5
13667	畑仕事	5
13668	異邦	5
13669	病みつき	5
13670	症	5
13671	痛	5
13672	発効	5
13673	登板	5
13674	白バイ	5
13675	白旗	5
13676	白虎	5
13677	白飯	5
13678	盗	5
13679	監護	5
13680	目くじら	5
13681	目ざとい	5
13682	目まぐるしい	5
13683	目通り	5
13684	直下	5
13685	看過	5
13686	真一	5
13687	真二郎	5
13688	真横	5
13689	真美子	5
13690	着メロ	5
13691	着服	5
13692	矢面	5
13693	短	5
13694	短大	5
13695	石切り	5
13696	石化	5
13697	石壁	5
13698	石工	5
13699	石火	5
13700	石臼	5
13701	砲台	5
13702	破目	5
13703	破門	5
13704	确	5
13705	確かめる	5
13706	祝言	5
13707	神曲	5
13708	神託	5
13709	祟	5
13710	禁書	5
13711	秋葉原	5
13712	移管	5
13713	移籍	5
13714	税制	5
13715	穴あけ	5
13716	突き進める	5
13717	立ち合	5
13718	章	5
13719	端正	5
13720	符号	5
13721	筆写	5
13722	節制	5
13723	篁	5
13724	簡略	5
13725	粗野	5
13726	精々	5
13727	紊乱	5
13728	純正	5
13729	素っ気ない	5
13730	素子	5
13731	素養	5
13732	紺谷	5
13733	組み分け	5
13734	組立て	5
13735	経口	5
13736	結節	5
13737	絞り	5
13738	絶倫	5
13739	続投	5
13740	総計	5
13741	緒	5
13742	練り物	5
13743	縦横	5
13744	繋ぎ止める	5
13745	織り交ぜる	5
13746	终	5
13747	美千子	5
13748	美津枝	5
13749	美談	5
13750	羞	5
13751	群がり	5
13752	羽化	5
13753	羽音	5
13754	翔太	5
13755	老子	5
13756	而	5
13757	耕作	5
13758	聖具	5
13759	聖火	5
13760	聞きこみ	5
13761	肥育	5
13762	肩車	5
13763	肺病	5
13764	胴元	5
13765	能書き	5
13766	脚光	5
13767	脚色	5
13768	脱出	5
13769	腹立ち	5
13770	臨死	5
13771	自省	5
13772	自費	5
13773	舌先	5
13774	舟状	5
13775	舰	5
13776	舵取り	5
13777	船中	5
13778	船主	5
13779	艦上	5
13780	艦船	5
13781	艦首	5
13782	良子	5
13783	色彩	5
13784	色褪せ	5
13785	花言葉	5
13786	若年	5
13787	苦味	5
13788	荒くれ者	5
13789	荒ら	5
13790	荷積み	5
13791	菌株	5
13792	落ち葉	5
13793	落合	5
13794	蔑	5
13795	蔚山	5
13796	蕩	5
13797	薙	5
13798	薬代	5
13799	藍色	5
13800	藤野	5
13801	蛮人	5
13802	血気	5
13803	行く先	5
13804	行ける	5
13805	表敬	5
13806	表裏	5
13807	袖口	5
13808	裏技	5
13809	裏面	5
13810	製図	5
13811	要綱	5
13812	要項	5
13813	覇者	5
13814	見所	5
13815	規準	5
13816	視床	5
13817	親代わり	5
13818	親譲り	5
13819	親鳥	5
13820	解き明かす	5
13821	触感	5
13822	言質	5
13823	設	5
13824	詐取	5
13825	詩編	5
13826	詰問	5
13827	話合い	5
13828	認	5
13829	語尾	5
13830	調剤	5
13831	請	5
13832	論破	5
13833	論評	5
13834	諸公	5
13835	謳歌	5
13836	識者	5
13837	議定	5
13838	議決	5
13839	豹変	5
13840	貴下	5
13841	買	5
13842	買い与える	5
13843	賓客	5
13844	贈物	5
13845	赤目	5
13846	起用	5
13847	超絶	5
13848	足引	5
13849	足指	5
13850	足掛かり	5
13851	跳る	5
13852	身ぶり	5
13853	身上	5
13854	車止め	5
13855	軍務	5
13856	軒下	5
13857	転ぶ	5
13858	轟音	5
13859	辛口	5
13860	農政	5
13861	过来	5
13862	近い	5
13863	这次	5
13864	这里	5
13865	退艦	5
13866	送致	5
13867	逆向き	5
13868	逆子	5
13869	逆説	5
13870	通院	5
13871	造り上げる	5
13872	造作	5
13873	連れ込み	5
13874	連れ込める	5
13875	進級	5
13876	進駐	5
13877	運び入れる	5
13878	運び手	5
13879	運気	5
13880	達男	5
13881	遼太郎	5
13882	邑	5
13883	邪念	5
13884	郭	5
13885	配分	5
13886	配車	5
13887	酔い止め	5
13888	酪農	5
13889	酸味	5
13890	重なり	5
13891	重心	5
13892	野垂れ死	5
13893	野草	5
13894	量刑	5
13895	金井	5
13896	金品	5
13897	金賞	5
13898	釣り場	5
13899	鉄条	5
13900	鉄製	5
13901	鉢合わせ	5
13902	銀次	5
13903	銀髪	5
13904	銅山	5
13905	鋳物	5
13906	錦	5
13907	错	5
13908	長安	5
13909	長引く	5
13910	開る	5
13911	開頭	5
13912	関屋	5
13913	関羽	5
13914	闔	5
13915	阿部	5
13916	降服	5
13917	降誕	5
13918	陸路	5
13919	集客	5
13920	雇い入れ	5
13921	離れ業	5
13922	離船	5
13923	雲南	5
13924	電化	5
13925	震	5
13926	青々	5
13927	青汁	5
13928	青沼	5
13929	静的	5
13930	面舵	5
13931	靴	5
13932	順	5
13933	頭目	5
13934	頼	5
13935	類人	5
13936	風刺	5
13937	風当たり	5
13938	風潮	5
13939	風評	5
13940	食券	5
13941	食感	5
13942	駆け下りる	5
13943	骗人	5
13944	骨付き	5
13945	高坂	5
13946	高木	5
13947	高３	5
13948	魚人	5
13949	鯨	5
13950	鸞	5
13951	麻衣子	5
13952	黒門	5
13953	鼻持ち	5
13954	あ〜あ	4
13955	あ〜ら	4
13956	ああん	4
13957	あいあい	4
13958	あさる	4
13959	あそぶ	4
13960	あたくし	4
13961	あたま	4
13962	あたらし	4
13963	あっし	4
13964	あつかましい	4
13965	あつめ	4
13966	あて先	4
13967	あとあと	4
13968	あばずれ女	4
13969	あらいぐま	4
13970	あらかた	4
13971	ありさま	4
13972	あれー	4
13973	あん	4
13974	いじくる	4
13975	いや気	4
13976	うっ	4
13977	うわさ話	4
13978	うん	4
13979	おい	4
13980	お転婆	4
13981	かん	4
13982	く	4
13983	くぎ付け	4
13984	くさい	4
13985	くっ付ける	4
13986	くり	4
13987	ぐあ	4
13988	こたあ	4
13989	この	4
13990	こみ上げる	4
13991	さ〜	4
13992	さざ波	4
13993	じこ	4
13994	すぎ	4
13995	すそ分け	4
13996	そびえる	4
13997	だれ	4
13998	って	4
13999	つきあたり	4
14000	つくり話	4
14001	つまり	4
14002	つむじ風	4
14003	なあん	4
14004	にゃあ	4
14005	にらみ合い	4
14006	ひと休み	4
14007	ひと口	4
14008	へばる	4
14009	べ	4
14010	ほら	4
14011	まぁ	4
14012	まくし立てる	4
14013	もぎ取る	4
14014	もてあそぶ	4
14015	もみ消し	4
14016	もらい物	4
14017	わる	4
14018	わん	4
14019	アイド	4
14020	アイバンホー	4
14021	アイパッチ	4
14022	アイリン	4
14023	アイル	4
14024	アイヴォン	4
14025	アキオ	4
14026	アクシャイフ	4
14027	アクター	4
14028	アグレッシブ	4
14029	アコーデオン	4
14030	アコード	4
14031	アサガオ	4
14032	アシュトン	4
14033	アシュラ	4
14034	アジェンダ	4
14035	アスレチック	4
14036	アタランタ	4
14037	アッターゼ	4
14038	アデア	4
14039	アトピー	4
14040	アトリウム	4
14041	アドミラル	4
14042	アナグラム	4
14043	アナトール	4
14044	アナポリス	4
14045	アニック	4
14046	アバディーン	4
14047	アビガイル	4
14048	アブスターゴ	4
14049	アブラムシ	4
14050	アブレガド	4
14051	アホウ	4
14052	アボタバド	4
14053	アボリジニ	4
14054	アポイント	4
14055	アマガエル	4
14056	アマン	4
14057	アミティエ	4
14058	アミロイド	4
14059	アムトラック	4
14060	アメックス	4
14061	アメン	4
14062	アモーレ	4
14063	アユ	4
14064	アラ探し	4
14065	アリエル	4
14066	アルカロイド	4
14067	アルクメネ	4
14068	アルゴン	4
14069	アルズ	4
14070	アルテミス	4
14071	アルトゥス	4
14072	アルペン	4
14073	アルリングトン	4
14074	アルン	4
14075	アレグザンダー	4
14076	アレコレ	4
14077	アングラ	4
14078	アンコン	4
14079	アンジェリク	4
14080	アンダーセン	4
14081	アンダーライン	4
14082	アンティゴネ	4
14083	アンデゥ	4
14084	アンデス	4
14085	アンドルーズ	4
14086	アンドロポフ	4
14087	アンノウン	4
14088	アンバサダー	4
14089	アーチェーリ	4
14090	アーブ	4
14091	アーミテージ	4
14092	アームスビィ	4
14093	アーンスト	4
14094	イグレシアス	4
14095	ウェスト	4
14096	ウォー	4
14097	ウ～ン	4
14098	エアバス	4
14099	エトルリア	4
14100	エピ	4
14101	オン	4
14102	カシアス	4
14103	カシミア	4
14104	カテ	4
14105	カバー	4
14106	カミーノ	4
14107	ガキ	4
14108	ガラ	4
14109	クアッフル	4
14110	クソババア	4
14111	クロウ	4
14112	グアア	4
14113	ケンモア	4
14114	ケ月	4
14115	ゲ	4
14116	コレ	4
14117	コロ	4
14118	サィヤ	4
14119	サイズ	4
14120	シカモ	4
14121	シビア	4
14122	ジュアン	4
14123	ジュリアード	4
14124	スウィジンズ	4
14125	ステアー	4
14126	スフィア	4
14127	スメアゴル	4
14128	ズボン	4
14129	タッチ	4
14130	タマ	4
14131	ターク	4
14132	ダートムア	4
14133	チャ	4
14134	ツー	4
14135	ティン	4
14136	テック	4
14137	テッサリア	4
14138	テロメア	4
14139	ディアー	4
14140	ディジアック	4
14141	ディリ	4
14142	デキストロ	4
14143	デュアラ	4
14144	デュアン	4
14145	デュー	4
14146	デヴォア	4
14147	トーア	4
14148	ドーラ	4
14149	ニセ者	4
14150	ニャア	4
14151	ネメア	4
14152	ノー	4
14153	ノースショア	4
14154	ハアー	4
14155	ハハハ	4
14156	ハメ	4
14157	ハー	4
14158	バイバ	4
14159	バラ	4
14160	パプアニューギニア	4
14161	ヒゲ面	4
14162	ビ	4
14163	ビリ	4
14164	ビルトモア	4
14165	ファームウェア	4
14166	フィル	4
14167	フォア	4
14168	フッ素	4
14169	フューリア	4
14170	ブラジリア	4
14171	ブロアー	4
14172	プニア	4
14173	プロ	4
14174	ベアーズ	4
14175	ベアード	4
14176	ベゾアール	4
14177	ベネチア	4
14178	ベラ	4
14179	ボヘミアン	4
14180	ポニ	4
14181	ポーセ	4
14182	マコ	4
14183	ムア	4
14184	ムジョルニア	4
14185	メリアドク	4
14186	メリディアン	4
14187	モーアクロフト	4
14188	モーリア	4
14189	ユアン	4
14190	ユー	4
14191	ヨウ	4
14192	ラテンアメリカ	4
14193	ラブ	4
14194	ラヴィニア	4
14195	リアリズム	4
14196	リクレシア	4
14197	リム	4
14198	リュー	4
14199	リーアン	4
14200	リーベンダウアー	4
14201	レイ	4
14202	レイク	4
14203	レク	4
14204	レジ	4
14205	レン	4
14206	ロアノーク	4
14207	ロサリア	4
14208	ワアー	4
14209	ヵ年	4
14210	ープ	4
14211	ヾサ	4
14212	一人歩き	4
14213	一塁	4
14214	一室	4
14215	一席	4
14216	一念	4
14217	一様	4
14218	一蹴	4
14219	一隊	4
14220	万国	4
14221	万民	4
14222	丈一	4
14223	三沢	4
14224	三河	4
14225	上り下り	4
14226	上座	4
14227	上目	4
14228	下し	4
14229	下ろせる	4
14230	下手クソ	4
14231	不一	4
14232	不倶	4
14233	不燃	4
14234	不精	4
14235	东西	4
14236	両刃	4
14237	両思い	4
14238	両脇	4
14239	両論	4
14240	中ごろ	4
14241	中二	4
14242	中位	4
14243	中入	4
14244	中型	4
14245	中腹	4
14246	中頃	4
14247	中高年	4
14248	丶女	4
14249	丶聞	4
14250	丸	4
14251	主従	4
14252	主神	4
14253	主管	4
14254	主食	4
14255	九龍	4
14256	乳様	4
14257	了一	4
14258	二の舞い	4
14259	二枚舌	4
14260	五右衛門	4
14261	交じる	4
14262	享年	4
14263	人だかり	4
14264	人使い	4
14265	人徳	4
14266	人感	4
14267	人智	4
14268	人見	4
14269	今世	4
14270	今立	4
14271	他州	4
14272	付合い	4
14273	付帯	4
14274	仙台	4
14275	代筆	4
14276	仰	4
14277	任地	4
14278	伊	4
14279	伤口	4
14280	体得	4
14281	体積	4
14282	体腔	4
14283	体長	4
14284	余所	4
14285	余波	4
14286	作りもの	4
14287	你有	4
14288	使い走り	4
14289	侍	4
14290	侍医	4
14291	信じ込む	4
14292	信望	4
14293	修司	4
14294	修得	4
14295	個所	4
14296	倍速	4
14297	偏食	4
14298	備え付け	4
14299	傷あと	4
14300	僚機	4
14301	優男	4
14302	元氣	4
14303	兄	4
14304	兄弟	4
14305	充当	4
14306	先っちょ	4
14307	先公	4
14308	先刻	4
14309	先取	4
14310	先払い	4
14311	先鋭	4
14312	光源	4
14313	光芒	4
14314	光陰	4
14315	党派	4
14316	入れあげる	4
14317	入出	4
14318	全勝	4
14319	全問	4
14320	全階	4
14321	八角	4
14322	公け	4
14323	公主	4
14324	公僕	4
14325	共作	4
14326	共振	4
14327	共著	4
14328	关	4
14329	兵士	4
14330	具現	4
14331	内々	4
14332	内規	4
14333	内訳	4
14334	再四	4
14335	再帰	4
14336	再訪	4
14337	再診	4
14338	写像	4
14339	冥土	4
14340	冬	4
14341	决定	4
14342	几	4
14343	凶	4
14344	出来物	4
14345	出来立て	4
14346	出金	4
14347	分かりかける	4
14348	分かれ目	4
14349	分け合う	4
14350	分譲	4
14351	分量	4
14352	初犯	4
14353	初陣	4
14354	初雪	4
14355	利便	4
14356	别	4
14357	制酸	4
14358	刻	4
14359	前王	4
14360	前置	4
14361	前話	4
14362	前走	4
14363	剣	4
14364	創意	4
14365	劇画	4
14366	力づける	4
14367	力仕事	4
14368	力作	4
14369	加納	4
14370	动画	4
14371	勅	4
14372	動かす	4
14373	動き回る	4
14374	動静	4
14375	北島	4
14376	北門	4
14377	医術	4
14378	十郎	4
14379	千切り	4
14380	半周	4
14381	卖	4
14382	南無	4
14383	南緯	4
14384	南門	4
14385	単離	4
14386	占星	4
14387	印形	4
14388	即日	4
14389	即金	4
14390	厘	4
14391	原文	4
14392	原盤	4
14393	原題	4
14394	厦言	4
14395	厳命	4
14396	参ずる	4
14397	参画	4
14398	反戦	4
14399	反正	4
14400	反軍	4
14401	发	4
14402	取っとき	4
14403	取り引	4
14404	取り得	4
14405	取下げ	4
14406	受け答え	4
14407	受け身	4
14408	受勲	4
14409	叙情	4
14410	叛乱	4
14411	口ヒゲ	4
14412	口内	4
14413	口出	4
14414	口移し	4
14415	古本	4
14416	古物	4
14417	可動	4
14418	可聴	4
14419	右田	4
14420	各州	4
14421	各機	4
14422	各隊	4
14423	同年	4
14424	同朋	4
14425	同額	4
14426	名だたる	4
14427	吹き	4
14428	呼び入れる	4
14429	呼び立てる	4
14430	呼び起こす	4
14431	呼応	4
14432	哀歌	4
14433	品目	4
14434	哲人	4
14435	唸り声	4
14436	問い掛け	4
14437	問診	4
14438	問責	4
14439	啓太	4
14440	喜富	4
14441	喰る	4
14442	嗚呼	4
14443	嘘	4
14444	噴	4
14445	四川	4
14446	四駆	4
14447	回覧	4
14448	因み	4
14449	団交	4
14450	図太い	4
14451	固化	4
14452	土井	4
14453	土俵	4
14454	圧	4
14455	在任	4
14456	在来	4
14457	在校	4
14458	地層	4
14459	地政	4
14460	城内	4
14461	城砦	4
14462	城郭	4
14463	基調	4
14464	堅気	4
14465	堕天	4
14466	報償	4
14467	増量	4
14468	墨量	4
14469	声色	4
14470	売り主	4
14471	売り抜け	4
14472	売主	4
14473	売品	4
14474	変わり目	4
14475	変位	4
14476	変哲	4
14477	変造	4
14478	外付け	4
14479	外回り	4
14480	多元	4
14481	夜学	4
14482	大っきい	4
14483	大ウソ	4
14484	大伯母	4
14485	大叔母	4
14486	大壺	4
14487	大好	4
14488	大姉	4
14489	大島	4
14490	大慌て	4
14491	大有り	4
14492	大筋	4
14493	大詰め	4
14494	大負け	4
14495	大貫	4
14496	大足	4
14497	大道	4
14498	大釜	4
14499	大鍋	4
14500	大雪	4
14501	天主	4
14502	天啓	4
14503	天守	4
14504	天宮	4
14505	天工	4
14506	天引き	4
14507	天涯	4
14508	夫殺し	4
14509	奔流	4
14510	女将	4
14511	女郎	4
14512	如何に	4
14513	妙子	4
14514	委縮	4
14515	婆	4
14516	婦女	4
14517	嫁入り	4
14518	子午	4
14519	子宝	4
14520	子連れ	4
14521	子音	4
14522	学内	4
14523	学識	4
14524	安原	4
14525	安山	4
14526	定形	4
14527	定置	4
14528	定評	4
14529	定量	4
14530	定額	4
14531	実像	4
14532	客車	4
14533	室生	4
14534	宰相	4
14535	家捜し	4
14536	家探し	4
14537	寄せ	4
14538	寝具	4
14539	寝所	4
14540	寵児	4
14541	寵愛	4
14542	寸	4
14543	寸分	4
14544	寺山	4
14545	専売	4
14546	射的	4
14547	将兵	4
14548	導管	4
14549	小さい	4
14550	小さめ	4
14551	小わっぱ	4
14552	小作	4
14553	小出し	4
14554	小刀	4
14555	小喬	4
14556	小売り	4
14557	小技	4
14558	小母	4
14559	小父	4
14560	小禄	4
14561	小米	4
14562	小腸	4
14563	小腹	4
14564	小話	4
14565	小躍り	4
14566	就	4
14567	就会	4
14568	就有	4
14569	局地	4
14570	局番	4
14571	居城	4
14572	属国	4
14573	属性	4
14574	山刀	4
14575	山場	4
14576	山川	4
14577	山村	4
14578	山河	4
14579	山高	4
14580	山麓	4
14581	岡村	4
14582	島中	4
14583	島国	4
14584	崇	4
14585	川下	4
14586	州外	4
14587	差し向かい	4
14588	差不多	4
14589	巳	4
14590	帝都	4
14591	師弟	4
14592	帰り際	4
14593	帰結	4
14594	常人	4
14595	常温	4
14596	幕間	4
14597	平氣	4
14598	平米	4
14599	年増	4
14600	年越し	4
14601	应	4
14602	底	4
14603	店仕舞い	4
14604	弊	4
14605	引きちぎる	4
14606	引き下がる	4
14607	引き伸ばし	4
14608	引き延ばす	4
14609	引き潮	4
14610	引き込み	4
14611	弱小	4
14612	張りつけ	4
14613	張り上げる	4
14614	張允	4
14615	強国	4
14616	弾力	4
14617	弾正	4
14618	当たり障り	4
14619	形相	4
14620	形質	4
14621	影像	4
14622	役どころ	4
14623	役割り	4
14624	後ずさり	4
14625	後ろ暗い	4
14626	後ろ足	4
14627	後列	4
14628	後学	4
14629	後宮	4
14630	後席	4
14631	徒	4
14632	徒党	4
14633	従	4
14634	得票	4
14635	御代	4
14636	復権	4
14637	心配り	4
14638	応接	4
14639	怎	4
14640	怒号	4
14641	怖い	4
14642	思い過ごし	4
14643	恒常	4
14644	恵子	4
14645	悲報	4
14646	悶着	4
14647	情愛	4
14648	情景	4
14649	愛子	4
14650	感光	4
14651	成り立ち	4
14652	成敗	4
14653	我家	4
14654	戦型	4
14655	戦没	4
14656	戴天	4
14657	房	4
14658	手ごろ	4
14659	手の内	4
14660	手の物	4
14661	手傷	4
14662	手勢	4
14663	手取り	4
14664	手合い	4
14665	手土産	4
14666	手投げ	4
14667	手抜かり	4
14668	手指	4
14669	手記	4
14670	手負い	4
14671	手間賃	4
14672	手駒	4
14673	才女	4
14674	技法	4
14675	投げやり	4
14676	投球	4
14677	抜き取り	4
14678	抜き取る	4
14679	拝領	4
14680	拡声	4
14681	持ちあげる	4
14682	持出	4
14683	持場	4
14684	指圧	4
14685	挙げ句	4
14686	振	4
14687	捕	4
14688	捕り物	4
14689	捜す	4
14690	掘っ立て	4
14691	掛け算	4
14692	接舷	4
14693	控え目	4
14694	推し進める	4
14695	揉み合う	4
14696	提	4
14697	撮る	4
14698	支線	4
14699	收	4
14700	改札	4
14701	攻防	4
14702	放り捨てる	4
14703	放漫	4
14704	放熱	4
14705	政宗	4
14706	故国	4
14707	散在	4
14708	散大	4
14709	散発	4
14710	数量	4
14711	整い	4
14712	敵国	4
14713	敷金	4
14714	文夫	4
14715	文房	4
14716	斜線	4
14717	断面	4
14718	新進	4
14719	新野	4
14720	施工	4
14721	旗揚げ	4
14722	既視	4
14723	日にち	4
14724	日付け	4
14725	日報	4
14726	日射	4
14727	早死	4
14728	早産	4
14729	早目	4
14730	昇降	4
14731	明解	4
14732	春日	4
14733	昼前	4
14734	時どき	4
14735	時勢	4
14736	晴	4
14737	曲がる	4
14738	曲者	4
14739	書き出し	4
14740	曽	4
14741	月待	4
14742	月見	4
14743	有志	4
14744	朝来	4
14745	木の葉	4
14746	木工	4
14747	木更津	4
14748	木炭	4
14749	木片	4
14750	木管	4
14751	本多	4
14752	本決まり	4
14753	本署	4
14754	村中	4
14755	村岡	4
14756	村落	4
14757	束	4
14758	条文	4
14759	東浦	4
14760	松原	4
14761	松尾	4
14762	枚数	4
14763	枝分かれ	4
14764	染料	4
14765	校門	4
14766	格付け	4
14767	格式	4
14768	桃色	4
14769	桜木	4
14770	森下	4
14771	森中	4
14772	森山	4
14773	植え込み	4
14774	業種	4
14775	横田	4
14776	横須賀	4
14777	横顔	4
14778	橋	4
14779	橋本	4
14780	機先	4
14781	機略	4
14782	次会	4
14783	歌詩	4
14784	止り	4
14785	正夢	4
14786	正行	4
14787	武志	4
14788	武者	4
14789	歩数	4
14790	歴	4
14791	死地	4
14792	死斑	4
14793	殖民	4
14794	殺伐	4
14795	母鳥	4
14796	比重	4
14797	毛色	4
14798	民俗	4
14799	民法	4
14800	气	4
14801	気後れ	4
14802	気恥ずかしい	4
14803	気構え	4
14804	気腫	4
14805	気落ち	4
14806	水層	4
14807	水戸部	4
14808	水攻め	4
14809	水棲	4
14810	水流	4
14811	水疱	4
14812	水虫	4
14813	水難	4
14814	氷上	4
14815	氷水	4
14816	永	4
14817	永年	4
14818	求	4
14819	江藤	4
14820	池上	4
14821	汲み上げ	4
14822	沖合い	4
14823	泄	4
14824	法力	4
14825	泣声	4
14826	注水	4
14827	洗い清める	4
14828	流木	4
14829	浴場	4
14830	海事	4
14831	海保	4
14832	海風	4
14833	消沈	4
14834	消音	4
14835	涙目	4
14836	液状	4
14837	深	4
14838	深い	4
14839	深緑	4
14840	混ざる	4
14841	混ずる	4
14842	混在	4
14843	清三	4
14844	渥美	4
14845	満天	4
14846	準々	4
14847	演る	4
14848	漕ぎ着ける	4
14849	火かき	4
14850	火球	4
14851	火蓋	4
14852	火術	4
14853	灯	4
14854	炊事	4
14855	炒め物	4
14856	炭火	4
14857	烏合	4
14858	無地	4
14859	無毒	4
14860	無為	4
14861	無類	4
14862	焼身	4
14863	煮る	4
14864	熟読	4
14865	熱量	4
14866	版	4
14867	版権	4
14868	物まね	4
14869	物分り	4
14870	物差し	4
14871	物笑い	4
14872	物置き	4
14873	物腰	4
14874	犀星	4
14875	独り立ち	4
14876	献上	4
14877	献体	4
14878	献立	4
14879	玉	4
14880	玉名	4
14881	球根	4
14882	球状	4
14883	理路	4
14884	甘受	4
14885	生え抜き	4
14886	生き恥	4
14887	生き血	4
14888	生き返り	4
14889	生み出す	4
14890	生殺し	4
14891	生焼け	4
14892	生花	4
14893	生食	4
14894	産後	4
14895	田畑	4
14896	田舎暮らし	4
14897	田舎道	4
14898	由々し	4
14899	由梨子	4
14900	甲	4
14901	申し子	4
14902	町はずれ	4
14903	画質	4
14904	留任	4
14905	略歴	4
14906	略称	4
14907	異形	4
14908	疆言	4
14909	疑義	4
14910	病巣	4
14911	病態	4
14912	痛み分け	4
14913	痛め付ける	4
14914	療治	4
14915	発炎	4
14916	発起	4
14917	白刃	4
14918	白犬	4
14919	白猫	4
14920	白身	4
14921	皇位	4
14922	皇宮	4
14923	盆地	4
14924	盗む	4
14925	盗聴	4
14926	盛り付け	4
14927	目ぼしい	4
14928	目元	4
14929	目方	4
14930	目盛り	4
14931	盲検	4
14932	直上	4
14933	直播	4
14934	相合	4
14935	省エネ	4
14936	看視	4
14937	真ん前	4
14938	真美	4
14939	着衣	4
14940	知念	4
14941	石櫃	4
14942	砲座	4
14943	祖父	4
14944	祝い事	4
14945	神がかり	4
14946	神格	4
14947	神髄	4
14948	祭式	4
14949	禮	4
14950	私利	4
14951	私鉄	4
14952	秋元	4
14953	秋冬物	4
14954	种事	4
14955	穏当	4
14956	空き箱	4
14957	空箱	4
14958	空色	4
14959	窒	4
14960	窮状	4
14961	立ちション	4
14962	立て続け	4
14963	竹馬	4
14964	符	4
14965	等式	4
14966	管内	4
14967	箱	4
14968	節子	4
14969	築きあげる	4
14970	籾	4
14971	粒	4
14972	糖分	4
14973	純愛	4
14974	純銀	4
14975	紙上	4
14976	素因	4
14977	素足	4
14978	素面	4
14979	終	4
14980	組み入れ	4
14981	組む	4
14982	組替え	4
14983	組立	4
14984	組長	4
14985	組閣	4
14986	統	4
14987	継ぎ目	4
14988	総取り	4
14989	総局	4
14990	総崩れ	4
14991	総意	4
14992	総立ち	4
14993	総菜	4
14994	緑	4
14995	締め	4
14996	編曲	4
14997	編者	4
14998	縫い物	4
14999	織機	4
15000	罪業	4
15001	罹患	4
15002	美代子	4
15003	美形	4
15004	羽目板	4
15005	老体	4
15006	考え合わせる	4
15007	聖像	4
15008	聞き手	4
15009	肉	4
15010	肉声	4
15011	肉用	4
15012	肌色	4
15013	背部	4
15014	脇目	4
15015	腫れ	4
15016	腫物	4
15017	膳	4
15018	臨月	4
15019	臭気	4
15020	興ざめ	4
15021	舞	4
15022	航宙	4
15023	船着	4
15024	良民	4
15025	良策	4
15026	色水	4
15027	色違い	4
15028	色黒	4
15029	花形	4
15030	若死	4
15031	苦々しい	4
15032	英兵	4
15033	英文	4
15034	英気	4
15035	荒波	4
15036	荷重	4
15037	荻江	4
15038	菊	4
15039	落着ける	4
15040	蔑称	4
15041	薬味	4
15042	虚空	4
15043	虹色	4
15044	蛇神	4
15045	蟹	4
15046	蟹座	4
15047	衆人	4
15048	行き交い	4
15049	行き届き	4
15050	行き着ける	4
15051	行徳	4
15052	術中	4
15053	街	4
15054	衛門	4
15055	表意	4
15056	表記	4
15057	表通り	4
15058	裁断	4
15059	裏話	4
15060	褒め	4
15061	褒め称える	4
15062	西ドイツ	4
15063	西国	4
15064	西尾	4
15065	西沢	4
15066	西門	4
15067	要る	4
15068	要職	4
15069	見積り	4
15070	見送る	4
15071	親展	4
15072	親爺	4
15073	観世音	4
15074	解り合える	4
15075	解熱	4
15076	解由	4
15077	言い張る	4
15078	討手	4
15079	訓話	4
15080	記帳	4
15081	証取	4
15082	話者	4
15083	誘引	4
15084	説話	4
15085	読取り	4
15086	読経	4
15087	調律	4
15088	論証	4
15089	論題	4
15090	諸共	4
15091	謹星	4
15092	謹皇	4
15093	護国	4
15094	豆	4
15095	豚足	4
15096	豹	4
15097	貧者	4
15098	貨車	4
15099	貪る	4
15100	質感	4
15101	赤線	4
15102	赤身	4
15103	赤面	4
15104	走馬	4
15105	足立	4
15106	踏ん張り	4
15107	身の丈	4
15108	身代り	4
15109	身投げ	4
15110	車上	4
15111	車高	4
15112	軍規	4
15113	転写	4
15114	転進	4
15115	軽業	4
15116	輩	4
15117	輪状	4
15118	農具	4
15119	農産	4
15120	近付き	4
15121	近位	4
15122	近眼	4
15123	追究	4
15124	退団	4
15125	送管	4
15126	送達	4
15127	逆光	4
15128	逆進	4
15129	通じ合う	4
15130	通例	4
15131	通牒	4
15132	通説	4
15133	造語	4
15134	逢	4
15135	進水	4
15136	遊び人	4
15137	遊具	4
15138	遊行	4
15139	過熱	4
15140	過誤	4
15141	過量	4
15142	道代	4
15143	道標	4
15144	達観	4
15145	遠乗り	4
15146	遠目	4
15147	遠近法	4
15148	適量	4
15149	還流	4
15150	郡道	4
15151	部室	4
15152	郷土	4
15153	都庁	4
15154	都民	4
15155	酒店	4
15156	醜女	4
15157	采配	4
15158	重々	4
15159	重刑	4
15160	重厚	4
15161	重婚	4
15162	重態	4
15163	重鎮	4
15164	野干	4
15165	野暮ったい	4
15166	野猫	4
15167	金柑	4
15168	金稼ぎ	4
15169	金脈	4
15170	釣合い	4
15171	鈴村	4
15172	鉄塔	4
15173	鉄球	4
15174	鉄骨	4
15175	錐体	4
15176	録る	4
15177	鎧	4
15178	長物	4
15179	長編	4
15180	閉園	4
15181	閉門	4
15182	開票	4
15183	间	4
15184	防疫	4
15185	降車	4
15186	降魔	4
15187	陶磁器	4
15188	隠れる	4
15189	隠元	4
15190	隻	4
15191	雇い人	4
15192	雑多	4
15193	雑然	4
15194	雑食	4
15195	離任	4
15196	離別	4
15197	難物	4
15198	雪原	4
15199	雪子	4
15200	雷音	4
15201	電卓	4
15202	霧中	4
15203	露光	4
15204	露店	4
15205	露日	4
15206	青帯	4
15207	青木	4
15208	青銅	4
15209	静	4
15210	面白み	4
15211	音像	4
15212	音程	4
15213	音階	4
15214	順一	4
15215	預け入れ	4
15216	頭足	4
15217	顔役	4
15218	顕在	4
15219	類い	4
15220	風体	4
15221	風化	4
15222	飛び起きる	4
15223	食べもの	4
15224	飲み足りる	4
15225	飼い葉	4
15226	館内	4
15227	首元	4
15228	馬肉	4
15229	駄々	4
15230	高ぶり	4
15231	高低	4
15232	高僧	4
15233	高島	4
15234	高笑い	4
15235	髪色	4
15236	魔人	4
15237	魚屋	4
15238	鳴動	4
15239	鴉	4
15240	鹿取	4
15241	黒木	4
15242	あさまし	3
15243	あしらえる	3
15244	あすこ	3
15245	あたしゃ	3
15246	あたたか	3
15247	あたふた	3
15248	あたりめ	3
15249	あたり前	3
15250	あだち	3
15251	あちゃー	3
15252	あどけない	3
15253	あながち	3
15254	あにき	3
15255	あばた	3
15256	あぶら	3
15257	あまねく	3
15258	あやか	3
15259	あやまち	3
15260	あらす	3
15261	あらららら	3
15262	あら探し	3
15263	あり金	3
15264	あれしき	3
15265	あれれれ	3
15266	あわただしい	3
15267	あんがい	3
15268	いける	3
15269	いで	3
15270	いで立ち	3
15271	いや応	3
15272	かえる	3
15273	かけ	3
15274	かけ声	3
15275	かじ	3
15276	かじる	3
15277	くじ引き	3
15278	くみ上げ	3
15279	こう	3
15280	こく	3
15281	こっち	3
15282	さし向ける	3
15283	さび	3
15284	さり気ない	3
15285	しか	3
15286	しょっ引く	3
15287	じゅう器	3
15288	すき	3
15289	せり	3
15290	せん別	3
15291	そそ	3
15292	そっち	3
15293	そん	3
15294	ぞ	3
15295	ぞろ目	3
15296	たい	3
15297	ただ事	3
15298	ただ者	3
15299	たぼ	3
15300	ったく	3
15301	っつう	3
15302	っぺ	3
15303	つかみ	3
15304	つな	3
15305	つら	3
15306	づら	3
15307	てこ入れ	3
15308	とにかく	3
15309	とりあう	3
15310	どしゃ降り	3
15311	どら息子	3
15312	にあ	3
15313	にゃ	3
15314	ねぇ	3
15315	ねえ	3
15316	のん気	3
15317	のォ	3
15318	ははあ	3
15319	ひげ面	3
15320	ひと	3
15321	ひとり言	3
15322	ひと気	3
15323	ひやあ	3
15324	ふけ	3
15325	ふた手	3
15326	ぶち上げる	3
15327	ぶち殺す	3
15328	ぶっ放す	3
15329	ぶっ殺す	3
15330	ほど	3
15331	まう	3
15332	まきあげる	3
15333	まくり上げる	3
15334	まとめ役	3
15335	まま	3
15336	みな	3
15337	めぐり会える	3
15338	めぐり合わせ	3
15339	も〜	3
15340	もう	3
15341	もつれる	3
15342	もみ消す	3
15343	もやしっ子	3
15344	やあっ	3
15345	やり過ごす	3
15346	よじ登る	3
15347	よォ	3
15348	りつ	3
15349	わり	3
15350	アアア	3
15351	アイアイ	3
15352	アイボリー	3
15353	アイユーブ	3
15354	アイラモラーダ	3
15355	アイルズ	3
15356	アウグスティン	3
15357	アウス	3
15358	アウチ	3
15359	アウトバーン	3
15360	アカデミック	3
15361	アカー	3
15362	アガチス	3
15363	アガリ	3
15364	アキム	3
15365	アキー	3
15366	アギレラ	3
15367	アクエリアス	3
15368	アクシーニヤブイストリッカヤ	3
15369	アクセ	3
15370	アクターズ	3
15371	アクチェ	3
15372	アクティビティ	3
15373	アグラノヴ	3
15374	アグリ	3
15375	アグリー	3
15376	アケ	3
15377	アゲーラ	3
15378	アコ	3
15379	アサリ	3
15380	アシタ	3
15381	アシモフ	3
15382	アシュフォード	3
15383	アジアン	3
15384	アセンション	3
15385	アソシエイツ	3
15386	アゾフ	3
15387	アダン	3
15388	アダージョ	3
15389	アッティクス	3
15390	アッハ	3
15391	アップリンク	3
15392	アデュー	3
15393	アトキンス	3
15394	アトキンソン	3
15395	アトム	3
15396	アナコンダ	3
15397	アナゴ	3
15398	アナライザ	3
15399	アヌス	3
15400	アノール	3
15401	アハハハッ	3
15402	アバクロ	3
15403	アビオニクス	3
15404	アピス	3
15405	アフラ	3
15406	アフリカン	3
15407	アフル	3
15408	アブシャイア	3
15409	アブソラム	3
15410	アブダル	3
15411	アブディ	3
15412	アブナー	3
15413	アブハジア	3
15414	アブラム	3
15415	アブロナス	3
15416	アホン	3
15417	アボッターバード	3
15418	アポン	3
15419	アマリア	3
15420	アミル	3
15421	アャ	3
15422	アラステア	3
15423	アラセメリア	3
15424	アルカイーダ	3
15425	アルカルド	3
15426	アルジェ	3
15427	アルタイル	3
15428	アルダー	3
15429	アルテ	3
15430	アルノ	3
15431	アルハンゲリスカヤ	3
15432	アルバン	3
15433	アルファロメオ	3
15434	アルフォンズ	3
15435	アルブ	3
15436	アルプラゾラム	3
15437	アルマゲドン	3
15438	アルーバ	3
15439	アレクサンダ	3
15440	アロエ	3
15441	アワ	3
15442	アンカ	3
15443	アンガー	3
15444	アング	3
15445	アングラー	3
15446	アンゲル	3
15447	アンダーグラウンド	3
15448	アンティグア	3
15449	アンデュイン	3
15450	アンデレ	3
15451	アントニア	3
15452	アントノフ	3
15453	アンドリューズ	3
15454	アンドレーエ	3
15455	アンドレーエフ	3
15456	アンブラー	3
15457	アンプル	3
15458	アンヘル	3
15459	アヴァ	3
15460	アヴィアノ	3
15461	アヴォセッタ	3
15462	アーカン	3
15463	アーバン	3
15464	アームズ	3
15465	イアーズ	3
15466	イデア	3
15467	インダストリアル	3
15468	ウィ	3
15469	ウェル	3
15470	ウリャア	3
15471	エアゾール	3
15472	エアロビクス	3
15473	エイド	3
15474	エイリアス	3
15475	エクレア	3
15476	エスク	3
15477	エリ	3
15478	エルモア	3
15479	エレミア	3
15480	エンジニアー	3
15481	オスティア	3
15482	オデヲン	3
15483	オトリアッド	3
15484	カイアファ	3
15485	カゲ	3
15486	カネ持ち	3
15487	カペニアク	3
15488	カポネ	3
15489	カム	3
15490	カメリア	3
15491	カルフォニア	3
15492	カンブリア	3
15493	カーノ	3
15494	ガス	3
15495	キアリテ	3
15496	キヌア	3
15497	キャリアー	3
15498	キル	3
15499	クィーン	3
15500	クズ鉄	3
15501	クリスティ	3
15502	クリミア	3
15503	クロフト	3
15504	グアアアア	3
15505	グアバ	3
15506	グリー	3
15507	グレア	3
15508	ケセン	3
15509	ゲラ	3
15510	コブ	3
15511	コメンタリー	3
15512	コラ	3
15513	コンベア	3
15514	ゴス	3
15515	サリア	3
15516	サンテ	3
15517	ザン	3
15518	シアーズ	3
15519	シャットアウト	3
15520	シャリア	3
15521	シーリア	3
15522	ジェディディア	3
15523	ジェデディア	3
15524	ジェレミア	3
15525	ジョアキム	3
15526	ジョアナ	3
15527	ジョシア	3
15528	ジルコニア	3
15529	スアレス	3
15530	スカウア	3
15531	ステアリング	3
15532	ストン	3
15533	スネア	3
15534	スフェア	3
15535	スペアミント	3
15536	スペアー	3
15537	スリー	3
15538	スロ	3
15539	スール	3
15540	セラ	3
15541	ソフトウエアー	3
15542	ソリアーノ	3
15543	タダ乗り	3
15544	タム	3
15545	ダクト	3
15546	ダミアーノ	3
15547	チュアン	3
15548	チョアヘヨ	3
15549	ツ	3
15550	ティタニアム	3
15551	ティック	3
15552	ティラ	3
15553	テディー	3
15554	ディアゴル	3
15555	デッチ上げ	3
15556	デメトリオス	3
15557	デー	3
15558	トライアンキロ	3
15559	トロス	3
15560	トーリンスクエア	3
15561	ドアーズ	3
15562	ドロテア	3
15563	ナタリア	3
15564	ナビ	3
15565	ナミビア	3
15566	ナンド	3
15567	ニカイア	3
15568	ニシアザブ	3
15569	ニック	3
15570	ニューギニア	3
15571	ニーナ	3
15572	ネット	3
15573	ノス	3
15574	ノール	3
15575	ハ〜	3
15576	ハーモ	3
15577	バイト先	3
15578	バカ	3
15579	パエリア	3
15580	パラ	3
15581	ビオ	3
15582	ビュー	3
15583	ビン	3
15584	ファミリア	3
15585	フォン	3
15586	フュージリア	3
15587	ブラ	3
15588	ブラジリアン	3
15589	ブリアナ	3
15590	ブリタニア	3
15591	ヘクシア	3
15592	ヘリ	3
15593	ヘル	3
15594	ベイ	3
15595	ベン	3
15596	ベンゾジアゼピン	3
15597	ペアン	3
15598	ホウ素	3
15599	ホテル	3
15600	ホレ	3
15601	ホー	3
15602	ボアズ	3
15603	ボス	3
15604	ボヘミア	3
15605	ボート	3
15606	ポンティアック	3
15607	マクアンドリュース	3
15608	マチアス	3
15609	マニアーナ	3
15610	マニュキュア	3
15611	マラ	3
15612	マリアッチ	3
15613	マーシ	3
15614	ミ	3
15615	ミクロネシア	3
15616	ミュート	3
15617	ミリアンペア	3
15618	ムシ	3
15619	ムゾリアン	3
15620	メデイア	3
15621	メリ	3
15622	モンゴリア	3
15623	ヤミ金	3
15624	ライト	3
15625	ラグジュア	3
15626	ラマ	3
15627	ランサム	3
15628	リィ	3
15629	リグ	3
15630	リシア	3
15631	リストア	3
15632	リド	3
15633	リロ	3
15634	リン	3
15635	リータ	3
15636	ルア	3
15637	ルクレ	3
15638	ルダウア	3
15639	ルヂ	3
15640	ルメリア	3
15641	レアル	3
15642	ロアルド	3
15643	ロスアラモス	3
15644	ロベリア	3
15645	ヴァレリア	3
15646	ヴァー	3
15647	ヴェネチア	3
15648	ヵヾ	3
15649	ヶ条	3
15650	ーブ	3
15651	一儲け	3
15652	一命	3
15653	一天	3
15654	一望	3
15655	一来	3
15656	一樹	3
15657	一直	3
15658	一筆	3
15659	一縷	3
15660	一考	3
15661	一興	3
15662	一飲み	3
15663	七色	3
15664	万丈	3
15665	万有	3
15666	万象	3
15667	三味	3
15668	三塁	3
15669	三股	3
15670	上あご	3
15671	上り坂	3
15672	上側	3
15673	上唇	3
15674	上来	3
15675	上玉	3
15676	上田	3
15677	下克上	3
15678	下取り	3
15679	下司	3
15680	下命	3
15681	下唇	3
15682	下男	3
15683	下積み	3
15684	下肢	3
15685	下腹	3
15686	不休	3
15687	不慮	3
15688	不朽	3
15689	不真面目	3
15690	不着	3
15691	不起	3
15692	不遇	3
15693	不順	3
15694	与党	3
15695	世上	3
15696	世渡り	3
15697	世継	3
15698	世評	3
15699	业	3
15700	両刀	3
15701	両得	3
15702	両断	3
15703	両極	3
15704	両翼	3
15705	両耳	3
15706	両膝	3
15707	並べ換える	3
15708	中原	3
15709	中島	3
15710	中平	3
15711	中深	3
15712	中級	3
15713	中継ぎ	3
15714	中肉	3
15715	中足	3
15716	中露	3
15717	丶力	3
15718	丶議	3
15719	丸投げ	3
15720	为止	3
15721	主だつ	3
15722	主査	3
15723	主計	3
15724	久保	3
15725	乗ずる	3
15726	乗っかる	3
15727	乗りかえ	3
15728	乗り入れ	3
15729	乗合	3
15730	乗換	3
15731	九十	3
15732	九官	3
15733	乱数	3
15734	乱舞	3
15735	乳	3
15736	事書	3
15737	二の足	3
15738	五官	3
15739	井口	3
15740	些	3
15741	些事	3
15742	亜種	3
15743	亜細亜	3
15744	交番	3
15745	京劇	3
15746	京野	3
15747	亲	3
15748	人びと	3
15749	人受け	3
15750	人喰い	3
15751	人家	3
15752	人恋し	3
15753	人情	3
15754	人畜	3
15755	人買い	3
15756	人込み	3
15757	人集め	3
15758	仇名	3
15759	今代	3
15760	今金	3
15761	仕事前	3
15762	仕入れ値	3
15763	仕合せ	3
15764	仕方無い	3
15765	仕来り	3
15766	他局	3
15767	付きっ切り	3
15768	付きもの	3
15769	付け髭	3
15770	付箋	3
15771	付録	3
15772	仙人	3
15773	以心	3
15774	仮住まい	3
15775	仲人	3
15776	伊田	3
15777	伏線	3
15778	休診	3
15779	会堂	3
15780	会戦	3
15781	会津	3
15782	会釈	3
15783	伝えれる	3
15784	伝心	3
15785	伤	3
15786	低木	3
15787	住みか	3
15788	佐伯	3
15789	佐倉	3
15790	何々	3
15791	余人	3
15792	作りかけ	3
15793	作男	3
15794	係数	3
15795	信太	3
15796	借りる	3
15797	偏愛	3
15798	停	3
15799	健	3
15800	催し物	3
15801	傭兵	3
15802	働き手	3
15803	僕	3
15804	僧	3
15805	優二	3
15806	元彦	3
15807	元神	3
15808	充足	3
15809	先鞭	3
15810	先頃	3
15811	光り物	3
15812	入りかける	3
15813	入墨	3
15814	入稿	3
15815	入閣	3
15816	入電	3
15817	全幅	3
15818	全曲	3
15819	全治	3
15820	全粒	3
15821	八卦	3
15822	八重樫	3
15823	八重洲	3
15824	公募	3
15825	公司	3
15826	公報	3
15827	公序	3
15828	公有	3
15829	公海	3
15830	具有	3
15831	具象	3
15832	兹	3
15833	内幕	3
15834	内省	3
15835	内野	3
15836	再審	3
15837	再興	3
15838	再製	3
15839	再送	3
15840	写り	3
15841	写生	3
15842	军事	3
15843	冬物	3
15844	凛子	3
15845	出自	3
15846	分かち合い	3
15847	分化	3
15848	分業	3
15849	分母	3
15850	切り取る	3
15851	切り身	3
15852	切れ	3
15853	列挙	3
15854	创建	3
15855	初任	3
15856	初球	3
15857	初級	3
15858	初見	3
15859	初顔	3
15860	別れ別れ	3
15861	利器	3
15862	利尿	3
15863	利潤	3
15864	利発	3
15865	前売り	3
15866	前席	3
15867	前車	3
15868	剣客	3
15869	剪定	3
15870	割引き	3
15871	創傷	3
15872	劇作	3
15873	力任せ	3
15874	力王	3
15875	加わる	3
15876	务	3
15877	助け合う	3
15878	励ます	3
15879	励起	3
15880	労	3
15881	効用	3
15882	動態	3
15883	動的	3
15884	動詞	3
15885	勝ち戦	3
15886	勲	3
15887	化けもん	3
15888	北進	3
15889	区分け	3
15890	千代	3
15891	千晴	3
15892	半魚	3
15893	卒	3
15894	卒園	3
15895	南人	3
15896	南南東	3
15897	南向き	3
15898	南岸	3
15899	単数	3
15900	卜	3
15901	占い	3
15902	卫	3
15903	卵形	3
15904	卵白	3
15905	原案	3
15906	原状	3
15907	原生	3
15908	原画	3
15909	原罪	3
15910	原虫	3
15911	参拝	3
15912	参観	3
15913	参道	3
15914	反芻	3
15915	収量	3
15916	取って置き	3
15917	取りえ	3
15918	取り付き	3
15919	取り分け	3
15920	取り払える	3
15921	取り掛かり	3
15922	取付	3
15923	取決め	3
15924	取消し	3
15925	取立	3
15926	取舵	3
15927	取込み	3
15928	受けいれる	3
15929	受けとる	3
15930	受け手	3
15931	受身	3
15932	受難	3
15933	口ごたえ	3
15934	口やかましい	3
15935	口パク	3
15936	口汚い	3
15937	口裏	3
15938	口達	3
15939	古城	3
15940	古式	3
15941	古書	3
15942	叩き上げ	3
15943	叩き付ける	3
15944	只者	3
15945	召集	3
15946	可否	3
15947	可塑	3
15948	可変	3
15949	台形	3
15950	台灣	3
15951	右回り	3
15952	右派	3
15953	各線	3
15954	各階	3
15955	合否	3
15956	吊	3
15957	同型	3
15958	名出	3
15959	名器	3
15960	吠え声	3
15961	含意	3
15962	吸い取り	3
15963	员	3
15964	周平	3
15965	呪い	3
15966	呼びよせる	3
15967	呼出し	3
15968	命拾い	3
15969	和やか	3
15970	和子	3
15971	和泉	3
15972	和那	3
15973	和音	3
15974	咲き乱れる	3
15975	商事	3
15976	商学	3
15977	商才	3
15978	問合せ	3
15979	善戦	3
15980	喜代	3
15981	喧伝	3
15982	喪主	3
15983	嘘話	3
15984	嚥下	3
15985	囁き声	3
15986	四千	3
15987	四葉	3
15988	四足	3
15989	四面	3
15990	回折	3
15991	因数	3
15992	団らん	3
15993	団塊	3
15994	団欒	3
15995	固め	3
15996	固着	3
15997	国士	3
15998	国庫	3
15999	国軍	3
16000	土くれ	3
16001	圧死	3
16002	地上げ	3
16003	地毛	3
16004	地溝	3
16005	地銀	3
16006	场	3
16007	均整	3
16008	垂れ流し	3
16009	垢	3
16010	埋め立て	3
16011	埋立	3
16012	城中	3
16013	場数	3
16014	場末	3
16015	塩味	3
16016	境内	3
16017	墓前	3
16018	増派	3
16019	増産	3
16020	増資	3
16021	墾一	3
16022	売れっ子	3
16023	売れ残る	3
16024	売場	3
16025	壽	3
16026	处	3
16027	変てこ	3
16028	変事	3
16029	変成	3
16030	変曲	3
16031	复活	3
16032	夏期	3
16033	夏木	3
16034	外向き	3
16035	外敵	3
16036	外注	3
16037	外税	3
16038	外苑	3
16039	外行	3
16040	外角	3
16041	外貌	3
16042	外面	3
16043	多層	3
16044	多幸	3
16045	多頭	3
16046	夜風	3
16047	够	3
16048	夢心地	3
16049	大入り	3
16050	大勝	3
16051	大台	3
16052	大后	3
16053	大和	3
16054	大唐	3
16055	大日向	3
16056	大木	3
16057	大検	3
16058	大汗	3
16059	大湯	3
16060	大竹	3
16061	大風	3
16062	大黒	3
16063	天幕	3
16064	天王	3
16065	天軍	3
16066	夫	3
16067	失語	3
16068	头	3
16069	奉天	3
16070	奥手	3
16071	奥義	3
16072	女囚	3
16073	女官	3
16074	她	3
16075	好天	3
16076	好運	3
16077	妄信	3
16078	妹分	3
16079	妻役	3
16080	姓名	3
16081	委譲	3
16082	姫	3
16083	娘	3
16084	娘々	3
16085	子機	3
16086	子癇	3
16087	存立	3
16088	学名	3
16089	宇	3
16090	守り	3
16091	安閑	3
16092	官民	3
16093	宙	3
16094	定まり	3
16095	定価	3
16096	定時	3
16097	定款	3
16098	実働	3
16099	客層	3
16100	家康	3
16101	家老	3
16102	密	3
16103	寒々	3
16104	察する	3
16105	寮生	3
16106	対比	3
16107	封殺	3
16108	専従	3
16109	射線	3
16110	導き出す	3
16111	小四郎	3
16112	小回り	3
16113	小樽	3
16114	小煩い	3
16115	小熊	3
16116	小片	3
16117	小生	3
16118	小癪	3
16119	小船	3
16120	小袋	3
16121	小走り	3
16122	小野田	3
16123	小間使い	3
16124	小食	3
16125	就当	3
16126	就活	3
16127	尾	3
16128	尾田	3
16129	尾部	3
16130	居座る	3
16131	屍	3
16132	山勘	3
16133	山地	3
16134	山姥	3
16135	山崎	3
16136	山本	3
16137	山歩き	3
16138	山深い	3
16139	山男	3
16140	山砲	3
16141	山腹	3
16142	山越え	3
16143	岩陰	3
16144	岸谷	3
16145	川上	3
16146	州間	3
16147	巡	3
16148	巣立ち	3
16149	工務	3
16150	巨石	3
16151	差し引き	3
16152	差金	3
16153	巴	3
16154	市営	3
16155	布きれ	3
16156	布切れ	3
16157	布施	3
16158	師事	3
16159	常態	3
16160	常本	3
16161	平定	3
16162	平戸	3
16163	平文	3
16164	平熱	3
16165	年の暮れ	3
16166	年商	3
16167	年輩	3
16168	并	3
16169	幻視	3
16170	幼女	3
16171	広太郎	3
16172	序文	3
16173	底部	3
16174	度数	3
16175	座り心地	3
16176	座骨	3
16177	建立	3
16178	弃	3
16179	式服	3
16180	引きずり	3
16181	引き当て	3
16182	引き落とし	3
16183	引き込める	3
16184	引っこ抜き	3
16185	引っ掻く	3
16186	引下	3
16187	引率	3
16188	弘美	3
16189	弟分	3
16190	张	3
16191	弥生	3
16192	弦楽	3
16193	弱	3
16194	張り出る	3
16195	張力	3
16196	張飛	3
16197	強圧	3
16198	強拍	3
16199	強権	3
16200	強酸	3
16201	当代	3
16202	当期	3
16203	形体	3
16204	彫	3
16205	役回り	3
16206	役立つ	3
16207	很	3
16208	律義	3
16209	後ろ指	3
16210	後付け	3
16211	後天	3
16212	後家	3
16213	後年	3
16214	後足	3
16215	後追い	3
16216	徐行	3
16217	得心	3
16218	御身	3
16219	徳用	3
16220	徳間	3
16221	心置き	3
16222	忍術	3
16223	忘年	3
16224	快	3
16225	怜	3
16226	思	3
16227	思る	3
16228	急きょ	3
16229	急場	3
16230	怨念	3
16231	恋文	3
16232	恥じる	3
16233	恵	3
16234	悟	3
16235	悠久	3
16236	您	3
16237	悪路	3
16238	悪魔	3
16239	情動	3
16240	惠	3
16241	惡	3
16242	想る	3
16243	想念	3
16244	愚直	3
16245	愛妾	3
16246	感慨	3
16247	態々	3
16248	憑き物	3
16249	成婚	3
16250	成虫	3
16251	成金	3
16252	战	3
16253	战争	3
16254	戦局	3
16255	戦用	3
16256	戸惑い	3
16257	所々	3
16258	所管	3
16259	所蔵	3
16260	手おくれ	3
16261	手つき	3
16262	手りゅう	3
16263	手切れ	3
16264	手利き	3
16265	手合わせ	3
16266	手垢	3
16267	手振り	3
16268	手洗	3
16269	手狭	3
16270	手癖	3
16271	手練	3
16272	打ち止め	3
16273	抉る	3
16274	把	3
16275	投げ付ける	3
16276	抗戦	3
16277	折	3
16278	抱き合い	3
16279	押し下げ	3
16280	拉る	3
16281	招	3
16282	持ち歌	3
16283	持ち歩ける	3
16284	持ち腐れ	3
16285	指差し	3
16286	振り回す	3
16287	振付	3
16288	损	3
16289	捨てる	3
16290	授かり物	3
16291	授受	3
16292	排	3
16293	掛け	3
16294	掠める	3
16295	採算	3
16296	探る	3
16297	探照	3
16298	接岸	3
16299	掴み取る	3
16300	揉み消し	3
16301	描く	3
16302	揚げ足	3
16303	換	3
16304	揮発	3
16305	援用	3
16306	摂生	3
16307	撃ちあい	3
16308	擁立	3
16309	操艦	3
16310	擦り付ける	3
16311	擦れ	3
16312	擦過	3
16313	擬死	3
16314	放任	3
16315	放屁	3
16316	放逐	3
16317	政務	3
16318	政変	3
16319	敏速	3
16320	救	3
16321	救い上げる	3
16322	教え込む	3
16323	教化	3
16324	教職員	3
16325	教鞭	3
16326	数理	3
16327	整髪	3
16328	敵前	3
16329	敵手	3
16330	敷島	3
16331	文体	3
16332	文才	3
16333	文盲	3
16334	文系	3
16335	文麿	3
16336	斬り合い	3
16337	斬る	3
16338	断水	3
16339	断種	3
16340	新王	3
16341	旅回り	3
16342	既決	3
16343	日なた	3
16344	日よけ	3
16345	日大	3
16346	日子	3
16347	日待	3
16348	日掛	3
16349	日暮里	3
16350	日独	3
16351	日除け	3
16352	旧交	3
16353	早川	3
16354	早引け	3
16355	早業	3
16356	旭川	3
16357	明々	3
16358	明星	3
16359	明神	3
16360	昔	3
16361	星図	3
16362	星子	3
16363	星野	3
16364	映る	3
16365	昨日今日	3
16366	昼	3
16367	昼下がり	3
16368	昼番	3
16369	時季	3
16370	時宜	3
16371	時流	3
16372	時節	3
16373	晩年	3
16374	暑中	3
16375	暗中	3
16376	暗算	3
16377	暗部	3
16378	暫時	3
16379	暮	3
16380	曲乗り	3
16381	曲射	3
16382	曳航	3
16383	書きかけ	3
16384	書信	3
16385	書名	3
16386	書留	3
16387	書込み	3
16388	書道	3
16389	曼略	3
16390	最弱	3
16391	最深	3
16392	月図	3
16393	月次	3
16394	月間	3
16395	有事	3
16396	有相	3
16397	有言	3
16398	朝めし	3
16399	朝型	3
16400	朝立ち	3
16401	木造	3
16402	本数	3
16403	本行	3
16404	本間	3
16405	札付き	3
16406	札入れ	3
16407	杀	3
16408	村瀬	3
16409	来日	3
16410	東口	3
16411	東海	3
16412	松戸	3
16413	林間	3
16414	柏	3
16415	柳生	3
16416	査証	3
16417	栓	3
16418	校務	3
16419	根城	3
16420	桁外れ	3
16421	桜島	3
16422	梁山	3
16423	梅雨入り	3
16424	棒引き	3
16425	棲み家	3
16426	植	3
16427	椎名	3
16428	検眼	3
16429	楔状	3
16430	楚歌	3
16431	極論	3
16432	構文	3
16433	樂	3
16434	樣子	3
16435	権勢	3
16436	権化	3
16437	権益	3
16438	横並び	3
16439	横滑り	3
16440	横風	3
16441	樹上	3
16442	次号	3
16443	次女	3
16444	次弾	3
16445	次行	3
16446	歇	3
16447	歌いかける	3
16448	歌劇	3
16449	正中	3
16450	正在	3
16451	正妻	3
16452	正志	3
16453	正視	3
16454	正誤	3
16455	正餐	3
16456	步	3
16457	武将	3
16458	武彦	3
16459	歴然	3
16460	死線	3
16461	殴	3
16462	殴り書き	3
16463	段数	3
16464	母堂	3
16465	母語	3
16466	毎食	3
16467	民宿	3
16468	民芸	3
16469	気づかい	3
16470	気どり	3
16471	気鋭	3
16472	水入れ	3
16473	水割り	3
16474	水和	3
16475	水気	3
16476	水汲み	3
16477	水洗	3
16478	水爆	3
16479	水田	3
16480	水盤	3
16481	水薬	3
16482	水質	3
16483	水野	3
16484	水魔	3
16485	水鳥	3
16486	永田	3
16487	江里子	3
16488	池	3
16489	決まり悪い	3
16490	沢	3
16491	河上	3
16492	治りかける	3
16493	治外	3
16494	法医	3
16495	法権	3
16496	法治	3
16497	泡立ち	3
16498	波及	3
16499	波月	3
16500	泥水	3
16501	泥門	3
16502	泥風呂	3
16503	泰平	3
16504	洗い場	3
16505	津田	3
16506	活着	3
16507	活量	3
16508	流し込める	3
16509	流れる	3
16510	流線	3
16511	浜中	3
16512	浦	3
16513	浮世	3
16514	海戦	3
16515	海神	3
16516	海自	3
16517	消し止める	3
16518	淡路	3
16519	深読み	3
16520	混信	3
16521	添え木	3
16522	清司	3
16523	渉外	3
16524	減価	3
16525	渾身	3
16526	湯屋	3
16527	湯気	3
16528	湾流	3
16529	満ちあふれる	3
16530	満開	3
16531	溶ける	3
16532	滑降	3
16533	漏電	3
16534	演者	3
16535	潜	3
16536	激動	3
16537	激安	3
16538	激論	3
16539	瀘州	3
16540	火影	3
16541	火打ち	3
16542	火気	3
16543	火消	3
16544	火竜	3
16545	点訳	3
16546	烏口	3
16547	焚火	3
16548	無くす	3
16549	無下	3
16550	無休	3
16551	無双	3
16552	無尽	3
16553	無届	3
16554	無常	3
16555	無賃	3
16556	無量	3
16557	無闇	3
16558	無頼	3
16559	照りつける	3
16560	照り焼き	3
16561	照片	3
16562	煽動	3
16563	熊本	3
16564	熟年	3
16565	熱線	3
16566	片面	3
16567	牙	3
16568	物作り	3
16569	物取り	3
16570	特級	3
16571	特赦	3
16572	犬種	3
16573	犯	3
16574	状勢	3
16575	狂者	3
16576	狙撃	3
16577	独壇	3
16578	独奏	3
16579	独走	3
16580	猫女	3
16581	猫族	3
16582	獄死	3
16583	玉電	3
16584	珍品	3
16585	珍本	3
16586	珍重	3
16587	現出	3
16588	理研	3
16589	理髪	3
16590	璽	3
16591	甘	3
16592	甘党	3
16593	甘口	3
16594	生く	3
16595	生まれ出る	3
16596	生田	3
16597	生真面目	3
16598	産み付ける	3
16599	産れる	3
16600	甥	3
16601	用立て	3
16602	田園	3
16603	田村	3
16604	田舎モン	3
16605	由紀	3
16606	申	3
16607	男受け	3
16608	男役	3
16609	留める	3
16610	留保	3
16611	畜殺	3
16612	番える	3
16613	番台	3
16614	番狂わせ	3
16615	番線	3
16616	異名	3
16617	異説	3
16618	異音	3
16619	疫学	3
16620	病因	3
16621	痕	3
16622	発する	3
16623	発券	3
16624	発芽	3
16625	登りつめる	3
16626	登上	3
16627	白星	3
16628	白服	3
16629	白松	3
16630	白羽	3
16631	白銅	3
16632	皆々	3
16633	皇子	3
16634	皮	3
16635	盛会	3
16636	目上	3
16637	目付き	3
16638	目処	3
16639	目見え	3
16640	目覚	3
16641	目途	3
16642	省みる	3
16643	省内	3
16644	眞言	3
16645	真二	3
16646	真人	3
16647	真水	3
16648	眼力	3
16649	着々	3
16650	着付け	3
16651	着床	3
16652	着飾る	3
16653	睦子	3
16654	瞬発	3
16655	知合い	3
16656	知略	3
16657	短足	3
16658	石ケン	3
16659	石弓	3
16660	石田	3
16661	石英	3
16662	砲身	3
16663	硝子	3
16664	硬度	3
16665	硬質	3
16666	確度	3
16667	祝祭	3
16668	神君	3
16669	神器	3
16670	神崎	3
16671	神月	3
16672	神林	3
16673	神通	3
16674	祥子	3
16675	票	3
16676	票数	3
16677	福井	3
16678	福沢	3
16679	私学	3
16680	秋休み	3
16681	秋月	3
16682	种	3
16683	税引	3
16684	種属	3
16685	種明かし	3
16686	稲川	3
16687	積み木	3
16688	積み込み	3
16689	空車	3
16690	空電	3
16691	立ちこめる	3
16692	立ちふさぐ	3
16693	立ち会い	3
16694	立ち回り	3
16695	立ち塞ぐ	3
16696	立つ瀬	3
16697	立てこもり	3
16698	立て直す	3
16699	站	3
16700	竜崎	3
16701	竜馬	3
16702	端数	3
16703	竹光	3
16704	筆者	3
16705	等身	3
16706	筐	3
16707	策定	3
16708	算定	3
16709	簿外	3
16710	粉屋	3
16711	粛正	3
16712	精機	3
16713	精気	3
16714	糖類	3
16715	約定	3
16716	納戸	3
16717	納金	3
16718	紙	3
16719	素っ気無い	3
16720	素速い	3
16721	細野	3
16722	終局	3
16723	組み込める	3
16724	経年	3
16725	経産	3
16726	結露	3
16727	絞り上げる	3
16728	給金	3
16729	統覚	3
16730	統轄	3
16731	絶	3
16732	經	3
16733	続伸	3
16734	網目	3
16735	総一郎	3
16736	総勢	3
16737	総括	3
16738	緘口	3
16739	線量	3
16740	縁取	3
16741	縁結び	3
16742	縁者	3
16743	縦隊	3
16744	縮み	3
16745	纏	3
16746	经	3
16747	给	3
16748	统合	3
16749	罪名	3
16750	置きざり	3
16751	罵り合い	3
16752	羊水	3
16753	美千代	3
16754	美好	3
16755	群島	3
16756	義勇	3
16757	義妹	3
16758	習い	3
16759	習い事	3
16760	習熟	3
16761	翼	3
16762	老手	3
16763	老死	3
16764	耳立つ	3
16765	聖都	3
16766	聖餐	3
16767	聞きとる	3
16768	聞きわけ	3
16769	聞き届ける	3
16770	聞き違え	3
16771	聴き取る	3
16772	聴く	3
16773	職位	3
16774	肘鉄	3
16775	肝要	3
16776	胆力	3
16777	背教	3
16778	脂質	3
16779	脈動	3
16780	脚部	3
16781	脳	3
16782	脳天気	3
16783	腐乱	3
16784	膝元	3
16785	膵体	3
16786	臣	3
16787	自乗	3
16788	自助	3
16789	自失	3
16790	自決	3
16791	自生	3
16792	自粛	3
16793	自説	3
16794	自走	3
16795	自適	3
16796	臭化	3
16797	舞い上がり	3
16798	般	3
16799	船医	3
16800	船積み	3
16801	良人	3
16802	色仕掛け	3
16803	色光	3
16804	色魔	3
16805	艶々	3
16806	芒	3
16807	花	3
16808	花子	3
16809	苦言	3
16810	英才	3
16811	英数字	3
16812	英断	3
16813	英霊	3
16814	茂	3
16815	茄	3
16816	茗	3
16817	茫然	3
16818	茶目	3
16819	荊州	3
16820	荒川	3
16821	荷解き	3
16822	荷電	3
16823	菩提	3
16824	華族	3
16825	菱形	3
16826	落とし入れる	3
16827	葦	3
16828	蒔間	3
16829	蓄電	3
16830	蔑視	3
16831	薄目	3
16832	薬師寺	3
16833	薬殺	3
16834	藤	3
16835	藤間	3
16836	虎	3
16837	蛸	3
16838	融ける	3
16839	融点	3
16840	蠍座	3
16841	血腫	3
16842	術者	3
16843	装身	3
16844	裏	3
16845	補える	3
16846	製鋼	3
16847	製錬	3
16848	製麺	3
16849	裾分け	3
16850	西武	3
16851	西遊	3
16852	要旨	3
16853	覇気	3
16854	見える	3
16855	見下ろす	3
16856	見聞	3
16857	見開き	3
16858	覚書	3
16859	親せき	3
16860	親元	3
16861	親殺し	3
16862	親米	3
16863	観葉	3
16864	角質	3
16865	解る	3
16866	触れ合い	3
16867	言いきかす	3
16868	言い付け	3
16869	言い足りる	3
16870	言える	3
16871	言付け	3
16872	言外	3
16873	言言	3
16874	託送	3
16875	訛り	3
16876	許す	3
16877	訳	3
16878	評定	3
16879	試供	3
16880	詰め合わせ	3
16881	誂え向き	3
16882	語りべ	3
16883	読みあげる	3
16884	読み込める	3
16885	調える	3
16886	論告	3
16887	諸	3
16888	警句	3
16889	議院	3
16890	讐	3
16891	豪家	3
16892	豪語	3
16893	貝	3
16894	負組	3
16895	財界	3
16896	貫く	3
16897	買い置き	3
16898	賛	3
16899	賞罰	3
16900	賦活	3
16901	责任	3
16902	赶	3
16903	起死	3
16904	起草	3
16905	趣	3
16906	足あと	3
16907	足す	3
16908	足どり	3
16909	足並み	3
16910	足根	3
16911	足腰	3
16912	足踏	3
16913	跟	3
16914	踊	3
16915	踊り手	3
16916	身の毛	3
16917	身体つき	3
16918	身命	3
16919	身許	3
16920	車重	3
16921	軍楽	3
16922	転がり出る	3
16923	転記	3
16924	転院	3
16925	軽症	3
16926	載る	3
16927	農務	3
16928	農水	3
16929	農道	3
16930	边	3
16931	込み	3
16932	这样	3
16933	远	3
16934	追い付く	3
16935	退	3
16936	退校	3
16937	退館	3
16938	送り出す	3
16939	送受信	3
16940	逃げ回る	3
16941	逆立つ	3
16942	這い上がる	3
16943	通りぬける	3
16944	通算	3
16945	速る	3
16946	造り手	3
16947	造形	3
16948	連なり	3
16949	連ね	3
16950	連れ合い	3
16951	連休	3
16952	連敗	3
16953	週	3
16954	進む	3
16955	遅発	3
16956	遊	3
16957	遊び事	3
16958	運び出し	3
16959	過ぎ越し	3
16960	過分	3
16961	過少	3
16962	達用	3
16963	違約	3
16964	遗物	3
16965	遡上	3
16966	遡及	3
16967	遣り取り	3
16968	遺贈	3
16969	還	3
16970	邸内	3
16971	部屋割り	3
16972	部落	3
16973	酉	3
16974	里中	3
16975	重し	3
16976	重ね合わせ	3
16977	重工	3
16978	重箱	3
16979	野ざらし	3
16980	野火	3
16981	野鳥	3
16982	金主	3
16983	金歯	3
16984	金箍	3
16985	金銀	3
16986	針山	3
16987	釣合	3
16988	鈍	3
16989	鈍間	3
16990	鉄柵	3
16991	鉄鉱	3
16992	鉄門	3
16993	鉛色	3
16994	鉤	3
16995	銀製	3
16996	銅	3
16997	鎖国	3
16998	鏡	3
16999	長波	3
17000	門下	3
17001	門弟	3
17002	開け閉め	3
17003	開場	3
17004	開眼	3
17005	間男	3
17006	間食	3
17007	間髪	3
17008	関野	3
17009	関門	3
17010	閣議	3
17011	闘	3
17012	防寒	3
17013	防波	3
17014	防臭	3
17015	防虫	3
17016	附属	3
17017	降水	3
17018	陳情	3
17019	陸生	3
17020	隈無く	3
17021	隠し立て	3
17022	隠し金	3
17023	隣	3
17024	隣り	3
17025	隣国	3
17026	雀	3
17027	雄一	3
17028	集配	3
17029	雑務	3
17030	雑学	3
17031	雑念	3
17032	離職	3
17033	難所	3
17034	難病	3
17035	雨天	3
17036	雪山	3
17037	雪解け	3
17038	電工	3
17039	電文	3
17040	電界	3
17041	電脳	3
17042	震動	3
17043	霊園	3
17044	霊気	3
17045	霊視	3
17046	霞ヶ関	3
17047	青天	3
17048	面体	3
17049	面持ち	3
17050	面構え	3
17051	面汚し	3
17052	面食い	3
17053	革張り	3
17054	音域	3
17055	音読	3
17056	頃	3
17057	領海	3
17058	頭頂	3
17059	題目	3
17060	顏色	3
17061	顔料	3
17062	風呂敷	3
17063	風通し	3
17064	風采	3
17065	飛び下りる	3
17066	飛び乗り	3
17067	飛び石	3
17068	飞	3
17069	飞行	3
17070	食いっぱぐれ	3
17071	食いつき	3
17072	食いもん	3
17073	食わせ物	3
17074	食洗	3
17075	食通	3
17076	飯店	3
17077	飲水	3
17078	馬具	3
17079	馬子	3
17080	馬糞	3
17081	馬術	3
17082	馬面	3
17083	駅伝	3
17084	駆け回る	3
17085	駐機	3
17086	騒ぎ	3
17087	马上	3
17088	高々	3
17089	高一	3
17090	高千穂	3
17091	高崎	3
17092	高志	3
17093	高村	3
17094	高波	3
17095	高知	3
17096	高石	3
17097	髭面	3
17098	鬼子	3
17099	鬼門	3
17100	魔手	3
17101	魔界	3
17102	魔神	3
17103	魚類	3
17104	鮮度	3
17105	鳴り物	3
17106	鳴る神	3
17107	鴻野	3
17108	鹿田	3
17109	麺類	3
17110	麻	3
17111	黄身	3
17112	鼠取り	3
17113	鼻高	3
17114	龍太郎	3
17115	龍王	3
17116	あいそ	2
17117	あいの子	2
17118	あえない	2
17119	あおい	2
17120	あかあか	2
17121	あかぎれ	2
17122	あかり	2
17123	あきあき	2
17124	あぐねる	2
17125	あさかぜ	2
17126	あさみ	2
17127	あざ笑う	2
17128	あしか	2
17129	あしもと	2
17130	あたら	2
17131	あっら	2
17132	あつかい	2
17133	あつみ	2
17134	あつらえ	2
17135	あつれき	2
17136	あばく	2
17137	あぶく	2
17138	あぶく銭	2
17139	あぶみ骨	2
17140	あまの	2
17141	あやまる	2
17142	あやめ	2
17143	あらた	2
17144	あらわす	2
17145	ありてい	2
17146	あるける	2
17147	あるじ	2
17148	あれぇ	2
17149	あれえ	2
17150	あわれみ	2
17151	あんぜん	2
17152	あんっ	2
17153	あんよ	2
17154	いきあたり	2
17155	いじり	2
17156	いずれ	2
17157	いたずら書き	2
17158	いなか者	2
17159	いらっ	2
17160	いる	2
17161	うぅ	2
17162	うさぎ	2
17163	うま味	2
17164	うめあわす	2
17165	うろつく	2
17166	うわあっ	2
17167	えー	2
17168	かき回し	2
17169	かぎ分ける	2
17170	かすめる	2
17171	かばい立て	2
17172	がく然	2
17173	がら空き	2
17174	がん	2
17175	きのこ	2
17176	きゃ〜	2
17177	くぐり戸	2
17178	くさび形	2
17179	くせ者	2
17180	こう着	2
17181	こじあける	2
17182	こみあげる	2
17183	こめ	2
17184	こりゃ	2
17185	こんにちわ	2
17186	ごめん	2
17187	さそり	2
17188	しっかり者	2
17189	しま	2
17190	しゃあしゃあ	2
17191	し当	2
17192	じ	2
17193	すくい上げる	2
17194	すげ	2
17195	すり変える	2
17196	ずっと	2
17197	せ	2
17198	ぜんぶ	2
17199	そば屋	2
17200	そりゃ	2
17201	それ	2
17202	そ知らぬ	2
17203	たたく	2
17204	たぶん	2
17205	たり	2
17206	だあれ	2
17207	だけ	2
17208	だめ	2
17209	ちや	2
17210	ちょっ	2
17211	っきり	2
17212	っ子	2
17213	つかみ合い	2
17214	つきあう	2
17215	つくりあげる	2
17216	つくり上げる	2
17217	つつく	2
17218	つなぎ止める	2
17219	つぶ	2
17220	つまみ上げる	2
17221	つり	2
17222	つり下げる	2
17223	つる	2
17224	づつ	2
17225	てぇ	2
17226	てらっ	2
17227	できる	2
17228	とき	2
17229	とどめ	2
17230	どく	2
17231	なくし物	2
17232	なすり付ける	2
17233	なぶる	2
17234	なり手	2
17235	なる	2
17236	なる程	2
17237	にらむ	2
17238	ねじ回し	2
17239	はぁ〜い	2
17240	はげ山	2
17241	はしご車	2
17242	はせ参ずる	2
17243	はにかみ屋	2
17244	はる	2
17245	ばかり	2
17246	ばっかり	2
17247	ぱ	2
17248	ひ	2
17249	ひきあげる	2
17250	ひし形	2
17251	ひっ	2
17252	ひっかく	2
17253	ひとり	2
17254	ひな形	2
17255	ふぅ〜	2
17256	ふくれる	2
17257	ふざける	2
17258	ふじ色	2
17259	ふり	2
17260	ふれ	2
17261	ぶつける	2
17262	ぶら下がり	2
17263	ぶる	2
17264	へき地	2
17265	へそ曲がり	2
17266	ほ〜	2
17267	ほと	2
17268	ほや	2
17269	まがい物	2
17270	まくりあげる	2
17271	まさか	2
17272	まじ	2
17273	またまた	2
17274	まめ	2
17275	まん中	2
17276	まん前	2
17277	みどり	2
17278	むら	2
17279	もの	2
17280	もみあげ	2
17281	もみ合い	2
17282	や〜	2
17283	やぎ	2
17284	やっ	2
17285	やれ	2
17286	ゆっくり	2
17287	ょ	2
17288	よ〜ん	2
17289	よし	2
17290	よっしゃ	2
17291	ろ	2
17292	ゎ	2
17293	わしゃ	2
17294	わめき声	2
17295	んて	2
17296	アイシング	2
17297	アイゼン	2
17298	アイデン	2
17299	アイネイアス	2
17300	アイマラ	2
17301	アイン	2
17302	アインス	2
17303	アウアー	2
17304	アウステルリッツ	2
17305	アウトレット	2
17306	アウレリア	2
17307	アオスタ	2
17308	アオヤマ	2
17309	アカバ	2
17310	アクアマリン	2
17311	アクィラ	2
17312	アクス	2
17313	アクチノイド	2
17314	アクトン	2
17315	アクロイド	2
17316	アコルシ	2
17317	アゴー	2
17318	アサイラム	2
17319	アサール	2
17320	アザジ	2
17321	アザチオプリン	2
17322	アザトン	2
17323	アザリエル	2
17324	アザレア	2
17325	アシュビー	2
17326	アシュランド	2
17327	アスカ	2
17328	アスキタス	2
17329	アスクレピオス	2
17330	アスジャハ	2
17331	アステロイド	2
17332	アストリ	2
17333	アストロメク	2
17334	アスワン	2
17335	アズナヴール	2
17336	アズール	2
17337	アセチレン	2
17338	アセネウム	2
17339	アソシエイト	2
17340	アダプター	2
17341	アダマンチウム	2
17342	アチバン	2
17343	アチャ	2
17344	アックスフォード	2
17345	アッサム	2
17346	アッシリア	2
17347	アッティカ	2
17348	アッハッハ	2
17349	アップリケ	2
17350	アッペルバウム	2
17351	アディーナ	2
17352	アデニン	2
17353	アトラクター	2
17354	アドバンス	2
17355	アナイス	2
17356	アナトリア	2
17357	アナーキスト	2
17358	アニサキス	2
17359	アニュラ	2
17360	アニョハセヨ	2
17361	アバウト	2
17362	アバド	2
17363	アバラ	2
17364	アビントン	2
17365	アビーロード	2
17366	アフォ	2
17367	アフマド	2
17368	アフロディーテ	2
17369	アブサン	2
17370	アブダクション	2
17371	アブド	2
17372	アブドール	2
17373	アブー	2
17374	アベナ	2
17375	アポストロフィ	2
17376	アマゾネス	2
17377	アマレット	2
17378	アマンド	2
17379	アマースト	2
17380	アミア	2
17381	アミオダロン	2
17382	アミゴ	2
17383	アミターブ	2
17384	アムネスティ	2
17385	アメイジング	2
17386	アメリカズ	2
17387	アメーバ	2
17388	アヨマティ	2
17389	アライアンス	2
17390	アライド	2
17391	アラウィ	2
17392	アラゴン	2
17393	アラザン	2
17394	アラシュ	2
17395	アラファト	2
17396	アラモード	2
17397	アリウープ	2
17398	アリゲーター	2
17399	アリシ	2
17400	アリャリャ	2
17401	アリンコ	2
17402	アルカサル	2
17403	アルキメデス	2
17404	アルク	2
17405	アルシェ	2
17406	アルジカルブ	2
17407	アルジャジーラ	2
17408	アルジャバット	2
17409	アルタミド	2
17410	アルダ	2
17411	アルチョム	2
17412	アルデンテ	2
17413	アルトゥーロ	2
17414	アルハンブラ	2
17415	アルバー	2
17416	アルバータ	2
17417	アルパ	2
17418	アルパカ	2
17419	アルピ	2
17420	アルファ・ロメオ	2
17421	アルブレヒト	2
17422	アルヘイ	2
17423	アルベデルチ	2
17424	アルマニャック	2
17425	アルム	2
17426	アルロ	2
17427	アレキサンドル	2
17428	アレッツォ	2
17429	アレッポ	2
17430	アレレ	2
17431	アロホモラ	2
17432	アロマテラピー	2
17433	アロヨ	2
17434	アワプヒ	2
17435	アンカラ	2
17436	アンクレット	2
17437	アングロ	2
17438	アンコ	2
17439	アンサンブル	2
17440	アンタイ	2
17441	アンダルス	2
17442	アンダーブ	2
17443	アンチモン	2
17444	アンチョビー	2
17445	アンティオキア	2
17446	アンデルセン	2
17447	アントネリ	2
17448	アントレプレナー	2
17449	アンピシリン	2
17450	アンブロシア	2
17451	アンラッキー	2
17452	アンワル	2
17453	アヴァーダ	2
17454	アヴェニュー	2
17455	アヴェンジャー	2
17456	アーイシャ	2
17457	アーガソン	2
17458	アーチェロン	2
17459	アーバイン	2
17460	アーパネット	2
17461	アーマダイン	2
17462	アーミル	2
17463	アーリァ	2
17464	アーリスウェル	2
17465	アーレイ	2
17466	イグアナ	2
17467	イケア	2
17468	イナ	2
17469	イニシアティブ	2
17470	イロジニア	2
17471	インスパイア	2
17472	インタビュアー	2
17473	インタヴュアー	2
17474	インディアンヒル	2
17475	ウィアウッド	2
17476	ウィアー	2
17477	ウィステリア	2
17478	ウイッキペディア	2
17479	ウイリアムス	2
17480	ウェアー	2
17481	ウェットモア	2
17482	ウォーター	2
17483	ウリ	2
17484	ウワァ	2
17485	エ	2
17486	エアリス	2
17487	エアロゾル	2
17488	エアーズ	2
17489	エジ	2
17490	エスクァイア	2
17491	エルトニア	2
17492	エンポリアム	2
17493	オアハカ	2
17494	オオアリ	2
17495	オペ	2
17496	オムニア	2
17497	オラ	2
17498	オーテュア	2
17499	カイア	2
17500	カカア	2
17501	カス	2
17502	カステリ	2
17503	カメ	2
17504	カン	2
17505	カンタ	2
17506	カンプチア	2
17507	カンボジアンスター	2
17508	カーネィア	2
17509	ガイ	2
17510	ガリシア	2
17511	ガリレア	2
17512	ガンチュア	2
17513	ガーブ	2
17514	キオ	2
17515	キックアスパーティー	2
17516	キノア	2
17517	キャイ	2
17518	キャンダリアン	2
17519	キング	2
17520	クアラルンプール	2
17521	クアーズ	2
17522	クム	2
17523	クリアウォーター	2
17524	クリアリー	2
17525	クルアーン	2
17526	クルーズ	2
17527	クレ	2
17528	クン	2
17529	グアイ	2
17530	グアダラハラ	2
17531	グアニン	2
17532	グレー	2
17533	グワイヒア	2
17534	ケ国	2
17535	ゲロ	2
17536	コック	2
17537	コリアン	2
17538	コード	2
17539	ゴグ	2
17540	ゴマ	2
17541	ゴー	2
17542	サアカシュヴィリ	2
17543	サイ	2
17544	サイド	2
17545	サシ	2
17546	サジタリアン	2
17547	サビアノ	2
17548	サボイ	2
17549	サリ	2
17550	サンタ	2
17551	ザカリアス	2
17552	ザシャアッ	2
17553	ザンビア	2
17554	シェ	2
17555	シャナイア	2
17556	シャブ中	2
17557	シヤ	2
17558	シュール	2
17559	ショアディッチ	2
17560	ショアー	2
17561	ショーペンハウアー	2
17562	シルベニア	2
17563	シンモァーファタリア	2
17564	ジェノア	2
17565	ジェリ	2
17566	ジャイアン	2
17567	ジャギュア	2
17568	ジャン	2
17569	ジャー	2
17570	ジュ	2
17571	ジョル	2
17572	ジョン	2
17573	スイート	2
17574	スキー	2
17575	スクウェア	2
17576	スゴい	2
17577	スチュ	2
17578	ステアリン	2
17579	スティ	2
17580	ステビア	2
17581	ステルモア	2
17582	スマージア	2
17583	スリ	2
17584	スワ	2
17585	スーザボア	2
17586	ズル休み	2
17587	セクシュアリティ	2
17588	セクシュアル	2
17589	セシリア	2
17590	セニア	2
17591	セリ	2
17592	ゼル	2
17593	ソリティア	2
17594	ゾロ	2
17595	ゾロアスター	2
17596	ゾロ目	2
17597	ゾード	2
17598	タイ	2
17599	タスマニア	2
17600	タッパーウエア	2
17601	タバアトシェモ	2
17602	タメ口	2
17603	タル	2
17604	タワ	2
17605	ダイアリー	2
17606	ダイアー	2
17607	ダラ	2
17608	ダン	2
17609	チアノーゼ	2
17610	チェ	2
17611	チェアマン	2
17612	チェリー	2
17613	チプ	2
17614	チー	2
17615	チーズ	2
17616	ツィア	2
17617	ツキ	2
17618	ツライ	2
17619	ティラピア	2
17620	ティリー	2
17621	テイ	2
17622	テイレシアス	2
17623	テコ入れ	2
17624	テル	2
17625	ディアハボルン	2
17626	デスティニィ	2
17627	デッキ	2
17628	デロリアン	2
17629	トキシン	2
17630	トライアングラー	2
17631	トラン	2
17632	トリアジン	2
17633	トリビア	2
17634	トリム	2
17635	トレ	2
17636	トレード	2
17637	トロイア	2
17638	トロン	2
17639	ドゥアラ	2
17640	ドゥミ	2
17641	ドリア	2
17642	ドル	2
17643	ドレ	2
17644	ドロ	2
17645	ドヴィアック	2
17646	ドー	2
17647	ナイト	2
17648	ナザリアン	2
17649	ナス	2
17650	ナニ	2
17651	ナン	2
17652	ナヴェル	2
17653	ニタリ	2
17654	ヌビア	2
17655	ネイピア	2
17656	ネック	2
17657	ネピア	2
17658	ネー	2
17659	ノキア	2
17660	ノン	2
17661	ノンアルコール	2
17662	ノート	2
17663	ハァ〜	2
17664	ハッ	2
17665	ハハ	2
17666	ハマ	2
17667	ハリアリ	2
17668	ハリアー	2
17669	ハルディア	2
17670	ハルモニア	2
17671	ハン	2
17672	バイ	2
17673	バイアル	2
17674	バイト料	2
17675	バグ	2
17676	バジニア	2
17677	バラ売り	2
17678	バレンシアガ	2
17679	バンド	2
17680	バーバリ	2
17681	パタゴニア	2
17682	パパ〜	2
17683	パペッティア	2
17684	パラグアイ	2
17685	パー	2
17686	ヒコ	2
17687	ヒヒ	2
17688	ヒューマニタリアン	2
17689	ヒヨ	2
17690	ビアス	2
17691	ビアード	2
17692	ビシア	2
17693	ビッグ	2
17694	ビビ	2
17695	ビフゴ	2
17696	ピアーズ	2
17697	ピィアッグ	2
17698	ファビアン	2
17699	ファミィリア	2
17700	フィギア	2
17701	フィゲロア	2
17702	フェアウェル	2
17703	フェーベ・アン	2
17704	フォビア	2
17705	フライアー	2
17706	フラン	2
17707	フレアー	2
17708	フロイア	2
17709	ブタ	2
17710	ブラック	2
17711	ブラン	2
17712	ブリリアム	2
17713	ブルズ	2
17714	プアー	2
17715	プハァ	2
17716	プラデシュ	2
17717	プラナリア	2
17718	プリ	2
17719	プリアモス	2
17720	プル	2
17721	プレイ	2
17722	プレー	2
17723	プロシア	2
17724	プロテア	2
17725	プロトアクチニウム	2
17726	ヘピア	2
17727	ヘルベティア	2
17728	ベ	2
17729	ベアトリクス	2
17730	ベアボーン	2
17731	ベッド	2
17732	ベディリア	2
17733	ベニア	2
17734	ベルト	2
17735	ペアー	2
17736	ペン	2
17737	ホィッティア	2
17738	ホリシシアス	2
17739	ホールドアップ	2
17740	ボ	2
17741	ボアー	2
17742	ボンディ	2
17743	ボーア	2
17744	ポドモア	2
17745	マイゲアー	2
17746	マキアート	2
17747	マクナマアラ	2
17748	マクネアー	2
17749	マス	2
17750	マゾ	2
17751	マッティ	2
17752	マネ	2
17753	マルチメディア	2
17754	ミアー	2
17755	ミリアン	2
17756	ミレニアル	2
17757	ミン	2
17758	ミーア	2
17759	メア	2
17760	メイン	2
17761	メロ	2
17762	モアイ	2
17763	モアンナ	2
17764	モジリアニ	2
17765	モット	2
17766	モノ	2
17767	モメ事	2
17768	モラビア	2
17769	モルフォ	2
17770	モーツアルト	2
17771	ヤー	2
17772	ユアーズ	2
17773	ユーゴスラビア	2
17774	ラシュモア	2
17775	ラッカ	2
17776	ラップ	2
17777	ラリアット	2
17778	ラロイア	2
17779	ランス	2
17780	ランチ	2
17781	ランド	2
17782	リアクトロン	2
17783	リアー	2
17784	リオン	2
17785	リキ	2
17786	リコ	2
17787	リス	2
17788	リズム	2
17789	リッ	2
17790	リッチ	2
17791	リノ	2
17792	リバイアサン	2
17793	リバモア	2
17794	リペア	2
17795	リンス	2
17796	ルアーブル	2
17797	ルス	2
17798	ルテシア	2
17799	ルレイア	2
17800	レ	2
17801	レアンドロ	2
17802	レイピア	2
17803	レスト	2
17804	レックス	2
17805	レラ	2
17806	ロウ	2
17807	ロク	2
17808	ロックアウト	2
17809	ロッサ	2
17810	ロノ	2
17811	ロロ	2
17812	ローザ	2
17813	ワア	2
17814	ワアルザザテ	2
17815	ワイヤ	2
17816	ワオ	2
17817	ワケ	2
17818	ワー	2
17819	ンタ	2
17820	ヴァナリア	2
17821	ヴァレリアン	2
17822	ヴェネツィア	2
17823	ヴクトリア	2
17824	ヵ	2
17825	ヾイア	2
17826	ヾーサィヤ	2
17827	一人勝ち	2
17828	一人子	2
17829	一休	2
17830	一会	2
17831	一元	2
17832	一助	2
17833	一女	2
17834	一寸見	2
17835	一封	2
17836	一巡	2
17837	一幸	2
17838	一張羅	2
17839	一徹	2
17840	一手	2
17841	一案	2
17842	一溜まり	2
17843	一画	2
17844	一笑	2
17845	一糸	2
17846	一翼	2
17847	一能	2
17848	一華	2
17849	一郎	2
17850	一隅	2
17851	一風	2
17852	七星	2
17853	万力	2
17854	万理	2
17855	万病	2
17856	万難	2
17857	三井	2
17858	三条	2
17859	三様	2
17860	三池淵	2
17861	上げ舵	2
17862	上り線	2
17863	上中	2
17864	上将	2
17865	上島	2
17866	上帝	2
17867	上席	2
17868	上死	2
17869	上気	2
17870	上申	2
17871	上長	2
17872	下ごしらえ	2
17873	下りれる	2
17874	下下	2
17875	下人	2
17876	下卑る	2
17877	下戸	2
17878	下手糞	2
17879	下旬	2
17880	下縁	2
17881	下賎	2
17882	不二子	2
17883	不住	2
17884	不出	2
17885	不協	2
17886	不孝	2
17887	不完	2
17888	不忠	2
17889	不急	2
17890	不払い	2
17891	不敗	2
17892	不様	2
17893	不漁	2
17894	不興	2
17895	不言	2
17896	不貞腐れ	2
17897	不遜	2
17898	与る	2
17899	世慣れ	2
17900	世直し	2
17901	世相	2
17902	世襲	2
17903	世離れる	2
17904	両氏	2
17905	両肩	2
17906	並々	2
17907	並び替え	2
17908	並ぶ	2
17909	並置	2
17910	中ほど	2
17911	中一	2
17912	中共	2
17913	中折れ	2
17914	中敷き	2
17915	中森	2
17916	中段	2
17917	中空	2
17918	中等	2
17919	中米	2
17920	中近東	2
17921	中道	2
17922	中風	2
17923	丶存	2
17924	丶律	2
17925	丸ノ内	2
17926	丸写し	2
17927	丹波	2
17928	主唱	2
17929	主審	2
17930	主日	2
17931	主殿	2
17932	主翼	2
17933	主語	2
17934	主軸	2
17935	丿一	2
17936	丿合	2
17937	久我	2
17938	久米	2
17939	义	2
17940	乗りつける	2
17941	乗り移る	2
17942	乗用	2
17943	乗算	2
17944	乗越える	2
17945	乗降	2
17946	九州	2
17947	九死	2
17948	乱す	2
17949	乱世	2
17950	乱戦	2
17951	乱打	2
17952	乱流	2
17953	乳幼児	2
17954	予審	2
17955	予科	2
17956	争奪	2
17957	事切れる	2
17958	二人乗り	2
17959	二元	2
17960	互	2
17961	五十嵐	2
17962	五角	2
17963	井端	2
17964	亡	2
17965	交ぜる	2
17966	交叉	2
17967	交遊	2
17968	产生	2
17969	亮太	2
17970	人ごと	2
17971	人さし	2
17972	人でなし	2
17973	人任せ	2
17974	人入れ	2
17975	人士	2
17976	人待	2
17977	人払い	2
17978	人文	2
17979	人獣	2
17980	今井	2
17981	今人	2
17982	今晩	2
17983	今田	2
17984	介石	2
17985	仍	2
17986	仕事着	2
17987	仕入	2
17988	仕入先	2
17989	仕立	2
17990	仕立てあげる	2
17991	仕組める	2
17992	他事	2
17993	他校	2
17994	他紙	2
17995	付き	2
17996	付きあい	2
17997	付け値	2
17998	付る	2
17999	代る	2
18000	代わり映え	2
18001	代わる代わる	2
18002	代講	2
18003	令息	2
18004	们来	2
18005	仮	2
18006	仮言	2
18007	仲立ち	2
18008	任用	2
18009	伊月	2
18010	伏在	2
18011	会敵	2
18012	会衆	2
18013	伝搬	2
18014	住まう	2
18015	佐世保	2
18016	佐久	2
18017	佐渡島	2
18018	佐賀	2
18019	体表	2
18020	体軸	2
18021	余所者	2
18022	作り替え	2
18023	你来	2
18024	你能	2
18025	佳境	2
18026	佳子	2
18027	使いまわす	2
18028	使いみち	2
18029	使役	2
18030	來	2
18031	例示	2
18032	侍者	2
18033	俊一	2
18034	俗語	2
18035	俗説	2
18036	保菌	2
18037	信じる	2
18038	信じ合う	2
18039	信彦	2
18040	信認	2
18041	倉島	2
18042	倉田	2
18043	倍	2
18044	倍数	2
18045	借り上げ	2
18046	借り入れ	2
18047	借受ける	2
18048	値	2
18049	偏光	2
18050	健三	2
18051	健児	2
18052	健常	2
18053	偽王	2
18054	傘	2
18055	備え	2
18056	催事	2
18057	傷病	2
18058	元帝	2
18059	元日	2
18060	元金	2
18061	先兵	2
18062	先渡し	2
18063	先着	2
18064	先触れ	2
18065	光年	2
18066	光沢	2
18067	光臨	2
18068	克	2
18069	入り乱れる	2
18070	入れれる	2
18071	入れ換え	2
18072	入れ違い	2
18073	入水	2
18074	入獄	2
18075	入眠	2
18076	全州	2
18077	全戦	2
18078	全敗	2
18079	全日	2
18080	全社	2
18081	全誌	2
18082	全豪	2
18083	全量	2
18084	全駅	2
18085	八道	2
18086	公吏	2
18087	公文	2
18088	公方	2
18089	公瑾	2
18090	公費	2
18091	公金	2
18092	六千	2
18093	共愛	2
18094	兵数	2
18095	具合い	2
18096	兹路	2
18097	兼業	2
18098	内包	2
18099	内圧	2
18100	内在	2
18101	内壁	2
18102	内皮	2
18103	内見	2
18104	内覧	2
18105	内観	2
18106	内角	2
18107	内証	2
18108	円口	2
18109	册	2
18110	再検	2
18111	再販	2
18112	写る	2
18113	写経	2
18114	军	2
18115	农	2
18116	冠水	2
18117	冥	2
18118	冬用	2
18119	冬着	2
18120	准	2
18121	処す	2
18122	凵護	2
18123	凶運	2
18124	凹面	2
18125	出任せ	2
18126	出土	2
18127	出島	2
18128	出来ごと	2
18129	击	2
18130	函数	2
18131	分かち合う	2
18132	分けれる	2
18133	分与	2
18134	分刻み	2
18135	分校	2
18136	分極	2
18137	切り付ける	2
18138	切口	2
18139	刈り上げ	2
18140	刈り取り	2
18141	刑	2
18142	列記	2
18143	初める	2
18144	初冬	2
18145	初列	2
18146	初手	2
18147	初旬	2
18148	初稿	2
18149	判子	2
18150	別ける	2
18151	別れ話	2
18152	別れ道	2
18153	別れ際	2
18154	別動	2
18155	別嬪	2
18156	別宅	2
18157	別枠	2
18158	別添	2
18159	利巧	2
18160	利欲	2
18161	利率	2
18162	到る	2
18163	制動	2
18164	制吐	2
18165	制汗	2
18166	刺々しい	2
18167	刻み付ける	2
18168	刻み目	2
18169	剃り上げる	2
18170	削る	2
18171	前のめり	2
18172	前ぶれ	2
18173	前人	2
18174	前借	2
18175	前借り	2
18176	前側	2
18177	前傾	2
18178	前出	2
18179	前室	2
18180	前帯	2
18181	前扉	2
18182	前払	2
18183	前突	2
18184	前編	2
18185	前縁	2
18186	前野	2
18187	前駆	2
18188	剣気	2
18189	剣状	2
18190	剥ぎ取る	2
18191	剩	2
18192	割	2
18193	割る	2
18194	創り出す	2
18195	劇変	2
18196	力走	2
18197	功業	2
18198	加上	2
18199	加代	2
18200	加味	2
18201	动作	2
18202	动力	2
18203	助けあえる	2
18204	助け合い	2
18205	労使	2
18206	労務	2
18207	労組	2
18208	勃	2
18209	勇み足	2
18210	動因	2
18211	動眼	2
18212	勝	2
18213	勝ち気	2
18214	勝一	2
18215	勝気	2
18216	包子	2
18217	化け猫	2
18218	北向き	2
18219	北面	2
18220	北風	2
18221	区割り	2
18222	千歳	2
18223	千秋	2
18224	千穂	2
18225	半夜	2
18226	半時	2
18227	半期	2
18228	半獣	2
18229	半開き	2
18230	半面	2
18231	半顔	2
18232	卓上	2
18233	南回り	2
18234	南庭	2
18235	南欧	2
18236	南海	2
18237	単価	2
18238	単機	2
18239	単色	2
18240	印画	2
18241	即売	2
18242	即急	2
18243	即行	2
18244	卸売り	2
18245	卸業	2
18246	厚情	2
18247	厚手	2
18248	原付	2
18249	原形	2
18250	原核	2
18251	原種	2
18252	原色	2
18253	厳然	2
18254	反徒	2
18255	反攻	2
18256	反訴	2
18257	収得	2
18258	収穫	2
18259	发布	2
18260	发放	2
18261	取っ捕まえる	2
18262	取りとめる	2
18263	取り合わせ	2
18264	取り壊す	2
18265	取り急ぎ	2
18266	取り扱える	2
18267	取り揃える	2
18268	取り組む	2
18269	取り計らえる	2
18270	取り込める	2
18271	取合う	2
18272	取手	2
18273	取替え	2
18274	取組	2
18275	取経	2
18276	取説	2
18277	取返す	2
18278	受け止めれる	2
18279	受け皿	2
18280	受付け	2
18281	受入	2
18282	受取る	2
18283	受感	2
18284	受止める	2
18285	受章	2
18286	变形	2
18287	口もと	2
18288	口中	2
18289	口唇	2
18290	口振り	2
18291	口説ける	2
18292	口部	2
18293	口開	2
18294	古生	2
18295	古色	2
18296	古都	2
18297	召し使い	2
18298	召喚	2
18299	可及	2
18300	可憐	2
18301	台中	2
18302	右中	2
18303	吃音	2
18304	各個	2
18305	各室	2
18306	各層	2
18307	各省	2
18308	各軍	2
18309	各面	2
18310	各馬	2
18311	合わせ技	2
18312	合切	2
18313	合奏	2
18314	吉次	2
18315	吊し上げ	2
18316	吊りあげる	2
18317	吊り下げる	2
18318	吊る	2
18319	吊るしあげる	2
18320	同国	2
18321	同地	2
18322	同大	2
18323	同属	2
18324	同格	2
18325	同権	2
18326	同氏	2
18327	同病	2
18328	同系	2
18329	同道	2
18330	名セリフ	2
18331	名品	2
18332	名残り	2
18333	名車	2
18334	名馬	2
18335	向う側	2
18336	向かい合える	2
18337	吸い取る	2
18338	吸取	2
18339	呀	2
18340	呂律	2
18341	告	2
18342	告別	2
18343	告示	2
18344	周航	2
18345	呪力	2
18346	呪医	2
18347	味つけ	2
18348	呼止める	2
18349	和也	2
18350	和気	2
18351	和議	2
18352	和風	2
18353	品ぞろえ	2
18354	品揃え	2
18355	唇	2
18356	唯物	2
18357	唱和	2
18358	商科	2
18359	問い合せ	2
18360	問う	2
18361	善後	2
18362	喘ぎ声	2
18363	喪神	2
18364	喰い物	2
18365	喰らう	2
18366	営巣	2
18367	噂	2
18368	噛	2
18369	噛み付く	2
18370	四つん這い	2
18371	四辻	2
18372	回りこめる	2
18373	回心	2
18374	回析	2
18375	回読	2
18376	因習	2
18377	図示	2
18378	図表	2
18379	固持	2
18380	国対	2
18381	国教	2
18382	国東	2
18383	国益	2
18384	国葬	2
18385	土人	2
18386	土着	2
18387	土管	2
18388	土踏まず	2
18389	圧着	2
18390	圧電	2
18391	在外	2
18392	在天	2
18393	在明	2
18394	在留	2
18395	地侍	2
18396	地固め	2
18397	地場	2
18398	地滑り	2
18399	地縛	2
18400	地裁	2
18401	地酒	2
18402	坊野	2
18403	垂	2
18404	型式	2
18405	埒外	2
18406	培地	2
18407	堀部	2
18408	堅調	2
18409	場内	2
18410	塗り付け	2
18411	塗布	2
18412	塩気	2
18413	増水	2
18414	増設	2
18415	墜落	2
18416	墲	2
18417	壁内	2
18418	声聞	2
18419	声門	2
18420	売りさばける	2
18421	売り付け	2
18422	売り子	2
18423	売り時	2
18424	売出	2
18425	売出し	2
18426	売家	2
18427	変わり身	2
18428	変テコ	2
18429	変声	2
18430	変移	2
18431	夏月	2
18432	夏物	2
18433	外せる	2
18434	外反	2
18435	外形	2
18436	外挿	2
18437	外板	2
18438	外縁	2
18439	外郭	2
18440	外門	2
18441	外陰	2
18442	多孔	2
18443	多岐	2
18444	多用	2
18445	多虚	2
18446	多難	2
18447	夜来	2
18448	夜話	2
18449	大きらい	2
18450	大はしゃぎ	2
18451	大らか	2
18452	大わらわ	2
18453	大人扱い	2
18454	大仕事	2
18455	大仰	2
18456	大伯父	2
18457	大元	2
18458	大入	2
18459	大凶	2
18460	大出	2
18461	大勝ち	2
18462	大同	2
18463	大大	2
18464	大宮	2
18465	大将軍	2
18466	大志	2
18467	大我	2
18468	大戸	2
18469	大振り	2
18470	大日	2
18471	大河	2
18472	大瓶	2
18473	大甘	2
18474	大神	2
18475	大福	2
18476	大粒	2
18477	大船	2
18478	大蔵	2
18479	大賑わい	2
18480	大連	2
18481	大間	2
18482	大鴉	2
18483	大鷹	2
18484	天与	2
18485	天丼	2
18486	天会	2
18487	天分	2
18488	天恵	2
18489	天海	2
18490	天誅	2
18491	天辺	2
18492	天道	2
18493	天都	2
18494	太刀	2
18495	太子	2
18496	太守	2
18497	太極	2
18498	太股	2
18499	失念	2
18500	失点	2
18501	奇特	2
18502	奇策	2
18503	奥方	2
18504	奪	2
18505	女っ気	2
18506	女児	2
18507	女怪	2
18508	女手	2
18509	奴	2
18510	好久	2
18511	如何わしい	2
18512	如月	2
18513	妖女	2
18514	妖気	2
18515	妳	2
18516	始り	2
18517	始値	2
18518	始業	2
18519	姿形	2
18520	威張り	2
18521	婆あ	2
18522	婦警	2
18523	婿入り	2
18524	孃	2
18525	子ぶた	2
18526	子共	2
18527	子取り	2
18528	子女	2
18529	子役	2
18530	子殺し	2
18531	子熊	2
18532	子種	2
18533	子飼	2
18534	子鳥	2
18535	子鹿	2
18536	孟子	2
18537	孤	2
18538	学則	2
18539	学区	2
18540	学外	2
18541	学寮	2
18542	学用	2
18543	学究	2
18544	学童	2
18545	学資	2
18546	孫文	2
18547	宅地	2
18548	宇野	2
18549	安々	2
18550	安上り	2
18551	安打	2
18552	定休	2
18553	定例	2
18554	定率	2
18555	実入り	2
18556	実害	2
18557	実弟	2
18558	実母	2
18559	実益	2
18560	実録	2
18561	宠	2
18562	客先	2
18563	客家	2
18564	客引き	2
18565	宣布	2
18566	室町	2
18567	宮崎	2
18568	宮木	2
18569	家並み	2
18570	家達	2
18571	家門	2
18572	宿場	2
18573	寄り合い	2
18574	寄合	2
18575	寄港	2
18576	密使	2
18577	密約	2
18578	寸評	2
18579	寺内	2
18580	导	2
18581	対位	2
18582	対案	2
18583	対流	2
18584	対物	2
18585	寿	2
18586	封書	2
18587	封止	2
18588	専ら	2
18589	専任	2
18590	射入	2
18591	将棋	2
18592	導水	2
18593	導線	2
18594	小ちゃい	2
18595	小ちゃな	2
18596	小びん	2
18597	小ぶり	2
18598	小エビ	2
18599	小刻み	2
18600	小匙	2
18601	小原	2
18602	小塚	2
18603	小太り	2
18604	小子	2
18605	小工	2
18606	小康	2
18607	小径	2
18608	小春	2
18609	小狡い	2
18610	小突く	2
18611	小童	2
18612	小粒	2
18613	小足	2
18614	小遣	2
18615	小金井	2
18616	小頭	2
18617	小顔	2
18618	尔	2
18619	尚更	2
18620	就一	2
18621	就交	2
18622	就学	2
18623	就役	2
18624	尾藤	2
18625	届け先	2
18626	屋島	2
18627	属する	2
18628	属領	2
18629	履き物	2
18630	山並み	2
18631	山内	2
18632	山師	2
18633	山梨	2
18634	山猫	2
18635	山県	2
18636	山羊座	2
18637	山荘	2
18638	山車	2
18639	山野	2
18640	岡山	2
18641	岩代	2
18642	岩場	2
18643	岩塊	2
18644	岩棚	2
18645	島人	2
18646	川向う	2
18647	川石	2
18648	川面	2
18649	巡りあわせ	2
18650	工区	2
18651	工大	2
18652	左指	2
18653	巨	2
18654	巨星	2
18655	巨神	2
18656	巨象	2
18657	差支え	2
18658	己	2
18659	已久	2
18660	巻き物	2
18661	市議	2
18662	市電	2
18663	布オムツ	2
18664	布巾	2
18665	帆	2
18666	希有	2
18667	带着	2
18668	帰着	2
18669	常夜	2
18670	常道	2
18671	平べったい	2
18672	平井	2
18673	平伏	2
18674	平屋	2
18675	平成	2
18676	平泳ぎ	2
18677	平田	2
18678	平茸	2
18679	平謝り	2
18680	年がら	2
18681	年令	2
18682	年功	2
18683	年取り	2
18684	年号	2
18685	年式	2
18686	年波	2
18687	年表	2
18688	年賀	2
18689	年越	2
18690	年輪	2
18691	幸一	2
18692	幸子	2
18693	幸存	2
18694	幼体	2
18695	幼時	2
18696	広がる	2
18697	序曲	2
18698	应付	2
18699	底辺	2
18700	底面	2
18701	店先	2
18702	店開き	2
18703	座学	2
18704	座興	2
18705	座薬	2
18706	庭	2
18707	庭番	2
18708	庭造り	2
18709	廃物	2
18710	廷内	2
18711	建屋	2
18712	建機	2
18713	弁済	2
18714	引きよす	2
18715	引き下る	2
18716	引き吊る	2
18717	引き回し	2
18718	引き戸	2
18719	引き算	2
18720	引き返し	2
18721	引っ込み	2
18722	引出	2
18723	引取	2
18724	引受	2
18725	引合い	2
18726	引船	2
18727	引見	2
18728	引込み	2
18729	引金	2
18730	弯	2
18731	弱味	2
18732	弱火	2
18733	弱視	2
18734	張りつめる	2
18735	張子	2
18736	張込み	2
18737	強し	2
18738	強暴	2
18739	強靱	2
18740	弹	2
18741	强	2
18742	当前	2
18743	当船	2
18744	当館	2
18745	形而	2
18746	彦九郎	2
18747	彫り	2
18748	影絵	2
18749	往年	2
18750	待命	2
18751	律子	2
18752	後妻	2
18753	後払い	2
18754	後継ぎ	2
18755	後難	2
18756	後面	2
18757	徒手	2
18758	御中	2
18759	御供	2
18760	御影	2
18761	復調	2
18762	微力	2
18763	微風	2
18764	心付け	2
18765	心持ち	2
18766	心気	2
18767	忆	2
18768	忍ぶ	2
18769	志	2
18770	志気	2
18771	忙殺	2
18772	応射	2
18773	快挙	2
18774	快気	2
18775	态	2
18776	怒鳴り合い	2
18777	思い直す	2
18778	急峻	2
18779	急減	2
18780	性向	2
18781	怪	2
18782	恩情	2
18783	息	2
18784	息の根	2
18785	恶	2
18786	悩殺	2
18787	悪い	2
18788	悪乗り	2
18789	情婦	2
18790	情念	2
18791	惜い	2
18792	惰力	2
18793	意中	2
18794	愚か	2
18795	愚策	2
18796	愛くるしい	2
18797	愛し子	2
18798	愛機	2
18799	愛知	2
18800	愛顧	2
18801	愛鳥	2
18802	感じとる	2
18803	感ずる	2
18804	愧	2
18805	愿	2
18806	慣用	2
18807	慰め	2
18808	慶応	2
18809	憎しみ	2
18810	成り金	2
18811	成否	2
18812	戒名	2
18813	戦える	2
18814	戦史	2
18815	戦敗	2
18816	戦記	2
18817	戰	2
18818	房内	2
18819	所出	2
18820	所当	2
18821	所産	2
18822	所行	2
18823	扇子	2
18824	扇形	2
18825	扈	2
18826	扉	2
18827	手ぇ	2
18828	手づる	2
18829	手向け	2
18830	手回し	2
18831	手彫り	2
18832	手心	2
18833	手拭	2
18834	手提げ	2
18835	手摺り	2
18836	手枷	2
18837	手汗	2
18838	手淫	2
18839	手漕ぎ	2
18840	手緩い	2
18841	手練れ	2
18842	手裏	2
18843	手間暇	2
18844	打ち合い	2
18845	打上	2
18846	打上げる	2
18847	打線	2
18848	托	2
18849	找	2
18850	承	2
18851	技士	2
18852	把手	2
18853	把持	2
18854	抑え付ける	2
18855	投げれる	2
18856	投げ出す	2
18857	投げ売	2
18858	投げ銭	2
18859	投光	2
18860	折り曲げる	2
18861	折り重ねる	2
18862	折れる	2
18863	抜刀	2
18864	抱きあげる	2
18865	押し合い	2
18866	押し売り	2
18867	押し進める	2
18868	押入	2
18869	拙速	2
18870	拝金	2
18871	拾い物	2
18872	持ちかえる	2
18873	持ちこめる	2
18874	持ち前	2
18875	持ち馬	2
18876	指切り	2
18877	指宿	2
18878	指物	2
18879	按	2
18880	挙上	2
18881	挟間	2
18882	挺身	2
18883	挽	2
18884	挿話	2
18885	捕手	2
18886	捨場	2
18887	捻じ曲げる	2
18888	掃引	2
18889	掘り起こす	2
18890	掘り進める	2
18891	掛合	2
18892	探し回る	2
18893	接	2
18894	接ぎ木	2
18895	接する	2
18896	控	2
18897	推し量る	2
18898	推せん	2
18899	推敲	2
18900	推計	2
18901	掴	2
18902	握	2
18903	援交	2
18904	携帝	2
18905	搾り取る	2
18906	撒	2
18907	撲る	2
18908	支え合える	2
18909	支流	2
18910	支点	2
18911	改悪	2
18912	改新	2
18913	改易	2
18914	改組	2
18915	放りこめる	2
18916	放り上げる	2
18917	政体	2
18918	敗因	2
18919	教えれる	2
18920	教導	2
18921	教書	2
18922	教本	2
18923	教理	2
18924	敢局	2
18925	敢強	2
18926	敢行	2
18927	散会	2
18928	敬称	2
18929	数える	2
18930	数多	2
18931	敷布	2
18932	文豪	2
18933	文鎮	2
18934	斎場	2
18935	斑	2
18936	斑状	2
18937	斜視	2
18938	断	2
18939	断行	2
18940	新井	2
18941	新台	2
18942	新株	2
18943	新色	2
18944	新館	2
18945	新馬	2
18946	施策	2
18947	旅立つ	2
18948	旅芝居	2
18949	旗	2
18950	旗持ち	2
18951	旗色	2
18952	无理	2
18953	日勤	2
18954	日比谷	2
18955	日給	2
18956	日韓	2
18957	旧来	2
18958	早稲田	2
18959	早計	2
18960	昂	2
18961	昇	2
18962	昇り降り	2
18963	明け	2
18964	易経	2
18965	易者	2
18966	星印	2
18967	星屑	2
18968	星明り	2
18969	春	2
18970	昨	2
18971	昭島	2
18972	昼光	2
18973	昼行	2
18974	時一	2
18975	時制	2
18976	時報	2
18977	時言	2
18978	晚	2
18979	晨	2
18980	晩成	2
18981	景	2
18982	景観	2
18983	晶	2
18984	智者	2
18985	暗転	2
18986	暗黒	2
18987	暴き立てる	2
18988	暴乱	2
18989	曲作り	2
18990	曲折	2
18991	曲面	2
18992	書きあげる	2
18993	書きつける	2
18994	書き止める	2
18995	書き添え	2
18996	書き立てる	2
18997	書き落とし	2
18998	書体	2
18999	書法	2
19000	書評	2
19001	曹	2
19002	最極	2
19003	最狂	2
19004	月並	2
19005	月例	2
19006	月出	2
19007	月替	2
19008	月賦	2
19009	月齢	2
19010	有する	2
19011	有り合わせ	2
19012	有休	2
19013	有余	2
19014	有意	2
19015	有我	2
19016	有楽町	2
19017	有終	2
19018	有閑	2
19019	服従	2
19020	朔日	2
19021	朗々	2
19022	望外	2
19023	朝ドラ	2
19024	朝三	2
19025	朝寝	2
19026	朝帰り	2
19027	朝昼	2
19028	朝霞	2
19029	朝霧	2
19030	朝風	2
19031	朝風呂	2
19032	木俣	2
19033	木刀	2
19034	木切れ	2
19035	木剣	2
19036	木彫	2
19037	木彫り	2
19038	木枯らし	2
19039	木漏れ日	2
19040	木琴	2
19041	木端	2
19042	木綿	2
19043	木訥	2
19044	未曾有	2
19045	本作	2
19046	本官	2
19047	本島	2
19048	本庁	2
19049	本書	2
19050	本省	2
19051	本筋	2
19052	本船	2
19053	本話	2
19054	本読み	2
19055	本邦	2
19056	札	2
19057	杀死	2
19058	村上	2
19059	村八分	2
19060	村民	2
19061	村越	2
19062	来春	2
19063	来期	2
19064	来校	2
19065	来署	2
19066	東端	2
19067	東翼	2
19068	東軍	2
19069	東風	2
19070	東駅	2
19071	松坂	2
19072	松居	2
19073	松脂	2
19074	松茸	2
19075	枕木	2
19076	果肉	2
19077	枝葉	2
19078	枠外	2
19079	染める	2
19080	柴	2
19081	栄一郎	2
19082	校区	2
19083	校尉	2
19084	核	2
19085	根	2
19086	桃井	2
19087	桜色	2
19088	桶	2
19089	梅田	2
19090	梦	2
19091	梵語	2
19092	棄手	2
19093	棺	2
19094	植え	2
19095	植え替え	2
19096	植字	2
19097	植樹	2
19098	検	2
19099	検品	2
19100	検定	2
19101	検針	2
19102	検鏡	2
19103	楚	2
19104	楢	2
19105	楽しむ	2
19106	榎田	2
19107	槍	2
19108	様変わり	2
19109	標題	2
19110	模式	2
19111	権謀	2
19112	横付け	2
19113	横側	2
19114	横槍	2
19115	横着	2
19116	樹々	2
19117	樹形	2
19118	橋上	2
19119	機中	2
19120	機数	2
19121	機雷	2
19122	櫑	2
19123	櫑子	2
19124	次郎	2
19125	欽定	2
19126	歌舞伎町	2
19127	歌謡	2
19128	歌集	2
19129	歓呼	2
19130	歓楽	2
19131	止る	2
19132	正否	2
19133	正味	2
19134	正夫	2
19135	正座	2
19136	正殿	2
19137	武功	2
19138	武官	2
19139	武家	2
19140	武芸	2
19141	武蔵	2
19142	武闘	2
19143	歯応え	2
19144	歯石	2
19145	歴戦	2
19146	死力	2
19147	残響	2
19148	母斑	2
19149	母豚	2
19150	母趾	2
19151	母馬	2
19152	母鶏	2
19153	每	2
19154	毒味	2
19155	毒気	2
19156	民国	2
19157	民生	2
19158	民警	2
19159	気張る	2
19160	気懸り	2
19161	気疲れ	2
19162	水かさ	2
19163	水やり	2
19164	水仙	2
19165	水先	2
19166	水冷	2
19167	水回り	2
19168	水差し	2
19169	水抜き	2
19170	水死	2
19171	水溜り	2
19172	水火	2
19173	水煙	2
19174	水系	2
19175	水腫	2
19176	水臭い	2
19177	水陸	2
19178	水飲み	2
19179	氷入り	2
19180	氷結	2
19181	永代	2
19182	永村	2
19183	汁気	2
19184	汁物	2
19185	汎用	2
19186	汲々	2
19187	決め球	2
19188	決然	2
19189	沁配	2
19190	沈下	2
19191	沙門	2
19192	沢東	2
19193	河岸	2
19194	河床	2
19195	油物	2
19196	波瀾	2
19197	波線	2
19198	泣	2
19199	泣き所	2
19200	泰	2
19201	洋々	2
19202	洋品	2
19203	洋裁	2
19204	洋食	2
19205	洒落	2
19206	洪積	2
19207	活劇	2
19208	流れ図	2
19209	流布	2
19210	流氷	2
19211	流行り物	2
19212	浅田	2
19213	浦々	2
19214	浮	2
19215	浮かび上がる	2
19216	浮足	2
19217	海商	2
19218	海賊	2
19219	消し飛ぶ	2
19220	消せる	2
19221	涉	2
19222	涙声	2
19223	淚	2
19224	深奥	2
19225	深山	2
19226	深川	2
19227	深沢	2
19228	深深	2
19229	混じる	2
19230	混ぜ合わす	2
19231	清書	2
19232	清澄	2
19233	渓流	2
19234	減算	2
19235	渡米	2
19236	温める	2
19237	温子	2
19238	温風	2
19239	湖南	2
19240	湖面	2
19241	湾外	2
19242	満	2
19243	満期	2
19244	溝口	2
19245	滅種	2
19246	滞空	2
19247	漁	2
19248	漁り	2
19249	漁場	2
19250	漏れ	2
19251	演壇	2
19252	漫然	2
19253	潅水	2
19254	潰	2
19255	澤田	2
19256	火取	2
19257	火焔	2
19258	火照り	2
19259	火眼金睛	2
19260	火箸	2
19261	灭	2
19262	災厄	2
19263	点々	2
19264	点取	2
19265	点眼	2
19266	点線	2
19267	烏山	2
19268	焚書	2
19269	無塩	2
19270	無形	2
19271	無碍	2
19272	無血	2
19273	無謬	2
19274	無銭	2
19275	無題	2
19276	無風	2
19277	無駄毛	2
19278	焦	2
19279	焼き上げ	2
19280	焼き立て	2
19281	焼け石	2
19282	煙	2
19283	煙弾	2
19284	照り映える	2
19285	照魔	2
19286	熱戦	2
19287	熱水	2
19288	燃	2
19289	爪	2
19290	爱情	2
19291	父権	2
19292	牛殺し	2
19293	牧歌	2
19294	牧草	2
19295	物々しい	2
19296	物ごと	2
19297	物怖じ	2
19298	物産	2
19299	物量	2
19300	特価	2
19301	特学	2
19302	特段	2
19303	特進	2
19304	特配	2
19305	犬神	2
19306	犬科	2
19307	狂女	2
19308	狛	2
19309	狩り立てる	2
19310	狩場	2
19311	狩猟	2
19312	独りごと	2
19313	独り勝ち	2
19314	独ソ	2
19315	独行	2
19316	独語	2
19317	猛将	2
19318	猛火	2
19319	猛進	2
19320	献策	2
19321	猿語	2
19322	獄	2
19323	獣類	2
19324	玄人	2
19325	玉石	2
19326	玉置	2
19327	王旗	2
19328	玩	2
19329	珍客	2
19330	珍種	2
19331	現れ出る	2
19332	現わす	2
19333	現生	2
19334	球形	2
19335	球菌	2
19336	琴線	2
19337	琶	2
19338	瑞	2
19339	環式	2
19340	環視	2
19341	生き伸びる	2
19342	生き返る	2
19343	生き餌	2
19344	生け垣	2
19345	生け捕る	2
19346	生まれ落ちる	2
19347	生もの	2
19348	生保	2
19349	生垣	2
19350	生母	2
19351	生簀	2
19352	生臭	2
19353	生誕	2
19354	生魚	2
19355	産み育てる	2
19356	産婆	2
19357	産婦	2
19358	産生	2
19359	産着	2
19360	産院	2
19361	田園調布	2
19362	田尻	2
19363	田舎もん	2
19364	由縁	2
19365	甲信	2
19366	申しあげる	2
19367	申し合わせ	2
19368	申立て	2
19369	男声	2
19370	男性	2
19371	男親	2
19372	町々	2
19373	町境	2
19374	留め具	2
19375	留年	2
19376	畜産	2
19377	略号	2
19378	略字	2
19379	異人	2
19380	異界	2
19381	疎水	2
19382	疑い深い	2
19383	病み	2
19384	病み上がり	2
19385	病み付き	2
19386	病床	2
19387	病徴	2
19388	病識	2
19389	病魔	2
19390	痢	2
19391	痩せ地	2
19392	発癌	2
19393	発色	2
19394	発走	2
19395	登り口	2
19396	登庁	2
19397	登用	2
19398	登竜	2
19399	白バラ	2
19400	白夜	2
19401	白湯	2
19402	白滝	2
19403	白熊	2
19404	白竜	2
19405	白米	2
19406	白菜	2
19407	白金	2
19408	白魔	2
19409	白鷺	2
19410	白鹿	2
19411	百合	2
19412	百味	2
19413	百戦	2
19414	皇太后	2
19415	皇女	2
19416	盗っ人	2
19417	盗み食い	2
19418	監理	2
19419	盤上	2
19420	目々	2
19421	目ぇ	2
19422	目こぼし	2
19423	目ざめる	2
19424	目つぶし	2
19425	目の子	2
19426	目ヤニ	2
19427	目光	2
19428	目出し	2
19429	目出度い	2
19430	目力	2
19431	目張り	2
19432	目次	2
19433	目論み	2
19434	目配せ	2
19435	目配り	2
19436	目黒	2
19437	直喩	2
19438	直売	2
19439	直截	2
19440	直流	2
19441	直火	2
19442	直筆	2
19443	直覚	2
19444	直訴	2
19445	相	2
19446	相川	2
19447	相田	2
19448	相補	2
19449	眞	2
19450	真田	2
19451	真由美	2
19452	眼光	2
19453	睨み付ける	2
19454	睨む	2
19455	矢状	2
19456	知将	2
19457	短命	2
19458	石塚	2
19459	石投げ	2
19460	石柱	2
19461	石畳	2
19462	石造り	2
19463	石鉱	2
19464	砂上	2
19465	砂地	2
19466	砕身	2
19467	砲声	2
19468	砲門	2
19469	硫化	2
19470	硬い	2
19471	确定	2
19472	碑文	2
19473	確	2
19474	磨き	2
19475	示威	2
19476	礼者	2
19477	礼金	2
19478	社説	2
19479	祈念	2
19480	祖宗	2
19481	神明	2
19482	神楽坂	2
19483	神酒	2
19484	祭	2
19485	禁令	2
19486	福袋	2
19487	离	2
19488	私信	2
19489	科研	2
19490	秒殺	2
19491	秘め事	2
19492	秘技	2
19493	租	2
19494	秦王	2
19495	称揚	2
19496	移し変える	2
19497	移乗	2
19498	移向	2
19499	稀	2
19500	稜線	2
19501	種々	2
19502	種まき	2
19503	種火	2
19504	種牛	2
19505	種芋	2
19506	種間	2
19507	稼ぎ手	2
19508	積み立てる	2
19509	積年	2
19510	積立	2
19511	積込	2
19512	積雪	2
19513	穫	2
19514	穴	2
19515	穴開	2
19516	空き室	2
19517	空き部屋	2
19518	空力	2
19519	空恐ろしい	2
19520	空騒ぎ	2
19521	突き放す	2
19522	突き通す	2
19523	突合	2
19524	突止める	2
19525	窓台	2
19526	立ちはだかる	2
19527	立ち上り	2
19528	立ち姿	2
19529	立ち寄る	2
19530	立ち泳ぎ	2
19531	立ち見	2
19532	立ち退ける	2
19533	立身	2
19534	章子	2
19535	竣工	2
19536	童歌	2
19537	端	2
19538	端役	2
19539	端部	2
19540	競泳	2
19541	竹上	2
19542	笑い転げる	2
19543	笑気	2
19544	筆名	2
19545	等価	2
19546	筋	2
19547	筑後	2
19548	筑波	2
19549	筒	2
19550	算用	2
19551	管下	2
19552	節分	2
19553	節水	2
19554	節電	2
19555	築く	2
19556	篝火	2
19557	米独	2
19558	米粒	2
19559	米英	2
19560	米露	2
19561	粉引き	2
19562	粗品	2
19563	粗略	2
19564	粛々	2
19565	粛然	2
19566	粮	2
19567	糊付け	2
19568	糖質	2
19569	糧食	2
19570	糸車	2
19571	紋様	2
19572	納付	2
19573	紐	2
19574	素っ	2
19575	紧急	2
19576	細々	2
19577	細分	2
19578	紺色	2
19579	組み替え	2
19580	組分け	2
19581	組曲	2
19582	組込	2
19583	経鼻	2
19584	結女	2
19585	結線	2
19586	絡	2
19587	絡み	2
19588	給電	2
19589	統幕	2
19590	絶食	2
19591	絹代	2
19592	継ぎ合わせ	2
19593	綱吉	2
19594	綱引き	2
19595	綱領	2
19596	網戸	2
19597	綴	2
19598	綾	2
19599	綿	2
19600	総和	2
19601	総称	2
19602	総量	2
19603	緑地	2
19604	線条	2
19605	編	2
19606	編制	2
19607	編纂	2
19608	緯	2
19609	練り上げる	2
19610	練る	2
19611	練度	2
19612	練馬	2
19613	縛りあげる	2
19614	縫い	2
19615	縮約	2
19616	繋ぎ	2
19617	繋ぎ合わす	2
19618	繰り	2
19619	繰り上げる	2
19620	繰上げ	2
19621	纏足	2
19622	约定	2
19623	级超	2
19624	线	2
19625	组成	2
19626	结果	2
19627	续	2
19628	缶入り	2
19629	罠	2
19630	罪行	2
19631	置き	2
19632	置きみやげ	2
19633	置ける	2
19634	置去り	2
19635	罰あたり	2
19636	美和子	2
19637	美声	2
19638	美津子	2
19639	美白	2
19640	美的	2
19641	美酒	2
19642	美顔	2
19643	美麗	2
19644	群体	2
19645	群生	2
19646	群発	2
19647	群青	2
19648	義央	2
19649	羽	2
19650	翌月	2
19651	習わす	2
19652	老公	2
19653	而来	2
19654	耳下	2
19655	聖別	2
19656	聖女	2
19657	聞きあきる	2
19658	聞きだす	2
19659	聞き流す	2
19660	聡	2
19661	聲	2
19662	聳える	2
19663	聴き手	2
19664	職工	2
19665	肉類	2
19666	肝内	2
19667	股下	2
19668	肥後	2
19669	育める	2
19670	育毛	2
19671	背	2
19672	背水	2
19673	胎	2
19674	胴回り	2
19675	胴着	2
19676	胸中	2
19677	脅す	2
19678	脇屋	2
19679	脚	2
19680	脚線	2
19681	脱る	2
19682	脱会	2
19683	脱力	2
19684	腐人	2
19685	腕	2
19686	腕組み	2
19687	腰使い	2
19688	腰回り	2
19689	腰部	2
19690	腹持ち	2
19691	膜状	2
19692	膝当て	2
19693	膣	2
19694	臀部	2
19695	臓	2
19696	臥所	2
19697	自他	2
19698	自営	2
19699	自愛	2
19700	自毛	2
19701	自浄	2
19702	自船	2
19703	興亡	2
19704	舍	2
19705	舎	2
19706	舞子	2
19707	舟	2
19708	舟山	2
19709	船場	2
19710	艇	2
19711	艦名	2
19712	艦砲	2
19713	艦載	2
19714	良	2
19715	艱	2
19716	色づけ	2
19717	色柄	2
19718	色盲	2
19719	色石	2
19720	色落ち	2
19721	色香	2
19722	色鮮やか	2
19723	艶子	2
19724	芝	2
19725	花々	2
19726	芳江	2
19727	芳郎	2
19728	芽球	2
19729	苗木	2
19730	若い	2
19731	苦役	2
19732	英傑	2
19733	英字	2
19734	英樹	2
19735	英軍	2
19736	茜	2
19737	草分け	2
19738	荒らし	2
19739	荘	2
19740	荷受	2
19741	菊地	2
19742	菌	2
19743	萱	2
19744	落ちる	2
19745	落ち付ける	2
19746	落ち合える	2
19747	落城	2
19748	落成	2
19749	落葉	2
19750	葉物	2
19751	葉緑	2
19752	葉脈	2
19753	葉隠れ	2
19754	葦原	2
19755	葬送	2
19756	蒋	2
19757	蓑	2
19758	蔓	2
19759	蔵入り	2
19760	薄着	2
19761	薫製	2
19762	薬名	2
19763	藪	2
19764	蝉	2
19765	融和	2
19766	血止め	2
19767	血色	2
19768	血行	2
19769	衆生	2
19770	行きかけ	2
19771	行ない	2
19772	行なう	2
19773	行る	2
19774	行灯	2
19775	行路	2
19776	術士	2
19777	術野	2
19778	街上	2
19779	街区	2
19780	街外れ	2
19781	衛視	2
19782	衣食	2
19783	袖手	2
19784	裂離	2
19785	装	2
19786	裏切る	2
19787	裕一	2
19788	裕一郎	2
19789	補い	2
19790	補完	2
19791	裸	2
19792	製剤	2
19793	製菓	2
19794	複	2
19795	襲	2
19796	西北西	2
19797	西向き	2
19798	西紀	2
19799	西翼	2
19800	西郷	2
19801	西面	2
19802	西風	2
19803	西麻布	2
19804	要する	2
19805	見あげる	2
19806	見せる	2
19807	見下げる	2
19808	見初める	2
19809	見参	2
19810	見放す	2
19811	見栄	2
19812	見栄っ張り	2
19813	見究める	2
19814	規	2
19815	視聴覚	2
19816	親日	2
19817	親離れ	2
19818	観	2
19819	観兵	2
19820	见	2
19821	言いかえる	2
19822	言いぐさ	2
19823	言いわけ	2
19824	言い立て	2
19825	言伝	2
19826	言明	2
19827	言行	2
19828	言訳	2
19829	計り	2
19830	訊問	2
19831	討つ	2
19832	記す	2
19833	訳文	2
19834	訳知り	2
19835	証文	2
19836	詐術	2
19837	詞	2
19838	試乗	2
19839	詫び状	2
19840	詰め所	2
19841	詰所	2
19842	話術	2
19843	誓言	2
19844	誘い入れる	2
19845	語り掛け	2
19846	語調	2
19847	語録	2
19848	読みあさる	2
19849	読み応え	2
19850	読み手	2
19851	読破	2
19852	読解	2
19853	読譜	2
19854	誰々	2
19855	調べ上げる	2
19856	調べ物	2
19857	請け合い	2
19858	論旨	2
19859	諸家	2
19860	諸王	2
19861	講話	2
19862	謹比	2
19863	譛	2
19864	譲	2
19865	護符	2
19866	认	2
19867	训	2
19868	诞生	2
19869	该死	2
19870	说起	2
19871	谷中	2
19872	谷沢	2
19873	豚	2
19874	貞三郎	2
19875	貨客	2
19876	責	2
19877	貰い下げる	2
19878	買いあさる	2
19879	買手	2
19880	貸与	2
19881	賃上げ	2
19882	資	2
19883	資力	2
19884	賜り物	2
19885	賞与	2
19886	質入れ	2
19887	賽	2
19888	负	2
19889	赤々	2
19890	赤字	2
19891	赤神	2
19892	赤裸々	2
19893	走路	2
19894	起きあがる	2
19895	起き抜け	2
19896	起る	2
19897	起伏	2
19898	起債	2
19899	超える	2
19900	越権	2
19901	足もと	2
19902	足固め	2
19903	足掻き	2
19904	足枷	2
19905	足留め	2
19906	足裏	2
19907	足蹴	2
19908	足蹴り	2
19909	足軽	2
19910	跡地	2
19911	跨	2
19912	跳び	2
19913	跳び降りる	2
19914	踏み石	2
19915	踏査	2
19916	蹴り	2
19917	蹴りあげる	2
19918	身心	2
19919	身銭	2
19920	車代	2
19921	車名	2
19922	車軸	2
19923	車載	2
19924	軍役	2
19925	軍律	2
19926	軍手	2
19927	軒並み	2
19928	軟部	2
19929	転ずる	2
19930	転籍	2
19931	軸受け	2
19932	軽石	2
19933	軽部	2
19934	輪乗り	2
19935	轄言	2
19936	辛子	2
19937	辱い	2
19938	農婦	2
19939	農牧	2
19940	辺	2
19941	込み上げる	2
19942	过也	2
19943	过你	2
19944	迎	2
19945	近寄せる	2
19946	近東	2
19947	这都	2
19948	进	2
19949	追い上げ	2
19950	追記	2
19951	追認	2
19952	退色	2
19953	送受	2
19954	送料	2
19955	送水	2
19956	逆算	2
19957	透き	2
19958	這	2
19959	逞い	2
19960	速効	2
19961	速射	2
19962	造影	2
19963	造成	2
19964	造詣	2
19965	逢引き	2
19966	連山	2
19967	連弾	2
19968	連戦	2
19969	遊技	2
19970	運び上げる	2
19971	運び込める	2
19972	過渡	2
19973	道々	2
19974	道教え	2
19975	達三	2
19976	遠位	2
19977	遠江	2
19978	遠田	2
19979	遣り手	2
19980	遮光	2
19981	遷移	2
19982	選り取り	2
19983	選り好み	2
19984	選民	2
19985	遺児	2
19986	遺影	2
19987	邁進	2
19988	郡山	2
19989	部会	2
19990	郷	2
19991	配色	2
19992	酔人	2
19993	重々しい	2
19994	重合	2
19995	重版	2
19996	重軽傷	2
19997	野々村	2
19998	野グソ	2
19999	野太刀	2
20000	野島	2
20001	野猪	2
20002	野良	2
20003	量る	2
20004	量的	2
20005	金屑	2
20006	金平糖	2
20007	金棒	2
20008	金田	2
20009	金策	2
20010	金管	2
20011	金遣い	2
20012	金門	2
20013	針子	2
20014	針葉	2
20015	釣り	2
20016	釣り人	2
20017	鈍化	2
20018	鈍重	2
20019	鉄剤	2
20020	鉄工	2
20021	鉄火	2
20022	鉄生	2
20023	銀婚	2
20024	銀賞	2
20025	銅貨	2
20026	銭	2
20027	錠	2
20028	錯視	2
20029	鍋	2
20030	鍋横	2
20031	鍛	2
20032	鍛えあげる	2
20033	鍵山	2
20034	鎌	2
20035	鎭西	2
20036	鏡面	2
20037	長州	2
20038	長門	2
20039	閉	2
20040	閉経	2
20041	開けっぴろげ	2
20042	開げる	2
20043	開扉	2
20044	間に合う	2
20045	間合い	2
20046	間奏	2
20047	間引	2
20048	間引き	2
20049	間眠	2
20050	間道	2
20051	闇金	2
20052	關係	2
20053	防げる	2
20054	防塞	2
20055	阿久	2
20056	降り積む	2
20057	降り落ちる	2
20058	降圧	2
20059	降板	2
20060	降雪	2
20061	限局	2
20062	院外	2
20063	陪審	2
20064	陰影	2
20065	陸亀	2
20066	陸揚げ	2
20067	陸空	2
20068	陸自	2
20069	陽	2
20070	隆々	2
20071	隈	2
20072	隔月	2
20073	際する	2
20074	障	2
20075	隠	2
20076	隠者	2
20077	雄々しい	2
20078	雅子	2
20079	集音	2
20080	雑役	2
20081	雑言	2
20082	雑記	2
20083	雛形	2
20084	離乳	2
20085	離岸	2
20086	離縁	2
20087	離開	2
20088	難	2
20089	難波	2
20090	難読	2
20091	雨あられ	2
20092	雨具	2
20093	雨期	2
20094	雪上	2
20095	電	2
20096	電位	2
20097	電器	2
20098	電燈	2
20099	電算	2
20100	電装	2
20101	電飾	2
20102	震度	2
20103	霊体	2
20104	霊言	2
20105	霜降	2
20106	霧	2
20107	露	2
20108	青アザ	2
20109	青タン	2
20110	青味	2
20111	青果	2
20112	青線	2
20113	青臭い	2
20114	面白味	2
20115	面相	2
20116	革製	2
20117	靴音	2
20118	鞍	2
20119	韓	2
20120	音大	2
20121	音調	2
20122	音質	2
20123	韻文	2
20124	響く	2
20125	頁	2
20126	頂	2
20127	順々	2
20128	領有	2
20129	領置	2
20130	顆間	2
20131	額	2
20132	顎先	2
20133	顔付き	2
20134	類型	2
20135	類推	2
20136	類語	2
20137	须	2
20138	顾	2
20139	预	2
20140	風聞	2
20141	風見	2
20142	風説	2
20143	風雨	2
20144	风	2
20145	飛び入り	2
20146	飛び超える	2
20147	飛車	2
20148	食いつく	2
20149	食いつなぐ	2
20150	食い上げ	2
20151	食べ頃	2
20152	食餌	2
20153	飢え死	2
20154	飯田橋	2
20155	飲み口	2
20156	飲み比べ	2
20157	飲用	2
20158	飾り気	2
20159	養分	2
20160	養家	2
20161	養母	2
20162	養父母	2
20163	餌	2
20164	餌付け	2
20165	餌場	2
20166	香味	2
20167	馬券	2
20168	馬群	2
20169	馭者	2
20170	駆け降りる	2
20171	駐米	2
20172	駿馬	2
20173	騾馬	2
20174	驀進	2
20175	驚	2
20176	骨化	2
20177	骨子	2
20178	體	2
20179	高下	2
20180	高城	2
20181	高射	2
20182	高慢ちき	2
20183	高松	2
20184	高炉	2
20185	高畑	2
20186	高雄	2
20187	高２	2
20188	髭	2
20189	鬧	2
20190	鬨の声	2
20191	鬱積	2
20192	鬼神	2
20193	魚	2
20194	鴨	2
20195	鶏	2
20196	鹿	2
20197	鹿島	2
20198	麗華	2
20199	麻木	2
20200	麿	2
20201	黒水	2
20202	黒江	2
20203	黒目	2
20204	黒鉄	2
20205	黙々	2
20206	黙殺	2
20207	鼓腹	2
20208	鼻声	2
20209	あ〜っ	1
20210	あぁた	1
20211	あああ〜	1
20212	ああた	1
20213	ああら	1
20214	あぃ	1
20215	あいた	1
20216	あいたた	1
20217	あいだがら	1
20218	あいち	1
20219	あいのこ	1
20220	あいぶ	1
20221	あえ	1
20222	あえぐ	1
20223	あおか	1
20224	あおぐ	1
20225	あおむけ	1
20226	あおる	1
20227	あお向け	1
20228	あかちゃん	1
20229	あかつき	1
20230	あからめ	1
20231	あかんべ	1
20232	あがた	1
20233	あがなえる	1
20234	あきた	1
20235	あきれ顔	1
20236	あくしゅ	1
20237	あくま	1
20238	あけすけ	1
20239	あけぼの	1
20240	あげ	1
20241	あこぎ	1
20242	あご骨	1
20243	あさい	1
20244	あさはか	1
20245	あさめし	1
20246	あざけり	1
20247	あざむける	1
20248	あしらい	1
20249	あじさい	1
20250	あずま	1
20251	あせり	1
20252	あたためる	1
20253	あたりき	1
20254	あだ討ち	1
20255	あっけ	1
20256	あっせん	1
20257	あっれー	1
20258	あっー	1
20259	あつあつ	1
20260	あつかう	1
20261	あつし	1
20262	あてずっぽう	1
20263	あてはめる	1
20264	あてる	1
20265	あとくされ	1
20266	あととり	1
20267	あとー	1
20268	あと回し	1
20269	あははは	1
20270	あはははは	1
20271	あばら家	1
20272	あばら骨	1
20273	あびせる	1
20274	あぶり出し	1
20275	あほん	1
20276	あまあま	1
20277	あまつさえ	1
20278	あまね	1
20279	あみこ	1
20280	あゆみ	1
20281	あらあ	1
20282	あらげる	1
20283	あらし	1
20284	あらたか	1
20285	あらためる	1
20286	あらまし	1
20287	ありあり	1
20288	ありもの	1
20289	ありゃりゃりゃ	1
20290	あわや	1
20291	あんぐり	1
20292	あんない	1
20293	あイタタ	1
20294	あンた	1
20295	あ然	1
20296	あ行	1
20297	いきなり	1
20298	いきり立つ	1
20299	いじ	1
20300	いっ時	1
20301	いとし子	1
20302	いのち	1
20303	いはん	1
20304	いやー	1
20305	いら立たしい	1
20306	いら立ち	1
20307	いろ	1
20308	いん石	1
20309	うう	1
20310	うかがい知る	1
20311	うきわ	1
20312	うつ	1
20313	うなぎ上り	1
20314	うなぎ登り	1
20315	うみ	1
20316	うめき	1
20317	うる	1
20318	えいや	1
20319	えこ	1
20320	えっ	1
20321	えり	1
20322	える	1
20323	おう	1
20324	おっ	1
20325	おどけ者	1
20326	おぼれる	1
20327	おぼれ死に	1
20328	おる	1
20329	お手あげ	1
20330	お目見え	1
20331	かああ	1
20332	かえって	1
20333	かき上げる	1
20334	かぎあてる	1
20335	かく	1
20336	かけ算	1
20337	かしら	1
20338	かじ取り	1
20339	かじ屋	1
20340	かつ	1
20341	かつ丼	1
20342	かぶり物	1
20343	かま	1
20344	かみ合う	1
20345	かみ合わせ	1
20346	かり	1
20347	がい	1
20348	がってん	1
20349	がなり立てる	1
20350	がら	1
20351	がり	1
20352	がる	1
20353	きみ	1
20354	きり	1
20355	くいあらす	1
20356	くう	1
20357	くすぐり	1
20358	くせ	1
20359	くだす	1
20360	くつ下	1
20361	くもり空	1
20362	くらいつく	1
20363	くれる	1
20364	ぐ	1
20365	けさ	1
20366	けど	1
20367	けど〜	1
20368	けん	1
20369	こいし	1
20370	こぎ着ける	1
20371	こすりあわせる	1
20372	こすれる	1
20373	こそぐ	1
20374	こと	1
20375	こめる	1
20376	こもる	1
20377	これ	1
20378	ころ	1
20379	こわい	1
20380	さし上げる	1
20381	さし当る	1
20382	さた	1
20383	さっき	1
20384	さて	1
20385	さへ	1
20386	さら	1
20387	さり気無い	1
20388	さわ	1
20389	さー	1
20390	ざあ	1
20391	ざれ言	1
20392	しあげる	1
20393	しあさって	1
20394	しげく	1
20395	しし	1
20396	しっかり	1
20397	しばり上げる	1
20398	しぼり取る	1
20399	しみ	1
20400	しゃぶる	1
20401	し直し	1
20402	し立てる	1
20403	じぁ	1
20404	すくう	1
20405	すけべ	1
20406	すし屋	1
20407	すっ	1
20408	すら	1
20409	すり合わせ	1
20410	すれる	1
20411	すわ	1
20412	せき立てる	1
20413	せりあげる	1
20414	せん	1
20415	そい	1
20416	そぅ	1
20417	そだ	1
20418	その	1
20419	そる	1
20420	そー	1
20421	たあい	1
20422	たき付け	1
20423	たこ	1
20424	たしか	1
20425	たしなめる	1
20426	たし算	1
20427	ただし	1
20428	ただ乗り	1
20429	たつ	1
20430	たて	1
20431	たまたま	1
20432	たまに	1
20433	ため口	1
20434	たれ流し	1
20435	だあっ	1
20436	だだっ広い	1
20437	だま	1
20438	だらし無い	1
20439	だり	1
20440	ちぇ	1
20441	ちちくる	1
20442	ちびっ	1
20443	ちまう	1
20444	ちゃん	1
20445	ちょい役	1
20446	っちう	1
20447	っと	1
20448	っぷり	1
20449	っ気	1
20450	つあん	1
20451	つか	1
20452	つかみ取る	1
20453	つき止める	1
20454	つき物	1
20455	つくり変える	1
20456	つくる	1
20457	つなぎ合う	1
20458	つなぐ	1
20459	つま	1
20460	つまみ	1
20461	つみ	1
20462	つれ	1
20463	つれあい	1
20464	てあて	1
20465	てあら	1
20466	てく	1
20467	てこ	1
20468	てら	1
20469	てる	1
20470	できあい	1
20471	できあがり	1
20472	でき上がり	1
20473	とき色	1
20474	とける	1
20475	とこ	1
20476	とっとと	1
20477	となり町	1
20478	とりあい	1
20479	とれる	1
20480	とろ火	1
20481	どあ	1
20482	どう	1
20483	どなた	1
20484	どやし付ける	1
20485	なすり合い	1
20486	なぞ	1
20487	など	1
20488	なまけ者	1
20489	なめる	1
20490	なり代わる	1
20491	なり立つ	1
20492	なるほど	1
20493	なんて	1
20494	なんぼ	1
20495	なー	1
20496	にきび面	1
20497	ぬれ手	1
20498	ね〜え	1
20499	ねじ山	1
20500	ねじ止め	1
20501	ねずみ色	1
20502	ねー	1
20503	のう	1
20504	のし	1
20505	のし上がる	1
20506	のぶ代	1
20507	のみ	1
20508	のり	1
20509	のりあき	1
20510	のり付け	1
20511	のり気	1
20512	はあはあ	1
20513	はいずる	1
20514	はぎ取る	1
20515	はく製	1
20516	はた目	1
20517	はち	1
20518	はっ	1
20519	はり付ける	1
20520	はれ物	1
20521	はん	1
20522	はーあ	1
20523	ばぁ	1
20524	ばあっ	1
20525	ばあや	1
20526	ばく大	1
20527	ばく進	1
20528	ばら肉	1
20529	ばら色	1
20530	ばんざあい	1
20531	ぱあ	1
20532	ぱら	1
20533	ひえ	1
20534	ひき取る	1
20535	ひとりっ子	1
20536	ひとり立ち	1
20537	ひと味	1
20538	ひと足	1
20539	ひどい	1
20540	ひれ	1
20541	ひん死	1
20542	び	1
20543	びた	1
20544	ぴく	1
20545	ぴょん	1
20546	ふう	1
20547	ふか	1
20548	ふき取る	1
20549	ふくれっ面	1
20550	ふざけ	1
20551	ふざけ合う	1
20552	ふてる	1
20553	ふるい分け	1
20554	ぶつかり合い	1
20555	ぶら下がる	1
20556	ぶら下る	1
20557	ぶん	1
20558	ぶん投げる	1
20559	へん平	1
20560	ぺ	1
20561	ほ〜ら	1
20562	ほうり投げる	1
20563	ほー	1
20564	ぼろ布	1
20565	ぼーん	1
20566	ぽい	1
20567	まぁ〜	1
20568	まき直し	1
20569	ます	1
20570	まちゅ	1
20571	まっ先	1
20572	まっ白	1
20573	まっ青	1
20574	まつ	1
20575	まとう	1
20576	まとめあげる	1
20577	まね事	1
20578	まんま	1
20579	みぎ	1
20580	みせる	1
20581	みる	1
20582	むしり取る	1
20583	むらさき色	1
20584	むら気	1
20585	めくり	1
20586	もくあみ	1
20587	もし	1
20588	ものすごい	1
20589	もの知り	1
20590	もらい受ける	1
20591	もり	1
20592	もろ手	1
20593	もん	1
20594	やあー	1
20595	やかまし屋	1
20596	やけ食い	1
20597	やりあう	1
20598	やり合い	1
20599	やり投げ	1
20600	ゆり子	1
20601	よしあし	1
20602	よし子	1
20603	よぶ	1
20604	よみあげる	1
20605	より	1
20606	より取り	1
20607	より合わせ	1
20608	よる	1
20609	よろ	1
20610	よろず屋	1
20611	よろめき	1
20612	らしい	1
20613	ららら	1
20614	らららららら	1
20615	ら行	1
20616	りっぱ	1
20617	り用	1
20618	れい子	1
20619	ろうあ	1
20620	わあん	1
20621	わい曲	1
20622	わかりあえる	1
20623	わき	1
20624	わし	1
20625	わた	1
20626	わめき立てる	1
20627	わめく	1
20628	わら	1
20629	わり合い	1
20630	ァイ	1
20631	アアアアアーアオッ	1
20632	アィテナ	1
20633	アイアコッカ	1
20634	アイクス	1
20635	アイグレ	1
20636	アイコ	1
20637	アイゴー	1
20638	アイザニック	1
20639	アイシヤドウ	1
20640	アイシー	1
20641	アイスキュロス	1
20642	アイセン	1
20643	アイソトープ	1
20644	アイゾッド	1
20645	アイゾメヤドク	1
20646	アイタッ	1
20647	アイト	1
20648	アイドリアナ	1
20649	アイノ	1
20650	アイビ	1
20651	アイベトラ	1
20652	アイボ	1
20653	アイマン	1
20654	アイミー	1
20655	アイム	1
20656	アイヤイヤイヤ	1
20657	アイヤー	1
20658	アイラス	1
20659	アイラモラー	1
20660	アイリー	1
20661	アイロニー	1
20662	アイヴィー	1
20663	アイーダ	1
20664	アウア	1
20665	アウィルト	1
20666	アウェー	1
20667	アウエイ	1
20668	アウクスブルグ	1
20669	アウグスティヌス	1
20670	アウゲンズ	1
20671	アウシュビ	1
20672	アウステルリッッ	1
20673	アウデンテス	1
20674	アウトサイド	1
20675	アウトドアー	1
20676	アウトプット	1
20677	アウトリガー	1
20678	アウフ	1
20679	アウラ	1
20680	アウル	1
20681	アウレリアーノ	1
20682	アウントアン	1
20683	アエリウス	1
20684	アエリス	1
20685	アエリロン	1
20686	アォ	1
20687	アオカビ	1
20688	アオホジロ	1
20689	アカカミアリ	1
20690	アカシヤ	1
20691	アカ抜け	1
20692	アガシ	1
20693	アガー	1
20694	アキバ	1
20695	アキュラ	1
20696	アキューザー	1
20697	アキラ	1
20698	アギーレ	1
20699	アクアス	1
20700	アクアビット	1
20701	アクアリウム	1
20702	アクィナス	1
20703	アクシス	1
20704	アクシーニャ	1
20705	アクシーニヤブィ	1
20706	アクセサリ	1
20707	アクセラ	1
20708	アクチニウム	1
20709	アクティ	1
20710	アクティウム	1
20711	アクティビティー	1
20712	アクティヴ	1
20713	アクトゥルス	1
20714	アクトレス	1
20715	アクマ	1
20716	アクマダブ	1
20717	アクラニアン	1
20718	アクロバチック	1
20719	アクロマンチュラ	1
20720	アグアヘロ	1
20721	アグアメンティ	1
20722	アグリッパ	1
20723	アグロクラビン	1
20724	アグロノヴ	1
20725	アゲ	1
20726	アゲイン	1
20727	アゲーブ	1
20728	アコギ	1
20729	アコニタム	1
20730	アゴスティーノ	1
20731	アゴピア	1
20732	アサデロ	1
20733	アサフェティダ	1
20734	アサーティ	1
20735	アザレル	1
20736	アシスタンス	1
20737	アシックス	1
20738	アシハバート	1
20739	アシュウィンダー	1
20740	アシュクロフト	1
20741	アシュタン	1
20742	アシュテ	1
20743	アシュピー	1
20744	アシュファナ	1
20745	アシュレ	1
20746	アジアーゴ	1
20747	アジェ	1
20748	アジェンデ	1
20749	アジエ	1
20750	アジッズ	1
20751	アジャスター	1
20752	アジャンス	1
20753	アジロンダック	1
20754	アジール	1
20755	アスキー	1
20756	アスク	1
20757	アスコル	1
20758	アスジャハカ	1
20759	アスタロト	1
20760	アストラカン	1
20761	アストロズ	1
20762	アスバリァ	1
20763	アスパラ	1
20764	アスピック	1
20765	アスフォデル	1
20766	アスプレニア	1
20767	アスペルギルス	1
20768	アスマン	1
20769	アズキ	1
20770	アズヴォルド	1
20771	アズーラ	1
20772	アセチルコリン	1
20773	アセッションズ	1
20774	アセトアミノフェン	1
20775	アセネウミャン	1
20776	アセベイド	1
20777	アセリ	1
20778	アセル	1
20779	アセンブリー	1
20780	アセンブル	1
20781	アゼルバイジャン	1
20782	アソシエーツ	1
20783	アゾ	1
20784	アタイ	1
20785	アタッシェ	1
20786	アタフタ	1
20787	アダマス	1
20788	アダマンチゥム	1
20789	アチェリ	1
20790	アチコチ	1
20791	アチチチチチ	1
20792	アチラ	1
20793	アッカド	1
20794	アッグ	1
20795	アッサリ	1
20796	アッシジ	1
20797	アッタマ	1
20798	アッテネーター	1
20799	アップライト	1
20800	アップルストルーデル	1
20801	アツイ	1
20802	アティタス	1
20803	アティヤ	1
20804	アテンド	1
20805	アディダスルロ	1
20806	アディドゥス	1
20807	アディロン	1
20808	アトゥーサ	1
20809	アトス	1
20810	アトズロブ	1
20811	アトモスフィア	1
20812	アトラク	1
20813	アトル	1
20814	アドナン	1
20815	アドバイダー	1
20816	アドバンテージ	1
20817	アドビ	1
20818	アドベ	1
20819	アドミ	1
20820	アドリアーナ	1
20821	アドル	1
20822	アナイ	1
20823	アナキー	1
20824	アナクロ	1
20825	アナグ	1
20826	アナコスティア	1
20827	アナス	1
20828	アナラ	1
20829	アナラカド	1
20830	アナンダ	1
20831	アニカ	1
20832	アニゼット	1
20833	アニマトロニクス	1
20834	アニメーター	1
20835	アニンガ	1
20836	アニーロ	1
20837	アヌシュ	1
20838	アネ	1
20839	アネキ	1
20840	アネチカ	1
20841	アネッタ	1
20842	アノニマス	1
20843	アノード	1
20844	アバカス	1
20845	アバクロンビー	1
20846	アバラ骨	1
20847	アバン	1
20848	アバンギャルド	1
20849	アパラ	1
20850	アパリ	1
20851	アパワミス	1
20852	アビィモア	1
20853	アビドス	1
20854	アビラ	1
20855	アビレーネ	1
20856	アファレウス	1
20857	アフィディ	1
20858	アフリカヌス	1
20859	アフリカーン	1
20860	アフレコ	1
20861	アブケッシュ	1
20862	アブス	1
20863	アブスト	1
20864	アブソリュート	1
20865	アブソーバー	1
20866	アブテカ	1
20867	アブデラ	1
20868	アブドゥラ	1
20869	アブニゲイザー	1
20870	アブネビ	1
20871	アブラモフ	1
20872	アブル	1
20873	アブルジ	1
20874	アブルッジ	1
20875	アプシェロン	1
20876	アプレット	1
20877	アプレンティス	1
20878	アベイ	1
20879	アベック	1
20880	アベニダ	1
20881	アベラール	1
20882	アベルナシ	1
20883	アペル	1
20884	アボッタバード	1
20885	アポマトックス	1
20886	アポロン	1
20887	アマダイ	1
20888	アマラ	1
20889	アマリエンボー	1
20890	アマリリス	1
20891	アマルガム	1
20892	アマート	1
20893	アマーン	1
20894	アミトリプチリン	1
20895	アミポーサー	1
20896	アミュレット	1
20897	アミラーゼ	1
20898	アミロシトレイト	1
20899	アムラワティ	1
20900	アムロ	1
20901	アメイロ	1
20902	アメコミ	1
20903	アメデオ	1
20904	アメニティ	1
20905	アメリコ	1
20906	アメール	1
20907	アモス	1
20908	アモルテンシア	1
20909	アモンティラード	1
20910	アモンティリャード	1
20911	アモール	1
20912	アヤツリ	1
20913	アヤラ	1
20914	アラアッディン	1
20915	アライア	1
20916	アライブ	1
20917	アラス	1
20918	アラッ	1
20919	アラファート	1
20920	アラベラ	1
20921	アラワク	1
20922	アランチーノ	1
20923	アラートン	1
20924	アリイ	1
20925	アリガタい	1
20926	アリシャ	1
20927	アリスト	1
20928	アリババ	1
20929	アリベンクカ	1
20930	アリム	1
20931	アリャ	1
20932	アリョーシャ	1
20933	アリル	1
20934	アリヴァデルチ	1
20935	アリース	1
20936	アルアサル	1
20937	アルイエル	1
20938	アルカエフル	1
20939	アルカジイ	1
20940	アルカデァ	1
20941	アルカトラス	1
20942	アルカニッド	1
20943	アルカネイ	1
20944	アルカン	1
20945	アルカーチ	1
20946	アルキン	1
20947	アルクトゥルス	1
20948	アルグ	1
20949	アルケプトレン	1
20950	アルケミラ	1
20951	アルケン	1
20952	アルコ	1
20953	アルコン	1
20954	アルゴヌィ	1
20955	アルザス	1
20956	アルシア	1
20957	アルス	1
20958	アルセナス	1
20959	アルセーニ	1
20960	アルタイ	1
20961	アルタディーナ	1
20962	アルタネイター	1
20963	アルタミラ	1
20964	アルテミジア	1
20965	アルテュイ	1
20966	アルデイース	1
20967	アルデヒド	1
20968	アルデンネ	1
20969	アルドュイン	1
20970	アルドリッヒ	1
20971	アルニムゾラ	1
20972	アルバトロス	1
20973	アルバリスグロ	1
20974	アルファンズ	1
20975	アルフェロフ	1
20976	アルフォード	1
20977	アルフレド	1
20978	アルベルゲッティ	1
20979	アルペジオ	1
20980	アルポニアン	1
20981	アルミ缶	1
20982	アルメラク	1
20983	アルメントラ	1
20984	アルモモンド	1
20985	アルレー	1
20986	アルヴィアル	1
20987	アルヴェス	1
20988	アレクシア	1
20989	アレクシジ	1
20990	アレクセーエフ	1
20991	アレグヘニー	1
20992	アレチ	1
20993	アレンビー	1
20994	アレーナ	1
20995	アロイス	1
20996	アロサウルス	1
20997	アワワワ	1
20998	アンアン	1
20999	アンオブタニウム	1
21000	アンカット	1
21001	アンカレジ	1
21002	アングマー	1
21003	アングリ	1
21004	アンゲリータ	1
21005	アンゲロプロス	1
21006	アンサール	1
21007	アンシブル	1
21008	アンシン	1
21009	アンジェローニャ	1
21010	アンジエラ	1
21011	アンセナダ	1
21012	アンゼリカ	1
21013	アンタッチャブル	1
21014	アンダソン	1
21015	アンダロプサ	1
21016	アンダンテ	1
21017	アンダーウェア	1
21018	アンダーズ	1
21019	アンツ	1
21020	アンテロープ	1
21021	アンデル	1
21022	アントシアニン	1
21023	アントニ	1
21024	アントニウス	1
21025	アントレ	1
21026	アントロピーネ	1
21027	アンドリュウ	1
21028	アンドリー	1
21029	アンドリーニ	1
21030	アンドロマケ	1
21031	アンナン	1
21032	アンニ	1
21033	アンニュイ	1
21034	アンニョン	1
21035	アンパロ	1
21036	アンフィ	1
21037	アンフェロワ	1
21038	アンブローズ	1
21039	アンプラグド	1
21040	アンポンタン	1
21041	アヴァシュ	1
21042	アヴァラニ	1
21043	アヴァンギャルド	1
21044	アヴィエーション	1
21045	アヴィデセン	1
21046	アヴェ	1
21047	アヴェンディ	1
21048	アヴナー	1
21049	アヴリィル	1
21050	アヴリー	1
21051	ア・ラ・モード	1
21052	アーカディア	1
21053	アーカディー	1
21054	アーキオニ	1
21055	アーキテクト	1
21056	アークチュリアン	1
21057	アークトゥルス	1
21058	アーケオルニトミムス	1
21059	アージュ	1
21060	アーティチョーク	1
21061	アートゥロ	1
21062	アーナウト	1
21063	アーヘン	1
21064	アーボ	1
21065	アーマド	1
21066	アーミスティス	1
21067	アーヤトッラー	1
21068	アーユーレデイー	1
21069	アーリャ	1
21070	アーリヤ	1
21071	アーリー	1
21072	アーロンズ	1
21073	アーヴィントン	1
21074	アーークソ	1
21075	ア然	1
21076	ィヒ	1
21077	イ〜	1
21078	イアリィレイ	1
21079	イイ	1
21080	イェアアアア	1
21081	イェシュア	1
21082	イゴリアス	1
21083	イシュ	1
21084	イソプロピアル	1
21085	イダ	1
21086	イド	1
21087	イブラヒム	1
21088	イヤ味	1
21089	イリュリア	1
21090	イルズ	1
21091	イング	1
21092	イーリアス	1
21093	イ族	1
21094	ウアアアアアッ	1
21095	ウィアード	1
21096	ウィキ	1
21097	ウィリアウム	1
21098	ウィル	1
21099	ウィン	1
21100	ウゥ	1
21101	ウェイ	1
21102	ウェイズ	1
21103	ウェスパシアヌス	1
21104	ウェット	1
21105	ウエ	1
21106	ウエイ	1
21107	ウエスト	1
21108	ウォズニアック	1
21109	ウォリアー	1
21110	ウォンカ	1
21111	ウス	1
21112	ウスい	1
21113	ウッチ	1
21114	ウヒャ	1
21115	ウリア	1
21116	ウル	1
21117	ウルケシュ	1
21118	ウワ	1
21119	ウー	1
21120	ウーウ	1
21121	エアロスミス	1
21122	エアロビ	1
21123	エアロビック	1
21124	エイゴン	1
21125	エイター	1
21126	エイドリアンズ	1
21127	エイリス	1
21128	エウジェニア	1
21129	エウフォリア	1
21130	エオリア	1
21131	エクエストリア	1
21132	エクステリア	1
21133	エクスペリアー	1
21134	エクスペリアームズ	1
21135	エゲリア	1
21136	エサ場	1
21137	エステ	1
21138	エセン	1
21139	エソヴィアス	1
21140	エタム	1
21141	エテクレテ	1
21142	エテタ	1
21143	エドアード	1
21144	エヌロア	1
21145	エフィ	1
21146	エペ	1
21147	エミリアーノ	1
21148	エリク	1
21149	エルズモア	1
21150	エルフィアス	1
21151	エルュシアム	1
21152	エレア	1
21153	エン	1
21154	エンサイクロペディア	1
21155	エンポリア	1
21156	オ	1
21157	オォ	1
21158	オク	1
21159	オクタヴィア	1
21160	オセ	1
21161	オセドア	1
21162	オチョア	1
21163	オデッセイア	1
21164	オバタリアン	1
21165	オフィリ	1
21166	オブ	1
21167	オレ	1
21168	オレイ	1
21169	オーガ	1
21170	オーストラリアン	1
21171	オーディトリアム	1
21172	オーフィアム	1
21173	オール	1
21174	カァァァアアアアン	1
21175	カア	1
21176	カイルア	1
21177	カストレアム	1
21178	カスピ	1
21179	カスミ	1
21180	カタ	1
21181	カッザーフィー	1
21182	カディーア	1
21183	カニ	1
21184	カフェ	1
21185	カラ	1
21186	カラい	1
21187	カライ	1
21188	カラモアン	1
21189	カリガリ	1
21190	カリフォリニア	1
21191	カリフォーニア	1
21192	カルカ	1
21193	カルーア	1
21194	カレリア	1
21195	カロフォルニア	1
21196	カローラ	1
21197	カンダリアン	1
21198	カー	1
21199	カ年	1
21200	ガアッタ	1
21201	ガイアナ	1
21202	ガロア	1
21203	ガヴアン	1
21204	ガード	1
21205	キ	1
21206	キク	1
21207	キッズリアクト	1
21208	キャス	1
21209	キャティ	1
21210	キー	1
21211	ギディ	1
21212	ギネベア	1
21213	ギャ	1
21214	ギャアギャア	1
21215	ギリア	1
21216	ギルザアン	1
21217	ギルゼアン	1
21218	クアトロ	1
21219	クアントニア	1
21220	クアントニウム	1
21221	クアーレ	1
21222	クエス	1
21223	クサい	1
21224	クソテディベア	1
21225	クック	1
21226	クニイルカ	1
21227	クニイルゾ	1
21228	クノ	1
21229	クバウアー	1
21230	クマ	1
21231	クラブ	1
21232	クラミジア	1
21233	クラム	1
21234	クリクリ	1
21235	クリプトニアン	1
21236	クレアチニン	1
21237	クレアチン	1
21238	クローン	1
21239	クワイ	1
21240	グ	1
21241	グアアアアア	1
21242	グアアアアアアア	1
21243	グアケハイマー	1
21244	グアダ	1
21245	グアノ	1
21246	グアンダ	1
21247	グアー	1
21248	グソ	1
21249	グラウンド	1
21250	グラシアス	1
21251	グラシアン	1
21252	グリーン	1
21253	グレゴアー	1
21254	グレゴリ	1
21255	グレナディア	1
21256	グロ	1
21257	グロー	1
21258	グローリア	1
21259	グール	1
21260	ケチュア	1
21261	ケリアン	1
21262	ケル	1
21263	ケーダー	1
21264	ゲイ	1
21265	ゲバラ	1
21266	ゲルリッツアー	1
21267	ゲース	1
21268	コアチェラ	1
21269	コアリション	1
21270	コストコ	1
21271	コマン	1
21272	コメント	1
21273	コモ	1
21274	コリニア	1
21275	コルヂリア	1
21276	コルベ	1
21277	コロムビア	1
21278	コン	1
21279	コンベアー	1
21280	コンミシア	1
21281	コーシャ	1
21282	コーネリアス	1
21283	コーポ	1
21284	ゴット	1
21285	ゴリ	1
21286	ゴルフ	1
21287	ゴードン	1
21288	ゴール	1
21289	サイアネル	1
21290	サイナラ	1
21291	サウアー	1
21292	サカガウィア	1
21293	サカジャミーア	1
21294	サス	1
21295	サスキア	1
21296	サスペリア	1
21297	サタン	1
21298	サド	1
21299	サドゥアク	1
21300	サヌア	1
21301	サノス	1
21302	サビアン	1
21303	サフ	1
21304	サマリ	1
21305	サミー	1
21306	サム	1
21307	サンアンドレアス	1
21308	サンキュ	1
21309	サングリア	1
21310	サンタル	1
21311	サンディ	1
21312	サーカシアン	1
21313	サージ	1
21314	サートン	1
21315	ザウアー	1
21316	ザカリア	1
21317	ザリンティア	1
21318	ザワヒリ	1
21319	ザンダ	1
21320	シアラ	1
21321	シアワセ	1
21322	シェアー	1
21323	シオドア	1
21324	シオン	1
21325	シス	1
21326	シタラ	1
21327	シティ	1
21328	シド	1
21329	シプリアン	1
21330	シマ	1
21331	シャリーア	1
21332	シャル	1
21333	シャンス	1
21334	シャンテ	1
21335	シュラフ	1
21336	シュヴァイアル	1
21337	シュー	1
21338	ショアライン	1
21339	ショル	1
21340	シリアン	1
21341	シルバ	1
21342	シルヴィ	1
21343	シレジア	1
21344	シロ	1
21345	シワ取り	1
21346	ジアミド	1
21347	ジアルジア	1
21348	ジアルディア	1
21349	ジアンビ	1
21350	ジェイ	1
21351	ジェリー	1
21352	ジェル	1
21353	ジェントルメ	1
21354	ジオノージアン	1
21355	ジクスアン	1
21356	ジゴク	1
21357	ジャジャ	1
21358	ジャニュアリー	1
21359	ジャニー	1
21360	ジュエリー	1
21361	ジュラ	1
21362	ジュングアン	1
21363	ジュー	1
21364	ジョアンディ	1
21365	ジョアンヌ	1
21366	ジョロ	1
21367	ジヨア	1
21368	ジラ	1
21369	ジー	1
21370	ジーザス	1
21371	スカ	1
21372	スカレトゥアー	1
21373	スカンジアーニ	1
21374	スクェア	1
21375	スクェアー	1
21376	スクエアー	1
21377	スコアボード	1
21378	スコーピア	1
21379	スタシアク	1
21380	スタディ	1
21381	スタファ	1
21382	スチュアード	1
21383	ステッド	1
21384	ステファニア	1
21385	ステュアート	1
21386	スト	1
21387	ストゥアート	1
21388	ストレリチア	1
21389	ストール	1
21390	スノーデン	1
21391	スパァイアン	1
21392	スパジアーノ	1
21393	スピリチュア	1
21394	スベアガ	1
21395	スベアキ	1
21396	スペクトレーアム	1
21397	スペツィア	1
21398	スポーツ	1
21399	スリット	1
21400	スワイツア	1
21401	ズアホオジロ	1
21402	ズ太い	1
21403	セィピアン	1
21404	セイ	1
21405	セイモア	1
21406	セクシュアリティー	1
21407	セクスィ	1
21408	セゴビア	1
21409	セス	1
21410	セテ	1
21411	セバスティアン	1
21412	セリウム	1
21413	セレーヤ	1
21414	セロニアス	1
21415	セロー	1
21416	センス	1
21417	センブリ	1
21418	セヴィリア	1
21419	ゼア	1
21420	ゼッテェ	1
21421	ゼニア	1
21422	ゼルトン	1
21423	ゼン	1
21424	ソアラ	1
21425	ソバ	1
21426	ソフトウェアー	1
21427	ソラリア	1
21428	ソーベニアン	1
21429	ゾウ	1
21430	ゾク	1
21431	ゾディア	1
21432	ゾレリアン	1
21433	ゾワゾワ	1
21434	ゾンデ	1
21435	ゾンビ	1
21436	ゾーイ	1
21437	タイア	1
21438	タイターニア	1
21439	タケ	1
21440	タス	1
21441	タチ	1
21442	タディアス	1
21443	タナ	1
21444	タネ	1
21445	タフ	1
21446	タフィ	1
21447	タミア	1
21448	タリアスレアス	1
21449	タリアテッレ	1
21450	タリオ	1
21451	タルケニアン	1
21452	タレイア	1
21453	タレオフォビア	1
21454	タレント	1
21455	ターイア	1
21456	タータ	1
21457	ターレス	1
21458	ダイアモンズ	1
21459	ダグアウト	1
21460	ダサリアン	1
21461	ダシ	1
21462	ダッグアウト	1
21463	ダディ	1
21464	ダビ	1
21465	ダフ屋	1
21466	ダミ声	1
21467	ダリ	1
21468	ダルメシアン	1
21469	ダレン	1
21470	ダートニアンズ	1
21471	ダートモーア	1
21472	チアパス	1
21473	チアミン	1
21474	チアリーディング	1
21475	チアン	1
21476	チェアーズ	1
21477	チェケ	1
21478	チェック	1
21479	チビ	1
21480	チャラ	1
21481	チャレアーダ	1
21482	チュー	1
21483	チューン	1
21484	チン	1
21485	チンコ	1
21486	チヴィタヴェッキア	1
21487	ヂ	1
21488	ヂアゼピネ	1
21489	ッテマショウ	1
21490	ッハハ	1
21491	ツアーズ	1
21492	ツタ	1
21493	ツロ	1
21494	ヅラ	1
21495	テアクイーン	1
21496	テアゲヨウ	1
21497	テアニン	1
21498	ティアッグ	1
21499	ティアニー	1
21500	ティオ	1
21501	ティツィアーノ	1
21502	ティファ	1
21503	ティポ	1
21504	ティポー	1
21505	ティレニア	1
21506	ティーズ	1
21507	テイカ	1
21508	テイク	1
21509	テス	1
21510	テスピアイ	1
21511	テニアン	1
21512	テニス	1
21513	テネビア	1
21514	テレ屋	1
21515	テンディング	1
21516	テー	1
21517	テージア	1
21518	デアー	1
21519	ディアゼパム	1
21520	ディアチェンコ	1
21521	ディアボロス	1
21522	ディオ	1
21523	ディス	1
21524	ディン	1
21525	デイ	1
21526	デカ	1
21527	デシ	1
21528	デスティニ	1
21529	デット	1
21530	デネリアン	1
21531	デブ	1
21532	デミ	1
21533	デミチュア	1
21534	デモ	1
21535	デュアデナリス	1
21536	デューク	1
21537	デンス	1
21538	デヴォアメント	1
21539	データ	1
21540	トイダリアン	1
21541	トゥイアソソーポ	1
21542	トス	1
21543	トバ	1
21544	トライアンフ	1
21545	トランシルバニア	1
21546	トラヴィアータ	1
21547	トリアー	1
21548	トリシア	1
21549	トリチア	1
21550	トリメキシアリン	1
21551	トリヴィア	1
21552	トルティ	1
21553	トルーパー	1
21554	トン	1
21555	トーニア	1
21556	ト書き	1
21557	ド	1
21558	ドゥジア	1
21559	ドゥニャーシカアル	1
21560	ドカ	1
21561	ドマ	1
21562	ドルシネア	1
21563	ドロップアウト	1
21564	ドン引き	1
21565	ド級	1
21566	ナイアーラトテップ	1
21567	ナイゲリア	1
21568	ナサニアル	1
21569	ナスタシア	1
21570	ナタ	1
21571	ナチ	1
21572	ナチス	1
21573	ナツィア	1
21574	ニアス	1
21575	ニアー	1
21576	ニガ手	1
21577	ニコシア	1
21578	ニコチアナ	1
21579	ニシアレン	1
21580	ニシキ	1
21581	ニス	1
21582	ニセ	1
21583	ニセ物	1
21584	ニベア	1
21585	ニム	1
21586	ニンフォマニアック	1
21587	ヌアソ	1
21588	ヌソア	1
21589	ヌメアン	1
21590	ヌートリア	1
21591	ネ〜	1
21592	ネクロアンビュレス	1
21593	ネジ山	1
21594	ネズミ色	1
21595	ネタ元	1
21596	ネタ話	1
21597	ネヘミア	1
21598	ネラ	1
21599	ネヴァー	1
21600	ノアール	1
21601	ノゥ	1
21602	ノウホェア	1
21603	ノベ	1
21604	ノルアドレナリン	1
21605	ノースバビア	1
21606	ノーホェア	1
21607	ハァ	1
21608	ハアーッ	1
21609	ハイ	1
21610	ハウ	1
21611	ハケ口	1
21612	ハセ	1
21613	ハゼム	1
21614	ハチ合わせ	1
21615	ハネ	1
21616	ハハハハ	1
21617	ハロ	1
21618	ハンター	1
21619	ハート	1
21620	バァ	1
21621	バイア	1
21622	バイアスロン	1
21623	バイオ	1
21624	バイセクシュアル	1
21625	バイト代	1
21626	バイーア	1
21627	バガ	1
21628	バギ	1
21629	バスキア	1
21630	バット	1
21631	バッド	1
21632	バティシア	1
21633	ババリア	1
21634	バベシア	1
21635	バリアーズ	1
21636	バル	1
21637	バルタザアル	1
21638	バルティモア	1
21639	バレ	1
21640	バレリアン	1
21641	バロ	1
21642	バンス	1
21643	バーナ	1
21644	パキ	1
21645	パクティア	1
21646	パット	1
21647	パト	1
21648	パトレシア	1
21649	パドレ	1
21650	パナマ	1
21651	パノアグ	1
21652	パラン	1
21653	パル	1
21654	パレ	1
21655	パレンティア	1
21656	パーパ	1
21657	ヒアリ	1
21658	ヒアルロン	1
21659	ヒアング	1
21660	ヒアンソン	1
21661	ヒコー	1
21662	ヒッヒッヒィ	1
21663	ヒティアス	1
21664	ヒム	1
21665	ヒョ	1
21666	ヒリアー	1
21667	ビアッチ	1
21668	ビアルキ	1
21669	ビアーシュ	1
21670	ビジアーダ	1
21671	ビット	1
21672	ビッド	1
21673	ビティアネ	1
21674	ビテイアン	1
21675	ビニアータ	1
21676	ビフォア	1
21677	ビヤ	1
21678	ビュアー	1
21679	ビューアー	1
21680	ビューティフォ	1
21681	ビラ配り	1
21682	ビリアンコーン	1
21683	ビークル	1
21684	ビール	1
21685	ピアジェ	1
21686	ピアッツァ	1
21687	ピアポンツ	1
21688	ピアポント	1
21689	ピス	1
21690	ピューリッツアー	1
21691	ピル	1
21692	ピー	1
21693	ファイアワイアーケーブル	1
21694	ファス	1
21695	ファリアー	1
21696	ファルコーネ	1
21697	フアッジシクル	1
21698	フィアスコ	1
21699	フィガロ	1
21700	フィラデルフイア	1
21701	フィリアス	1
21702	フィルバシアン	1
21703	フィー	1
21704	フゥ	1
21705	フェアウェザー	1
21706	フェニキア	1
21707	フェニチア	1
21708	フェラン	1
21709	フォリアドゥ	1
21710	フォロ	1
21711	フォー	1
21712	フッフフ	1
21713	フフ	1
21714	フュ	1
21715	フランケンフアック	1
21716	フランシ	1
21717	フン	1
21718	フー	1
21719	フープ	1
21720	ブライ	1
21721	ブラシ	1
21722	ブランコ乗り	1
21723	ブリ	1
21724	ブリア	1
21725	ブルック	1
21726	ブレイア	1
21727	ブレンド	1
21728	ブロアム	1
21729	ブロス	1
21730	ブローアー	1
21731	ブワアアアアーーーン	1
21732	ブン	1
21733	ブン屋	1
21734	プ	1
21735	プエラリア	1
21736	プヒィ	1
21737	プラスタ	1
21738	プラタイア	1
21739	プリン	1
21740	プルト	1
21741	プルトオニア	1
21742	プレアデス	1
21743	プレズビテリアン	1
21744	プレトリア	1
21745	プレンツラウアー	1
21746	プロトゾア	1
21747	プロレタリア	1
21748	ヘスティア	1
21749	ヘッド	1
21750	ヘド	1
21751	ヘリー	1
21752	ベアズ	1
21753	ベアベキュー	1
21754	ベアラ	1
21755	ベアリー	1
21756	ベアーストルン	1
21757	ベアール	1
21758	ベイショア	1
21759	ベゴニア	1
21760	ベット	1
21761	ベディヴィア	1
21762	ベト	1
21763	ベネチアン	1
21764	ベリア	1
21765	ベルベキュ	1
21766	ベルベデア	1
21767	ベロア	1
21768	ベーアーズ	1
21769	ベート	1
21770	ペソア	1
21771	ペックス	1
21772	ペディア	1
21773	ペドロ	1
21774	ペドロイア	1
21775	ペール	1
21776	ホクレア	1
21777	ホモ	1
21778	ホルス	1
21779	ホルムアルデ	1
21780	ホルムアルデヒド	1
21781	ホン	1
21782	ホールドアウト	1
21783	ボイ	1
21784	ボウ	1
21785	ボケ	1
21786	ボッ	1
21787	ボティアーマー	1
21788	ボム	1
21789	ボラ	1
21790	ボレアナズ	1
21791	ボロ株	1
21792	ボー	1
21793	ポケット	1
21794	ポスト	1
21795	ポッパエア	1
21796	ポップ	1
21797	ポリアミド	1
21798	ポリス	1
21799	ポルスモア	1
21800	ポーティアス	1
21801	ポート	1
21802	マ	1
21803	マイアーズ	1
21804	マイヤベーア	1
21805	マウ	1
21806	マウナケア	1
21807	マガリ	1
21808	マキアベリ	1
21809	マキアヴェッリ	1
21810	マキシミリアン	1
21811	マキューアン	1
21812	マクティアナン	1
21813	マクティアネイ	1
21814	マクバ	1
21815	マクルーア	1
21816	マグァイア	1
21817	マグノリア	1
21818	マゴリアム	1
21819	マスト	1
21820	マセドニア	1
21821	マセドニアン	1
21822	マダラ	1
21823	マチ	1
21824	マチュア	1
21825	マティアス	1
21826	マテリアル	1
21827	マテル	1
21828	マニユアル	1
21829	マリ	1
21830	マリアンネ	1
21831	マリアージュ	1
21832	マリノア	1
21833	マリフアナ	1
21834	マリー	1
21835	マルス	1
21836	マンマ	1
21837	マーレ	1
21838	ミット	1
21839	ミリオネア	1
21840	ミレニアルズ	1
21841	ミーアキャット	1
21842	ミーホーアー	1
21843	ムアラミーン	1
21844	ムアン	1
21845	ムカ	1
21846	ムギ	1
21847	ムリ	1
21848	ムーン	1
21849	メイアー	1
21850	メサイア	1
21851	メシ屋	1
21852	メソアメリカ	1
21853	メッシ	1
21854	メッド	1
21855	メデトレニア	1
21856	メネア	1
21857	メネラウス	1
21858	メレ	1
21859	メーキャップ	1
21860	メード	1
21861	モゥ	1
21862	モジ	1
21863	モス	1
21864	モスフェニア	1
21865	モック	1
21866	モディリアーニ	1
21867	モラ	1
21868	モラヴィア	1
21869	モルフィン	1
21870	モロ	1
21871	モンゴリアン	1
21872	モンスタ	1
21873	ヤる	1
21874	ヤア	1
21875	ヤアバド	1
21876	ヤアーッ	1
21877	ヤジ馬	1
21878	ヤリ手	1
21879	ヤロ	1
21880	ュ	1
21881	ユ〜	1
21882	ユスティニアヌス	1
21883	ユニバーシアード	1
21884	ユリ	1
21885	ユーゴスラヴィア	1
21886	ユーラ	1
21887	ョ	1
21888	ヨアン	1
21889	ヨク	1
21890	ヨサリアン	1
21891	ヨシュア	1
21892	ヨソ者	1
21893	ヨロシク	1
21894	ヨーロピアン	1
21895	ラアルガハル	1
21896	ライアル	1
21897	ライアンズ	1
21898	ライズ	1
21899	ライン	1
21900	ラインズ	1
21901	ライヴ	1
21902	ラウ	1
21903	ラガーディア	1
21904	ラザー	1
21905	ラジオ	1
21906	ラジュアード	1
21907	ラッティーア	1
21908	ラッパ	1
21909	ラップアラウンド	1
21910	ラテ	1
21911	ラティモア	1
21912	ラニア	1
21913	ラビ	1
21914	ラフ	1
21915	ラフィア	1
21916	ラプトアー	1
21917	ラメ	1
21918	ラララ	1
21919	ランドベェーア	1
21920	ラード	1
21921	ラーン	1
21922	リアカー	1
21923	リアノン	1
21924	リアルト	1
21925	リイ	1
21926	リエ	1
21927	リゴリズム	1
21928	リスツア	1
21929	リゾ	1
21930	リッカー	1
21931	リテイル	1
21932	リディ	1
21933	リデノア	1
21934	リニア	1
21935	リブ	1
21936	リペ	1
21937	リミテッド	1
21938	リュユリアナ	1
21939	リリア	1
21940	リンド	1
21941	リヴ	1
21942	リーサル	1
21943	リーツアス	1
21944	リーフ	1
21945	ルイシア	1
21946	ルイヂアナ	1
21947	ルシタニア	1
21948	ルビー	1
21949	ルル	1
21950	ルルス	1
21951	ルー	1
21952	ルーシア	1
21953	ルーディ	1
21954	ループル	1
21955	レイド	1
21956	レザボア	1
21957	レストア	1
21958	レズ	1
21959	レズビアンズ	1
21960	レタ	1
21961	レット	1
21962	レティツィア	1
21963	レディ	1
21964	レビ	1
21965	レブ	1
21966	レヴォディア	1
21967	レヴォディアン	1
21968	ロウアー	1
21969	ロカ	1
21970	ログ	1
21971	ロック	1
21972	ロディ	1
21973	ロディー	1
21974	ロブ	1
21975	ロリアン	1
21976	ロング	1
21977	ロース	1
21978	ローン	1
21979	ワァ	1
21980	ワインドアップ	1
21981	ワズニアク	1
21982	ワタアメ	1
21983	ワトソニア	1
21984	ワラキア	1
21985	ンク	1
21986	ヴァイアティカルズ	1
21987	ヴァイン	1
21988	ヴァリアント	1
21989	ヴァン	1
21990	ヴィエニアル	1
21991	ヴィクトリアン	1
21992	ヴィナ	1
21993	ヴィリジアンナイン	1
21994	ヴィン	1
21995	ヴェデビア	1
21996	ヴェリリア	1
21997	ヴュジュアライズ	1
21998	ヴラディミア	1
21999	ヴラド	1
22000	ーアッノ	1
22001	ーフィニアス	1
22002	ヾウ	1
22003	ヾズ	1
22004	一、二	1
22005	一っ飛び	1
22006	一まとめ	1
22007	一事	1
22008	一人頭	1
22009	一作	1
22010	一再	1
22011	一半	1
22012	一喜	1
22013	一因	1
22014	一太	1
22015	一安	1
22016	一広	1
22017	一張	1
22018	一憂	1
22019	一成	1
22020	一房	1
22021	一括り	1
22022	一攫	1
22023	一旗	1
22024	一朝	1
22025	一男	1
22026	一癖	1
22027	一神	1
22028	一策	1
22029	一肌	1
22030	一腹	1
22031	一臣	1
22032	一花	1
22033	一視	1
22034	一計	1
22035	一読	1
22036	一路	1
22037	一輝	1
22038	一退	1
22039	一進	1
22040	一長	1
22041	一閃	1
22042	一陣	1
22043	一際	1
22044	一雨	1
22045	一面	1
22046	一顧	1
22047	丁髷	1
22048	七光り	1
22049	七味	1
22050	万々	1
22051	万々歳	1
22052	万人	1
22053	万別	1
22054	万札	1
22055	万歩	1
22056	万死	1
22057	万理江	1
22058	万葉	1
22059	万雷	1
22060	三つあみ	1
22061	三つ編み	1
22062	三つ葉	1
22063	三ノ宮	1
22064	三原	1
22065	三唱	1
22066	三喜	1
22067	三州	1
22068	三成	1
22069	三笠	1
22070	三船	1
22071	三菱	1
22072	三転	1
22073	三郡	1
22074	上がり詰める	1
22075	上げ下げ	1
22076	上げ底	1
22077	上りつめる	1
22078	上下水	1
22079	上下院	1
22080	上伸	1
22081	上出	1
22082	上原	1
22083	上回る	1
22084	上学	1
22085	上室	1
22086	上屋敷	1
22087	上履き	1
22088	上戸	1
22089	上月	1
22090	上東	1
22091	上歩	1
22092	上段	1
22093	上水	1
22094	上窩	1
22095	上策	1
22096	上肢	1
22097	上身	1
22098	上面	1
22099	下々	1
22100	下せん	1
22101	下っぱ	1
22102	下アゴ	1
22103	下値	1
22104	下呂	1
22105	下回る	1
22106	下塗り	1
22107	下屋敷	1
22108	下履	1
22109	下山	1
22110	下役	1
22111	下支え	1
22112	下敷	1
22113	下段	1
22114	下火	1
22115	下相	1
22116	下知	1
22117	下種	1
22118	下穴	1
22119	下絵	1
22120	下総	1
22121	下行	1
22122	下重	1
22123	不乱	1
22124	不会	1
22125	不可侵	1
22126	不壊	1
22127	不寝	1
22128	不徳	1
22129	不戦	1
22130	不揃い	1
22131	不撓	1
22132	不文	1
22133	不沈	1
22134	不活	1
22135	不確	1
22136	不肖	1
22137	不錯	1
22138	与え合う	1
22139	与件	1
22140	与太者	1
22141	专	1
22142	且	1
22143	世々	1
22144	世人	1
22145	世尊	1
22146	世迷い言	1
22147	丘上	1
22148	东	1
22149	丞	1
22150	両三	1
22151	両党	1
22152	両校	1
22153	両機	1
22154	両用	1
22155	両神	1
22156	両肘	1
22157	両肺	1
22158	両胸	1
22159	両辺	1
22160	両隊	1
22161	両隣	1
22162	両雄	1
22163	両頬	1
22164	丢	1
22165	丢下	1
22166	两	1
22167	两手	1
22168	並び立つ	1
22169	並び順	1
22170	並べかえ	1
22171	並立	1
22172	个专	1
22173	个人	1
22174	个城	1
22175	个镇	1
22176	中休み	1
22177	中出	1
22178	中前	1
22179	中力	1
22180	中南米	1
22181	中土	1
22182	中天	1
22183	中學	1
22184	中屋敷	1
22185	中嶋	1
22186	中度	1
22187	中庸	1
22188	中悪	1
22189	中水	1
22190	中沢	1
22191	中沼	1
22192	中泊	1
22193	中産	1
22194	中略	1
22195	中目	1
22196	中目黒	1
22197	中程	1
22198	中腰	1
22199	中興	1
22200	中衛	1
22201	中見	1
22202	中郷	1
22203	中飛	1
22204	临	1
22205	临我	1
22206	丶入	1
22207	丶子	1
22208	丶日	1
22209	丶構	1
22210	丶王	1
22211	丶者	1
22212	丶説	1
22213	丶野	1
22214	丸子	1
22215	丸屋根	1
22216	丸形	1
22217	丹東	1
22218	为去	1
22219	为在	1
22220	为妳	1
22221	为我	1
22222	为食	1
22223	主る	1
22224	主事	1
22225	主動	1
22226	主命	1
22227	主因	1
22228	主帆	1
22229	主幹	1
22230	主持ち	1
22231	主文	1
22232	主材	1
22233	主病	1
22234	主眼	1
22235	主知	1
22236	主脈	1
22237	主菜	1
22238	主謀	1
22239	举行	1
22240	丿力	1
22241	丿必	1
22242	丿木	1
22243	丿目	1
22244	久之	1
22245	久方	1
22246	久美	1
22247	久遠	1
22248	么深	1
22249	么能	1
22250	么都	1
22251	乍	1
22252	乎	1
22253	乐	1
22254	乗っ取る	1
22255	乗りあげる	1
22256	乗りこえる	1
22257	乗りもの	1
22258	乗り付ける	1
22259	乗り変える	1
22260	乗り替える	1
22261	乗り組める	1
22262	乗り超える	1
22263	乗り越えれる	1
22264	乗具	1
22265	乗数	1
22266	九々	1
22267	九千	1
22268	九竜	1
22269	九重	1
22270	乱獲	1
22271	乱発	1
22272	乱立	1
22273	乱行	1
22274	乱視	1
22275	乱雲	1
22276	乳離れ	1
22277	乾	1
22278	乾物	1
22279	亀田	1
22280	予て	1
22281	予熱	1
22282	争論	1
22283	事大	1
22284	事物	1
22285	事犯	1
22286	事細か	1
22287	二の丸	1
22288	二の腕	1
22289	二人暮らし	1
22290	二心	1
22291	二男	1
22292	二転	1
22293	二進	1
22294	云	1
22295	云説	1
22296	互い	1
22297	五入	1
22298	五味	1
22299	五大	1
22300	五王	1
22301	五色	1
22302	井筒	1
22303	井藤	1
22304	亘	1
22305	些少	1
22306	亜紀	1
22307	亜美	1
22308	亜門	1
22309	亡国	1
22310	亢進	1
22311	交わす	1
22312	交感	1
22313	交歓	1
22314	京大	1
22315	京急	1
22316	京浜	1
22317	亲手	1
22318	亲生	1
22319	人世	1
22320	人像	1
22321	人寄せ	1
22322	人才	1
22323	人扱い	1
22324	人日	1
22325	人死に	1
22326	人流	1
22327	人界	1
22328	人肌	1
22329	人臭い	1
22330	人血	1
22331	人語	1
22332	人頼み	1
22333	人馬	1
22334	仁	1
22335	仁科	1
22336	仅	1
22337	仅能	1
22338	仅限	1
22339	仇役	1
22340	今上	1
22341	今中	1
22342	今光	1
22343	今別	1
22344	今更	1
22345	仏	1
22346	仏名	1
22347	仏国	1
22348	仏式	1
22349	仏文	1
22350	仏英	1
22351	仕付け	1
22352	仕出屋	1
22353	仕合	1
22354	仕掛け人	1
22355	仕掛る	1
22356	仕来たり	1
22357	仕止める	1
22358	仕立て直し	1
22359	他動	1
22360	他宗	1
22361	他日	1
22362	他業	1
22363	付ききり	1
22364	付き添う	1
22365	付け合せ	1
22366	付和	1
22367	付点	1
22368	付記	1
22369	代位	1
22370	代引き	1
22371	代替え	1
22372	代言	1
22373	代走	1
22374	代車	1
22375	以南	1
22376	以西	1
22377	们下	1
22378	们久	1
22379	们也	1
22380	们取	1
22381	们太	1
22382	们开	1
22383	们当	1
22384	们接	1
22385	们没	1
22386	们要	1
22387	们身	1
22388	们都	1
22389	件	1
22390	任ずる	1
22391	任天	1
22392	份	1
22393	仿	1
22394	伊東	1
22395	休店	1
22396	休演	1
22397	休耕	1
22398	休講	1
22399	伙在	1
22400	会期	1
22401	会葬	1
22402	会陰	1
22403	伝手	1
22404	伝来	1
22405	伝熱	1
22406	伝線	1
22407	传来	1
22408	传送	1
22409	伤物	1
22410	伴	1
22411	伴星	1
22412	伸ばす	1
22413	伸び	1
22414	似付かわしい	1
22415	似内	1
22416	位川	1
22417	低調	1
22418	住み替え	1
22419	住吉	1
22420	住家	1
22421	佐川	1
22422	佐賀関	1
22423	体付き	1
22424	体幹	1
22425	体性	1
22426	体熱	1
22427	体節	1
22428	体色	1
22429	体躯	1
22430	体高	1
22431	何卒	1
22432	何奴	1
22433	何時頃	1
22434	余り物	1
22435	余り者	1
22436	余念	1
22437	余所見	1
22438	佛	1
22439	作りかえる	1
22440	作り直す	1
22441	作り置き	1
22442	作付	1
22443	作付け	1
22444	作出	1
22445	作柄	1
22446	作歌	1
22447	佟	1
22448	你一	1
22449	你们	1
22450	你再	1
22451	你問	1
22452	你安	1
22453	你度	1
22454	你想	1
22455	你所	1
22456	你提	1
22457	你放	1
22458	你活	1
22459	佳代子	1
22460	併せる	1
22461	併せ持つ	1
22462	併存	1
22463	併映	1
22464	併殺	1
22465	併設	1
22466	使いもの	1
22467	使い回し	1
22468	使い込み	1
22469	使い途	1
22470	使臣	1
22471	例	1
22472	供出	1
22473	供養	1
22474	依怙地	1
22475	便通	1
22476	係船	1
22477	俄然	1
22478	俊作	1
22479	俗人	1
22480	俗信	1
22481	保水	1
22482	信じ込める	1
22483	信友	1
22484	信実	1
22485	信愛	1
22486	信教	1
22487	信書	1
22488	信輔	1
22489	修整	1
22490	倉入	1
22491	倍加	1
22492	倍化	1
22493	倍旧	1
22494	們	1
22495	們再	1
22496	們在	1
22497	們已	1
22498	們有	1
22499	倒木	1
22500	借	1
22501	借入れ	1
22502	値下がり	1
22503	値付け	1
22504	値動き	1
22505	値札	1
22506	倫敦	1
22507	倭	1
22508	倶楽部	1
22509	偏	1
22510	偏平	1
22511	偏西	1
22512	做了	1
22513	停泊	1
22514	停船	1
22515	健司	1
22516	側線	1
22517	側転	1
22518	偶	1
22519	偶々	1
22520	偷情	1
22521	偽書	1
22522	偽金	1
22523	傍	1
22524	傍系	1
22525	傍論	1
22526	傑物	1
22527	催乳	1
22528	催吐	1
22529	催告	1
22530	傷付く	1
22531	傷心	1
22532	傾度	1
22533	働る	1
22534	僭称	1
22535	億	1
22536	償金	1
22537	優れもの	1
22538	優劣	1
22539	優占	1
22540	優待	1
22541	優性	1
22542	儲け口	1
22543	元サヤ	1
22544	元ネタ	1
22545	元型	1
22546	元売	1
22547	元始	1
22548	元年	1
22549	元服	1
22550	元男	1
22551	元締	1
22552	元軍	1
22553	兄役	1
22554	先んずる	1
22555	先主	1
22556	先入れ	1
22557	先君	1
22558	先夜	1
22559	先夫	1
22560	先学	1
22561	先帝	1
22562	先年	1
22563	先幸	1
22564	先攻	1
22565	先棒	1
22566	先細	1
22567	先細り	1
22568	先般	1
22569	先述	1
22570	先達	1
22571	先駆け	1
22572	光之	1
22573	光体	1
22574	光度	1
22575	光波	1
22576	光点	1
22577	光虫	1
22578	兎	1
22579	兒在	1
22580	党内	1
22581	党利	1
22582	党外	1
22583	入りこめる	1
22584	入りびたる	1
22585	入り浸り	1
22586	入れ上げる	1
22587	入れ代わり	1
22588	入れ換る	1
22589	入れ替わる	1
22590	入れ食い	1
22591	入党	1
22592	入出庫	1
22593	入出金	1
22594	入営	1
22595	入園	1
22596	入域	1
22597	入島	1
22598	入庫	1
22599	入替	1
22600	入替る	1
22601	入物	1
22602	入目	1
22603	入超	1
22604	入選	1
22605	入間	1
22606	入鹿	1
22607	全人	1
22608	全例	1
22609	全兵	1
22610	全品	1
22611	全回	1
22612	全局	1
22613	全損	1
22614	全摘	1
22615	全日空	1
22616	全景	1
22617	全村	1
22618	全株	1
22619	全盲	1
22620	全県	1
22621	全紙	1
22622	全良	1
22623	全英	1
22624	全話	1
22625	全農	1
22626	全集	1
22627	全頭	1
22628	兩	1
22629	八つ当り	1
22630	八島	1
22631	八王子	1
22632	八苦	1
22633	公債	1
22634	公団	1
22635	公国	1
22636	公家	1
22637	公庫	1
22638	公徳	1
22639	公案	1
22640	公知	1
22641	公称	1
22642	公算	1
22643	公設	1
22644	公転	1
22645	六合	1
22646	兰花	1
22647	共働き	1
22648	共助	1
22649	共栄	1
22650	兴	1
22651	兵科	1
22652	兵衛	1
22653	兵馬	1
22654	具える	1
22655	具申	1
22656	兼	1
22657	兼務	1
22658	兼定	1
22659	兼用	1
22660	内事	1
22661	内分	1
22662	内助	1
22663	内匠	1
22664	内向き	1
22665	内報	1
22666	内張り	1
22667	内燃	1
22668	内申	1
22669	内縁	1
22670	内職	1
22671	内股	1
22672	内腿	1
22673	内蔵助	1
22674	内謁	1
22675	内金	1
22676	円光	1
22677	円安	1
22678	円状	1
22679	再任	1
22680	再版	1
22681	再築	1
22682	再見	1
22683	再読	1
22684	写実	1
22685	况	1
22686	况下	1
22687	冷却	1
22688	冷然	1
22689	冷食	1
22690	凍原	1
22691	凛々	1
22692	凡そ	1
22693	処断	1
22694	凱歌	1
22695	凵力	1
22696	凵天	1
22697	凶事	1
22698	凶報	1
22699	出で立ち	1
22700	出先	1
22701	出光	1
22702	出入港	1
22703	出家	1
22704	出展	1
22705	出手	1
22706	出来映え	1
22707	出水	1
22708	出目	1
22709	出立ち	1
22710	出荷	1
22711	出行	1
22712	出走	1
22713	出足	1
22714	出退	1
22715	刀匠	1
22716	刀工	1
22717	刀身	1
22718	刃先	1
22719	刃向かい	1
22720	分かちあえる	1
22721	分け	1
22722	分けあう	1
22723	分け入る	1
22724	分ち	1
22725	分乗	1
22726	分列	1
22727	分区	1
22728	分圧	1
22729	分派	1
22730	分界	1
22731	分相	1
22732	分社	1
22733	分科	1
22734	分詞	1
22735	分速	1
22736	分針	1
22737	分銅	1
22738	切り	1
22739	切りあげる	1
22740	切り売り	1
22741	切り通し	1
22742	切れ物	1
22743	切取	1
22744	切株	1
22745	切歯	1
22746	切立	1
22747	切開ける	1
22748	切離	1
22749	刈り入れ	1
22750	刈取り	1
22751	刑場	1
22752	划	1
22753	列伝	1
22754	列聖	1
22755	初々しい	1
22756	初っ端	1
22757	初まり	1
22758	初め頃	1
22759	初乳	1
22760	初号	1
22761	初夏	1
22762	初婚	1
22763	初子	1
22764	初年	1
22765	初次	1
22766	初秋	1
22767	初等	1
22768	初速	1
22769	初音	1
22770	判	1
22771	判然	1
22772	別け隔て	1
22773	別つ	1
22774	別れる	1
22775	別働	1
22776	別冊	1
22777	別命	1
22778	別売り	1
22779	別姓	1
22780	別扱い	1
22781	別棟	1
22782	別種	1
22783	別腹	1
22784	別表	1
22785	利ざや	1
22786	利下げ	1
22787	利刃	1
22788	利尚	1
22789	利幅	1
22790	利根	1
22791	利殖	1
22792	利泰	1
22793	利谷	1
22794	别在	1
22795	别太	1
22796	别急	1
22797	别来	1
22798	刮目	1
22799	制空	1
22800	券	1
22801	刺し殺す	1
22802	刺し身	1
22803	刻限	1
22804	則する	1
22805	則る	1
22806	剌	1
22807	剌身	1
22808	前カノ	1
22809	前住	1
22810	前便	1
22811	前前	1
22812	前向	1
22813	前壁	1
22814	前屈み	1
22815	前島	1
22816	前後ろ	1
22817	前戦	1
22818	前掛け	1
22819	前書き	1
22820	前段	1
22821	前泊	1
22822	前渡し	1
22823	前田	1
22824	前癌	1
22825	前祝	1
22826	前立て	1
22827	前端	1
22828	前羽	1
22829	前肢	1
22830	前行	1
22831	前貸し	1
22832	前身	1
22833	前転	1
22834	前項	1
22835	剑技	1
22836	剑身	1
22837	剖	1
22838	剣持	1
22839	剩下	1
22840	副将	1
22841	副賞	1
22842	割り	1
22843	割り引き	1
22844	割り当	1
22845	割り算	1
22846	割れ物	1
22847	割安	1
22848	割当て	1
22849	割高	1
22850	創りあげる	1
22851	創刊	1
22852	創生	1
22853	創薬	1
22854	劇薬	1
22855	劇評	1
22856	力技	1
22857	力抜け	1
22858	力無い	1
22859	力車	1
22860	力闘	1
22861	办	1
22862	功利	1
22863	功名	1
22864	功賞	1
22865	加奈子	1
22866	加州	1
22867	加水	1
22868	加湿	1
22869	加点	1
22870	加筆	1
22871	加虐	1
22872	劣後	1
22873	动伸	1
22874	动在	1
22875	动着	1
22876	助け上げる	1
22877	助演	1
22878	助祭	1
22879	励まし合える	1
22880	労わる	1
22881	労役	1
22882	勃興	1
22883	勇将	1
22884	動き出る	1
22885	動労	1
22886	動地	1
22887	動学	1
22888	動意	1
22889	動植物	1
22890	動気	1
22891	動顛	1
22892	勘所	1
22893	勘解由	1
22894	務め上げる	1
22895	勝ち進める	1
22896	勝組	1
22897	勝運	1
22898	勢	1
22899	勤め上げる	1
22900	勤め口	1
22901	匂い	1
22902	北原	1
22903	北回り	1
22904	北国	1
22905	北斗	1
22906	北村	1
22907	北端	1
22908	北限	1
22909	北駅	1
22910	区長	1
22911	医事	1
22912	医員	1
22913	医書	1
22914	医長	1
22915	千代田	1
22916	千咲	1
22917	千差	1
22918	千手	1
22919	千晶	1
22920	千聖	1
22921	千金	1
22922	千駄ヶ谷	1
22923	千鳥	1
22924	午	1
22925	半ドン	1
22926	半側	1
22927	半四郎	1
22928	半歩	1
22929	半泣き	1
22930	半目	1
22931	半盲	1
22932	半量	1
22933	半金	1
22934	半鐘	1
22935	半音	1
22936	卑	1
22937	卑い	1
22938	卑小	1
22939	卒直	1
22940	卓	1
22941	卓二	1
22942	協働	1
22943	協約	1
22944	協賛	1
22945	单体	1
22946	南信	1
22947	南向	1
22948	南国	1
22949	南城	1
22950	南州	1
22951	南棟	1
22952	南浦	1
22953	南窓	1
22954	南郡	1
22955	単眼	1
22956	単線	1
22957	単騎	1
22958	博報	1
22959	博奕	1
22960	卡	1
22961	卡支	1
22962	印行	1
22963	危地	1
22964	却	1
22965	却因	1
22966	卸元	1
22967	卸商	1
22968	卸屋	1
22969	卿	1
22970	厚い	1
22971	厚木	1
22972	厚生	1
22973	原人	1
22974	原板	1
22975	原水	1
22976	原版	1
22977	原物	1
22978	原的	1
22979	原資	1
22980	厩務	1
22981	去来	1
22982	参与	1
22983	参会	1
22984	参議	1
22985	参集	1
22986	又	1
22987	又次	1
22988	又聞き	1
22989	及ぼす	1
22990	友交	1
22991	友軍	1
22992	双	1
22993	双対	1
22994	双手	1
22995	反古	1
22996	反回	1
22997	反帝	1
22998	反意	1
22999	反核	1
23000	反落	1
23001	反覆	1
23002	反骨	1
23003	収まる	1
23004	収受	1
23005	发行	1
23006	取っかかり	1
23007	取っちめる	1
23008	取っ付き	1
23009	取っ掛かり	1
23010	取りあう	1
23011	取りこぼし	1
23012	取りまとめ	1
23013	取り持ち	1
23014	取り持つ	1
23015	取り直す	1
23016	取り締り	1
23017	取り繕い	1
23018	取り繕える	1
23019	取り纏める	1
23020	取り置く	1
23021	取れる	1
23022	取出	1
23023	取外す	1
23024	取寄せる	1
23025	取巻き	1
23026	取扱える	1
23027	取捨	1
23028	取換	1
23029	取敢えず	1
23030	取柄	1
23031	取消す	1
23032	取組み	1
23033	取締まり	1
23034	取込	1
23035	取集	1
23036	受け	1
23037	受け応え	1
23038	受け持つ	1
23039	受渡	1
23040	受発注	1
23041	受粉	1
23042	变回	1
23043	变成	1
23044	变身	1
23045	叙	1
23046	口ばし	1
23047	口ぱく	1
23048	口べた	1
23049	口まね	1
23050	口マネ	1
23051	口伝	1
23052	口分	1
23053	口口	1
23054	口女	1
23055	口寄せ	1
23056	口惜しい	1
23057	口減らし	1
23058	口語	1
23059	口走る	1
23060	古い	1
23061	古家	1
23062	古屋	1
23063	古川	1
23064	古平	1
23065	古手	1
23066	古期	1
23067	古流	1
23068	古語	1
23069	句読点	1
23070	叩きあげる	1
23071	只事	1
23072	只野	1
23073	叫び	1
23074	叫び立てる	1
23075	召命	1
23076	可惜	1
23077	可搬	1
23078	可逆	1
23079	台下	1
23080	台南	1
23081	台尻	1
23082	台東	1
23083	史	1
23084	史劇	1
23085	史学	1
23086	史実	1
23087	史郎	1
23088	右指	1
23089	右横	1
23090	右門	1
23091	司式	1
23092	吃人	1
23093	各党	1
23094	各員	1
23095	各校	1
23096	各港	1
23097	各章	1
23098	各署	1
23099	各艦	1
23100	各誌	1
23101	各駅	1
23102	合い言葉	1
23103	合わさる	1
23104	合わせれる	1
23105	合名	1
23106	合弁	1
23107	合掌	1
23108	合板	1
23109	合皮	1
23110	合算	1
23111	合縁	1
23112	合議	1
23113	合財	1
23114	吉事	1
23115	吉日	1
23116	吉沢	1
23117	吉祥寺	1
23118	吉野	1
23119	吊上げ	1
23120	同上	1
23121	同中	1
23122	同側	1
23123	同列	1
23124	同和	1
23125	同夜	1
23126	同州	1
23127	同市	1
23128	同店	1
23129	同心	1
23130	同所	1
23131	同数	1
23132	同月	1
23133	同樣	1
23134	同機	1
23135	同署	1
23136	同職	1
23137	同舟	1
23138	同色	1
23139	同衾	1
23140	同門	1
23141	名ごり	1
23142	名のる	1
23143	名主	1
23144	名付	1
23145	名僧	1
23146	名剣	1
23147	名実	1
23148	名将	1
23149	名工	1
23150	名店	1
23151	名折れ	1
23152	名文	1
23153	名月	1
23154	名演	1
23155	名産	1
23156	名盤	1
23157	名聞	1
23158	名著	1
23159	名訳	1
23160	吏員	1
23161	吐気	1
23162	吐物	1
23163	向き変える	1
23164	向付	1
23165	向学	1
23166	向岸	1
23167	向田	1
23168	吠え立つ	1
23169	吵死	1
23170	吸いあげる	1
23171	吸い物	1
23172	吸水	1
23173	吸血	1
23174	吹	1
23175	吹き上げる	1
23176	吹き入る	1
23177	吾一	1
23178	呆気	1
23179	呑	1
23180	呑屋	1
23181	周縁	1
23182	呪	1
23183	呼び水	1
23184	呼び求める	1
23185	呼び返す	1
23186	呼名	1
23187	命ごい	1
23188	命とり	1
23189	和える	1
23190	和光	1
23191	和合	1
23192	和式	1
23193	和洋	1
23194	和牛	1
23195	和訳	1
23196	和顔	1
23197	咬む	1
23198	咬合	1
23199	咯	1
23200	哀号	1
23201	品番	1
23202	响	1
23203	員外	1
23204	哦	1
23205	哪天	1
23206	哪里	1
23207	哲治	1
23208	哼在	1
23209	唄	1
23210	唐王	1
23211	唯々	1
23212	商号	1
23213	啓次郎	1
23214	啦	1
23215	善	1
23216	善用	1
23217	喇	1
23218	喚き声	1
23219	喚気	1
23220	喜	1
23221	喧し	1
23222	喫水	1
23223	喰い止める	1
23224	営	1
23225	営林	1
23226	嗅ぎあてる	1
23227	嗅ぎ取る	1
23228	嗓音	1
23229	嗣業	1
23230	嘘言	1
23231	嘛	1
23232	嘛虽	1
23233	噓	1
23234	噛みつく	1
23235	噛み合わせ	1
23236	噴く	1
23237	噴石	1
23238	噴間	1
23239	嚐	1
23240	嚢	1
23241	囃し立る	1
23242	囃子	1
23243	囈言	1
23244	囚	1
23245	四五	1
23246	四季	1
23247	四捨	1
23248	四散	1
23249	四旬	1
23250	四条	1
23251	四王	1
23252	四球	1
23253	四男	1
23254	四苦	1
23255	四郎	1
23256	回し者	1
23257	回り物	1
23258	回天	1
23259	回忌	1
23260	回憶	1
23261	回腸	1
23262	因幡	1
23263	园	1
23264	园航	1
23265	困り者	1
23266	図	1
23267	図説	1
23268	围	1
23269	固い	1
23270	国もと	1
23271	国一	1
23272	国事	1
23273	国体	1
23274	国作り	1
23275	国共	1
23276	国別	1
23277	国名	1
23278	国安	1
23279	国平	1
23280	国松	1
23281	国章	1
23282	国花	1
23283	国費	1
23284	国賊	1
23285	国電	1
23286	图	1
23287	圆盾	1
23288	國	1
23289	圖	1
23290	團	1
23291	圜	1
23292	土中	1
23293	土埃	1
23294	土壁	1
23295	土気	1
23296	土煙	1
23297	土牢	1
23298	土生	1
23299	土砂	1
23300	土竜	1
23301	土蔵	1
23302	土蜘蛛	1
23303	土質	1
23304	土遊び	1
23305	圣弗	1
23306	圧す	1
23307	圧送	1
23308	在り来たり	1
23309	在り来り	1
23310	在家	1
23311	在屋	1
23312	在席	1
23313	在米	1
23314	在郷	1
23315	在野	1
23316	圭	1
23317	地すべり	1
23318	地代	1
23319	地力	1
23320	地団太	1
23321	地声	1
23322	地居	1
23323	地峡	1
23324	地役	1
23325	地温	1
23326	地虫	1
23327	地軸	1
23328	地鳴り	1
23329	场女	1
23330	址	1
23331	坊	1
23332	坐	1
23333	垂れ下げる	1
23334	垂れ目	1
23335	垂木	1
23336	垣間見れる	1
23337	垫子	1
23338	埃	1
23339	埋	1
23340	埋めあわせ	1
23341	埋める	1
23342	埋設	1
23343	城下	1
23344	城南	1
23345	城外	1
23346	城攻め	1
23347	城東	1
23348	城西	1
23349	城間	1
23350	執り成し	1
23351	培育	1
23352	基底	1
23353	基点	1
23354	基紀	1
23355	基軸	1
23356	基部	1
23357	堀	1
23358	堅信	1
23359	堤	1
23360	報ずる	1
23361	場当たり	1
23362	場慣れ	1
23363	塊	1
23364	塗り分け	1
23365	塗り変える	1
23366	塗り直し	1
23367	塗る	1
23368	塞き止める	1
23369	塩山	1
23370	塩類	1
23371	塵	1
23372	増力	1
23373	増田	1
23374	増補	1
23375	増速	1
23376	墨水	1
23377	壊れ物	1
23378	壜	1
23379	士官	1
23380	壮年	1
23381	壮行	1
23382	壮語	1
23383	声がけ	1
23384	声中	1
23385	声優	1
23386	声域	1
23387	声声	1
23388	声掛け	1
23389	声質	1
23390	声量	1
23391	売り値	1
23392	売り出し	1
23393	売り出す	1
23394	売り口	1
23395	売り地	1
23396	売り払える	1
23397	売り渡し	1
23398	売り込める	1
23399	売価	1
23400	売切れる	1
23401	売掛	1
23402	売込	1
23403	壳	1
23404	处理	1
23405	处置	1
23406	変ずる	1
23407	変り種	1
23408	変わりもの	1
23409	変わり種	1
23410	変体	1
23411	変名	1
23412	変奏	1
23413	変顔	1
23414	复	1
23415	复原	1
23416	夏口	1
23417	夏実	1
23418	夕星	1
23419	夕立	1
23420	外タレ	1
23421	外乱	1
23422	外事	1
23423	外信	1
23424	外債	1
23425	外向	1
23426	外回	1
23427	外地	1
23428	外堀	1
23429	外径	1
23430	外戚	1
23431	外扉	1
23432	外接	1
23433	外海	1
23434	外物	1
23435	外用	1
23436	外端	1
23437	外箱	1
23438	外耳	1
23439	外聞	1
23440	外膜	1
23441	外蒙	1
23442	外衣	1
23443	外貨	1
23444	外輪	1
23445	外電	1
23446	外頸	1
23447	多し	1
23448	多作	1
23449	多党	1
23450	多多	1
23451	多妻	1
23452	多年	1
23453	多形	1
23454	多指	1
23455	多段	1
23456	多点	1
23457	多言	1
23458	夜光	1
23459	夜営	1
23460	夜立ち	1
23461	夢	1
23462	夢現	1
23463	夢界	1
23464	大い	1
23465	大っきらい	1
23466	大っぴら	1
23467	大スキ	1
23468	大モテ	1
23469	大三	1
23470	大中	1
23471	大井	1
23472	大任	1
23473	大写し	1
23474	大凡	1
23475	大剣	1
23476	大化け	1
23477	大匙	1
23478	大原	1
23479	大味	1
23480	大噓	1
23481	大器	1
23482	大回り	1
23483	大外れ	1
23484	大女	1
23485	大宰	1
23486	大寺	1
23487	大尽	1
23488	大山	1
23489	大店	1
23490	大弓	1
23491	大引け	1
23492	大意	1
23493	大成	1
23494	大手町	1
23495	大技	1
23496	大挙	1
23497	大教	1
23498	大枚	1
23499	大枝	1
23500	大枠	1
23501	大柳	1
23502	大森	1
23503	大樽	1
23504	大河内	1
23505	大津	1
23506	大潮	1
23507	大病	1
23508	大盛	1
23509	大綱	1
23510	大興	1
23511	大見	1
23512	大角	1
23513	大言	1
23514	大谷	1
23515	大賢	1
23516	大赦	1
23517	大輝	1
23518	大輪	1
23519	大過	1
23520	大部屋	1
23521	大関	1
23522	大院	1
23523	大頭	1
23524	大食らい	1
23525	大飯	1
23526	大魚	1
23527	大鷲	1
23528	天の川	1
23529	天外	1
23530	天女	1
23531	天子	1
23532	天安門	1
23533	天将	1
23534	天山	1
23535	天日	1
23536	天水	1
23537	天津	1
23538	天測	1
23539	天照	1
23540	天父	1
23541	天王寺	1
23542	天王洲	1
23543	天生	1
23544	天知	1
23545	天袋	1
23546	天頂	1
23547	天麩羅	1
23548	太陰	1
23549	夫役	1
23550	失火	1
23551	失認	1
23552	夷	1
23553	奇	1
23554	奇天烈	1
23555	奇病	1
23556	奇説	1
23557	奈央	1
23558	奈津子	1
23559	奉	1
23560	奉上	1
23561	奏	1
23562	奏上	1
23563	奮戦	1
23564	女たらし	1
23565	女傑	1
23566	女声	1
23567	女妖	1
23568	女権	1
23569	女流	1
23570	女物	1
23571	女狂い	1
23572	女癖	1
23573	女盛り	1
23574	女運	1
23575	奶	1
23576	她察	1
23577	好中	1
23578	好美	1
23579	如実	1
23580	妄説	1
23581	妊	1
23582	妊活	1
23583	妊産婦	1
23584	妓館	1
23585	妙策	1
23586	妮	1
23587	妳会	1
23588	妳居	1
23589	妳是	1
23590	妳更	1
23591	妳有	1
23592	妳来	1
23593	妳真	1
23594	妳要	1
23595	妳都	1
23596	妹役	1
23597	始まる	1
23598	始め	1
23599	始期	1
23600	始点	1
23601	始球	1
23602	姐	1
23603	姜	1
23604	姫路	1
23605	威風	1
23606	娘役	1
23607	娘殺し	1
23608	娶	1
23609	娼婦	1
23610	娼家	1
23611	婚	1
23612	婚期	1
23613	婚活	1
23614	媛	1
23615	嫁	1
23616	嫁取り	1
23617	嫡女	1
23618	嫡子	1
23619	孃様	1
23620	子々	1
23621	子ぎつね	1
23622	子ウサギ	1
23623	子グマ	1
23624	子ヤギ	1
23625	子弟	1
23626	子母	1
23627	子猿	1
23628	子羽	1
23629	子蟹	1
23630	子骨	1
23631	子鬼	1
23632	孔	1
23633	孔数	1
23634	字	1
23635	字体	1
23636	字引	1
23637	字数	1
23638	字義	1
23639	存外	1
23640	学び取る	1
23641	学割	1
23642	学才	1
23643	学舎	1
23644	孩児	1
23645	孩所	1
23646	孫々	1
23647	學生	1
23648	它	1
23649	它们	1
23650	宇都宮	1
23651	守り手	1
23652	守り神	1
23653	安め	1
23654	安もの	1
23655	安丸	1
23656	安二郎	1
23657	安倍	1
23658	安城	1
23659	安穏	1
23660	安詳	1
23661	安食	1
23662	完動	1
23663	宗右衛門	1
23664	宗徒	1
23665	宗旨	1
23666	官公	1
23667	官公庁	1
23668	官制	1
23669	定位	1
23670	定吉	1
23671	定型	1
23672	定好	1
23673	定席	1
23674	定格	1
23675	定点	1
23676	定礎	1
23677	定稿	1
23678	定説	1
23679	宝	1
23680	宝器	1
23681	宝島	1
23682	实在	1
23683	実兄	1
23684	実写	1
23685	実勢	1
23686	実射	1
23687	実希	1
23688	実検	1
23689	実測	1
23690	実状	1
23691	実線	1
23692	実費	1
23693	宠物	1
23694	客体	1
23695	客分	1
23696	客員	1
23697	客寄せ	1
23698	客扱い	1
23699	客数	1
23700	客来	1
23701	客筋	1
23702	客電	1
23703	宣	1
23704	室料	1
23705	宮中	1
23706	宮保	1
23707	宮本	1
23708	宮沢	1
23709	宴	1
23710	家令	1
23711	家伝	1
23712	家守	1
23713	家屋敷	1
23714	家法	1
23715	家父	1
23716	家猫	1
23717	家相	1
23718	家行	1
23719	家造り	1
23720	家里	1
23721	家風	1
23722	容積	1
23723	宿代	1
23724	宿営	1
23725	寄り付き	1
23726	寄り目	1
23727	寄る	1
23728	寄付き	1
23729	寄出	1
23730	寄放	1
23731	寄木	1
23732	寄過	1
23733	寅	1
23734	密行	1
23735	富力	1
23736	富山	1
23737	富栄	1
23738	富永	1
23739	富貴	1
23740	寒	1
23741	寒中	1
23742	寒天	1
23743	寒山	1
23744	寒波	1
23745	寒流	1
23746	寒空	1
23747	寝技	1
23748	寝足りる	1
23749	寝転ぶ	1
23750	寮	1
23751	寮内	1
23752	寸々	1
23753	寸劇	1
23754	寸止め	1
23755	对付	1
23756	对我	1
23757	对手	1
23758	对活	1
23759	对象	1
23760	寺々	1
23761	寻	1
23762	寻常	1
23763	导向	1
23764	导弹	1
23765	対光	1
23766	対合	1
23767	対敵	1
23768	対日	1
23769	対極	1
23770	対義	1
23771	対角	1
23772	対馬	1
23773	封入	1
23774	封口	1
23775	封建	1
23776	専心	1
23777	専権	1
23778	射	1
23779	射す	1
23780	射ち殺す	1
23781	將	1
23782	尊属	1
23783	尊称	1
23784	導き入れる	1
23785	導き手	1
23786	導電	1
23787	小さじ	1
23788	小さん	1
23789	小ざかしい	1
23790	小丘	1
23791	小二	1
23792	小五	1
23793	小剣	1
23794	小力	1
23795	小勢	1
23796	小品	1
23797	小女	1
23798	小姓	1
23799	小孔	1
23800	小宮山	1
23801	小家	1
23802	小山内	1
23803	小振り	1
23804	小暗い	1
23805	小杉	1
23806	小柱	1
23807	小河内	1
23808	小波	1
23809	小津	1
23810	小火	1
23811	小猫	1
23812	小猿	1
23813	小田	1
23814	小田切	1
23815	小粋	1
23816	小羊	1
23817	小胞	1
23818	小胸	1
23819	小脇	1
23820	小花	1
23821	小豆	1
23822	小豚	1
23823	小象	1
23824	小鈴	1
23825	小間	1
23826	小間切れ	1
23827	小降り	1
23828	小雨	1
23829	小高	1
23830	小鹿	1
23831	小龍	1
23832	小２	1
23833	小５	1
23834	少なし	1
23835	少子	1
23836	少校	1
23837	尖点	1
23838	尚	1
23839	尚紀	1
23840	就与	1
23841	就令	1
23842	就先	1
23843	就再	1
23844	就和	1
23845	就回	1
23846	就太	1
23847	就将	1
23848	就得	1
23849	就数	1
23850	就是	1
23851	就来	1
23852	就死	1
23853	就知	1
23854	就称	1
23855	就航	1
23856	就行	1
23857	尺	1
23858	尻目	1
23859	尾ける	1
23860	尾行る	1
23861	尿素	1
23862	尿路	1
23863	局側	1
23864	居丈	1
23865	居処	1
23866	屈曲	1
23867	屋号	1
23868	屋敷跡	1
23869	屋根ふき	1
23870	屋舎	1
23871	屑物	1
23872	展張	1
23873	履物	1
23874	屬於	1
23875	山あい	1
23876	山びこ	1
23877	山もり	1
23878	山ろく	1
23879	山下	1
23880	山千	1
23881	山奧	1
23882	山崩れ	1
23883	山折り	1
23884	山東	1
23885	山猿	1
23886	山神	1
23887	山稜	1
23888	山紅	1
23889	山羊ひげ	1
23890	山育ち	1
23891	山芋	1
23892	山花	1
23893	山行き	1
23894	山西	1
23895	山際	1
23896	山鳩	1
23897	岗	1
23898	岗唱	1
23899	岛沦	1
23900	岡本	1
23901	岩屋	1
23902	岩崩れ	1
23903	岩戸	1
23904	岩男	1
23905	岩登り	1
23906	岩肌	1
23907	岩虫	1
23908	岩谷	1
23909	岩頭	1
23910	島内	1
23911	島原	1
23912	島巡り	1
23913	島影	1
23914	島袋	1
23915	崎	1
23916	崖	1
23917	崖下	1
23918	崩壊	1
23919	嵐	1
23920	川べ	1
23921	川伝い	1
23922	川側	1
23923	川嶋	1
23924	川幅	1
23925	川船	1
23926	川魚	1
23927	巡り合い	1
23928	巡察	1
23929	巡行	1
23930	工数	1
23931	工種	1
23932	工賃	1
23933	左前	1
23934	左向き	1
23935	巨木	1
23936	差上げる	1
23937	差入れ	1
23938	差分	1
23939	差動	1
23940	差止める	1
23941	已立	1
23942	巻き取り	1
23943	市上	1
23944	市井	1
23945	市価	1
23946	市河	1
23947	市田	1
23948	布令	1
23949	帅	1
23950	帆布	1
23951	帆船	1
23952	帝位	1
23953	帝塚山	1
23954	带	1
23955	師走	1
23956	師長	1
23957	帮	1
23958	帰来	1
23959	帰航	1
23960	帰隊	1
23961	帳場	1
23962	帳面	1
23963	帶	1
23964	常とう	1
23965	常事	1
23966	常住	1
23967	常体	1
23968	常勝	1
23969	常口	1
23970	常山	1
23971	常州	1
23972	常法	1
23973	常緑	1
23974	常若	1
23975	常設	1
23976	常闇	1
23977	帽	1
23978	幕	1
23979	幕下	1
23980	幕屋	1
23981	干上がる	1
23982	干物	1
23983	平仮名	1
23984	平分	1
23985	平台	1
23986	平家	1
23987	平岡	1
23988	平床	1
23989	平底	1
23990	平易	1
23991	平時	1
23992	平松	1
23993	平板	1
23994	平泉	1
23995	平法	1
23996	平素	1
23997	平織り	1
23998	平西	1
23999	平賀	1
24000	年がい	1
24001	年休	1
24002	年初	1
24003	年利	1
24004	年来	1
24005	年産	1
24006	年端	1
24007	年紀	1
24008	年若	1
24009	幸多	1
24010	幻術	1
24011	幽谷	1
24012	幽門	1
24013	幾	1
24014	広吉	1
24015	広岡	1
24016	広川	1
24017	広漠	1
24018	広目	1
24019	広義	1
24020	広葉	1
24021	広角	1
24022	床上	1
24023	床入り	1
24024	底土	1
24025	底引き	1
24026	底無し	1
24027	店じまい	1
24028	店仕舞	1
24029	店外	1
24030	店子	1
24031	店構え	1
24032	府	1
24033	度合	1
24034	度外	1
24035	度外れ	1
24036	度忘れ	1
24037	度胆	1
24038	座右	1
24039	座談	1
24040	座長	1
24041	座頭	1
24042	庭作り	1
24043	庭先	1
24044	庶	1
24045	庶務	1
24046	廃村	1
24047	廃校	1
24048	廃番	1
24049	廃部	1
24050	廉価	1
24051	廟	1
24052	廣田	1
24053	廷	1
24054	建ち並ぶ	1
24055	建て替え	1
24056	建蔽	1
24057	异常	1
24058	异星	1
24059	弄り	1
24060	式部	1
24061	弓兵	1
24062	弓射	1
24063	弓技	1
24064	弔問	1
24065	弔電	1
24066	引きかえす	1
24067	引きつる	1
24068	引きづる	1
24069	引き下す	1
24070	引き手	1
24071	引き時	1
24072	引き波	1
24073	引き篭もり	1
24074	引き綱	1
24075	引け値	1
24076	引ったくり	1
24077	引っ切り	1
24078	引っ剥ぐ	1
24079	引っ捕える	1
24080	引っ捕らえる	1
24081	引っ立てる	1
24082	引上げ	1
24083	引分け	1
24084	引寄せる	1
24085	引揚げ	1
24086	引数	1
24087	引替える	1
24088	引止める	1
24089	引締	1
24090	引落	1
24091	引込める	1
24092	张声	1
24093	弦月	1
24094	弧	1
24095	弱々	1
24096	弱い	1
24097	弱国	1
24098	張りぼて	1
24099	張り出し	1
24100	張り札	1
24101	張形	1
24102	張昭	1
24103	張番	1
24104	張遼	1
24105	張順	1
24106	強じん	1
24107	強まり	1
24108	強健	1
24109	強弁	1
24110	強弱	1
24111	強火	1
24112	強直	1
24113	強膜	1
24114	強請	1
24115	強面	1
24116	弾き手	1
24117	弾き語り	1
24118	弾子	1
24119	当たりくじ	1
24120	当たり役	1
24121	当てずっぽ	1
24122	当て木	1
24123	当年	1
24124	当庁	1
24125	当確	1
24126	当院	1
24127	形作り	1
24128	形無し	1
24129	形見分け	1
24130	彦	1
24131	彩	1
24132	彩度	1
24133	彩画	1
24134	彩色	1
24135	彫り上げ	1
24136	彫り物	1
24137	彫金	1
24138	彭	1
24139	影島	1
24140	役務	1
24141	役名	1
24142	役宅	1
24143	役満	1
24144	往下	1
24145	往援	1
24146	往营	1
24147	征	1
24148	待ち	1
24149	待ち合せる	1
24150	待受ける	1
24151	待合い	1
24152	待構える	1
24153	律夫	1
24154	後まわし	1
24155	後ろ前	1
24156	後ろ髪	1
24157	後下	1
24158	後付	1
24159	後会	1
24160	後側	1
24161	後出し	1
24162	後刻	1
24163	後口	1
24164	後姿	1
24165	後町	1
24166	後発	1
24167	後程	1
24168	後節	1
24169	後背	1
24170	後腐れ	1
24171	後腹	1
24172	後裔	1
24173	後車	1
24174	後送	1
24175	後金	1
24176	後門	1
24177	徐	1
24178	徐州	1
24179	徐福	1
24180	得一	1
24181	得物	1
24182	得知	1
24183	御上	1
24184	御大	1
24185	御殿場	1
24186	御製	1
24187	微	1
24188	微光	1
24189	微少	1
24190	徳	1
24191	德	1
24192	心あたり	1
24193	心入れ	1
24194	心変り	1
24195	心存	1
24196	心安い	1
24197	心無	1
24198	心線	1
24199	心術	1
24200	必読	1
24201	忌引	1
24202	忌引き	1
24203	忍耐	1
24204	忒来	1
24205	志保	1
24206	忘る	1
24207	忙しい	1
24208	応仁	1
24209	応力	1
24210	応召	1
24211	応唱	1
24212	念仏	1
24213	忽	1
24214	怒鳴り上げる	1
24215	怒鳴る	1
24216	思いの外	1
24217	思い止まる	1
24218	思い止める	1
24219	思い立つ	1
24220	怠け	1
24221	急く	1
24222	急募	1
24223	急報	1
24224	急派	1
24225	急転	1
24226	急逝	1
24227	性行	1
24228	怪光	1
24229	怪死	1
24230	怪火	1
24231	总算	1
24232	恋歌	1
24233	恋路	1
24234	恐々	1
24235	恐れ入る	1
24236	恨	1
24237	恨み言	1
24238	恩賞	1
24239	恭	1
24240	恰	1
24241	恵まれる	1
24242	恶这	1
24243	悄々	1
24244	悟郎	1
24245	悦楽	1
24246	您在	1
24247	您意	1
24248	悪戯書き	1
24249	悪日	1
24250	悪書	1
24251	悪霊	1
24252	悪食	1
24253	悲し	1
24254	悶々	1
24255	情交	1
24256	情人	1
24257	情形	1
24258	情感	1
24259	情操	1
24260	情歌	1
24261	惊	1
24262	惑乱	1
24263	惚気	1
24264	惜別	1
24265	惨い	1
24266	愈	1
24267	愚	1
24268	愚人	1
24269	愚挙	1
24270	愚衆	1
24271	愛しあう	1
24272	愛刀	1
24273	愛徳	1
24274	愛憎	1
24275	愛書	1
24276	愛校	1
24277	愛欲	1
24278	愛猫	1
24279	愛蔵	1
24280	感作	1
24281	感涙	1
24282	感熱	1
24283	感覺	1
24284	感違い	1
24285	感音	1
24286	慄然	1
24287	慎二	1
24288	慕情	1
24289	慮外	1
24290	憂き目	1
24291	憎々しい	1
24292	憮然	1
24293	憲	1
24294	憲一	1
24295	憲二	1
24296	憶食	1
24297	懂	1
24298	懇々	1
24299	懐旧	1
24300	懐石	1
24301	戀愛	1
24302	戊	1
24303	成しとげる	1
24304	成り代る	1
24305	成り代わる	1
24306	成一	1
24307	成体	1
24308	成島	1
24309	成文	1
24310	成算	1
24311	成美	1
24312	成行き	1
24313	我が	1
24314	我先	1
24315	我武者羅	1
24316	战乱	1
24317	戦々	1
24318	戦き	1
24319	戦さ	1
24320	戦勢	1
24321	戦国	1
24322	戦域	1
24323	戦捷	1
24324	戦斧	1
24325	戦機	1
24326	戦災	1
24327	戦爆	1
24328	戦跡	1
24329	戦雲	1
24330	戲言	1
24331	戶田	1
24332	戸田	1
24333	房間	1
24334	所場	1
24335	所感	1
24336	所期	1
24337	扇情	1
24338	手々	1
24339	手ぐすね	1
24340	手ざわり	1
24341	手すき	1
24342	手ずから	1
24343	手だし	1
24344	手っとり	1
24345	手ぬぐい	1
24346	手の甲	1
24347	手ひどい	1
24348	手ぶり	1
24349	手ぶれ	1
24350	手もと	1
24351	手ブレ	1
24352	手仕事	1
24353	手付け	1
24354	手代	1
24355	手切	1
24356	手初め	1
24357	手合	1
24358	手向かい	1
24359	手工	1
24360	手巻	1
24361	手後れ	1
24362	手掘り	1
24363	手掛	1
24364	手描き	1
24365	手摺	1
24366	手番	1
24367	手痛い	1
24368	手空き	1
24369	手編み	1
24370	手繰	1
24371	手繰り寄せる	1
24372	手習	1
24373	手落ち	1
24374	手許	1
24375	手造り	1
24376	手酌	1
24377	手鍋	1
24378	手長	1
24379	手間ひま	1
24380	手間取る	1
24381	才人	1
24382	才加	1
24383	才子	1
24384	才略	1
24385	扎着	1
24386	打ちあける	1
24387	打ちあげる	1
24388	打ち合せ	1
24389	打ち揚げる	1
24390	打ち直す	1
24391	打ち立て	1
24392	打ち開ける	1
24393	打身	1
24394	打通	1
24395	扱い	1
24396	扶持	1
24397	找死	1
24398	找着	1
24399	技官	1
24400	技工	1
24401	抓住	1
24402	投げうつ	1
24403	投げこむ	1
24404	投げ売り	1
24405	投げ掛け	1
24406	投げ棄て	1
24407	投げ槍	1
24408	投げ込み	1
24409	投了	1
24410	投書	1
24411	投網	1
24412	投身	1
24413	抗力	1
24414	抗張	1
24415	抗日	1
24416	折々	1
24417	折れ線	1
24418	抜き	1
24419	抜き身	1
24420	抜けめ	1
24421	抜け目	1
24422	护身	1
24423	报	1
24424	抱	1
24425	抱き合える	1
24426	抱水	1
24427	押さえ付け	1
24428	押し並べる	1
24429	押し分ける	1
24430	押し広げる	1
24431	押し通す	1
24432	押し開ける	1
24433	押下	1
24434	押付け	1
24435	抽気	1
24436	担ぎあげる	1
24437	拍動	1
24438	拍車	1
24439	招呼	1
24440	拝	1
24441	拝受	1
24442	拝命	1
24443	拝察	1
24444	拝火	1
24445	拝読	1
24446	拠所	1
24447	括約	1
24448	拭い	1
24449	拭き取り	1
24450	拭る	1
24451	拼	1
24452	拾い食い	1
24453	拾得	1
24454	持ちあわせ	1
24455	持ちこむ	1
24456	持ち分	1
24457	持ち寄り	1
24458	持ち換える	1
24459	持ち歩き	1
24460	持ち直す	1
24461	持ち越し	1
24462	持ち金	1
24463	持て成し	1
24464	持国	1
24465	持物	1
24466	指さし	1
24467	指し示す	1
24468	指ぬき	1
24469	指値	1
24470	指命	1
24471	指地	1
24472	指教	1
24473	指月	1
24474	指診	1
24475	指跡	1
24476	挖	1
24477	挙兵	1
24478	挙国	1
24479	挙筋	1
24480	挙行	1
24481	挟	1
24482	挥手	1
24483	振り手	1
24484	振作	1
24485	振戦	1
24486	挽歌	1
24487	挿	1
24488	捕物	1
24489	捕獲	1
24490	捕球	1
24491	捨	1
24492	捨て置ける	1
24493	据付	1
24494	捲し立てる	1
24495	捻	1
24496	捻子	1
24497	掘り上げ	1
24498	掘下げる	1
24499	掛け売り	1
24500	掛け離れる	1
24501	掛り	1
24502	掛る	1
24503	掛布	1
24504	採り入れる	1
24505	採食	1
24506	探しあてる	1
24507	探りあてる	1
24508	探信	1
24509	接ぎ	1
24510	接収	1
24511	接敵	1
24512	接線	1
24513	推参	1
24514	掴み	1
24515	掻き分ける	1
24516	掻く	1
24517	揉み消す	1
24518	揉める	1
24519	描	1
24520	描線	1
24521	提げ	1
24522	揚	1
24523	揚力	1
24524	揚陸	1
24525	換言	1
24526	揣着	1
24527	揺れ動く	1
24528	揺動	1
24529	損気	1
24530	損金	1
24531	携食	1
24532	摂子	1
24533	摘み上げる	1
24534	摘み食い	1
24535	摘下	1
24536	摘出	1
24537	摘取	1
24538	摘要	1
24539	摹	1
24540	撃ちあう	1
24541	撒布	1
24542	撚り合わせる	1
24543	撞	1
24544	撤	1
24545	撫で	1
24546	撫用	1
24547	播州	1
24548	播種	1
24549	撮	1
24550	撰	1
24551	撲り殺す	1
24552	操	1
24553	擾乱	1
24554	攜走	1
24555	支庁	1
24556	支隊	1
24557	改まり	1
24558	改任	1
24559	改作	1
24560	改定	1
24561	改称	1
24562	改行	1
24563	放りなげる	1
24564	放り込み	1
24565	放下	1
24566	放散	1
24567	放校	1
24568	政	1
24569	政令	1
24570	政情	1
24571	政調	1
24572	效	1
24573	敌人	1
24574	敏郎	1
24575	敗	1
24576	教べん	1
24577	教主	1
24578	教典	1
24579	教条	1
24580	教案	1
24581	教法	1
24582	教練	1
24583	敢え無い	1
24584	敢在	1
24585	散文	1
24586	散水	1
24587	数奇	1
24588	数寄	1
24589	数牌	1
24590	数見	1
24591	整体	1
24592	整地	1
24593	整容	1
24594	整復	1
24595	整経	1
24596	整腸	1
24597	整調	1
24598	敵兵	1
24599	敵陣	1
24600	敷	1
24601	文一	1
24602	文中	1
24603	文二	1
24604	文人	1
24605	文士	1
24606	文庫	1
24607	文彦	1
24608	文末	1
24609	文様	1
24610	文民	1
24611	文相	1
24612	文筆	1
24613	文調	1
24614	斑気	1
24615	料亭	1
24616	斤	1
24617	斥力	1
24618	斧	1
24619	斬り殺す	1
24620	斬れ味	1
24621	斬殺	1
24622	斯	1
24623	新党	1
24624	新報	1
24625	新形	1
24626	新教	1
24627	新横浜	1
24628	新港	1
24629	新線	1
24630	新著	1
24631	新造	1
24632	斷	1
24633	方様	1
24634	施主	1
24635	施条	1
24636	施療	1
24637	施肥	1
24638	旁	1
24639	旅中	1
24640	旅慣れる	1
24641	旅籠	1
24642	旅続き	1
24643	旋条	1
24644	族名	1
24645	无形	1
24646	无本	1
24647	无源	1
24648	无能	1
24649	无限	1
24650	既	1
24651	日の丸	1
24652	日めくり	1
24653	日休	1
24654	日内地	1
24655	日南	1
24656	日干し	1
24657	日影	1
24658	日教組	1
24659	日文	1
24660	日暮	1
24661	日東	1
24662	日次	1
24663	日焼	1
24664	日目	1
24665	日神	1
24666	日系	1
24667	日蝕	1
24668	日語	1
24669	日進	1
24670	日金	1
24671	日長	1
24672	旧人	1
24673	旧家	1
24674	旧弊	1
24675	旧暦	1
24676	旧株	1
24677	旧法	1
24678	旧版	1
24679	旨	1
24680	旨味	1
24681	早世	1
24682	早分かり	1
24683	早回し	1
24684	早発	1
24685	旭	1
24686	时也	1
24687	时做	1
24688	昆	1
24689	昇り口	1
24690	昇任	1
24691	昇級	1
24692	明くる日	1
24693	明人	1
24694	明度	1
24695	明明	1
24696	明点	1
24697	明美	1
24698	星出	1
24699	星宿	1
24700	映し出す	1
24701	春分	1
24702	春夏物	1
24703	春天	1
24704	春画	1
24705	春風	1
24706	昨朝	1
24707	是認	1
24708	显	1
24709	显示	1
24710	時下	1
24711	時人	1
24712	時局	1
24713	時短	1
24714	時習	1
24715	時鐘	1
24716	時雨	1
24717	晚上	1
24718	普	1
24719	普門	1
24720	晴れ	1
24721	晶子	1
24722	智	1
24723	智久	1
24724	智代	1
24725	智力	1
24726	暇人	1
24727	暑気	1
24728	暖機	1
24729	暖流	1
24730	暗影	1
24731	暗点	1
24732	暗語	1
24733	暢気	1
24734	暦学	1
24735	暦数	1
24736	暮し	1
24737	暮れ	1
24738	暮改	1
24739	暴	1
24740	暴れる	1
24741	暴利	1
24742	暴食	1
24743	曇り空	1
24744	曲事	1
24745	曲率	1
24746	曲輪	1
24747	曲馬	1
24748	書き下ろし	1
24749	書き並べる	1
24750	書き入れ	1
24751	書き手	1
24752	書き物	1
24753	書き直す	1
24754	書き込める	1
24755	書出	1
24756	書取り	1
24757	書房	1
24758	書換え	1
24759	書翰	1
24760	書見	1
24761	替え歌	1
24762	最北	1
24763	最果て	1
24764	最貧	1
24765	最首	1
24766	月々	1
24767	月下	1
24768	月別	1
24769	月報	1
24770	月夜野	1
24771	月島	1
24772	月影	1
24773	月桂	1
24774	月極	1
24775	月極め	1
24776	月水	1
24777	月琴	1
24778	月経	1
24779	月蝕	1
24780	月謝	1
24781	月足	1
24782	有り体	1
24783	有体	1
24784	有償	1
24785	有合せ	1
24786	有向	1
24787	有徳	1
24788	有性	1
24789	有朋	1
24790	有期	1
24791	有段	1
24792	有理	1
24793	有病	1
24794	有翼	1
24795	朗	1
24796	朝まだき	1
24797	朝令	1
24798	朝夕	1
24799	朝夜	1
24800	朝廷	1
24801	朝晩	1
24802	朝見	1
24803	朧	1
24804	木下	1
24805	木割	1
24806	木型	1
24807	木場	1
24808	木屑	1
24809	木崎	1
24810	木挽町	1
24811	木棺	1
24812	木槌	1
24813	木津	1
24814	木田	1
24815	木皮	1
24816	木質	1
24817	木釘	1
24818	木霊	1
24819	木魚	1
24820	未子	1
24821	未済	1
24822	未読	1
24823	未達	1
24824	末代	1
24825	末子	1
24826	末息子	1
24827	末日	1
24828	本ボシ	1
24829	本事	1
24830	本代	1
24831	本元	1
24832	本初	1
24833	本営	1
24834	本塁	1
24835	本学	1
24836	本局	1
24837	本年	1
24838	本庄	1
24839	本懐	1
24840	本所	1
24841	本文	1
24842	本末	1
24843	本漬け	1
24844	本絹	1
24845	本腰	1
24846	本訴	1
24847	本論	1
24848	本通り	1
24849	本陣	1
24850	本面	1
24851	本革	1
24852	本願	1
24853	术	1
24854	杂技	1
24855	杆体	1
24856	杉並	1
24857	杏	1
24858	村井	1
24859	村境	1
24860	村山	1
24861	村祭り	1
24862	杖	1
24863	条線	1
24864	来夏	1
24865	来季	1
24866	来歴	1
24867	来社	1
24868	来船	1
24869	来院	1
24870	来館	1
24871	東スポ	1
24872	東勝	1
24873	東北東	1
24874	東向き	1
24875	東塔	1
24876	東壁	1
24877	東奔	1
24878	東宝	1
24879	東屋	1
24880	東校	1
24881	東武	1
24882	東池袋	1
24883	東海林	1
24884	東海道	1
24885	東証	1
24886	東館	1
24887	松かさ	1
24888	松井	1
24889	松山	1
24890	松岡	1
24891	松崎	1
24892	松果	1
24893	松浦	1
24894	松齢	1
24895	板張り	1
24896	板金	1
24897	极限	1
24898	枕	1
24899	枕投げ	1
24900	林家	1
24901	林業	1
24902	果し合い	1
24903	果てる	1
24904	果断	1
24905	枠取り	1
24906	枠組	1
24907	枪	1
24908	枯木	1
24909	架台	1
24910	架線	1
24911	某	1
24912	某日	1
24913	染	1
24914	染め上げる	1
24915	染め物	1
24916	查	1
24917	柱石	1
24918	柳原	1
24919	査収	1
24920	査読	1
24921	栃木	1
24922	栄司	1
24923	栄治	1
24924	栄進	1
24925	栄達	1
24926	栗毛	1
24927	栗色	1
24928	校歌	1
24929	校生	1
24930	样消	1
24931	核果	1
24932	核種	1
24933	根付け	1
24934	根強い	1
24935	根比べ	1
24936	根競べ	1
24937	格	1
24938	格納	1
24939	格調	1
24940	桃	1
24941	桃源	1
24942	桐	1
24943	桶屋	1
24944	梅本	1
24945	梶	1
24946	检	1
24947	棄	1
24948	棍棒	1
24949	棒術	1
24950	棘	1
24951	棚	1
24952	森	1
24953	森戸	1
24954	森番	1
24955	棺桶	1
24956	椀	1
24957	植林	1
24958	植毛	1
24959	植生	1
24960	植芝	1
24961	検便	1
24962	検尿	1
24963	楊子	1
24964	楔形	1
24965	業物	1
24966	極々	1
24967	極め付け	1
24968	極域	1
24969	極性	1
24970	極点	1
24971	楽ちん	1
24972	楽める	1
24973	楽チン	1
24974	楽長	1
24975	楽隊	1
24976	概説	1
24977	概論	1
24978	榖物	1
24979	榴	1
24980	槍投げ	1
24981	槍術	1
24982	樋山	1
24983	権兵衛	1
24984	横やり	1
24985	横ヤリ	1
24986	横乗り	1
24987	横列	1
24988	横木	1
24989	横溢	1
24990	横穴	1
24991	横笛	1
24992	横筋	1
24993	横腹	1
24994	横薙ぎ	1
24995	樹	1
24996	樹状	1
24997	樹種	1
24998	橋下	1
24999	橋口	1
25000	橙色	1
25001	機具	1
25002	機制	1
25003	機外	1
25004	機微	1
25005	機智	1
25006	機運	1
25007	橿	1
25008	橿内	1
25009	檀	1
25010	櫃	1
25011	櫑声	1
25012	櫑所	1
25013	櫓	1
25014	欄間	1
25015	次亜	1
25016	次点	1
25017	欢	1
25018	欲しい	1
25019	款	1
25020	歇尔	1
25021	歉和	1
25022	歉在	1
25023	歌いあげる	1
25024	歌い踊る	1
25025	止す	1
25026	止水	1
25027	正しい	1
25028	正八	1
25029	正宗	1
25030	正対	1
25031	正就	1
25032	正弦	1
25033	正時	1
25034	正朝	1
25035	正極	1
25036	正犯	1
25037	正絹	1
25038	正脈	1
25039	正説	1
25040	正路	1
25041	正鵠	1
25042	武宏	1
25043	武技	1
25044	武松	1
25045	武漢	1
25046	武神	1
25047	武藤	1
25048	武警	1
25049	武鉉	1
25050	武骨	1
25051	歩む	1
25052	歩美	1
25053	歯向える	1
25054	歲月	1
25055	歴々	1
25056	死がい	1
25057	死ねる	1
25058	死出	1
25059	死生	1
25060	死相	1
25061	残物	1
25062	殴りあう	1
25063	殴殺	1
25064	段取	1
25065	段落	1
25066	殺そ	1
25067	殺りく	1
25068	殻	1
25069	毅	1
25070	母代わり	1
25071	母妻	1
25072	母家	1
25073	母心	1
25074	母指	1
25075	母牛	1
25076	母系	1
25077	毎々	1
25078	毎夏	1
25079	毎夕	1
25080	毒死	1
25081	比丘	1
25082	比肩	1
25083	毘沙門	1
25084	毛	1
25085	毛ガニ	1
25086	毛並	1
25087	毛生え	1
25088	毛羽	1
25089	毟る	1
25090	氏神	1
25091	民友	1
25092	民心	1
25093	民放	1
25094	民政	1
25095	民活	1
25096	民謡	1
25097	民需	1
25098	気がね	1
25099	気つけ	1
25100	気まづい	1
25101	気らく	1
25102	気位	1
25103	気儘	1
25104	気功	1
25105	気勢	1
25106	気嚢	1
25107	気心	1
25108	気狂	1
25109	気立て	1
25110	気脈	1
25111	気転	1
25112	気遣わしい	1
25113	水あげ	1
25114	水かき	1
25115	水切れ	1
25116	水利	1
25117	水割	1
25118	水原	1
25119	水害	1
25120	水屋	1
25121	水川	1
25122	水彩	1
25123	水心	1
25124	水性	1
25125	水戸	1
25126	水拭き	1
25127	水掛け	1
25128	水洗い	1
25129	水浴	1
25130	水浸	1
25131	水溜まり	1
25132	水瓶	1
25133	水生	1
25134	水痘	1
25135	水簾	1
25136	水耕	1
25137	水連	1
25138	水量	1
25139	水鏡	1
25140	水音	1
25141	水頭	1
25142	水風呂	1
25143	氷原	1
25144	氷面	1
25145	永い	1
25146	永世	1
25147	永和	1
25148	永治	1
25149	汀	1
25150	決まりごと	1
25151	決め事	1
25152	決裁	1
25153	決選	1
25154	沒	1
25155	沒事	1
25156	沒入	1
25157	沒在	1
25158	沒談	1
25159	沖	1
25160	沟通	1
25161	没取	1
25162	没年	1
25163	没後	1
25164	没食	1
25165	沫	1
25166	河中	1
25167	河向こう	1
25168	河底	1
25169	河畔	1
25170	河系	1
25171	河豚	1
25172	沸き立つ	1
25173	沸点	1
25174	油	1
25175	油分	1
25176	油送	1
25177	油麻地	1
25178	治せる	1
25179	治平	1
25180	沼	1
25181	沿線	1
25182	泉	1
25183	法事	1
25184	法名	1
25185	法要	1
25186	法話	1
25187	波浪	1
25188	波状	1
25189	波立つ	1
25190	波間	1
25191	波頭	1
25192	泣き事	1
25193	泣き付ける	1
25194	泣き入る	1
25195	泥	1
25196	泥仕合	1
25197	泥岩	1
25198	泥川	1
25199	注ぎ入れる	1
25200	注ぐ	1
25201	注記	1
25202	泰子	1
25203	泳ぎ	1
25204	泳ぐ	1
25205	洋	1
25206	洋服	1
25207	洋楽	1
25208	洋風	1
25209	洋館	1
25210	洗いあげる	1
25211	洗口	1
25212	洗顔	1
25213	洛	1
25214	津山	1
25215	津川	1
25216	活かす	1
25217	活き活き	1
25218	活況	1
25219	派出	1
25220	流れくる	1
25221	流下	1
25222	流失	1
25223	流水	1
25224	流汗	1
25225	流沙河	1
25226	流言	1
25227	流露	1
25228	浄土	1
25229	浅井	1
25230	测玩	1
25231	浑	1
25232	浑身	1
25233	浜崎	1
25234	浜風	1
25235	浦東	1
25236	浩一	1
25237	浩一郎	1
25238	浪	1
25239	浮ぶ	1
25240	浮力	1
25241	浮沈	1
25242	浴	1
25243	浴用	1
25244	海千	1
25245	海産	1
25246	海老原	1
25247	海陸	1
25248	海雲台	1
25249	消散	1
25250	消波	1
25251	液面	1
25252	淫行	1
25253	深し	1
25254	深まり	1
25255	深める	1
25256	深傷	1
25257	深剃り	1
25258	深更	1
25259	深水	1
25260	深謀	1
25261	深酔い	1
25262	淳	1
25263	淳二	1
25264	淳治	1
25265	混じりあう	1
25266	混じり物	1
25267	混ぜあわせる	1
25268	混ぜる	1
25269	混和	1
25270	添え状	1
25271	添乗	1
25272	清ら	1
25273	清子	1
25274	清川	1
25275	清新	1
25276	清涼	1
25277	清源	1
25278	清祥	1
25279	清貧	1
25280	済州	1
25281	渉	1
25282	渋井	1
25283	渋面	1
25284	渗	1
25285	減光	1
25286	減圧	1
25287	減数	1
25288	減殺	1
25289	減産	1
25290	渡りあう	1
25291	渡河	1
25292	渣都	1
25293	温室	1
25294	温州	1
25295	測	1
25296	測り知る	1
25297	測位	1
25298	測地	1
25299	測度	1
25300	測深	1
25301	港川	1
25302	渾然	1
25303	湧き立つ	1
25304	湯上り	1
25305	湾域	1
25306	湿り気	1
25307	湿原	1
25308	満座	1
25309	満面	1
25310	源三	1
25311	源八	1
25312	源内	1
25313	源太	1
25314	源太郎	1
25315	溜り場	1
25316	溶化	1
25317	溺れ死	1
25318	溺神	1
25319	滑石	1
25320	滔々	1
25321	滝川	1
25322	滴定	1
25323	滿	1
25324	漁協	1
25325	漁民	1
25326	漁火	1
25327	漏	1
25328	漏れ聞こえる	1
25329	漏水	1
25330	演习	1
25331	演吧	1
25332	演着	1
25333	演舞	1
25334	漕ぎ手	1
25335	漢王	1
25336	潟	1
25337	潮	1
25338	潼	1
25339	澤	1
25340	澳	1
25341	激アツ	1
25342	激太り	1
25343	激突	1
25344	激高	1
25345	濑	1
25346	濯	1
25347	瀝青	1
25348	瀬口	1
25349	灌	1
25350	灌水	1
25351	灘高	1
25352	火付	1
25353	火付け	1
25354	火刑	1
25355	火口	1
25356	火炉	1
25357	火祭り	1
25358	火縄	1
25359	火鍋	1
25360	灯光	1
25361	灰白	1
25362	炒る	1
25363	点的	1
25364	烈日	1
25365	烈火	1
25366	烏	1
25367	烏江	1
25368	热呼	1
25369	無くなる	1
25370	無主	1
25371	無体	1
25372	無冠	1
25373	無動	1
25374	無帽	1
25375	無手	1
25376	無水	1
25377	無産	1
25378	無税	1
25379	無節	1
25380	無糖	1
25381	無鉛	1
25382	無間	1
25383	無電	1
25384	無響	1
25385	無駄づかい	1
25386	無駄働き	1
25387	焦げ	1
25388	焼き	1
25389	焼き上がり	1
25390	焼き刃	1
25391	焼き殺し	1
25392	焼き物	1
25393	焼き目	1
25394	焼き直し	1
25395	煉	1
25396	煌々	1
25397	照り	1
25398	照り付ける	1
25399	照れ隠し	1
25400	照星	1
25401	照査	1
25402	照門	1
25403	煮付け	1
25404	煽り立てる	1
25405	熊五郎	1
25406	熔岩	1
25407	熔接	1
25408	熟視	1
25409	熱流	1
25410	熱風	1
25411	燃焼	1
25412	燕京	1
25413	燧石	1
25414	爵	1
25415	父王	1
25416	爾後	1
25417	片上	1
25418	片付き	1
25419	片山	1
25420	片手間	1
25421	版画	1
25422	牌	1
25423	牙城	1
25424	牛一	1
25425	牛女	1
25426	牛山	1
25427	牛群	1
25428	牢	1
25429	牧	1
25430	牧者	1
25431	物おじ	1
25432	物かげ	1
25433	物ごい	1
25434	物づくり	1
25435	物入れ	1
25436	物売り	1
25437	物干し	1
25438	物悲しい	1
25439	物惜しみ	1
25440	物慣れる	1
25441	物持ち	1
25442	物欲しい	1
25443	物界	1
25444	物盗り	1
25445	物語る	1
25446	牵	1
25447	牵连	1
25448	特上	1
25449	特待	1
25450	特措	1
25451	特損	1
25452	特撮	1
25453	特盛	1
25454	特立	1
25455	特約	1
25456	特記	1
25457	特設	1
25458	特認	1
25459	特賞	1
25460	特長	1
25461	特電	1
25462	特需	1
25463	犬連れ	1
25464	犯則	1
25465	状况	1
25466	狂い	1
25467	狂喜	1
25468	狂風	1
25469	狩	1
25470	狩野	1
25471	独り子	1
25472	独り暮らし	1
25473	独り言	1
25474	独唱	1
25475	独女	1
25476	独居	1
25477	独擅	1
25478	独楽	1
25479	独演	1
25480	独眼	1
25481	独禁	1
25482	狭義	1
25483	狮子	1
25484	狼女	1
25485	猟	1
25486	猟人	1
25487	猟期	1
25488	猫屋敷	1
25489	猫殺し	1
25490	猶	1
25491	猿回し	1
25492	獄門	1
25493	獣人	1
25494	玄米	1
25495	玉入れ	1
25496	玉川	1
25497	玉手	1
25498	王命	1
25499	王城	1
25500	王弟	1
25501	王笏	1
25502	王領	1
25503	玩水	1
25504	环境	1
25505	珠実	1
25506	現人	1
25507	現今	1
25508	球児	1
25509	球団	1
25510	球戯	1
25511	球技	1
25512	理恵子	1
25513	理数	1
25514	理知	1
25515	琉球	1
25516	瑞々しい	1
25517	環流	1
25518	瓜	1
25519	瓶	1
25520	甘えっ子	1
25521	甘栗	1
25522	生々	1
25523	生き	1
25524	生き延びれる	1
25525	生き急ぐ	1
25526	生き神	1
25527	生き霊	1
25528	生き馬	1
25529	生け花	1
25530	生ごみ	1
25531	生まれ育ち	1
25532	生ガキ	1
25533	生乾き	1
25534	生傷	1
25535	生唾	1
25536	生子	1
25537	生延びる	1
25538	生時	1
25539	生月	1
25540	生殺	1
25541	生水	1
25542	生温い	1
25543	生温か	1
25544	生焼き	1
25545	生煮え	1
25546	生生	1
25547	生茂	1
25548	生薬	1
25549	生起	1
25550	生足	1
25551	生長	1
25552	生霊	1
25553	産み月	1
25554	産声	1
25555	産廃	1
25556	産湯	1
25557	産道	1
25558	用器	1
25559	用地	1
25560	田代	1
25561	田崎	1
25562	田植え	1
25563	田舎娘	1
25564	田辺	1
25565	田雁	1
25566	由佳	1
25567	申し伝える	1
25568	申し送り	1
25569	申す	1
25570	申入れ	1
25571	申命	1
25572	电	1
25573	电话	1
25574	男っ気	1
25575	男客	1
25576	男運	1
25577	町づくり	1
25578	町名	1
25579	町営	1
25580	町巡り	1
25581	町歩き	1
25582	画商	1
25583	画法	1
25584	画角	1
25585	畑	1
25586	留め置き	1
25587	留め置く	1
25588	留金	1
25589	畢業	1
25590	略取	1
25591	略図	1
25592	番外	1
25593	番頭	1
25594	異	1
25595	異境	1
25596	異業	1
25597	異聞	1
25598	當	1
25599	疇	1
25600	疇配	1
25601	疑い	1
25602	疼	1
25603	痃	1
25604	病い	1
25605	病中	1
25606	病型	1
25607	病害虫	1
25608	病弊	1
25609	病症	1
25610	病苦	1
25611	瘻	1
25612	癇癪	1
25613	癒合	1
25614	発がん	1
25615	発刊	1
25616	発受	1
25617	発奮	1
25618	発毛	1
25619	発禁	1
25620	発艦	1
25621	発話	1
25622	発語	1
25623	発議	1
25624	登	1
25625	登下校	1
25626	登園	1
25627	登城	1
25628	登壇	1
25629	登攀	1
25630	登頂	1
25631	發現	1
25632	白々	1
25633	白うさぎ	1
25634	白なまず	1
25635	白タク	1
25636	白ブタ	1
25637	白リン	1
25638	白化	1
25639	白地	1
25640	白塗り	1
25641	白宝	1
25642	白桃	1
25643	白樺	1
25644	白王	1
25645	白癡	1
25646	白砂	1
25647	白粉	1
25648	白系	1
25649	白組	1
25650	白襟	1
25651	白質	1
25652	白軍	1
25653	白酢	1
25654	白銀	1
25655	白髪染め	1
25656	白髭	1
25657	的はずれ	1
25658	的当て	1
25659	的野	1
25660	皆学	1
25661	皆生	1
25662	皇国	1
25663	皿	1
25664	盆	1
25665	盗賊	1
25666	盛りあげる	1
25667	盛り下げる	1
25668	盛り分ける	1
25669	盛り場	1
25670	盛上がり	1
25671	盛平	1
25672	盛次	1
25673	監	1
25674	盤台	1
25675	盤石	1
25676	盤面	1
25677	盪	1
25678	目がける	1
25679	目くばせ	1
25680	目じるし	1
25681	目だし	1
25682	目の玉	1
25683	目やに	1
25684	目付	1
25685	目地	1
25686	目尻	1
25687	目差	1
25688	目指す	1
25689	目掛ける	1
25690	目深	1
25691	目測	1
25692	目潰し	1
25693	目白押し	1
25694	目盛	1
25695	目立て	1
25696	目端	1
25697	目算	1
25698	目茶目茶	1
25699	目蓋	1
25700	目覚め	1
25701	目近	1
25702	目送	1
25703	目通し	1
25704	目醒める	1
25705	目釘	1
25706	直せる	1
25707	直一	1
25708	直中	1
25709	直交	1
25710	直営	1
25711	直噴	1
25712	直子	1
25713	直弼	1
25714	直心	1
25715	直志	1
25716	直毛	1
25717	直筋	1
25718	直轄	1
25719	直送	1
25720	直配	1
25721	相楽	1
25722	相生	1
25723	相馬	1
25724	省察	1
25725	眈々	1
25726	県内外	1
25727	県民	1
25728	真っ	1
25729	真っ直	1
25730	真先	1
25731	真宗	1
25732	真情	1
25733	真意	1
25734	真東	1
25735	真王	1
25736	真直	1
25737	真知	1
25738	真西	1
25739	真近	1
25740	眼	1
25741	眼下	1
25742	眼睛	1
25743	着がえ	1
25744	着付	1
25745	着剣	1
25746	着底	1
25747	着座	1
25748	着払い	1
25749	着替	1
25750	着脱	1
25751	瞒	1
25752	瞠目	1
25753	矣	1
25754	知育	1
25755	知良	1
25756	知覧	1
25757	知謀	1
25758	矩	1
25759	石けり	1
25760	石こう	1
25761	石つぶて	1
25762	石倉	1
25763	石屋	1
25764	石底	1
25765	石斧	1
25766	石材	1
25767	石窯	1
25768	石組み	1
25769	石造	1
25770	砂岩	1
25771	砒素	1
25772	研ぎ上げる	1
25773	砕石	1
25774	砥石	1
25775	砲	1
25776	砲車	1
25777	破壊	1
25778	破天荒	1
25779	破線	1
25780	础	1
25781	硝石	1
25782	硬	1
25783	硬式	1
25784	硬水	1
25785	确令	1
25786	碇	1
25787	碟	1
25788	碧	1
25789	碰上	1
25790	確変	1
25791	確率	1
25792	確言	1
25793	磁	1
25794	磁界	1
25795	磯部	1
25796	礎石	1
25797	示し合わす	1
25798	示差	1
25799	礼物	1
25800	社主	1
25801	社保	1
25802	社債	1
25803	社則	1
25804	社史	1
25805	社団	1
25806	社報	1
25807	社有	1
25808	社訓	1
25809	社風	1
25810	祐	1
25811	神だのみ	1
25812	神代	1
25813	神体	1
25814	神使	1
25815	神保町	1
25816	神像	1
25817	神判	1
25818	神前	1
25819	神力	1
25820	神意	1
25821	神技	1
25822	神棚	1
25823	神池	1
25824	神知	1
25825	神童	1
25826	神論	1
25827	神道	1
25828	神隠し	1
25829	祥	1
25830	票田	1
25831	禄	1
25832	禍々しい	1
25833	福利	1
25834	福州	1
25835	福浦	1
25836	福神	1
25837	秀作	1
25838	秀愛	1
25839	秀歌	1
25840	秀行	1
25841	私人	1
25842	私兵	1
25843	私大	1
25844	私言	1
25845	秋口	1
25846	秋号	1
25847	秋物	1
25848	秋色	1
25849	科捜研	1
25850	秒	1
25851	秒数	1
25852	秘事	1
25853	秘境	1
25854	秤量	1
25855	称する	1
25856	称呼	1
25857	称讃	1
25858	移し替え	1
25859	移り変わり	1
25860	移り気	1
25861	移ろい	1
25862	移同	1
25863	移开	1
25864	移矛	1
25865	程よい	1
25866	程近い	1
25867	種別	1
25868	種取り	1
25869	種痘	1
25870	種蒔	1
25871	稱名	1
25872	稲光	1
25873	稲本	1
25874	稿料	1
25875	穀類	1
25876	穂高	1
25877	積み残し	1
25878	積む	1
25879	積層	1
25880	積込める	1
25881	穏	1
25882	穏和	1
25883	穣	1
25884	穫る	1
25885	究	1
25886	究める	1
25887	究竟	1
25888	空い	1
25889	空きビン	1
25890	空っけつ	1
25891	空ろ	1
25892	空似	1
25893	空位	1
25894	空圧	1
25895	空地	1
25896	空威張り	1
25897	空屋	1
25898	空撮	1
25899	空樽	1
25900	空燃	1
25901	空瓶	1
25902	空疎	1
25903	空目	1
25904	空笑い	1
25905	空船	1
25906	空言	1
25907	空陸	1
25908	空隙	1
25909	空雷	1
25910	空頼み	1
25911	突きあたる	1
25912	突き上げ	1
25913	突き合わせ	1
25914	突き通る	1
25915	窃盗	1
25916	窒化	1
25917	窒言	1
25918	窓	1
25919	窓下	1
25920	窪地	1
25921	窮	1
25922	立ちあえる	1
25923	立ちあがる	1
25924	立ちすくみ	1
25925	立ちむかう	1
25926	立ち上る	1
25927	立ち下がり	1
25928	立ち入る	1
25929	立ち向える	1
25930	立ち振舞	1
25931	立ち替わり	1
25932	立ち木	1
25933	立ち止まる	1
25934	立ち読み	1
25935	立ち返る	1
25936	立てかける	1
25937	立て掛け	1
25938	立て込み	1
25939	立上げ	1
25940	立位	1
25941	立像	1
25942	立前	1
25943	立去る	1
25944	立合い	1
25945	立寄り	1
25946	立者	1
25947	立脚	1
25948	立膝	1
25949	立退	1
25950	立食	1
25951	竜一	1
25952	竜太郎	1
25953	竜宮	1
25954	竜王	1
25955	童	1
25956	童女	1
25957	端整	1
25958	端点	1
25959	競い合う	1
25960	競り落す	1
25961	競演	1
25962	競艇	1
25963	競輪	1
25964	竹	1
25965	竹千代	1
25966	竹原	1
25967	竹山	1
25968	竹製	1
25969	笑い者	1
25970	笑止	1
25971	笛吹	1
25972	笛吹き	1
25973	符丁	1
25974	筆使い	1
25975	等号	1
25976	等圧	1
25977	等方	1
25978	筋交い	1
25979	筋原	1
25980	筏	1
25981	筏下り	1
25982	筧	1
25983	简直	1
25984	箒	1
25985	算入	1
25986	算式	1
25987	算術	1
25988	箝口	1
25989	管外	1
25990	管弦	1
25991	管路	1
25992	箱作り	1
25993	箱車	1
25994	節回し	1
25995	節操	1
25996	節気	1
25997	節理	1
25998	篭める	1
25999	米びつ	1
26000	米人	1
26001	米代	1
26002	米山	1
26003	米沢	1
26004	米米	1
26005	米飯	1
26006	类来	1
26007	粒度	1
26008	粗大	1
26009	粗布	1
26010	粗金	1
26011	粗面	1
26012	粗食	1
26013	粘	1
26014	粘り気	1
26015	粘度	1
26016	粥	1
26017	精密	1
26018	精選	1
26019	糖	1
26020	糖度	1
26021	糸	1
26022	糸引	1
26023	系譜	1
26024	紀陽	1
26025	紅	1
26026	紅茶	1
26027	納谷	1
26028	紐解	1
26029	紐解ける	1
26030	純	1
26031	純子	1
26032	純水	1
26033	純理	1
26034	純白	1
26035	紙製	1
26036	級数	1
26037	素っ気	1
26038	素描	1
26039	素潜り	1
26040	素肌	1
26041	素通し	1
26042	紡ぎ合わせる	1
26043	索具	1
26044	累積	1
26045	累計	1
26046	細則	1
26047	細川	1
26048	終わり	1
26049	終演	1
26050	組み合う	1
26051	組み込み	1
26052	組員	1
26053	組手	1
26054	組踊	1
26055	経国	1
26056	経常	1
26057	経文	1
26058	経絡	1
26059	結う	1
26060	結実	1
26061	結審	1
26062	結着	1
26063	結約	1
26064	結索	1
26065	結紮	1
26066	結香	1
26067	絞	1
26068	絞め殺す	1
26069	絞りあげる	1
26070	絞り取る	1
26071	絡める	1
26072	給	1
26073	給う	1
26074	統帥	1
26075	統語	1
26076	絵師	1
26077	絵書き	1
26078	絵面	1
26079	絵馬	1
26080	絶好	1
26081	絶後	1
26082	絹	1
26083	継ぎ接ぎ	1
26084	継ぐ	1
26085	継手	1
26086	継電	1
26087	続発	1
26088	綠	1
26089	綿入れ	1
26090	綿球	1
26091	緋色	1
26092	総がかり	1
26093	総ざらい	1
26094	総ナメ	1
26095	総評	1
26096	総説	1
26097	緑組	1
26098	緑葉	1
26099	緑野	1
26100	緑青	1
26101	緒戦	1
26102	緖	1
26103	線分	1
26104	線引	1
26105	線描	1
26106	線毛	1
26107	線画	1
26108	線虫	1
26109	締めあげる	1
26110	編修	1
26111	編物	1
26112	編組	1
26113	練	1
26114	練り直す	1
26115	練達	1
26116	縁組み	1
26117	縞馬	1
26118	縦列	1
26119	縦線	1
26120	縦読み	1
26121	縫いあわす	1
26122	縫い上げ	1
26123	縫い合せる	1
26124	縫う	1
26125	縫物	1
26126	縫目	1
26127	總	1
26128	織りあげる	1
26129	織り上げる	1
26130	織工	1
26131	约	1
26132	纪念	1
26133	纪録	1
26134	纯	1
26135	纳	1
26136	纸	1
26137	终究	1
26138	经理	1
26139	经由	1
26140	结界	1
26141	绘制	1
26142	给在	1
26143	给我	1
26144	络在	1
26145	统向	1
26146	继	1
26147	绿色	1
26148	编成	1
26149	缩	1
26150	网	1
26151	网上	1
26152	罪作り	1
26153	罪過	1
26154	置き物	1
26155	罰条	1
26156	罵り	1
26157	罵倒	1
26158	罵声	1
26159	羅生	1
26160	美しくも	1
26161	美品	1
26162	美嘉	1
26163	美島	1
26164	美川	1
26165	美弥子	1
26166	美星	1
26167	美猴	1
26168	美脚	1
26169	美辞	1
26170	群馬	1
26171	義人	1
26172	義実	1
26173	義憤	1
26174	義歯	1
26175	羽越	1
26176	習作	1
26177	習字	1
26178	習志野	1
26179	習癖	1
26180	老将	1
26181	老年	1
26182	老木	1
26183	考える	1
26184	而且	1
26185	而止	1
26186	而死	1
26187	耐力	1
26188	耐水	1
26189	耐用	1
26190	耕運	1
26191	耳無	1
26192	耳目	1
26193	耶	1
26194	聊死	1
26195	职	1
26196	职业	1
26197	聖櫃	1
26198	聖父	1
26199	聖画	1
26200	聖痕	1
26201	聞える	1
26202	聞きかじり	1
26203	聞き忘れ	1
26204	聞き流し	1
26205	聞き納め	1
26206	聞き耳	1
26207	聞分け	1
26208	聞老	1
26209	聞込み	1
26210	聯	1
26211	聴	1
26212	聴き取り	1
26213	聴き比べる	1
26214	聴視	1
26215	職分	1
26216	職安	1
26217	聽過	1
26218	肉付き	1
26219	肉付け	1
26220	肉感	1
26221	肌質	1
26222	肘	1
26223	肩	1
26224	育つ	1
26225	育み	1
26226	育休	1
26227	育英	1
26228	肺葉	1
26229	胃	1
26230	背高	1
26231	胎動	1
26232	胖	1
26233	胞	1
26234	胡	1
26235	胴あげ	1
26236	胴上げ	1
26237	胴部	1
26238	能化	1
26239	能行	1
26240	脂身	1
26241	脅	1
26242	脅し	1
26243	脇	1
26244	脈々	1
26245	脈理	1
26246	脑	1
26247	脖	1
26248	脚力	1
26249	脚立	1
26250	脛当て	1
26251	脱離	1
26252	腐	1
26253	腐葉	1
26254	腕足	1
26255	腫れ上る	1
26256	腰上げ	1
26257	腰布	1
26258	腱	1
26259	腸	1
26260	腸内	1
26261	腹上	1
26262	腹症	1
26263	腹立つ	1
26264	腹黒	1
26265	膝下	1
26266	膣外	1
26267	臥位	1
26268	臨検	1
26269	自から	1
26270	自ずから	1
26271	自刃	1
26272	自利	1
26273	自嘲	1
26274	自噴	1
26275	自戒	1
26276	自炊	1
26277	自署	1
26278	自邸	1
26279	自隊	1
26280	臭味	1
26281	至当	1
26282	致	1
26283	致死傷	1
26284	臼井	1
26285	興信	1
26286	興産	1
26287	興言	1
26288	興醒め	1
26289	興隆	1
26290	舊	1
26291	舌戦	1
26292	舐着	1
26293	舒服	1
26294	舗石	1
26295	舗装	1
26296	舟人	1
26297	航程	1
26298	般若	1
26299	船井	1
26300	船用	1
26301	船艦	1
26302	艘	1
26303	艦外	1
26304	艦戦	1
26305	艦齢	1
26306	良作	1
26307	良導	1
26308	良書	1
26309	良美	1
26310	色いろ	1
26311	色つや	1
26312	色め	1
26313	色事	1
26314	色使い	1
26315	色味	1
26316	色変え	1
26317	色変わり	1
26318	色女	1
26319	色形	1
26320	色欲	1
26321	色紙	1
26322	色覚	1
26323	色調	1
26324	艾	1
26325	芦屋	1
26326	花代	1
26327	花月	1
26328	花車	1
26329	芳	1
26330	芸	1
26331	芸大	1
26332	芸州	1
26333	芽	1
26334	苛めっ子	1
26335	若い衆	1
26336	若作り	1
26337	若木	1
26338	苦	1
26339	苦学	1
26340	苦楽	1
26341	英俊	1
26342	英彦	1
26343	英明	1
26344	英機	1
26345	英王	1
26346	英米	1
26347	英紙	1
26348	英貨	1
26349	英領	1
26350	茂則	1
26351	茄子	1
26352	茎	1
26353	茶系	1
26354	草	1
26355	草々	1
26356	草山	1
26357	草葉	1
26358	草野	1
26359	荒れ野	1
26360	荒事	1
26361	荒唐	1
26362	荒布	1
26363	荒業	1
26364	荒目	1
26365	荘園	1
26366	荣	1
26367	荷	1
26368	荷役	1
26369	荷揚げ	1
26370	荷積	1
26371	荷運び	1
26372	莱因	1
26373	華代	1
26374	華北	1
26375	营	1
26376	萩原	1
26377	萩本	1
26378	萬	1
26379	落し入れる	1
26380	落後	1
26381	落書	1
26382	落月	1
26383	落着き	1
26384	落石	1
26385	落語	1
26386	葉巻き	1
26387	葉掘り	1
26388	葉身	1
26389	葉酸	1
26390	蒙	1
26391	蒙古	1
26392	蒲	1
26393	蒲田	1
26394	蒸し風呂	1
26395	蓋	1
26396	蓋然	1
26397	蓮華	1
26398	蔵	1
26399	蕗	1
26400	蕴	1
26401	薄手	1
26402	薄青	1
26403	薙二	1
26404	薪	1
26405	薬中	1
26406	薬事	1
26407	薬店	1
26408	薯	1
26409	藁	1
26410	藝術	1
26411	藤川	1
26412	藥	1
26413	藩内	1
26414	藹々	1
26415	蘆田	1
26416	蘇州	1
26417	蘭	1
26418	蘭領	1
26419	虎一	1
26420	虎視	1
26421	虚報	1
26422	虚実	1
26423	虚数	1
26424	虛	1
26425	虫食い	1
26426	蛇使い	1
26427	蛇女	1
26428	蛇行	1
26429	蜂	1
26430	蜜	1
26431	蜜月	1
26432	蝶形	1
26433	蝶結び	1
26434	融着	1
26435	血戦	1
26436	衆議	1
26437	行きがけ	1
26438	行き交う	1
26439	行き倒れ	1
26440	行き帰り	1
26441	行くえ	1
26442	行伝	1
26443	行幸	1
26444	行李	1
26445	行楽	1
26446	行水	1
26447	行脚	1
26448	行道	1
26449	術数	1
26450	術策	1
26451	街々	1
26452	街並	1
26453	街並み	1
26454	街場	1
26455	衡量	1
26456	衣	1
26457	衣装	1
26458	表われ	1
26459	表側	1
26460	表出	1
26461	表口	1
26462	表地	1
26463	表決	1
26464	袋入り	1
26465	被り物	1
26466	袭	1
26467	袭只	1
26468	袭来	1
26469	裁ちばさみ	1
26470	装丁	1
26471	装弾	1
26472	裏向き	1
26473	裏声	1
26474	裏山	1
26475	裏書	1
26476	裏書き	1
26477	裕美	1
26478	補てん	1
26479	補る	1
26480	補記	1
26481	補遺	1
26482	補題	1
26483	補食	1
26484	裡	1
26485	裸女	1
26486	裸木	1
26487	裸馬	1
26488	製塩	1
26489	製番	1
26490	製糖	1
26491	製靴	1
26492	裾上げ	1
26493	複利	1
26494	複式	1
26495	複葉	1
26496	襄	1
26497	襟元	1
26498	襪	1
26499	西南	1
26500	西域	1
26501	西壁	1
26502	西川	1
26503	西平	1
26504	西施	1
26505	西望	1
26506	西条	1
26507	西河	1
26508	西瓜	1
26509	西田	1
26510	西端	1
26511	西行	1
26512	西走	1
26513	要一	1
26514	要心	1
26515	要撃	1
26516	要用	1
26517	要衝	1
26518	要覧	1
26519	要諦	1
26520	覇	1
26521	覇王	1
26522	見せ合える	1
26523	見れる	1
26524	見下す	1
26525	見分ける	1
26526	見回す	1
26527	見得	1
26528	見応え	1
26529	見映え	1
26530	見殺す	1
26531	見目	1
26532	見開く	1
26533	規正	1
26534	規程	1
26535	視差	1
26536	視座	1
26537	覚え書き	1
26538	親しめる	1
26539	親ぼく	1
26540	親和	1
26541	親娘	1
26542	親心	1
26543	親書	1
26544	親水	1
26545	親猫	1
26546	親豚	1
26547	観劇	1
26548	観音	1
26549	覿面	1
26550	见死	1
26551	见面	1
26552	观	1
26553	观火	1
26554	视	1
26555	解き放つ	1
26556	解的	1
26557	解脱	1
26558	触れる	1
26559	触れ合える	1
26560	言いまわし	1
26561	言いよどむ	1
26562	言い分け	1
26563	言い含める	1
26564	言い変える	1
26565	言い替え	1
26566	言い直す	1
26567	言い知れる	1
26568	言い返す	1
26569	言づけ	1
26570	言上	1
26571	言渡し	1
26572	言葉使い	1
26573	言葉少な	1
26574	言葉尻	1
26575	言辞	1
26576	計理	1
26577	訓令	1
26578	記法	1
26579	訣別	1
26580	訪英	1
26581	許	1
26582	許しあえる	1
26583	許多	1
26584	訳者	1
26585	診	1
26586	診立て	1
26587	評点	1
26588	試演	1
26589	試金	1
26590	詩情	1
26591	詩歌	1
26592	詩神	1
26593	詩聖	1
26594	詭計	1
26595	話しあえる	1
26596	話し声	1
26597	話し手	1
26598	認め合える	1
26599	誓	1
26600	誘い	1
26601	語り伝え	1
26602	語り口	1
26603	語り合える	1
26604	語り継ぐ	1
26605	語り聞く	1
26606	語り草	1
26607	語気	1
26608	誠一郎	1
26609	誤信	1
26610	誤植	1
26611	誤用	1
26612	誤記	1
26613	説ける	1
26614	読みかえる	1
26615	読みかけ	1
26616	読みとる	1
26617	読み出し	1
26618	読み合わせ	1
26619	読み直し	1
26620	読み進める	1
26621	読売	1
26622	読後	1
26623	読本	1
26624	読点	1
26625	読誦	1
26626	課	1
26627	課業	1
26628	調布	1
26629	調音	1
26630	談合	1
26631	論客	1
26632	論戦	1
26633	論敵	1
26634	論法	1
26635	論語	1
26636	論述	1
26637	諦念	1
26638	諫言	1
26639	諸州	1
26640	諸手	1
26641	諸般	1
26642	諸行	1
26643	諸表	1
26644	諸説	1
26645	諾々	1
26646	謀計	1
26647	謂	1
26648	謄本	1
26649	謙十郎	1
26650	講	1
26651	講読	1
26652	謝	1
26653	識	1
26654	譚	1
26655	譛代	1
26656	警め	1
26657	警ら	1
26658	警固	1
26659	警邏	1
26660	譬	1
26661	譲与	1
26662	變	1
26663	认定	1
26664	训练	1
26665	讯	1
26666	讲	1
26667	许可	1
26668	论	1
26669	访	1
26670	证	1
26671	诉	1
26672	话	1
26673	话和	1
26674	话现	1
26675	话算	1
26676	话请	1
26677	该	1
26678	语	1
26679	语和	1
26680	诱引	1
26681	说了	1
26682	说客	1
26683	说念	1
26684	说是	1
26685	说来	1
26686	说神	1
26687	说算	1
26688	请交	1
26689	请多	1
26690	请教	1
26691	课	1
26692	谁来	1
26693	谁都	1
26694	调查	1
26695	谓	1
26696	谢	1
26697	谷口	1
26698	谷沿い	1
26699	豆科	1
26700	豊	1
26701	象徵	1
26702	象眼	1
26703	豪州	1
26704	貎	1
26705	貞	1
26706	財物	1
26707	貢	1
26708	貧富	1
26709	貨	1
26710	販	1
26711	販路	1
26712	貰る	1
26713	貴い	1
26714	買い主	1
26715	買付	1
26716	貸し手	1
26717	貼りあわせる	1
26718	貼り着ける	1
26719	貼る	1
26720	貼付け	1
26721	賃	1
26722	資機材	1
26723	資財	1
26724	賢太	1
26725	賢太郎	1
26726	賤民	1
26727	質実	1
26728	質的	1
26729	賭事	1
26730	賭金	1
26731	贅	1
26732	贅肉	1
26733	负责	1
26734	败在	1
26735	贩子	1
26736	贵族	1
26737	费	1
26738	费用	1
26739	资源	1
26740	赋予	1
26741	赌上	1
26742	赌命	1
26743	赔	1
26744	赖	1
26745	赞	1
26746	赞成	1
26747	赠送	1
26748	赤光	1
26749	赤味	1
26750	赤土	1
26751	赤城	1
26752	赤白	1
26753	赤組	1
26754	赤褐	1
26755	赤西	1
26756	赤金	1
26757	走り降りる	1
26758	走力	1
26759	赶来	1
26760	起き上がり	1
26761	起き出る	1
26762	起し	1
26763	起す	1
26764	起原	1
26765	起工	1
26766	起重	1
26767	超然	1
26768	超硬	1
26769	足しあわせる	1
26770	足つき	1
26771	足上げ	1
26772	足代	1
26773	足先	1
26774	足回り	1
26775	足慣らし	1
26776	足技	1
26777	足早	1
26778	足止	1
26779	足洗	1
26780	足癖	1
26781	足長	1
26782	跟上	1
26783	跟情	1
26784	跟着	1
26785	跟那	1
26786	跡	1
26787	跡取	1
26788	跪	1
26789	路銀	1
26790	跳ね上げ	1
26791	跳び下りる	1
26792	踏み付け	1
26793	踏み超える	1
26794	踏起	1
26795	蹄	1
26796	身ごろ	1
26797	身じろぎ	1
26798	身もだえ	1
26799	身傷	1
26800	身嗜み	1
26801	身悶え	1
26802	身持ち	1
26803	躲在	1
26804	車づくり	1
26805	車台	1
26806	車寄	1
26807	車座	1
26808	車扱い	1
26809	車窓	1
26810	車速	1
26811	車間	1
26812	軌条	1
26813	軍勢	1
26814	軍歌	1
26815	軍港	1
26816	軍略	1
26817	軍神	1
26818	軍配	1
26819	軍門	1
26820	軟調	1
26821	転位	1
26822	転出	1
26823	転子	1
26824	転寝	1
26825	転桁索	1
26826	転置	1
26827	転調	1
26828	軸	1
26829	軽井沢	1
26830	軽挙	1
26831	較正	1
26832	載積	1
26833	輝度	1
26834	輝点	1
26835	輪投げ	1
26836	轟々	1
26837	轢き殺す	1
26838	轢殺	1
26839	转来	1
26840	轻	1
26841	辉	1
26842	输	1
26843	辛味	1
26844	辰年	1
26845	農兵	1
26846	辺り	1
26847	辺地	1
26848	込める	1
26849	达	1
26850	达那	1
26851	辿り付く	1
26852	迄	1
26853	过世	1
26854	过分	1
26855	过呢	1
26856	过嘛	1
26857	过是	1
26858	过还	1
26859	迎接	1
26860	运	1
26861	运般	1
26862	近世	1
26863	近似	1
26864	近在	1
26865	近森	1
26866	近江	1
26867	近海	1
26868	近間	1
26869	返報	1
26870	返書	1
26871	返電	1
26872	还	1
26873	还太	1
26874	还没	1
26875	还算	1
26876	还要	1
26877	这个	1
26878	这么	1
26879	这句	1
26880	这可	1
26881	这条	1
26882	这种	1
26883	这般	1
26884	进入	1
26885	进展	1
26886	进行	1
26887	进食	1
26888	连接	1
26889	迫り合い	1
26890	追	1
26891	追々	1
26892	追い出る	1
26893	追い回す	1
26894	追い手	1
26895	追行	1
26896	追金	1
26897	退出	1
26898	退所	1
26899	退避	1
26900	退部	1
26901	送りこめる	1
26902	送り付ける	1
26903	送り出し	1
26904	送出	1
26905	送别	1
26906	送到	1
26907	送気	1
26908	送油	1
26909	送球	1
26910	送血	1
26911	适可	1
26912	逆回し	1
26913	逆推	1
26914	逆用	1
26915	逆送	1
26916	逆風	1
26917	选	1
26918	选手	1
26919	透き間	1
26920	透明	1
26921	透水	1
26922	途次	1
26923	這い回る	1
26924	這木	1
26925	這身	1
26926	通い合う	1
26927	通せる	1
26928	通せんぼ	1
26929	通り抜ける	1
26930	通り越す	1
26931	通り雨	1
26932	通史	1
26933	通園	1
26934	通天	1
26935	通暁	1
26936	通水	1
26937	通謀	1
26938	逝	1
26939	速歩	1
26940	速読	1
26941	造りあげる	1
26942	造りかえる	1
26943	造り出す	1
26944	造り変える	1
26945	造り替える	1
26946	造物	1
26947	造血	1
26948	連写	1
26949	連呼	1
26950	連番	1
26951	連立	1
26952	連繋	1
26953	逮捕	1
26954	週報	1
26955	進ちょく	1
26956	進境	1
26957	進度	1
26958	遅々	1
26959	遅参	1
26960	遇	1
26961	遇到	1
26962	遊動	1
26963	遊離	1
26964	運休	1
26965	運指	1
26966	過料	1
26967	過日	1
26968	過疎	1
26969	道二	1
26970	道徳	1
26971	道教	1
26972	道行き	1
26973	達ゃ	1
26974	達司	1
26975	達平	1
26976	達筆	1
26977	遗属	1
26978	遙	1
26979	遠	1
26980	遠い	1
26981	遠来	1
26982	遠視	1
26983	遡行	1
26984	遣い	1
26985	遣り口	1
26986	遣る	1
26987	遣る気	1
26988	遥	1
26989	適地	1
26990	適時	1
26991	選りわける	1
26992	選対	1
26993	選局	1
26994	選鉱	1
26995	選集	1
26996	遺作	1
26997	避	1
26998	邀	1
26999	還付	1
27000	還能	1
27001	那須	1
27002	邦画	1
27003	邪推	1
27004	邪教	1
27005	邪気	1
27006	邸	1
27007	郞	1
27008	郡代	1
27009	郡司	1
27010	郡部	1
27011	部内	1
27012	部名	1
27013	郭清	1
27014	郷田	1
27015	都留	1
27016	都落ち	1
27017	都銀	1
27018	都電	1
27019	鄉	1
27020	酉年	1
27021	配する	1
27022	配乗	1
27023	配員	1
27024	配球	1
27025	酒造	1
27026	酔	1
27027	酔い	1
27028	酷	1
27029	酸	1
27030	醫	1
27031	里程	1
27032	重人	1
27033	重層	1
27034	重来	1
27035	重水	1
27036	重油	1
27037	重用	1
27038	重畳	1
27039	重砲	1
27040	重税	1
27041	重罰	1
27042	重臣	1
27043	重苦	1
27044	重重	1
27045	野ウサギ	1
27046	野ブタ	1
27047	野中	1
27048	野川	1
27049	野放図	1
27050	野次	1
27051	野花	1
27052	野薔薇	1
27053	野豚	1
27054	量定	1
27055	金ぴか	1
27056	金め	1
27057	金一	1
27058	金入れ	1
27059	金冷	1
27060	金切	1
27061	金券	1
27062	金剛	1
27063	金包	1
27064	金回り	1
27065	金型	1
27066	金城	1
27067	金山	1
27068	金岩	1
27069	金帰	1
27070	金床	1
27071	金張り	1
27072	金権	1
27073	金欲	1
27074	金箔	1
27075	金縁	1
27076	金蔵	1
27077	金行	1
27078	金製	1
27079	金谷	1
27080	金運	1
27081	金鋸	1
27082	釜	1
27083	針	1
27084	釣り師	1
27085	鈍足	1
27086	鉄クズ	1
27087	鉄屑	1
27088	鉄網	1
27089	鉄鎚	1
27090	鉄馬	1
27091	鉛	1
27092	鉛筆	1
27093	鉢	1
27094	鉱	1
27095	鉱工業	1
27096	銀塩	1
27097	銀杯	1
27098	銀歯	1
27099	銀玉	1
27100	銀皿	1
27101	銀紙	1
27102	銃兵	1
27103	銃手	1
27104	銃隊	1
27105	銅賞	1
27106	銘文	1
27107	鋭気	1
27108	鋳掛	1
27109	鋳鉄	1
27110	鋼	1
27111	鋼線	1
27112	鋼製	1
27113	錆	1
27114	錆び取り	1
27115	錨	1
27116	鍛え	1
27117	鍺	1
27118	鎌手	1
27119	鎖帷子	1
27120	鎧戸	1
27121	鏡台	1
27122	鐘声	1
27123	鑑	1
27124	针	1
27125	钟声	1
27126	钱	1
27127	長命	1
27128	長屋	1
27129	長文	1
27130	長調	1
27131	长成	1
27132	門歯	1
27133	門衛	1
27134	閉口	1
27135	閉校	1
27136	開らける	1
27137	開創	1
27138	開墾	1
27139	開局	1
27140	開度	1
27141	開式	1
27142	開心	1
27143	開所	1
27144	開架	1
27145	開校	1
27146	開祖	1
27147	開脚	1
27148	開襟	1
27149	開院	1
27150	開館	1
27151	間下	1
27152	間借り	1
27153	間口	1
27154	間夫	1
27155	間延び	1
27156	間断	1
27157	間遠	1
27158	間野	1
27159	間間	1
27160	関ヶ原	1
27161	関白	1
27162	関越	1
27163	閣	1
27164	閥	1
27165	閲読	1
27166	闊達	1
27167	闖入	1
27168	门	1
27169	门来	1
27170	闭	1
27171	问	1
27172	间要	1
27173	闹	1
27174	队是	1
27175	防ぎ止める	1
27176	防さび	1
27177	防勢	1
27178	防塵	1
27179	防炎	1
27180	防爆	1
27181	防風	1
27182	阿南	1
27183	阿里	1
27184	附合	1
27185	附着	1
27186	附近	1
27187	陆	1
27188	降り立つ	1
27189	降旗	1
27190	降機	1
27191	降着	1
27192	降等	1
27193	降職	1
27194	降順	1
27195	限外	1
27196	除光	1
27197	除算	1
27198	陶工	1
27199	陸海軍	1
27200	隅	1
27201	隅田	1
27202	隈取	1
27203	隊商	1
27204	階	1
27205	階数	1
27206	随所	1
27207	随时	1
27208	隔世	1
27209	隠し持つ	1
27210	隣合わせ	1
27211	隣村	1
27212	难	1
27213	雁行	1
27214	雄馬	1
27215	雅号	1
27216	集成	1
27217	集権	1
27218	雇主	1
27219	雑事	1
27220	雑味	1
27221	雑布	1
27222	雑木	1
27223	雑物	1
27224	雙置	1
27225	雛	1
27226	離れ技	1
27227	離島	1
27228	離席	1
27229	離床	1
27230	離断	1
27231	離昇	1
27232	難色	1
27233	難行	1
27234	雨月	1
27235	雨降り	1
27236	雪深い	1
27237	雷	1
27238	雷光	1
27239	雷同	1
27240	雷帝	1
27241	雷電	1
27242	雹	1
27243	電場	1
27244	電導	1
27245	電通	1
27246	霊力	1
27247	霊域	1
27248	霊歌	1
27249	霊神	1
27250	霜天	1
27251	霧深い	1
27252	露営	1
27253	靂田	1
27254	青あざ	1
27255	青み	1
27256	青カビ	1
27257	青印	1
27258	青姦	1
27259	青島	1
27260	青梅	1
27261	青痣	1
27262	青組	1
27263	青草	1
27264	青菜	1
27265	青葉台	1
27266	青虫	1
27267	青褪める	1
27268	青豆	1
27269	青髭	1
27270	青黒	1
27271	静山	1
27272	静物	1
27273	静音	1
27274	非婚	1
27275	非戦	1
27276	非核	1
27277	非鉄	1
27278	靠	1
27279	面する	1
27280	面妖	1
27281	面皮	1
27282	面詰	1
27283	革	1
27284	靴店	1
27285	鞘取	1
27286	音合わせ	1
27287	音圧	1
27288	音感	1
27289	音素	1
27290	韻律	1
27291	頁岩	1
27292	頂部	1
27293	順平	1
27294	須田	1
27295	預かり物	1
27296	預入	1
27297	預水	1
27298	預計	1
27299	頓馬	1
27300	領民	1
27301	頬	1
27302	頭分	1
27303	頭骨	1
27304	頼り	1
27305	題	1
27306	顎	1
27307	顔見世	1
27308	顕現	1
27309	願	1
27310	顧	1
27311	顶	1
27312	顶星	1
27313	顺就	1
27314	预测	1
27315	领还	1
27316	颗星	1
27317	额外	1
27318	風吹	1
27319	風呂あがり	1
27320	風呂釜	1
27321	風土	1
27322	風塵	1
27323	風当り	1
27324	風待ち	1
27325	風格	1
27326	風疹	1
27327	風防	1
27328	風雪	1
27329	風雲	1
27330	風靡	1
27331	風音	1
27332	颱風	1
27333	飛び上がり	1
27334	飛降りる	1
27335	飞起	1
27336	食あたり	1
27337	食いとめる	1
27338	食い下がる	1
27339	食い残す	1
27340	食い荒らす	1
27341	食い詰める	1
27342	食い足りる	1
27343	食える	1
27344	食する	1
27345	食べかけ	1
27346	食べごろ	1
27347	食べ応え	1
27348	食る	1
27349	食分	1
27350	食虫	1
27351	飲	1
27352	飲み合わせ	1
27353	飴	1
27354	飴屋	1
27355	飴色	1
27356	飼	1
27357	飼い殺し	1
27358	飼主	1
27359	飼葉	1
27360	飽きあき	1
27361	飽き足りる	1
27362	養	1
27363	養老	1
27364	養親	1
27365	饰演	1
27366	饿死	1
27367	馆	1
27368	首下	1
27369	首先	1
27370	首座	1
27371	香具師	1
27372	香川	1
27373	香調	1
27374	馬丁	1
27375	馬代	1
27376	馬山	1
27377	馬番	1
27378	馬草	1
27379	馬齢	1
27380	馳せ参ずる	1
27381	馴れ合い	1
27382	駄本	1
27383	駅舎	1
27384	駅長	1
27385	駆引き	1
27386	駐	1
27387	駐停車	1
27388	駐屯	1
27389	駐日	1
27390	駿河	1
27391	騎行	1
27392	騒	1
27393	驶座	1
27394	驾	1
27395	骨休め	1
27396	骨太	1
27397	骨格	1
27398	骨身	1
27399	骨量	1
27400	髄質	1
27401	高かい	1
27402	高井戸	1
27403	高光	1
27404	高域	1
27405	高堂	1
27406	高山	1
27407	高岡	1
27408	高張	1
27409	高楼	1
27410	高田馬場	1
27411	高空	1
27412	高説	1
27413	高調	1
27414	高遠	1
27415	高野	1
27416	高麗	1
27417	髪	1
27418	鬼	1
27419	鬼気	1
27420	鬼高	1
27421	魂消る	1
27422	魔宮	1
27423	魔性	1
27424	魔族	1
27425	魔球	1
27426	魚信	1
27427	魚群	1
27428	鰐	1
27429	鱗状	1
27430	鱚	1
27431	鳥人	1
27432	鳥目	1
27433	鶤三	1
27434	鷲足	1
27435	鸟	1
27436	鸟在	1
27437	鸟找	1
27438	麓	1
27439	麗	1
27440	麗水	1
27441	麦作	1
27442	麹町	1
27443	麻実	1
27444	黄体	1
27445	黄味	1
27446	黄金色	1
27447	黎	1
27448	黑	1
27449	黒々	1
27450	黒アザ	1
27451	黒山	1
27452	黒星	1
27453	黒歌	1
27454	黒白	1
27455	黒部	1
27456	黒馬	1
27457	黙読	1
27458	鼠	1
27459	鼻下	1
27460	鼻音	1
27461	齊	1
27462	齟	1
27463	齧	1
27464	龍	1
27465	１人ひとり	1
27466	２人乗り	1
27467	ｼｬｲアー	1
