kanji,joyo_index,heisig_number,strokes,grade,slug,keyword_id,keyword,story,on_reading,kun_readings,category,k_code,joyo_rank,radical,radical_index,stroke_group,unicode,svg_file,reserved1,reserved2,status,lesson_start,lesson_end,book_number,image,display_keyword
一,41,1,1,1,one,one,one,イチ、イツ,ひと、ひと-つ,joyo,K0041,41,1,3,1,U4E00,04e00.svg,,,draft,41–60,koi.png,,,, 
二,1577,2,2,1,two,two,two,ニ,ふた、ふた-つ,joyo,K1577,1577,4,79,17,U4E8C,04e8c.svg,,,draft,1561–1580,bamboo.png,,,, 
三,744,3,3,1,three,three,three,サン,み、み-つ、みっ-つ,joyo,K0744,744,2,38,4,U4E09,04e09.svg,,,draft,741–760,castle.png,,,, 
四,767,4,5,1,four,four,four,シ,よ、よ-つ、よっ-つ、よん,joyo,K0767,767,2,39,7,U56DB,056db.svg,,,draft,761–780,koi.png,,,, 
五,576,5,4,1,five,five,five,ゴ,いつ、いつ-つ,joyo,K0576,576,2,29,16,U4E94,04e94.svg,,,draft,561–580,mountain.png,,,, 
六,2125,6,4,1,six,six,six,ロク,む、む-つ、むっ-つ、（むい）,joyo,K2125,2125,5,107,5,U516D,0516d.svg,,,draft,2121–2140,mountain.png,,,, 
七,829,7,2,1,seven,seven,seven,シチ,なな、なな-つ、（なの）,joyo,K0829,829,2,42,9,U4E03,04e03.svg,,,draft,821–840,tree.png,,,, 
八,1647,8,2,1,eight,eight,eight,ハチ,や、や-つ、やっ-つ、（よう）,joyo,K1647,1647,4,83,7,U516B,0516b.svg,,,draft,1641–1660,mountain.png,,,, 
九,359,9,2,1,nine,nine,nine,キュウ、ク,ここの、ここの-つ,joyo,K0359,359,1,18,19,U4E5D,04e5d.svg,,,draft,341–360,tree.png,,,, 
十,907,10,2,1,ten,ten,ten,ジュウ、ジッ,とお、と,joyo,K0907,907,2,46,7,U5341,05341.svg,,,draft,901–920,kujira.png,,,, 
口,587,11,3,1,mouth,mouth,mouth,コウ、ク,くち,joyo,K0587,587,2,30,7,U53E3,053e3.svg,,,draft,581–600,tree.png,,,, 
日,1583,12,4,1,day,day,day,ニチ、ジツ,ひ、か,joyo,K1583,1583,4,80,3,U65E5,065e5.svg,,,draft,1581–1600,castle.png,,,, 
月,513,13,4,1,month,month,month,ゲツ、ガツ,つき,joyo,K0513,513,2,26,13,U6708,06708.svg,,,draft,501–520,castle.png,,,, 
田,1480,14,5,1,rice_field,rice field,ricefield,デン,た,joyo,K1480,1480,3,74,20,U7530,07530.svg,,,draft,1461–1480,castle.png,,,, 
目,1947,15,5,1,eye,eye,eye,モク、（ボク）,め、（ま）,joyo,K1947,1947,4,98,7,U76EE,076ee.svg,,,draft,1941–1960,castle.png,,,, 
古,559,16,5,2,old,old,old,コ,ふる-い、ふる-す,joyo,K0559,559,2,28,19,U53E4,053e4.svg,,,draft,541–560,kujira.png,,,, 
吾,NA,17,7,H,i,I,i,ゴ,わーが,heisig_extra,heisig_extra,K2137,2137,5,107,17,U543E,u543e.svg,,,draft,2121–2140,mountain.png,,, 
冒,1862,18,9,S,risk,risk,risk,ボウ,おか-す,joyo,K1862,1862,4,94,2,U5192,05192.svg,,,draft,1861–1880,kujira.png,,,, 
朋,NA,19,8,H,companion,companion,companion,,,heisig_extra,heisig_extra,K2138,2138,5,107,18,U670B,u670b.svg,,,draft,2121–2140,mountain.png,,, 
明,1928,20,8,2,bright,bright,bright,メイ、ミョウ,あ-かり、あか-るい、あか-るむ、あか-らむ、あき-らか、あ-ける、あ-く、あ-くる、あ-かす,joyo,K1928,1928,4,97,8,U660E,0660e.svg,,,draft,1921–1940,bamboo.png,,,, 
唱,981,21,11,4,chant,chant,chant,ショウ,とな-える,joyo,K0981,981,2,50,1,U5531,05531.svg,,,draft,981–1000,castle.png,,,, 
晶,989,22,12,S,sparkle,sparkle,sparkle,ショウ,,joyo,K0989,989,2,50,9,U6676,06676.svg,,,draft,981–1000,castle.png,,,, 
品,1729,23,9,3,goods,goods,goods,ヒン,しな,joyo,K1729,1729,4,87,9,U54C1,054c1.svg,,,draft,1721–1740,koi.png,,,, 
呂,2110,24,7,S,spine,spine,spine,ロ,,joyo,K2110,2110,5,106,10,U5442,05442.svg,,,draft,2101–2120,kujira.png,,,, 
昌,NA,25,8,H,prosperous,prosperous,prosperous,,,heisig_extra,heisig_extra,K2139,2139,5,107,19,U660C,u660c.svg,,,draft,2121–2140,mountain.png,,, 
早,1219,26,6,1,early,early,early,ソウ、（サッ）,はや-い、はや-まる、はや-める,joyo,K1219,1219,3,61,19,U65E9,065e9.svg,,,draft,1201–1220,bamboo.png,,,, 
旭,NA,27,6,H,risingsun,rising sun,risingsun,,,heisig_extra,heisig_extra,K2140,2140,5,107,20,U65ED,u65ed.svg,,,draft,2121–2140,mountain.png,,, 
世,1105,28,5,3,generation,generation,generation,セイ、セ,よ,joyo,K1105,1105,3,56,5,U4E16,04e16.svg,,,draft,1101–1120,castle.png,,,, 
胃,25,29,9,6,stomach,stomach,stomach,イ,,joyo,K0025,25,1,2,5,U80C3,080c3.svg,,,draft,21–40,castle.png,,,, 
旦,1334,30,5,S,dawn,dawn,dawn,タン、ダン,,joyo,K1334,1334,3,67,14,U65E6,065e6.svg,,,draft,1321–1340,bamboo.png,,,, 
胆,1338,31,9,S,gall,gall bladder,gallbladder,タン,,joyo,K1338,1338,3,67,18,U80C6,080c6.svg,,,draft,1321–1340,bamboo.png,,,, 
亘,NA,32,6,H,span,span,span,,,heisig_extra,heisig_extra,K2141,2141,5,108,1,U4E98,u4e98.svg,,,draft,2141–2160,tree.png,,, 
凹,106,33,5,S,concave,concave,concave,オウ,,joyo,K0106,106,1,6,6,U51F9,051f9.svg,,,draft,101–120,tree.png,,,, 
凸,1558,34,5,S,convex,convex,convex,トツ,,joyo,K1558,1558,4,78,18,U51F8,051f8.svg,,,draft,1541–1560,tree.png,,,, 
旧,364,35,5,5,oldentimes,olden times,oldentimes,キュウ,,joyo,K0364,364,1,19,4,U65E7,065e7.svg,,,draft,361–380,bamboo.png,,,, 
自,811,36,6,2,oneself,oneself,oneself,ジ、シ,みずか-ら,joyo,K0811,811,2,41,11,U81EA,081ea.svg,,,draft,801–820,mountain.png,,,, 
白,1630,37,5,1,white,white,white,ハク、ビャク,しろ、（しら）、しろ-い,joyo,K1630,1630,4,82,10,U767D,0767d.svg,,,draft,1621–1640,kujira.png,,,, 
百,1716,38,6,1,hundred,hundred,hundred,ヒャク,,joyo,K1716,1716,4,86,16,U767E,0767e.svg,,,draft,1701–1720,castle.png,,,, 
中,1376,39,4,1,middle,middle,middle,チュウ、（ジュウ）,なか,joyo,K1376,1376,3,69,16,U4E2D,04e2d.svg,,,draft,1361–1380,koi.png,,,, 
千,1166,40,3,1,thousand,thousand,thousand,セン,ち,joyo,K1166,1166,3,59,6,U5343,05343.svg,,,draft,1161–1180,mountain.png,,,, 
舌,1164,41,6,6,tongue,tongue,tongue,ゼツ,した,joyo,K1164,1164,3,59,4,U820C,0820c.svg,,,draft,1161–1180,mountain.png,,,, 
升,960,42,4,S,measuringbox,measuring box,measuringbox,ショウ,ます,joyo,K0960,960,2,48,20,U5347,05347.svg,,,draft,941–960,tree.png,,,, 
昇,970,43,8,S,riseup,rise up,riseup,ショウ,のぼ-る,joyo,K0970,970,2,49,10,U6607,06607.svg,,,draft,961–980,bamboo.png,,,, 
丸,292,44,3,2,circle,round,circle,ガン,まる、まる-い、まる-める,joyo,K0292,292,1,15,12,U4E38,04e38.svg,,,draft,281–300,koi.png,,,, 
寸,1101,45,3,6,measurement,measurement,measurement,スン,,joyo,K1101,1101,3,56,1,U5BF8,05bf8.svg,,,draft,1101–1120,castle.png,,,, 
肘,1710,46,7,S,elbow,elbow,elbow,,ひじ,joyo,K1710,1710,4,86,10,U8098,08098.svg,,,draft,1701–1720,castle.png,,,, 
専,1172,47,9,6,specialty,specialty,specialty,セン,もっぱ-ら,joyo,K1172,1172,3,59,12,U5C02,05c02.svg,,,draft,1161–1180,mountain.png,,,, 
博,1637,48,12,4,doctor,Doctor,doctor,ハク、（バク）,,joyo,K1637,1637,4,82,17,U535A,0535a.svg,,,draft,1621–1640,kujira.png,,,, 
占,1169,49,5,S,fortunetelling,fortune-telling,fortunetelling,セン,し-める、うらな-う,joyo,K1169,1169,3,59,9,U5360,05360.svg,,,draft,1161–1180,mountain.png,,,, 
上,1009,50,3,1,up,up,up,ジョウ、（ショウ）,うえ、（うわ）、かみ、あ-げる、あ-がる、のぼ-る、のぼ-せる、のぼ-す,joyo,K1009,1009,3,51,9,U4E0A,04e0a.svg,,,draft,1001–1020,koi.png,,,, 
下,131,51,3,1,below,below,below,カ、ゲ,した、しも、もと、さ-げる、さ-がる、くだ-る、くだ-す、くだ-さる、お-ろす、お-りる,joyo,K0131,131,1,7,11,U4E0B,04e0b.svg,,,draft,121–140,bamboo.png,,,, 
卓,1321,52,8,S,eminent,eminent,eminent,タク,,joyo,K1321,1321,3,67,1,U5353,05353.svg,,,draft,1321–1340,bamboo.png,,,, 
朝,1406,53,12,2,morning,morning,morning,チョウ,あさ,joyo,K1406,1406,3,71,6,U671D,0671d.svg,,,draft,1401–1420,mountain.png,,,, 
嘲,1412,54,15,S,derision,derision,derision,チョウ,あざけ-る,joyo,K1412,1412,3,71,12,U5632,05632.svg,,,draft,1401–1420,mountain.png,,,, 
只,NA,55,5,H,only,only,only,,ただ,heisig_extra,heisig_extra,K2142,2142,5,108,2,U53EA,u53ea.svg,,,draft,2141–2160,tree.png,,, 
貝,196,56,7,1,shellfish,shellfish,shellfish,,かい,joyo,K0196,196,1,10,16,U8C9D,08c9d.svg,,,draft,181–200,kujira.png,,,, 
唄,62,57,10,S,popsong,pop song,popsong,,（うた）,joyo,K0062,62,1,4,2,U5504,05504.svg,,,draft,61–80,kujira.png,,,, 
貞,1446,58,9,S,virtue,virtue,virtue,テイ,,joyo,K1446,1446,3,73,6,U8C9E,08c9e.svg,,,draft,1441–1460,bamboo.png,,,, 
員,51,59,10,3,employee,employee,employee,イン,,joyo,K0051,51,1,3,11,U54E1,054e1.svg,,,draft,41–60,koi.png,,,, 
貼,1407,60,12,S,postabill,post a bill,postabill,チョウ,は-る,joyo,K1407,1407,3,71,7,U8CBC,08cbc.svg,,,draft,1401–1420,mountain.png,,,, 
見,516,61,7,1,see,see,see,ケン,み-る、み-える、み-せる,joyo,K0516,516,2,26,16,U898B,0898b.svg,,,draft,501–520,castle.png,,,, 
児,813,62,7,4,newbornbabe,newborn babe,newbornbabe,ジ、（ニ）,,joyo,K0813,813,2,41,13,U5150,05150.svg,,,draft,801–820,mountain.png,,,, 
元,545,63,4,2,beginning,beginning,beginning,ゲン、ガン,もと,joyo,K0545,545,2,28,5,U5143,05143.svg,,,draft,541–560,kujira.png,,,, 
頁,NA,64,9,H,page,page,page,,,heisig_extra,heisig_extra,K2143,2143,5,108,3,U9801,u9801.svg,,,draft,2141–2160,tree.png,,, 
頑,298,65,13,S,stubborn,stubborn,stubborn,ガン,,joyo,K0298,298,1,15,18,U9811,09811.svg,,,draft,281–300,koi.png,,,, 
凡,1889,66,3,S,mediocre,mediocre,mediocre,ボン、（ハン）,,joyo,K1889,1889,4,95,9,U51E1,051e1.svg,,,draft,1881–1900,mountain.png,,,, 
負,1747,67,9,3,defeat,defeat,defeat,フ,ま-ける、ま-かす、お-う,joyo,K1747,1747,4,88,7,U8CA0,08ca0.svg,,,draft,1741–1760,kujira.png,,,, 
万,1906,68,3,2,tenthousand,ten thousand,tenthousand,マン、バン,,joyo,K1906,1906,4,96,6,U4E07,04e07.svg,,,draft,1901–1920,tree.png,,,, 
句,446,69,5,5,phrase,phrase,phrase,ク,,joyo,K0446,446,1,23,6,U53E5,053e5.svg,,,draft,441–460,mountain.png,,,, 
肌,1646,70,6,S,texture,texture,texture,,はだ,joyo,K1646,1646,4,83,6,U808C,0808c.svg,,,draft,1641–1660,mountain.png,,,, 
旬,932,71,6,S,10dayperiod,10 day period,10dayperiod,ジュン、（シュン）,,joyo,K0932,932,2,47,12,U65EC,065ec.svg,,,draft,921–940,mountain.png,,,, 
勺,NA,72,3,H,ladle,ladle,ladle,,,heisig_extra,heisig_extra,K2144,2144,5,108,4,U52FA,u52fa.svg,,,draft,2141–2160,tree.png,,, 
的,1460,73,8,4,bullseye,bulls eye,bullseye,テキ,まと,joyo,K1460,1460,3,73,20,U7684,07684.svg,,,draft,1441–1460,bamboo.png,,,, 
首,869,74,9,2,neck,neck,neck,シュ,くび,joyo,K0869,869,2,44,9,U9996,09996.svg,,,draft,861–880,castle.png,,,, 
乙,124,75,1,S,fishguts,fish guts,fishguts,オツ,,joyo,K0124,124,1,7,4,U4E59,04e59.svg,,,draft,121–140,bamboo.png,,,, 
乱,2029,76,7,6,riot,riot,riot,ラン,みだ-れる、みだ-す,joyo,K2029,2029,5,102,9,U4E71,04e71.svg,,,draft,2021–2040,tree.png,,,, 
直,1418,77,8,2,straightaway,straightaway,straightaway,チョク、ジキ,ただ-ちに、なお-す、なお-る,joyo,K1418,1418,3,71,18,U76F4,076f4.svg,,,draft,1401–1420,mountain.png,,,, 
具,449,78,8,3,tool,tool,tool,グ,,joyo,K0449,449,1,23,9,U5177,05177.svg,,,draft,441–460,mountain.png,,,, 
真,1056,79,10,3,true,true,true,シン,ま,joyo,K1056,1056,3,53,16,U771F,0771f.svg,,,draft,1041–1060,mountain.png,,,, 
工,588,80,3,2,craft,craft,craft,コウ、ク,,joyo,K0588,588,2,30,8,U5DE5,05de5.svg,,,draft,581–600,tree.png,,,, 
左,682,81,5,1,left,left,left,サ,ひだり,joyo,K0682,682,2,35,2,U5DE6,05de6.svg,,,draft,681–700,mountain.png,,,, 
右,58,82,5,1,right,right,right,ウ、ユウ,みぎ,joyo,K0058,58,1,3,18,U53F3,053f3.svg,,,draft,41–60,koi.png,,,, 
有,1972,83,6,3,possess,possess,possess,ユウ、ウ,あ-る,joyo,K1972,1972,4,99,12,U6709,06709.svg,,,draft,1961–1980,koi.png,,,, 
賄,2131,84,13,S,bribe,bribe,bribe,ワイ,まかな-う,joyo,K2131,2131,5,107,11,U8CC4,08cc4.svg,,,draft,2121–2140,mountain.png,,,, 
貢,626,85,10,S,tribute,tribute,tribute,コウ、（ク）,みつ-ぐ,joyo,K0626,626,2,32,6,U8CA2,08ca2.svg,,,draft,621–640,castle.png,,,, 
項,638,86,12,S,paragraph,paragraph,paragraph,コウ,,joyo,K0638,638,2,32,18,U9805,09805.svg,,,draft,621–640,castle.png,,,, 
刀,1498,87,2,2,sword,sword,sword,トウ,かたな,joyo,K1498,1498,3,75,18,U5200,05200.svg,,,draft,1481–1500,koi.png,,,, 
刃,1071,88,3,S,blade,blade,blade,ジン,は,joyo,K1071,1071,3,54,11,U5203,05203.svg,,,draft,1061–1080,tree.png,,,, 
切,1154,89,4,2,cut,cut,cut,セツ、（サイ）,き-る、き-れる,joyo,K1154,1154,3,58,14,U5207,05207.svg,,,draft,1141–1160,kujira.png,,,, 
召,962,90,5,S,seduce,seduce,seduce,ショウ,め-す,joyo,K0962,962,2,49,2,U53EC,053ec.svg,,,draft,961–980,bamboo.png,,,, 
昭,973,91,9,3,shining,shining,shining,ショウ,,joyo,K0973,973,2,49,13,U662D,0662d.svg,,,draft,961–980,bamboo.png,,,, 
則,1265,92,9,5,rule,rule,rule,ソク,,joyo,K1265,1265,3,64,5,U5247,05247.svg,,,draft,1261–1280,kujira.png,,,, 
副,1767,93,11,4,vice,vice-,vice,フク,,joyo,K1767,1767,4,89,7,U526F,0526f.svg,,,draft,1761–1780,mountain.png,,,, 
別,1805,94,7,4,separate,separate,separate,ベツ,わか-れる,joyo,K1805,1805,4,91,5,U5225,05225.svg,,,draft,1801–1820,bamboo.png,,,, 
丁,1392,95,2,3,street,street,street,チョウ、テイ,,joyo,K1392,1392,3,70,12,U4E01,04e01.svg,,,draft,1381–1400,kujira.png,,,, 
町,1396,96,7,1,town,town,town,チョウ,まち,joyo,K1396,1396,3,70,16,U753A,0753a.svg,,,draft,1381–1400,kujira.png,,,, 
可,135,97,5,5,possible,possible,possible,カ,,joyo,K0135,135,1,7,15,U53EF,053ef.svg,,,draft,121–140,bamboo.png,,,, 
頂,1404,98,11,6,top,top,top,チョウ,いただ-く、いただき,joyo,K1404,1404,3,71,4,U9802,09802.svg,,,draft,1401–1420,mountain.png,,,, 
子,760,99,3,1,child,child,child,シ、ス,こ,joyo,K0760,760,2,38,20,U5B50,05b50.svg,,,draft,741–760,castle.png,,,, 
孔,591,100,4,S,cavity,cavity,cavity,コウ,,joyo,K0591,591,2,30,11,U5B54,05b54.svg,,,draft,581–600,tree.png,,,, 
了,2060,101,2,S,finish,finish,finish,リョウ,,joyo,K2060,2060,5,103,20,U4E86,04e86.svg,,,draft,2041–2060,bamboo.png,,,, 
女,952,102,3,1,woman,woman,woman,ジョ、ニョ、（ニョウ）,おんな、め,joyo,K0952,952,2,48,12,U5973,05973.svg,,,draft,941–960,tree.png,,,, 
好,600,103,6,4,fondof,fond of,fondof,コウ,この-む、す-く,joyo,K0600,600,2,30,20,U597D,0597d.svg,,,draft,581–600,tree.png,,,, 
如,953,104,6,S,likeness,likeness,likeness,ジョ、ニョ,,joyo,K0953,953,2,48,13,U5982,05982.svg,,,draft,941–960,tree.png,,,, 
母,1823,105,5,2,mother,mother,mother,ボ,はは,joyo,K1823,1823,4,92,3,U6BCD,06bcd.svg,,,draft,1821–1840,castle.png,,,, 
貫,262,106,11,S,pierce,pierce,pierce,カン,つらぬ-く,joyo,K0262,262,1,14,2,U8CAB,08cab.svg,,,draft,261–280,castle.png,,,, 
兄,469,107,5,2,older_brother,older brother,olderbrother,ケイ、（キョウ）,あに,joyo,K0469,469,1,24,9,U5144,05144.svg,,,draft,461–480,tree.png,,,, 
呪,878,108,8,S,curse,curse,curse,ジュ,のろ-う,joyo,K0878,878,2,44,18,U546A,0546a.svg,,,draft,861–880,castle.png,,,, 
克,657,109,7,S,overcome,overcome,overcome,コク,,joyo,K0657,657,2,33,17,U514B,0514b.svg,,,draft,641–660,koi.png,,,, 
小,959,110,3,1,small,small,small,ショウ,ちい-さい、こ、お,joyo,K0959,959,2,48,19,U5C0F,05c0f.svg,,,draft,941–960,tree.png,,,, 
少,961,111,4,2,few,few,few,ショウ,すく-ない、すこ-し,joyo,K0961,961,2,49,1,U5C11,05c11.svg,,,draft,961–980,bamboo.png,,,, 
大,1312,112,3,1,large,large,large,ダイ、タイ,おお、おお-きい、おお-いに,joyo,K1312,1312,3,66,12,U5927,05927.svg,,,draft,1301–1320,tree.png,,,, 
多,1285,113,6,2,many,many,many,タ,おお-い,joyo,K1285,1285,3,65,5,U591A,0591a.svg,,,draft,1281–1300,mountain.png,,,, 
夕,1138,114,3,1,evening,evening,evening,セキ,ゆう,joyo,K1138,1138,3,57,18,U5915,05915.svg,,,draft,1121–1140,koi.png,,,, 
汐,NA,115,6,H,eventide,eventide,eventide,,,heisig_extra,heisig_extra,K2145,2145,5,108,5,U6C50,u6c50.svg,,,draft,2141–2160,tree.png,,, 
外,197,116,5,2,outside,outside,outside,ガイ、ゲ,そと、ほか、はず-す、はず-れる,joyo,K0197,197,1,10,17,U5916,05916.svg,,,draft,181–200,kujira.png,,,, 
名,1926,117,6,1,name,name,name,メイ、ミョウ,な,joyo,K1926,1926,4,97,6,U540D,0540d.svg,,,draft,1921–1940,bamboo.png,,,, 
石,1140,118,5,1,stone,stone,stone,セキ、（シャク）、（コク）,いし,joyo,K1140,1140,3,57,20,U77F3,077f3.svg,,,draft,1121–1140,koi.png,,,, 
肖,966,119,7,S,resemblance,resemblance,resemblance,ショウ,,joyo,K0966,966,2,49,6,U8096,08096.svg,,,draft,961–980,bamboo.png,,,, 
硝,992,120,12,S,nitrate,nitrate,nitrate,ショウ,,joyo,K0992,992,2,50,12,U785D,0785d.svg,,,draft,981–1000,castle.png,,,, 
砕,698,121,9,S,smash,smash,smash,サイ,くだ-く、くだ-ける,joyo,K0698,698,2,35,18,U7815,07815.svg,,,draft,681–700,mountain.png,,,, 
砂,686,122,9,6,sand,sand,sand,サ、シャ,すな,joyo,K0686,686,2,35,6,U7802,07802.svg,,,draft,681–700,mountain.png,,,, 
妬,1486,123,8,S,jealousy,jealousy,jealousy,ト,ねた-む,joyo,K1486,1486,3,75,6,U59AC,059ac.svg,,,draft,1481–1500,koi.png,,,, 
削,724,124,9,S,plane,plane,plane,サク,けず-る,joyo,K0724,724,2,37,4,U524A,0524a.svg,,,draft,721–740,bamboo.png,,,, 
光,597,125,6,2,ray,ray,ray,コウ,ひか-る、ひかり,joyo,K0597,597,2,30,17,U5149,05149.svg,,,draft,581–600,tree.png,,,, 
太,1293,126,4,2,plump,plump,plump,タイ、タ,ふと-い、ふと-る,joyo,K1293,1293,3,65,13,U592A,0592a.svg,,,draft,1281–1300,mountain.png,,,, 
器,334,127,15,4,utensil,utensil,utensil,キ,うつわ,joyo,K0334,334,1,17,14,U5668,05668.svg,,,draft,321–340,mountain.png,,,, 
臭,892,128,9,S,stinking,stinking,stinking,シュウ,くさ-い、にお-う,joyo,K0892,892,2,45,12,U81ED,081ed.svg,,,draft,881–900,koi.png,,,, 
嗅,379,129,13,S,sniff,sniff,sniff,キュウ,か-ぐ,joyo,K0379,379,1,19,19,U55C5,055c5.svg,,,draft,361–380,bamboo.png,,,, 
妙,1917,130,7,S,exquisite,exquisite,exquisite,ミョウ,,joyo,K1917,1917,4,96,17,U5999,05999.svg,,,draft,1901–1920,tree.png,,,, 
省,1120,131,9,4,ministry,government ministry,ministry,セイ、ショウ,かえり-みる、はぶ-く,joyo,K1120,1120,3,56,20,U7701,07701.svg,,,draft,1101–1120,castle.png,,,, 
厚,614,132,9,5,thick,thick,thick,コウ,あつ-い,joyo,K0614,614,2,31,14,U539A,0539a.svg,,,draft,601–620,bamboo.png,,,, 
奇,310,133,8,S,strange,strange,strange,キ,,joyo,K0310,310,1,16,10,U5947,05947.svg,,,draft,301–320,kujira.png,,,, 
川,1167,134,3,1,river,river,river,セン,かわ,joyo,K1167,1167,3,59,7,U5DDD,05ddd.svg,,,draft,1161–1180,mountain.png,,,, 
州,885,135,6,3,state,state,state,シュウ,す,joyo,K0885,885,2,45,5,U5DDE,05dde.svg,,,draft,881–900,koi.png,,,, 
順,939,136,12,4,obey,obey,obey,ジュン,,joyo,K0939,939,2,47,19,U9806,09806.svg,,,draft,921–940,mountain.png,,,, 
水,1081,137,4,1,water,water,water,スイ,みず,joyo,K1081,1081,3,55,1,U6C34,06c34.svg,,,draft,1081–1100,bamboo.png,,,, 
氷,1717,138,5,3,ice,ice,ice,ヒョウ,こおり、ひ,joyo,K1717,1717,4,86,17,U6C37,06c37.svg,,,draft,1701–1720,castle.png,,,, 
永,68,139,5,5,eternity,eternity,eternity,エイ,なが-い,joyo,K0068,68,1,4,8,U6C38,06c38.svg,,,draft,61–80,kujira.png,,,, 
泉,1173,140,9,6,spring,spring,spring,セン,いずみ,joyo,K1173,1173,3,59,13,U6CC9,06cc9.svg,,,draft,1161–1180,mountain.png,,,, 
腺,1184,141,13,S,gland,gland,gland,セン,,joyo,K1184,1184,3,60,4,U817A,0817a.svg,,,draft,1181–1200,tree.png,,,, 
原,551,142,10,2,meadow,meadow,meadow,ゲン,はら,joyo,K0551,551,2,28,11,U539F,0539f.svg,,,draft,541–560,kujira.png,,,, 
願,300,143,19,4,petition,petition,petition,ガン,ねが-う,joyo,K0300,300,1,15,20,U9858,09858.svg,,,draft,281–300,koi.png,,,, 
泳,69,144,8,3,swim,swim,swim,エイ,およ-ぐ,joyo,K0069,69,1,4,9,U6CF3,06cf3.svg,,,draft,61–80,kujira.png,,,, 
沼,972,145,8,S,marsh,marsh,marsh,ショウ,ぬま,joyo,K0972,972,2,49,12,U6CBC,06cbc.svg,,,draft,961–980,bamboo.png,,,, 
沖,1379,146,7,4,opensea,open sea,opensea,チュウ,おき,joyo,K1379,1379,3,69,19,U6C96,06c96.svg,,,draft,1361–1380,koi.png,,,, 
汎,1660,147,6,S,pan,pan-,pan,ハン,,joyo,K1660,1660,4,83,20,U6C4E,06c4e.svg,,,draft,1641–1660,mountain.png,,,, 
江,601,148,6,S,creek,creek,creek,コウ,え,joyo,K0601,601,2,31,1,U6C5F,06c5f.svg,,,draft,601–620,bamboo.png,,,, 
汰,1286,149,7,S,cleanse,cleanse,cleanse,タ,,joyo,K1286,1286,3,65,6,U6C70,06c70.svg,,,draft,1281–1300,mountain.png,,,, 
汁,908,150,5,S,soup,soup,soup,ジュウ,しる,joyo,K0908,908,2,46,8,U6C41,06c41.svg,,,draft,901–920,kujira.png,,,, 
沙,684,151,7,S,grainsofsand,grains of sand,grainsofsand,サ,,joyo,K0684,684,2,35,4,U6C99,06c99.svg,,,draft,681–700,mountain.png,,,, 
潮,1413,152,15,6,tide,tide,tide,チョウ,しお,joyo,K1413,1413,3,71,13,U6F6E,06f6e.svg,,,draft,1401–1420,mountain.png,,,, 
源,555,153,13,6,source,source,source,ゲン,みなもと,joyo,K0555,555,2,28,15,U6E90,06e90.svg,,,draft,541–560,kujira.png,,,, 
活,234,154,9,2,lively,lively,lively,カツ,,joyo,K0234,234,1,12,14,U6D3B,06d3b.svg,,,draft,221–240,tree.png,,,, 
消,976,155,10,3,extinguish,extinguish,extinguish,ショウ,き-える、け-す,joyo,K0976,976,2,49,16,U6D88,06d88.svg,,,draft,961–980,bamboo.png,,,, 
況,402,156,8,S,condition,condition,condition,キョウ,,joyo,K0402,402,1,21,2,U6CC1,06cc1.svg,,,draft,401–420,koi.png,,,, 
河,142,157,8,5,largeriver,large river,largeriver,カ,かわ,joyo,K0142,142,1,8,2,U6CB3,06cb3.svg,,,draft,141–160,castle.png,,,, 
泊,1633,158,8,S,overnight,overnight,overnight,ハク,と-まる、と-める,joyo,K1633,1633,4,82,13,U6CCA,06cca.svg,,,draft,1621–1640,kujira.png,,,, 
湖,570,159,12,3,lake,lake,lake,コ,みずうみ,joyo,K0570,570,2,29,10,U6E56,06e56.svg,,,draft,561–580,mountain.png,,,, 
測,1270,160,12,5,fathom,fathom,fathom,ソク,はか-る,joyo,K1270,1270,3,64,10,U6E2C,06e2c.svg,,,draft,1261–1280,kujira.png,,,, 
土,1493,161,3,1,soil,soil,soil,ド、ト,つち,joyo,K1493,1493,3,75,13,U571F,0571f.svg,,,draft,1481–1500,koi.png,,,, 
吐,1485,162,6,S,spit,spit,spit,ト,は-く,joyo,K1485,1485,3,75,5,U5410,05410.svg,,,draft,1481–1500,koi.png,,,, 
圧,8,163,5,5,pressure,pressure,pressure,アツ,,joyo,K0008,8,1,1,8,U5727,05727.svg,,,draft,1–20,bamboo.png,,,, 
埼,716,164,11,4,cape,cape,cape,,（さい）[6],joyo,K0716,716,2,36,16,U57FC,057fc.svg,,,draft,701–720,tree.png,,,, 
垣,208,165,9,S,hedge,hedge,hedge,,かき,joyo,K0208,208,1,11,8,U57A3,057a3.svg,,,draft,201–220,mountain.png,,,, 
填,NA,166,13,H,inlay,inlay,inlay,,,heisig_extra,heisig_extra,K2146,2146,5,108,6,U586B,u586b.svg,,,draft,2141–2160,tree.png,,, 
圭,NA,167,6,H,squaredjewel,squared jewel,squaredjewel,,,heisig_extra,heisig_extra,K2147,2147,5,108,7,U572D,u572d.svg,,,draft,2141–2160,tree.png,,, 
封,1763,168,9,S,seal,seal,seal,フウ、ホウ,,joyo,K1763,1763,4,89,3,U5C01,05c01.svg,,,draft,1761–1780,mountain.png,,,, 
涯,201,169,11,S,horizon,horizon,horizon,ガイ,,joyo,K0201,201,1,11,1,U6DAF,06daf.svg,,,draft,201–220,mountain.png,,,, 
寺,808,170,6,2,temple,Buddhist temple,temple,ジ,てら,joyo,K0808,808,2,41,8,U5BFA,05bfa.svg,,,draft,801–820,mountain.png,,,, 
時,818,171,10,2,time,time,time,ジ,とき,joyo,K0818,818,2,41,18,U6642,06642.svg,,,draft,801–820,mountain.png,,,, 
均,430,172,7,5,level,level,level,キン,,joyo,K0430,430,1,22,10,U5747,05747.svg,,,draft,421–440,kujira.png,,,, 
火,133,173,4,1,fire,fire,fire,カ,ひ、（ほ）,joyo,K0133,133,1,7,13,U706B,0706b.svg,,,draft,121–140,bamboo.png,,,, 
炎,90,174,8,S,inflammation,inflammation,inflammation,エン,ほのお,joyo,K0090,90,1,5,10,U708E,0708e.svg,,,draft,81–100,mountain.png,,,, 
煩,1674,175,13,S,anxiety,anxiety,anxiety,ハン、（ボン）,わずら-う、わずら-わす,joyo,K1674,1674,4,84,14,U7169,07169.svg,,,draft,1661–1680,tree.png,,,, 
淡,1340,176,11,S,thin,thin,thin,タン,あわ-い,joyo,K1340,1340,3,67,20,U6DE1,06de1.svg,,,draft,1321–1340,bamboo.png,,,, 
灯,1500,177,6,4,lamp,lamp,lamp,トウ,ひ,joyo,K1500,1500,3,75,20,U706F,0706f.svg,,,draft,1481–1500,koi.png,,,, 
畑,1645,178,9,3,farm,farm,farm,,はた、はたけ,joyo,K1645,1645,4,83,5,U7551,07551.svg,,,draft,1641–1660,mountain.png,,,, 
災,695,179,7,5,disaster,disaster,disaster,サイ,わざわ-い,joyo,K0695,695,2,35,15,U707D,0707d.svg,,,draft,681–700,mountain.png,,,, 
灰,174,180,6,6,ashes,ashes,ashes,カイ,はい,joyo,K0174,174,1,9,14,U7070,07070.svg,,,draft,161–180,koi.png,,,, 
点,1475,181,9,2,point,point,point,テン,,joyo,K1475,1475,3,74,15,U70B9,070b9.svg,,,draft,1461–1480,castle.png,,,, 
照,999,182,13,4,illuminate,illuminate,illuminate,ショウ,て-る、て-らす、て-れる,joyo,K0999,999,2,50,19,U7167,07167.svg,,,draft,981–1000,castle.png,,,, 
魚,391,183,11,2,fish,fish,fish,ギョ,うお、さかな,joyo,K0391,391,1,20,11,U9B5A,09b5a.svg,,,draft,381–400,castle.png,,,, 
漁,393,184,14,4,fishing,fishing,fishing,ギョ、リョウ,,joyo,K0393,393,1,20,13,U6F01,06f01.svg,,,draft,381–400,castle.png,,,, 
里,2037,185,7,2,homevillage,home village,homevillage,リ,さと,joyo,K2037,2037,5,102,17,U91CC,091cc.svg,,,draft,2021–2040,tree.png,,,, 
黒,662,186,11,2,black,black,black,コク,くろ、くろ-い,joyo,K0662,662,2,34,2,U9ED2,09ed2.svg,,,draft,661–680,kujira.png,,,, 
墨,1881,187,14,S,blackink,black ink,blackink,ボク,すみ,joyo,K1881,1881,4,95,1,U58A8,058a8.svg,,,draft,1881–1900,mountain.png,,,, 
鯉,NA,188,18,H,carp,carp,carp,,,heisig_extra,heisig_extra,K2148,2148,5,108,8,U9BC9,u9bc9.svg,,,draft,2141–2160,tree.png,,, 
量,2067,189,12,4,quantity,quantity,quantity,リョウ,はか-る,joyo,K2067,2067,5,104,7,U91CF,091cf.svg,,,draft,2061–2080,castle.png,,,, 
厘,2077,190,9,S,thousandth,thousandth,thousandth,リン,,joyo,K2077,2077,5,104,17,U5398,05398.svg,,,draft,2061–2080,castle.png,,,, 
埋,1899,191,10,S,bury,bury,bury,マイ,う-める、う-まる、う-もれる,joyo,K1899,1899,4,95,19,U57CB,057cb.svg,,,draft,1881–1900,mountain.png,,,, 
同,1536,192,6,2,same,same,same,ドウ,おな-じ,joyo,K1536,1536,4,77,16,U540C,0540c.svg,,,draft,1521–1540,mountain.png,,,, 
洞,1537,193,9,S,den,den,den,ドウ,ほら,joyo,K1537,1537,4,77,17,U6D1E,06d1e.svg,,,draft,1521–1540,mountain.png,,,, 
胴,1538,194,10,S,trunk,trunk,trunk,ドウ,,joyo,K1538,1538,4,77,18,U80F4,080f4.svg,,,draft,1521–1540,mountain.png,,,, 
向,598,195,6,3,yonder,yonder,yonder,コウ,む-く、む-ける、む-かう、む-こう,joyo,K0598,598,2,30,18,U5411,05411.svg,,,draft,581–600,tree.png,,,, 
尚,967,196,8,S,esteem,esteem,esteem,ショウ,,joyo,K0967,967,2,49,7,U5C1A,05c1a.svg,,,draft,961–980,bamboo.png,,,, 
字,807,197,6,1,letter,letter,letter,ジ,あざ,joyo,K0807,807,2,41,7,U5B57,05b57.svg,,,draft,801–820,mountain.png,,,, 
守,865,198,6,3,guard,guard,guard,シュ、（ス）,まも-る、も-り,joyo,K0865,865,2,44,5,U5B88,05b88.svg,,,draft,861–880,castle.png,,,, 
完,252,199,7,4,complete,complete,complete,カン,,joyo,K0252,252,1,13,12,U5B8C,05b8c.svg,,,draft,241–260,bamboo.png,,,, 
宣,1171,200,9,6,proclaim,proclaim,proclaim,セン,,joyo,K1171,1171,3,59,11,U5BA3,05ba3.svg,,,draft,1161–1180,mountain.png,,,, 
宵,974,201,10,S,weehours,wee hours,weehours,ショウ,よい,joyo,K0974,974,2,49,14,U5BB5,05bb5.svg,,,draft,961–980,bamboo.png,,,, 
安,12,202,6,3,relax,relax,relax,アン,やす-い,joyo,K0012,12,1,1,12,U5B89,05b89.svg,,,draft,1–20,bamboo.png,,,, 
宴,92,203,10,S,banquet,banquet,banquet,エン,,joyo,K0092,92,1,5,12,U5BB4,05bb4.svg,,,draft,81–100,mountain.png,,,, 
寄,322,204,11,5,drawnear,draw near,drawnear,キ,よ-る、よ-せる,joyo,K0322,322,1,17,2,U5BC4,05bc4.svg,,,draft,321–340,mountain.png,,,, 
富,1752,205,12,4,wealth,wealth,wealth,フ、（フウ）,と-む、とみ,joyo,K1752,1752,4,88,12,U5BCC,05bcc.svg,,,draft,1741–1760,kujira.png,,,, 
貯,1391,206,12,5,savings,savings,savings,チョ,,joyo,K1391,1391,3,70,11,U8CAF,08caf.svg,,,draft,1381–1400,kujira.png,,,, 
木,1876,207,4,1,tree,tree,tree,ボク、モク,き、（こ）,joyo,K1876,1876,4,94,16,U6728,06728.svg,,,draft,1861–1880,kujira.png,,,, 
林,2076,208,8,1,woods,grove,woods,リン,はやし,joyo,K2076,2076,5,104,16,U6797,06797.svg,,,draft,2061–2080,castle.png,,,, 
森,1061,209,12,1,forest,forest,forest,シン,もり,joyo,K1061,1061,3,54,1,U68EE,068ee.svg,,,draft,1061–1080,tree.png,,,, 
桂,NA,210,10,H,judas_tree,Judas-tree,judas_tree,,,heisig_extra,heisig_extra,K2149,2149,5,108,9,U6842,u6842.svg,,,draft,2141–2160,tree.png,,, 
柏,NA,211,9,H,oak,oak,oak,,,heisig_extra,heisig_extra,K2150,2150,5,108,10,U67CF,u67cf.svg,,,draft,2141–2160,tree.png,,, 
枠,2134,212,8,S,frame,frame,frame,,わく,joyo,K2134,2134,5,107,14,U67A0,067a0.svg,,,draft,2121–2140,mountain.png,,,, 
梢,NA,213,11,H,treetops,treetops,treentops,,,heisig_extra,heisig_extra,K2151,2151,5,108,11,U68A2,u68a2.svg,,,draft,2141–2160,tree.png,,, 
棚,1331,214,12,S,shelf,shelf,shelf,,たな,joyo,K1331,1331,3,67,11,U68DA,068da.svg,,,draft,1321–1340,bamboo.png,,,, 
杏,NA,215,7,H,apricot,apricot,apricot,,,heisig_extra,heisig_extra,K2152,2152,5,108,12,U674F,u674f.svg,,,draft,2141–2160,tree.png,,, 
桐,NA,216,10,H,paulownia,paulownia,paulownia,,,heisig_extra,heisig_extra,K2153,2153,5,108,13,U6850,u6850.svg,,,draft,2141–2160,tree.png,,, 
植,1032,217,12,3,plant,plant,plant,ショク,う-える、う-わる,joyo,K1032,1032,3,52,12,U690D,0690d.svg,,,draft,1021–1040,kujira.png,,,, 
椅,31,218,12,S,chair,chair,chair,イ,,joyo,K0031,31,1,2,11,U6905,06905.svg,,,draft,21–40,castle.png,,,, 
枯,567,219,9,S,wither,wither,wither,コ,か-れる、か-らす,joyo,K0567,567,2,29,7,U67AF,067af.svg,,,draft,561–580,mountain.png,,,, 
朴,1877,220,6,S,crude,crude,crude,ボク,,joyo,K1877,1877,4,94,17,U6734,06734.svg,,,draft,1861–1880,kujira.png,,,, 
村,1279,221,7,1,village,town,village,ソン,むら,joyo,K1279,1279,3,64,19,U6751,06751.svg,,,draft,1261–1280,kujira.png,,,, 
相,1223,222,9,3,mutual,inter-,mutual,ソウ、ショウ,あい,joyo,K1223,1223,3,62,3,U76F8,076f8.svg,,,draft,1221–1240,castle.png,,,, 
机,304,223,6,6,desk,desk,desk,キ,つくえ,joyo,K0304,304,1,16,4,U673A,0673a.svg,,,draft,301–320,kujira.png,,,, 
本,1886,224,5,1,book,book,book,ホン,もと,joyo,K1886,1886,4,95,6,U672C,0672c.svg,,,draft,1881–1900,mountain.png,,,, 
札,734,225,5,4,tag,tag,tag,サツ,ふだ,joyo,K0734,734,2,37,14,U672D,0672d.svg,,,draft,721–740,bamboo.png,,,, 
暦,2099,226,14,S,calendar,calendar,calendar,レキ,こよみ,joyo,K2099,2099,5,105,19,U66A6,066a6.svg,,,draft,2081–2100,koi.png,,,, 
案,13,227,10,4,plan,plan,plan,アン,,joyo,K0013,13,1,1,13,U6848,06848.svg,,,draft,1–20,bamboo.png,,,, 
燥,1250,228,17,S,parch,parch,parch,ソウ,,joyo,K1250,1250,3,63,10,U71E5,071e5.svg,,,draft,1241–1260,koi.png,,,, 
未,1910,229,5,4,notyet,not yet,not_yet,ミ,,joyo,K1910,1910,4,96,10,U672A,0672a.svg,,,draft,1901–1920,tree.png,,,, 
末,1904,230,5,4,extremity,extremity,extremity,マツ、バツ,すえ,joyo,K1904,1904,4,96,4,U672B,0672b.svg,,,draft,1901–1920,tree.png,,,, 
昧,1898,231,9,S,obscure,obscure,obscure,マイ,,joyo,K1898,1898,4,95,18,U6627,06627.svg,,,draft,1881–1900,mountain.png,,,, 
沫,NA,232,8,H,splash,splash,splash,,,heisig_extra,heisig_extra,K2154,2154,5,108,14,U6CAB,u6cab.svg,,,draft,2141–2160,tree.png,,, 
味,1911,233,8,3,flavor,flavor,flavor,ミ,あじ、あじ-わう,joyo,K1911,1911,4,96,11,U5473,05473.svg,,,draft,1901–1920,tree.png,,,, 
妹,1896,234,8,2,younger,younger sister,younger_sister,マイ,いもうと,joyo,K1896,1896,4,95,16,U59B9,059b9.svg,,,draft,1881–1900,mountain.png,,,, 
朱,866,235,6,S,vermilion,vermilion,vermilion,シュ,,joyo,K0866,866,2,44,6,U6731,06731.svg,,,draft,861–880,castle.png,,,, 
株,243,236,10,6,stocks,stocks,stocks,,かぶ,joyo,K0243,243,1,13,3,U682A,0682a.svg,,,draft,241–260,bamboo.png,,,, 
若,860,237,8,6,young,young,young,ジャク、（ニャク）,わか-い、も-しくは,joyo,K0860,860,2,43,20,U82E5,082e5.svg,,,draft,841–860,bamboo.png,,,, 
草,1225,238,9,1,grass,grass,grass,ソウ,くさ,joyo,K1225,1225,3,62,5,U8349,08349.svg,,,draft,1221–1240,castle.png,,,, 
苦,447,239,8,3,suffering,suffering,suffering,ク,くる-しい、くる-しむ、くる-しめる、にが-い、にが-る,joyo,K0447,447,1,23,7,U82E6,082e6.svg,,,draft,441–460,mountain.png,,,, 
苛,143,240,8,S,bullying,bullying,bullying,カ,,joyo,K0143,143,1,8,3,U82DB,082db.svg,,,draft,141–160,castle.png,,,, 
寛,273,241,13,S,tolerant,tolerant,tolerant,カン,,joyo,K0273,273,1,14,13,U5BDB,05bdb.svg,,,draft,261–280,castle.png,,,, 
薄,1638,242,16,S,dilute,dilute,dilute,ハク,うす-い、うす-める、うす-まる、うす-らぐ、うす-れる,joyo,K1638,1638,4,82,18,U8584,08584.svg,,,draft,1621–1640,kujira.png,,,, 
葉,2001,243,12,3,leaf,leaf,leaf,ヨウ,は,joyo,K2001,2001,5,101,1,U8449,08449.svg,,,draft,2001–2020,mountain.png,,,, 
模,1940,244,14,6,imitation,imitation,imitation,モ、ボ,,joyo,K1940,1940,4,97,20,U6A21,06a21.svg,,,draft,1921–1940,bamboo.png,,,, 
漠,1640,245,13,S,vague,vague,vague,バク,,joyo,K1640,1640,4,82,20,U6F20,06f20.svg,,,draft,1621–1640,kujira.png,,,, 
墓,1825,246,13,5,grave,grave,grave,ボ,はか,joyo,K1825,1825,4,92,5,U5893,05893.svg,,,draft,1821–1840,castle.png,,,, 
暮,1827,247,14,6,livelihood,livelihood,livelihood,ボ,く-れる、く-らす,joyo,K1827,1827,4,92,7,U66AE,066ae.svg,,,draft,1821–1840,castle.png,,,, 
膜,1901,248,14,S,membrane,membrane,membrane,マク,,joyo,K1901,1901,4,96,1,U819C,0819c.svg,,,draft,1901–1920,tree.png,,,, 
苗,1724,249,8,S,seedling,seedling,seedling,ビョウ,なえ、（なわ）,joyo,K1724,1724,4,87,4,U82D7,082d7.svg,,,draft,1721–1740,koi.png,,,, 
兆,1395,250,6,4,portent,portent,portent,チョウ,きざ-す、きざ-し,joyo,K1395,1395,3,70,15,U5146,05146.svg,,,draft,1381–1400,kujira.png,,,, 
桃,1511,251,10,S,peach,peach tree,peach_tree,トウ,もも,joyo,K1511,1511,4,76,11,U6843,06843.svg,,,draft,1501–1520,kujira.png,,,, 
眺,1402,252,11,S,stare,stare,stare,チョウ,なが-める,joyo,K1402,1402,3,71,2,U773A,0773a.svg,,,draft,1401–1420,mountain.png,,,, 
犬,514,253,4,1,dog,dog,dog,ケン,いぬ,joyo,K0514,514,2,26,14,U72AC,072ac.svg,,,draft,501–520,castle.png,,,, 
状,1013,254,7,5,status,status quo,form,ジョウ,,joyo,K1013,1013,3,51,13,U72B6,072b6.svg,,,draft,1001–1020,koi.png,,,, 
黙,1948,255,15,S,silence,silence,silence,モク,だま-る,joyo,K1948,1948,4,98,8,U9ED9,09ed9.svg,,,draft,1941–1960,castle.png,,,, 
然,1199,256,12,4,so,sort of thing,so,ゼン、ネン,,joyo,K1199,1199,3,60,19,U7136,07136.svg,,,draft,1181–1200,tree.png,,,, 
荻,NA,257,10,H,reed,reed,reed,,,heisig_extra,heisig_extra,K2155,2155,5,108,15,U837B,u837b.svg,,,draft,2141–2160,tree.png,,, 
狩,868,258,9,S,hunt,hunt,hunt,シュ,か-る、か-り,joyo,K0868,868,2,44,8,U72E9,072e9.svg,,,draft,861–880,castle.png,,,, 
猫,1728,259,11,S,cat,cat,cat,ビョウ,ねこ,joyo,K1728,1728,4,87,8,U732B,0732b.svg,,,draft,1721–1740,koi.png,,,, 
牛,381,260,4,2,cow,cow,cow,ギュウ,うし,joyo,K0381,381,1,20,1,U725B,0725b.svg,,,draft,381–400,castle.png,,,, 
特,1549,261,10,4,special,special,special,トク,,joyo,K1549,1549,4,78,9,U7279,07279.svg,,,draft,1541–1560,tree.png,,,, 
告,658,262,7,5,tell,revelation,tell,コク,つ-げる,joyo,K0658,658,2,33,18,U544A,0544a.svg,,,draft,641–660,koi.png,,,, 
先,1170,263,6,1,previous,before,previous,セン,さき,joyo,K1170,1170,3,59,10,U5148,05148.svg,,,draft,1161–1180,mountain.png,,,, 
洗,1175,264,9,6,wash,wash,wash,セン,あら-う,joyo,K1175,1175,3,59,15,U6D17,06d17.svg,,,draft,1161–1180,mountain.png,,,, 
介,172,265,4,S,jammed,jammed in,jammed_in,カイ,,joyo,K0172,172,1,9,12,U4ECB,04ecb.svg,,,draft,161–180,koi.png,,,, 
界,183,266,9,3,world,world,world,カイ,,joyo,K0183,183,1,10,3,U754C,0754c.svg,,,draft,181–200,kujira.png,,,, 
茶,1373,267,9,2,tea,tea,tea,チャ、サ,,joyo,K1373,1373,3,69,13,U8336,08336.svg,,,draft,1361–1380,koi.png,,,, 
脊,1145,268,10,S,stature,spinal column,stature,セキ,,joyo,K1145,1145,3,58,5,U810A,0810a.svg,,,draft,1141–1160,kujira.png,,,, 
合,652,269,6,2,fit,fit,fit,ゴウ、ガッ、（カッ）,あ-う、あ-わす、あ-わせる,joyo,K0652,652,2,33,12,U5408,05408.svg,,,draft,641–660,koi.png,,,, 
塔,1518,270,12,S,pagoda,pagoda,pagoda,トウ,,joyo,K1518,1518,4,76,18,U5854,05854.svg,,,draft,1501–1520,kujira.png,,,, 
王,105,271,4,1,king,king,king,オウ,,joyo,K0105,105,1,6,5,U738B,0738b.svg,,,draft,101–120,tree.png,,,, 
玉,427,272,5,1,ball,jewel,ball,ギョク,たま,joyo,K0427,427,1,22,7,U7389,07389.svg,,,draft,421–440,kujira.png,,,, 
宝,1834,273,8,6,treasure,treasure,treasure,ホウ,たから,joyo,K1834,1834,4,92,14,U5B9D,05b9d.svg,,,draft,1821–1840,castle.png,,,, 
珠,871,274,10,S,pearl,pearl,pearl,シュ,,joyo,K0871,871,2,44,11,U73E0,073e0.svg,,,draft,861–880,castle.png,,,, 
現,552,275,11,5,present,present,present,ゲン,あらわ-れる、あらわ-す,joyo,K0552,552,2,28,12,U73FE,073fe.svg,,,draft,541–560,kujira.png,,,, 
玩,296,276,8,S,trifle,toy,trifle_with,ガン,,joyo,K0296,296,1,15,16,U73A9,073a9.svg,,,draft,281–300,koi.png,,,, 
狂,397,277,7,S,lunatic,lunatic,lunatic,キョウ,くる-う、くる-おしい,joyo,K0397,397,1,20,17,U72C2,072c2.svg,,,draft,381–400,castle.png,,,, 
旺,111,278,8,S,flourishing,effulgent,flourishing,オウ,,joyo,K0111,111,1,6,11,U65FA,065fa.svg,,,draft,101–120,tree.png,,,, 
皇,617,279,9,6,emperor,emperor,emperor,コウ、オウ,,joyo,K0617,617,2,31,17,U7687,07687.svg,,,draft,601–620,bamboo.png,,,, 
呈,1438,280,7,S,display,display,display,テイ,,joyo,K1438,1438,3,72,18,U5448,05448.svg,,,draft,1421–1440,tree.png,,,, 
全,1196,281,6,3,whole,whole,whole,ゼン,まった-く、すべ-て,joyo,K1196,1196,3,60,16,U5168,05168.svg,,,draft,1181–1200,tree.png,,,, 
栓,1178,282,10,S,plug,plug,plug,セン,,joyo,K1178,1178,3,59,18,U6813,06813.svg,,,draft,1161–1180,mountain.png,,,, 
理,2038,283,11,2,logic,logic,logic,リ,,joyo,K2038,2038,5,102,18,U7406,07406.svg,,,draft,2021–2040,tree.png,,,, 
主,864,284,5,3,master,lord,master,シュ、（ス）,ぬし、おも,joyo,K0864,864,2,44,4,U4E3B,04e3b.svg,,,draft,861–880,castle.png,,,, 
注,1383,285,8,3,pour,pour,pour,チュウ,そそ-ぐ,joyo,K1383,1383,3,70,3,U6CE8,06ce8.svg,,,draft,1381–1400,kujira.png,,,, 
柱,1385,286,9,3,pillar,pillar,pillar,チュウ,はしら,joyo,K1385,1385,3,70,5,U67F1,067f1.svg,,,draft,1381–1400,kujira.png,,,, 
金,432,287,8,1,gold,gold,gold,キン、コン,かね、（かな）,joyo,K0432,432,1,22,12,U91D1,091d1.svg,,,draft,421–440,kujira.png,,,, 
銑,NA,288,14,H,pigiron,pig iron,pigiron,,,heisig_extra,heisig_extra,K2156,2156,5,108,16,U9291,u9291.svg,,,draft,2141–2160,tree.png,,, 
鉢,1648,289,13,S,bowl,bowl,bowl,ハチ、（ハツ）,,joyo,K1648,1648,4,83,8,U9262,09262.svg,,,draft,1641–1660,mountain.png,,,, 
銅,1544,290,14,5,copper,copper,copper,ドウ,,joyo,K1544,1544,4,78,4,U9285,09285.svg,,,draft,1541–1560,tree.png,,,, 
釣,1403,291,11,S,angling,angling,angling,チョウ,つ-る,joyo,K1403,1403,3,71,3,U91E3,091e3.svg,,,draft,1401–1420,mountain.png,,,, 
針,1057,292,10,6,needle,needle,needle,シン,はり,joyo,K1057,1057,3,53,17,U91DD,091dd.svg,,,draft,1041–1060,mountain.png,,,, 
銘,1932,293,14,S,inscription,inscription,inscription,メイ,,joyo,K1932,1932,4,97,12,U9298,09298.svg,,,draft,1921–1940,bamboo.png,,,, 
鎮,1426,294,18,S,tranquilize,tranquillize,tranquilize,チン,しず-める、しず-まる,joyo,K1426,1426,3,72,6,U93AE,093ae.svg,,,draft,1421–1440,tree.png,,,, 
道,1542,295,12,2,road,road-way,road,ドウ、（トウ）,みち,joyo,K1542,1542,4,78,2,U9053,09053.svg,,,draft,1541–1560,tree.png,,,, 
導,1545,296,15,5,guide,guidance,guide,ドウ,みちび-く,joyo,K1545,1545,4,78,5,U5C0E,05c0e.svg,,,draft,1541–1560,tree.png,,,, 
辻,NA,297,6,H,cross,crossing,crossing,,,heisig_extra,heisig_extra,K2157,2157,5,108,17,U8FBB,u8fbb.svg,,,draft,2141–2160,tree.png,,, 
迅,1074,298,6,S,swift,swift,swift,ジン,,joyo,K1074,1074,3,54,14,U8FC5,08fc5.svg,,,draft,1061–1080,tree.png,,,, 
造,1254,299,10,5,create,create,create,ゾウ,つく-る,joyo,K1254,1254,3,63,14,U9020,09020.svg,,,draft,1241–1260,koi.png,,,, 
迫,1634,300,8,S,urge,urge,urge,ハク,せま-る,joyo,K1634,1634,4,82,14,U8FEB,08feb.svg,,,draft,1621–1640,kujira.png,,,, 
逃,1506,301,9,S,escape,escape,escape,トウ,に-げる、に-がす、のが-す、のが-れる,joyo,K1506,1506,4,76,6,U9003,09003.svg,,,draft,1501–1520,kujira.png,,,, 
辺,1808,302,5,4,environs,environs,environs,ヘン,あた-り、べ,joyo,K1808,1808,4,91,8,U8FBA,08fba.svg,,,draft,1801–1820,bamboo.png,,,, 
巡,933,303,6,S,patrol,patrol,patrol,ジュン,めぐ-る,joyo,K0933,933,2,47,13,U5DE1,05de1.svg,,,draft,921–940,mountain.png,,,, 
車,843,304,7,1,car,car,car,シャ,くるま,joyo,K0843,843,2,43,3,U8ECA,08eca.svg,,,draft,841–860,bamboo.png,,,, 
連,2106,305,10,4,take,take along,take_along,レン,つら-なる、つら-ねる、つ-れる,joyo,K2106,2106,5,106,6,U9023,09023.svg,,,draft,2101–2120,kujira.png,,,, 
軌,314,306,9,S,rut,rut,rut,キ,,joyo,K0314,314,1,16,14,U8ECC,08ecc.svg,,,draft,301–320,kujira.png,,,, 
輸,1968,307,16,5,transport,transport,transport,ユ,,joyo,K1968,1968,4,99,8,U8F38,08f38.svg,,,draft,1961–1980,koi.png,,,, 
喩,1965,308,12,S,metaphor,metaphor,metaphor,ユ,,joyo,K1965,1965,4,99,5,U55A9,055a9.svg,,,draft,1961–1980,koi.png,,,, 
前,1197,309,9,2,in,in front,in_front,ゼン,まえ,joyo,K1197,1197,3,60,17,U524D,0524d.svg,,,draft,1181–1200,tree.png,,,, 
煎,1182,310,13,S,broil,roast,broil,セン,い-る,joyo,K1182,1182,3,60,2,U714E,0714e.svg,,,draft,1181–1200,tree.png,,,, 
各,210,311,6,4,each,each,each,カク,おのおの,joyo,K0210,210,1,11,10,U5404,05404.svg,,,draft,201–220,mountain.png,,,, 
格,214,312,10,5,status,status,status,カク、（コウ）,,joyo,K0214,214,1,11,14,U683C,0683c.svg,,,draft,201–220,mountain.png,,,, 
賂,2112,313,13,S,graft,graft,graft,ロ,,joyo,K2112,2112,5,106,12,U8CC2,08cc2.svg,,,draft,2101–2120,kujira.png,,,, 
略,2048,314,11,5,abbreviation,abbreviation,abbreviation,リャク,,joyo,K2048,2048,5,103,8,U7565,07565.svg,,,draft,2041–2060,bamboo.png,,,, 
客,355,315,9,3,guest,guest,guest,キャク、カク,,joyo,K0355,355,1,18,15,U5BA2,05ba2.svg,,,draft,341–360,tree.png,,,, 
額,229,316,18,5,amount,forehead,amount,ガク,ひたい,joyo,K0229,229,1,12,9,U984D,0984d.svg,,,draft,221–240,tree.png,,,, 
夏,146,317,10,2,summer,summer,summer,カ、（ゲ）,なつ,joyo,K0146,146,1,8,6,U590F,0590f.svg,,,draft,141–160,castle.png,,,, 
処,943,318,5,6,dispose,dispose,dispose,ショ,,joyo,K0943,943,2,48,3,U51E6,051e6.svg,,,draft,941–960,tree.png,,,, 
条,1012,319,7,5,clause,twig,clause,ジョウ,,joyo,K1012,1012,3,51,12,U6761,06761.svg,,,draft,1001–1020,koi.png,,,, 
落,2026,320,12,3,fall,fall,fall,ラク,お-ちる、お-とす,joyo,K2026,2026,5,102,6,U843D,0843d.svg,,,draft,2021–2040,tree.png,,,, 
冗,1011,321,4,S,superfluous,superfluous,superfluous,ジョウ,,joyo,K1011,1011,3,51,11,U5197,05197.svg,,,draft,1001–1020,koi.png,,,, 
冥,1930,322,10,S,hades,Hades,hades,メイ、ミョウ,,joyo,K1930,1930,4,97,10,U51A5,051a5.svg,,,draft,1921–1940,bamboo.png,,,, 
軍,466,323,9,4,army,army,army,グン,,joyo,K0466,466,1,24,6,U8ECD,08ecd.svg,,,draft,461–480,tree.png,,,, 
輝,336,324,15,S,radiance,radiance,radiance,キ,かがや-く,joyo,K0336,336,1,17,16,U8F1D,08f1d.svg,,,draft,321–340,mountain.png,,,, 
運,66,325,12,3,carry,carry,carry,ウン,はこ-ぶ,joyo,K0066,66,1,4,6,U904B,0904b.svg,,,draft,61–80,kujira.png,,,, 
冠,255,326,9,S,crown,crown,crown,カン,かんむり,joyo,K0255,255,1,13,15,U51A0,051a0.svg,,,draft,241–260,bamboo.png,,,, 
夢,1923,327,13,5,dream,dream,dream,ム,ゆめ,joyo,K1923,1923,4,97,3,U5922,05922.svg,,,draft,1921–1940,bamboo.png,,,, 
坑,604,328,7,S,pit,pit,pit,コウ,,joyo,K0604,604,2,31,4,U5751,05751.svg,,,draft,601–620,bamboo.png,,,, 
高,628,329,10,2,tall,tall,tall,コウ,たか-い、たか、たか-まる、たか-める,joyo,K0628,628,2,32,8,U9AD8,09ad8.svg,,,draft,621–640,castle.png,,,, 
享,399,330,8,S,receive,receive,receive,キョウ,,joyo,K0399,399,1,20,19,U4EAB,04eab.svg,,,draft,381–400,castle.png,,,, 
塾,924,331,14,S,cram_school,cram school,cram_school,ジュク,,joyo,K0924,924,2,47,4,U587E,0587e.svg,,,draft,921–940,mountain.png,,,, 
熟,925,332,15,6,ripe,ripe,ripe,ジュク,う-れる,joyo,K0925,925,2,47,5,U719F,0719f.svg,,,draft,921–940,mountain.png,,,, 
亭,1445,333,9,S,pavilion,pavilion,pavilion,テイ,,joyo,K1445,1445,3,73,5,U4EAD,04ead.svg,,,draft,1441–1460,bamboo.png,,,, 
京,398,334,8,2,capital,capital,capital,キョウ、ケイ,,joyo,K0398,398,1,20,18,U4EAC,04eac.svg,,,draft,381–400,castle.png,,,, 
涼,2064,335,11,S,refreshing,refreshing,refreshing,リョウ,すず-しい、すず-む,joyo,K2064,2064,5,104,4,U6DBC,06dbc.svg,,,draft,2061–2080,castle.png,,,, 
景,486,336,12,4,scenery,scenery,scenery,ケイ,,joyo,K0486,486,1,25,6,U666F,0666f.svg,,,draft,481–500,bamboo.png,,,, 
鯨,500,337,19,S,whale,whale,whale,ゲイ,くじら,joyo,K0500,500,1,25,20,U9BE8,09be8.svg,,,draft,481–500,bamboo.png,,,, 
舎,844,338,8,5,cottage,cottage,cottage,シャ,,joyo,K0844,844,2,43,4,U820E,0820e.svg,,,draft,841–860,bamboo.png,,,, 
周,888,339,8,4,circumference,circumference,circumference,シュウ,まわ-り,joyo,K0888,888,2,45,8,U5468,05468.svg,,,draft,881–900,koi.png,,,, 
週,898,340,11,2,week,week,week,シュウ,,joyo,K0898,898,2,45,18,U9031,09031.svg,,,draft,881–900,koi.png,,,, 
士,759,341,3,5,gentleman,gentleman,gentleman,シ,,joyo,K0759,759,2,38,19,U58EB,058eb.svg,,,draft,741–760,castle.png,,,, 
吉,351,342,6,S,good_luck,good_luck,good_luck,キチ、キツ,,joyo,K0351,351,1,18,11,U5409,05409.svg,,,draft,341–360,tree.png,,,, 
壮,1218,343,6,S,robust,robust,robust,ソウ,,joyo,K1218,1218,3,61,18,U58EE,058ee.svg,,,draft,1201–1220,bamboo.png,,,, 
荘,1224,344,9,S,villa,villa,villa,ソウ,,joyo,K1224,1224,3,62,4,U8358,08358.svg,,,draft,1221–1240,castle.png,,,, 
売,1622,345,7,2,sell,sell,sell,バイ,う-る、う-れる,joyo,K1622,1622,4,82,2,U58F2,058f2.svg,,,draft,1621–1640,kujira.png,,,, 
学,226,346,8,1,study,study,study,ガク,まな-ぶ,joyo,K0226,226,1,12,6,U5B66,05b66.svg,,,draft,221–240,tree.png,,,, 
覚,218,347,12,4,memorize,memorize,memorize,カク,おぼ-える、さ-ます、さ-める,joyo,K0218,218,1,11,18,U899A,0899a.svg,,,draft,201–220,mountain.png,,,, 
栄,72,348,9,4,prosperity,flourish,prosperity,エイ,さか-える、は-え、は-える,joyo,K0072,72,1,4,12,U6804,06804.svg,,,draft,61–80,kujira.png,,,, 
書,946,349,10,2,write,write,write,ショ,か-く,joyo,K0946,946,2,48,6,U66F8,066f8.svg,,,draft,941–960,tree.png,,,, 
津,1050,350,9,S,haven,haven,haven,シン,つ,joyo,K1050,1050,3,53,10,U6D25,06d25.svg,,,draft,1041–1060,mountain.png,,,, 
牧,1878,351,8,4,breed,breed,breed,ボク,まき,joyo,K1878,1878,4,94,18,U7267,07267.svg,,,draft,1861–1880,kujira.png,,,, 
攻,607,352,7,S,aggression,aggression,aggression,コウ,せ-める,joyo,K0607,607,2,31,7,U653B,0653b.svg,,,draft,601–620,bamboo.png,,,, 
敗,1619,353,11,4,failure,failure,failure,ハイ,やぶ-れる,joyo,K1619,1619,4,81,19,U6557,06557.svg,,,draft,1601–1620,koi.png,,,, 
枚,1897,354,8,6,sheet,a sheet of,sheet_of,マイ,,joyo,K1897,1897,4,95,17,U679A,0679a.svg,,,draft,1881–1900,mountain.png,,,, 
故,566,355,9,5,happenstance,happenstance,happenstance,コ,ゆえ,joyo,K0566,566,2,29,6,U6545,06545.svg,,,draft,561–580,mountain.png,,,, 
敬,485,356,12,6,awe,awe,awe,ケイ,うやま-う,joyo,K0485,485,1,25,5,U656C,0656c.svg,,,draft,481–500,bamboo.png,,,, 
言,548,357,7,2,say,say,say,ゲン、ゴン,い-う、こと,joyo,K0548,548,2,28,8,U8A00,08a00.svg,,,draft,541–560,kujira.png,,,, 
警,496,358,19,6,admonish,admonish,admonish,ケイ,,joyo,K0496,496,1,25,16,U8B66,08b66.svg,,,draft,481–500,bamboo.png,,,, 
計,478,359,9,2,plot,plot,plot,ケイ,はか-る、はか-らう,joyo,K0478,478,1,24,18,U8A08,08a08.svg,,,draft,461–480,tree.png,,,, 
詮,1185,360,13,S,elucidate,elucidate,elicidate,セン,,joyo,K1185,1185,3,60,5,U8A6E,08a6e.svg,,,draft,1181–1200,tree.png,,,, 
獄,665,361,14,S,prison,prison,prison,ゴク,,joyo,K0665,665,2,34,5,U7344,07344.svg,,,draft,661–680,kujira.png,,,, 
訂,1448,362,9,S,revise,revise,revise,テイ,,joyo,K1448,1448,3,73,8,U8A02,08a02.svg,,,draft,1441–1460,bamboo.png,,,, 
訃,1746,363,9,S,obituary,obituary,obituary,フ,,joyo,K1746,1746,4,88,6,U8A03,08a03.svg,,,draft,1741–1760,kujira.png,,,, 
討,1512,364,10,6,chastise,chastise,chastise,トウ,う-つ,joyo,K1512,1512,4,76,12,U8A0E,08a0e.svg,,,draft,1501–1520,kujira.png,,,, 
訓,463,365,10,4,instruction,instruction,instruction,クン,,joyo,K0463,463,1,24,3,U8A13,08a13.svg,,,draft,461–480,tree.png,,,, 
詔,994,366,12,S,imperial_edict,imperial edict,imperial_edict,ショウ,みことのり,joyo,K0994,994,2,50,14,U8A54,08a54.svg,,,draft,981–1000,castle.png,,,, 
詰,353,367,13,S,packed,packed,packed,キツ,つ-める、つ-まる、つ-む,joyo,K0353,353,1,18,13,U8A70,08a70.svg,,,draft,341–360,tree.png,,,, 
話,2130,368,13,2,talk,tale,talk,ワ,はな-す、はなし,joyo,K2130,2130,5,107,10,U8A71,08a71.svg,,,draft,2121–2140,mountain.png,,,, 
詠,74,369,12,S,recitation,recitation,recitation,エイ,よ-む,joyo,K0074,74,1,4,14,U8A60,08a60.svg,,,draft,61–80,kujira.png,,,, 
詩,798,370,13,3,poem,poem,poem,シ,,joyo,K0798,798,2,40,18,U8A69,08a69.svg,,,draft,781–800,kujira.png,,,, 
語,584,371,14,2,language,word,language,ゴ,かた-る、かた-らう,joyo,K0584,584,2,30,4,U8A9E,08a9e.svg,,,draft,581–600,tree.png,,,, 
読,1556,372,14,2,read,read,read,ドク、トク、（トウ）,よ-む,joyo,K1556,1556,4,78,16,U8AAD,08aad.svg,,,draft,1541–1560,tree.png,,,, 
調,1415,373,15,3,tune,tune,tune,チョウ,しら-べる、ととの-う、ととの-える,joyo,K1415,1415,3,71,15,U8ABF,08abf.svg,,,draft,1401–1420,mountain.png,,,, 
談,1353,374,15,3,discuss,discuss,discuss,ダン,,joyo,K1353,1353,3,68,13,U8AC7,08ac7.svg,,,draft,1341–1360,castle.png,,,, 
諾,1325,375,15,S,consent,consent,consent,ダク,,joyo,K1325,1325,3,67,5,U8AFE,08afe.svg,,,draft,1321–1340,bamboo.png,,,, 
諭,1967,376,16,S,rebuke,rebuke,rebuke,ユ,さと-す,joyo,K1967,1967,4,99,7,U8AED,08aed.svg,,,draft,1961–1980,koi.png,,,, 
式,826,377,6,3,style,style,style,シキ,,joyo,K0826,826,2,42,6,U5F0F,05f0f.svg,,,draft,821–840,tree.png,,,, 
試,797,378,13,4,test,test,test,シ,こころ-みる、ため-す,joyo,K0797,797,2,40,17,U8A66,08a66.svg,,,draft,781–800,kujira.png,,,, 
弐,1579,379,6,S,formal,II (two),formal_two,ニ,,joyo,K1579,1579,4,79,19,U5F10,05f10.svg,,,draft,1561–1580,bamboo.png,,,, 
域,39,380,11,6,range,range,range,イキ,,joyo,K0039,39,1,2,19,U57DF,057df.svg,,,draft,21–40,castle.png,,,, 
賊,1274,381,13,S,burglar,burglar,burglar,ゾク,,joyo,K1274,1274,3,64,14,U8CCA,08cca.svg,,,draft,1261–1280,kujira.png,,,, 
栽,700,382,10,S,plantation,plantation,plantation,サイ,,joyo,K0700,700,2,35,20,U683D,0683d.svg,,,draft,681–700,mountain.png,,,, 
載,714,383,13,S,ride,load,ride,サイ,の-せる、の-る,joyo,K0714,714,2,36,14,U8F09,08f09.svg,,,draft,701–720,tree.png,,,, 
茂,1939,384,8,S,overgrown,overgrown,overgrown,モ,しげ-る,joyo,K1939,1939,4,97,19,U8302,08302.svg,,,draft,1921–1940,bamboo.png,,,, 
戚,1148,385,11,S,grieve,relatives,grieve,セキ,,joyo,K1148,1148,3,58,8,U621A,0621a.svg,,,draft,1141–1160,kujira.png,,,, 
成,1108,386,6,4,become,turn into,become,セイ、（ジョウ）,な-る、な-す,joyo,K1108,1108,3,56,8,U6210,06210.svg,,,draft,1101–1120,castle.png,,,, 
城,1015,387,9,4,castle,castle,castle,ジョウ,しろ,joyo,K1015,1015,3,51,15,U57CE,057ce.svg,,,draft,1001–1020,koi.png,,,, 
誠,1129,388,13,6,sincerity,sincerity,sincerity,セイ,まこと,joyo,K1129,1129,3,57,9,U8AA0,08aa0.svg,,,draft,1121–1140,koi.png,,,, 
威,22,389,9,S,intimidate,intimidate,intimidate,イ,,joyo,K0022,22,1,2,2,U5A01,05a01.svg,,,draft,21–40,castle.png,,,, 
滅,1934,390,13,S,destroy,destroy,destroy,メツ,ほろ-びる、ほろ-ぼす,joyo,K1934,1934,4,97,14,U6EC5,06ec5.svg,,,draft,1921–1940,bamboo.png,,,, 
減,554,391,12,5,dwindle,dwindle,dwindle,ゲン,へ-る、へ-らす,joyo,K0554,554,2,28,14,U6E1B,06e1b.svg,,,draft,541–560,kujira.png,,,, 
蔑,1806,392,14,S,ignore,revile,ignore,ベツ,さげす-む,joyo,K1806,1806,4,91,6,U8511,08511.svg,,,draft,1801–1820,bamboo.png,,,, 
桟,747,393,10,S,scaffold,scaffold,scaffold,サン,,joyo,K0747,747,2,38,7,U685F,0685f.svg,,,draft,741–760,castle.png,,,, 
銭,1188,394,14,6,coin,coin,coin,セン,ぜに,joyo,K1188,1188,3,60,8,U92AD,092ad.svg,,,draft,1181–1200,tree.png,,,, 
浅,1174,395,9,4,shallow,shallow,shallow,セン,あさ-い,joyo,K1174,1174,3,59,14,U6D45,06d45.svg,,,draft,1161–1180,mountain.png,,,, 
止,762,396,4,2,stop,stop,stop,シ,と-まる、と-める,joyo,K0762,762,2,39,2,U6B62,06b62.svg,,,draft,761–780,koi.png,,,, 
歩,1817,397,8,2,walk,walk,walk,ホ、ブ、（フ）,ある-く、あゆ-む,joyo,K1817,1817,4,91,17,U6B69,06b69.svg,,,draft,1801–1820,bamboo.png,,,, 
渉,983,398,11,S,ford,ford,ford,ショウ,,joyo,K0983,983,2,50,3,U6E09,06e09.svg,,,draft,981–1000,castle.png,,,, 
頻,1733,399,17,S,repeatedly,repeatedly,repeatedly,ヒン,,joyo,K1733,1733,4,87,13,U983B,0983b.svg,,,draft,1721–1740,koi.png,,,, 
肯,612,400,8,S,agreement,agreement,agreement,コウ,,joyo,K0612,612,2,31,12,U80AF,080af.svg,,,draft,601–620,bamboo.png,,,, 
企,301,401,6,S,undertake,undertake,undertake,キ,くわだ-てる,joyo,K0301,301,1,16,1,U4F01,04f01.svg,,,draft,301–320,kujira.png,,,, 
歴,2100,402,14,5,curriculum,curriculum,curriculum,レキ,,joyo,K2100,2100,5,105,20,U6B74,06b74.svg,,,draft,2081–2100,koi.png,,,, 
武,1760,403,8,5,military,warrior,military,ブ、ム,,joyo,K1760,1760,4,88,20,U6B66,06b66.svg,,,draft,1741–1760,kujira.png,,,, 
賦,1757,404,15,S,levy,levy,levy,フ,,joyo,K1757,1757,4,88,17,U8CE6,08ce6.svg,,,draft,1741–1760,kujira.png,,,, 
正,1106,405,5,1,correct,correct,correct,セイ、ショウ,ただ-しい、ただ-す、まさ,joyo,K1106,1106,3,56,6,U6B63,06b63.svg,,,draft,1101–1120,castle.png,,,, 
証,995,406,12,5,evidence,evidence,evidence,ショウ,,joyo,K0995,995,2,50,15,U8A3C,08a3c.svg,,,draft,981–1000,castle.png,,,, 
政,1117,407,9,5,politics,politics,politics,セイ、（ショウ）,まつりごと,joyo,K1117,1117,3,56,17,U653F,0653f.svg,,,draft,1101–1120,castle.png,,,, 
定,1441,408,8,3,determine,determine,determine,テイ、ジョウ,さだ-める、さだ-まる、さだ-か,joyo,K1441,1441,3,73,1,U5B9A,05b9a.svg,,,draft,1441–1460,bamboo.png,,,, 
錠,1026,409,16,S,lock,lock,lock,ジョウ,,joyo,K1026,1026,3,52,6,U9320,09320.svg,,,draft,1021–1040,kujira.png,,,, 
走,1221,410,7,2,run,run,run,ソウ,はし-る,joyo,K1221,1221,3,62,1,U8D70,08d70.svg,,,draft,1221–1240,castle.png,,,, 
超,1408,411,12,S,transcend,transcend,transcend,チョウ,こ-える、こ-す,joyo,K1408,1408,3,71,8,U8D85,08d85.svg,,,draft,1401–1420,mountain.png,,,, 
赴,1748,412,9,S,proceed,proceed,proceed,フ,おもむ-く,joyo,K1748,1748,4,88,8,U8D74,08d74.svg,,,draft,1741–1760,kujira.png,,,, 
越,84,413,12,S,surpass,surpass,surpass,エツ,こ-す、こ-える,joyo,K0084,84,1,5,4,U8D8A,08d8a.svg,,,draft,81–100,mountain.png,,,, 
是,1103,414,9,S,just_so,just so,just_so,ゼ,,joyo,K1103,1103,3,56,3,U662F,0662f.svg,,,draft,1101–1120,castle.png,,,, 
題,1316,415,18,3,topic,topic,topic,ダイ,,joyo,K1316,1316,3,66,16,U984C,0984c.svg,,,draft,1301–1320,tree.png,,,, 
堤,1453,416,12,S,dike,dike,dike,テイ,つつみ,joyo,K1453,1453,3,73,13,U5824,05824.svg,,,draft,1441–1460,bamboo.png,,,, 
建,519,417,9,4,build,build,build,ケン、（コン）,た-てる、た-つ,joyo,K0519,519,2,26,19,U5EFA,05efa.svg,,,draft,501–520,castle.png,,,, 
鍵,540,418,17,S,key,key,key,ケン,かぎ,joyo,K0540,540,2,27,20,U9375,09375.svg,,,draft,521–540,koi.png,,,, 
延,88,419,8,6,prolong,prolong,prolong,エン,の-びる、の-べる、の-ばす,joyo,K0088,88,1,5,8,U5EF6,05ef6.svg,,,draft,81–100,mountain.png,,,, 
誕,1345,420,15,6,nativity,nativity,nativity,タン,,joyo,K1345,1345,3,68,5,U8A95,08a95.svg,,,draft,1341–1360,castle.png,,,, 
礎,1216,421,18,S,cornerstone,cornerstone,cornerstone,ソ,いしずえ,joyo,K1216,1216,3,61,16,U790E,0790e.svg,,,draft,1201–1220,bamboo.png,,,, 
婿,1125,422,12,S,bridegroom,bridegroom,bridegroom,セイ,むこ,joyo,K1125,1125,3,57,5,U5A7F,05a7f.svg,,,draft,1121–1140,koi.png,,,, 
衣,16,423,6,4,garment,garment,garment,イ,ころも,joyo,K0016,16,1,1,16,U8863,08863.svg,,,draft,1–20,bamboo.png,,,, 
裁,709,424,12,6,judge,tailor,judge,サイ,た-つ、さば-く,joyo,K0709,709,2,36,9,U88C1,088c1.svg,,,draft,701–720,tree.png,,,, 
装,1241,425,12,6,attire,attire,attire,ソウ、ショウ,よそお-う,joyo,K1241,1241,3,63,1,U88C5,088c5.svg,,,draft,1241–1260,koi.png,,,, 
裏,2040,426,13,6,back,back,back,リ,うら,joyo,K2040,2040,5,102,20,U88CF,088cf.svg,,,draft,2021–2040,tree.png,,,, 
壊,193,427,16,S,demolition,demolition,demolition,カイ,こわ-す、こわ-れる,joyo,K0193,193,1,10,13,U58CA,058ca.svg,,,draft,181–200,kujira.png,,,, 
哀,2,428,9,S,pathetic,pathetic,pathetic,アイ,あわ-れ、あわ-れむ,joyo,K0002,2,1,1,2,U54C0,054c0.svg,,,draft,1–20,bamboo.png,,,, 
遠,98,429,13,2,far,distant,far,エン、（オン）,とお-い,joyo,K0098,98,1,5,18,U9060,09060.svg,,,draft,81–100,mountain.png,,,, 
猿,97,430,13,S,monkey,monkey,monkey,エン,さる,joyo,K0097,97,1,5,17,U733F,0733f.svg,,,draft,81–100,mountain.png,,,, 
初,944,431,7,4,first_time,first time,first_time,ショ,はじ-め、はじ-めて、はつ、うい、そ-める,joyo,K0944,944,2,48,4,U521D,0521d.svg,,,draft,941–960,tree.png,,,, 
巾,428,432,3,S,towel,towel,towel,キン,,joyo,K0428,428,1,22,8,U5DFE,05dfe.svg,,,draft,421–440,kujira.png,,,, 
布,1740,433,5,5,linen,linen,linen,フ,ぬの,joyo,K1740,1740,4,87,20,U5E03,05e03.svg,,,draft,1721–1740,koi.png,,,, 
帆,1659,434,6,S,sail,sail,sail,ハン,ほ,joyo,K1659,1659,4,83,19,U5E06,05e06.svg,,,draft,1641–1660,mountain.png,,,, 
幅,1768,435,12,S,breadth,hanging scroll,breadth,フク,はば,joyo,K1768,1768,4,89,8,U5E45,05e45.svg,,,draft,1761–1780,mountain.png,,,, 
帽,1867,436,12,S,cap,cap,cap,ボウ,,joyo,K1867,1867,4,94,7,U5E3D,05e3d.svg,,,draft,1861–1880,kujira.png,,,, 
幕,1900,437,13,6,curtain,curtain,curtain,マク、バク,,joyo,K1900,1900,4,95,20,U5E55,05e55.svg,,,draft,1881–1900,mountain.png,,,, 
幌,NA,438,13,H,canopy,canopy,canopy,,,heisig_extra,heisig_extra,K2158,2158,5,108,18,U5E4C,u5e4c.svg,,,draft,2141–2160,tree.png,,, 
錦,440,439,16,S,brocade,brocade,brocade,キン,にしき,joyo,K0440,440,1,22,20,U9326,09326.svg,,,draft,421–440,kujira.png,,,, 
市,768,440,5,2,market,market,market,シ,いち,joyo,K0768,768,2,39,8,U5E02,05e02.svg,,,draft,761–780,koi.png,,,, 
柿,209,441,9,S,persimmon,persimmon,persimmon,,かき,joyo,K0209,209,1,11,9,U67FF,067ff.svg,,,draft,201–220,mountain.png,,,, 
姉,780,442,8,2,older_sister,older sister,older_sister,シ,あね,joyo,K0780,780,2,39,20,U59C9,059c9.svg,,,draft,761–780,koi.png,,,, 
肺,1615,443,9,6,lungs,lungs,lungs,ハイ,,joyo,K1615,1615,4,81,15,U80BA,080ba.svg,,,draft,1601–1620,koi.png,,,, 
帯,1301,444,10,4,sash,sash,sash,タイ,お-びる、おび,joyo,K1301,1301,3,66,1,U5E2F,05e2f.svg,,,draft,1301–1320,tree.png,,,, 
滞,1309,445,13,S,stagnate,stagnate,stagnate,タイ,とどこお-る,joyo,K1309,1309,3,66,9,U6EDE,06ede.svg,,,draft,1301–1320,tree.png,,,, 
刺,778,446,8,S,thorn,thorn,thorn,シ,さ-す、さ-さる,joyo,K0778,778,2,39,18,U523A,0523a.svg,,,draft,761–780,koi.png,,,, 
制,1111,447,8,5,control,system,control,セイ,,joyo,K1111,1111,3,56,11,U5236,05236.svg,,,draft,1101–1120,castle.png,,,, 
製,1131,448,14,5,made_in,made in...,made_in,セイ,,joyo,K1131,1131,3,57,11,U88FD,088fd.svg,,,draft,1121–1140,koi.png,,,, 
転,1478,449,11,3,revolve,revolve,revolve,テン,ころ-がる、ころ-げる、ころ-がす、ころ-ぶ,joyo,K1478,1478,3,74,18,U8EE2,08ee2.svg,,,draft,1461–1480,castle.png,,,, 
芸,498,450,7,4,technique,technique,art,ゲイ,,joyo,K0498,498,1,25,18,U82B8,082b8.svg,,,draft,481–500,bamboo.png,,,, 
雨,61,451,8,1,rain,rain,rain,ウ,あめ、（あま）,joyo,K0061,61,1,4,1,U96E8,096e8.svg,,,draft,61–80,kujira.png,,,, 
雲,67,452,12,2,cloud,cloud,cloud,ウン,くも,joyo,K0067,67,1,4,7,U96F2,096f2.svg,,,draft,61–80,kujira.png,,,, 
曇,1566,453,16,S,cloudy,cloudy weather,cloudy_weather,ドン,くも-る,joyo,K1566,1566,4,79,6,U66C7,066c7.svg,,,draft,1561–1580,bamboo.png,,,, 
雷,2023,454,13,S,thunder,thunder,thunder,ライ,かみなり,joyo,K2023,2023,5,102,3,U96F7,096f7.svg,,,draft,2021–2040,tree.png,,,, 
霜,1251,455,17,S,frost,frost,frost,ソウ,しも,joyo,K1251,1251,3,63,11,U971C,0971c.svg,,,draft,1241–1260,koi.png,,,, 
冬,1499,456,5,2,winter,winter,winter,トウ,ふゆ,joyo,K1499,1499,3,75,19,U51AC,051ac.svg,,,draft,1481–1500,koi.png,,,, 
天,1472,457,4,1,heaven,heavens,heaven,テン,あめ、（あま）,joyo,K1472,1472,3,74,12,U5929,05929.svg,,,draft,1461–1480,castle.png,,,, 
妖,1994,458,7,S,bewitching,bewitched,bewitching,ヨウ,あや-しい,joyo,K1994,1994,4,100,14,U5996,05996.svg,,,draft,1981–2000,kujira.png,,,, 
橋,414,460,16,3,bridge,bridge,bridge,キョウ,はし,joyo,K0414,414,1,21,14,U6A4B,06a4b.svg,,,draft,401–420,koi.png,,,, 
嬌,NA,461,15,H,attractive,attractive,attractive,,,heisig_extra,K2159,2159,5,108,19,U5B0C,05b0c.svg,,,draft,2141–2160,tree.png,,, ,
立,2045,462,5,1,stand_up,stand up,stand_up,リツ、（リュウ）,た-つ、た-てる,joyo,K2045,2045,5,103,5,U7ACB,07acb.svg,,,draft,2041–2060,bamboo.png,,,, 
泣,371,463,8,4,cry,cry,cry,キュウ,な-く,joyo,K0371,371,1,19,11,U6CE3,06ce3.svg,,,draft,361–380,bamboo.png,,,, 
章,984,464,11,3,chapter,chapter,chapter,ショウ,,joyo,K0984,984,2,50,4,U7AE0,07ae0.svg,,,draft,981–1000,castle.png,,,, 
競,417,465,20,4,vie,vie,compete,キョウ、ケイ,きそ-う、せ-る,joyo,K0417,417,1,21,17,U7AF6,07af6.svg,,,draft,401–420,koi.png,,,, 
帝,1447,466,9,S,sovereign,sovereign,sovereign,テイ,,joyo,K1447,1447,3,73,7,U5E1D,05e1d.svg,,,draft,1441–1460,bamboo.png,,,, 
諦,1458,467,16,S,renunciation,renunciation,renunciation,テイ,あきら-める,joyo,K1458,1458,3,73,18,U8AE6,08ae6.svg,,,draft,1441–1460,bamboo.png,,,, 
童,1541,468,12,3,juvenile,juvenile,juvenile,ドウ,わらべ,joyo,K1541,1541,4,78,1,U7AE5,07ae5.svg,,,draft,1541–1560,tree.png,,,, 
瞳,1546,469,17,S,pupil,pupil,pupil,ドウ,ひとみ,joyo,K1546,1546,4,78,6,U77B3,077b3.svg,,,draft,1541–1560,tree.png,,,, 
鐘,1008,470,20,S,bell,bell,bell,ショウ,かね,joyo,K1008,1008,3,51,8,U9418,09418.svg,,,draft,1001–1020,koi.png,,,, 
商,982,471,11,3,deal,deal,deal,ショウ,あきな-う,joyo,K0982,982,2,50,2,U5546,05546.svg,,,draft,981–1000,castle.png,,,, 
嫡,1375,472,14,S,legitimate_wife,legitimate wife,legitimate_wife,チャク,,joyo,K1375,1375,3,69,15,U5AE1,05ae1.svg,,,draft,1361–1380,koi.png,,,, 
適,1464,473,14,5,suitable,suitable,suitable,テキ,,joyo,K1464,1464,3,74,4,U9069,09069.svg,,,draft,1461–1480,castle.png,,,, 
滴,1463,474,14,S,drip,drip,drip,テキ,しずく、したた-る,joyo,K1463,1463,3,74,3,U6EF4,06ef4.svg,,,draft,1461–1480,castle.png,,,, 
敵,1465,475,15,6,enemy,enemy,enemy,テキ,かたき,joyo,K1465,1465,3,74,5,U6575,06575.svg,,,draft,1461–1480,castle.png,,,, 
匕,NA,476,2,H,spoon,spoon,spoon,,,heisig_extra,heisig_extra,K2160,2160,5,108,20,U5315,u5315.svg,,,draft,2141–2160,tree.png,,, 
叱,NA,477,5,H,scold,scold,scold,,,heisig_extra,heisig_extra,K2161,2161,5,109,1,U53F1,u53f1.svg,,,draft,2161–2180,bamboo.png,,, 
匂,1580,478,4,S,scent,aroma,scent,,にお-う,joyo,K1580,1580,4,79,20,U5302,05302.svg,,,draft,1561–1580,bamboo.png,,,, 
頃,669,479,11,S,times,about that time,times,,ころ,joyo,K0669,669,2,34,9,U9803,09803.svg,,,draft,661–680,kujira.png,,,, 
北,1875,480,5,2,north,north,north,ホク,きた,joyo,K1875,1875,4,94,15,U5317,05317.svg,,,draft,1861–1880,kujira.png,,,, 
背,1614,481,9,6,stature,stature,stature,ハイ,せ、せい、そむ-く、そむ-ける,joyo,K1614,1614,4,81,14,U80CC,080cc.svg,,,draft,1601–1620,koi.png,,,, 
比,1683,482,4,5,compare,compare,compare,ヒ,くら-べる,joyo,K1683,1683,4,85,3,U6BD4,06bd4.svg,,,draft,1681–1700,bamboo.png,,,, 
昆,672,483,8,S,descendants,descendants,descendants,コン,,joyo,K0672,672,2,34,12,U6606,06606.svg,,,draft,661–680,kujira.png,,,, 
皆,184,484,9,S,everyone,everyone,everyone,カイ,みな,joyo,K0184,184,1,10,4,U7686,07686.svg,,,draft,181–200,kujira.png,,,, 
楷,190,485,13,S,block_letters,block letters,square_character_style,カイ,,joyo,K0190,190,1,10,10,U6977,06977.svg,,,draft,181–200,kujira.png,,,, 
諧,195,486,16,S,harmony,orderliness,harmony,カイ,,joyo,K0195,195,1,10,15,U8AE7,08ae7.svg,,,draft,181–200,kujira.png,,,, 
混,676,487,11,5,mix,mix,mix,コン,ま-じる、ま-ざる、ま-ぜる、こ-む,joyo,K0676,676,2,34,16,U6DF7,06df7.svg,,,draft,661–680,kujira.png,,,, 
渇,236,488,11,S,thirst,thirst,thirst,カツ,かわ-く,joyo,K0236,236,1,12,16,U6E07,06e07.svg,,,draft,221–240,tree.png,,,, 
謁,85,489,15,S,audience,audience,audience,エツ,,joyo,K0085,85,1,5,5,U8B01,08b01.svg,,,draft,81–100,mountain.png,,,, 
褐,240,490,13,S,brown,brown,brown,カツ,,joyo,K0240,240,1,12,20,U8910,08910.svg,,,draft,221–240,tree.png,,,, 
喝,235,491,11,S,hoarse,hoarse,hoarse,カツ,,joyo,K0235,235,1,12,15,U559D,0559d.svg,,,draft,221–240,tree.png,,,, 
葛,238,492,12,S,arrowroot,kudzu,arrowroot,カツ,くず,joyo,K0238,238,1,12,18,U845B,0845b.svg,,,draft,221–240,tree.png,,,, 
旨,770,493,6,S,delicious,delicious,delicious,シ,むね,joyo,K0770,770,2,39,10,U65E8,065e8.svg,,,draft,761–780,koi.png,,,, 
脂,791,494,10,S,fat,fat,fat,シ,あぶら,joyo,K0791,791,2,40,11,U8102,08102.svg,,,draft,781–800,kujira.png,,,, 
詣,491,495,13,S,visit,visit a shrine,visit_a_temple,ケイ,もう-でる,joyo,K0491,491,1,25,11,U8A63,08a63.svg,,,draft,481–500,bamboo.png,,,, 
壱,42,496,7,S,formal_one,I (one),formal_one,イチ,,joyo,K0042,42,1,3,2,U58F1,058f1.svg,,,draft,41–60,koi.png,,,, 
毎,1895,497,6,2,every,every,every,マイ,,joyo,K1895,1895,4,95,15,U6BCE,06bce.svg,,,draft,1881–1900,mountain.png,,,, 
敏,1734,498,10,S,cleverness,cleverness,cleverness,ビン,,joyo,K1734,1734,4,87,14,U654F,0654f.svg,,,draft,1721–1740,koi.png,,,, 
梅,1624,499,10,4,ume,plum,ume_japanese_apricot,バイ,うめ,joyo,K1624,1624,4,82,4,U6885,06885.svg,,,draft,1621–1640,kujira.png,,,, 
海,182,500,9,2,sea,sea,sea,カイ,うみ,joyo,K0182,182,1,10,2,U6D77,06d77.svg,,,draft,181–200,kujira.png,,,, 
乞,650,501,3,S,beg,beg,beg,,こ-う,joyo,K0650,650,2,33,10,U4E5E,04e5e.svg,,,draft,641–660,koi.png,,,, 
乾,259,502,11,S,drought,drought,drought,カン,かわ-く、かわ-かす,joyo,K0259,259,1,13,19,U4E7E,04e7e.svg,,,draft,241–260,bamboo.png,,,, 
腹,1771,503,13,6,abdomen,abdomen,abdomen,フク,はら,joyo,K1771,1771,4,89,11,U8179,08179.svg,,,draft,1761–1780,mountain.png,,,, 
複,1772,504,14,5,duplicate,duplicate,duplicate,フク,,joyo,K1772,1772,4,89,12,U8907,08907.svg,,,draft,1761–1780,mountain.png,,,, 
欠,506,505,4,4,lack,lack,lack,ケツ,か-ける、か-く,joyo,K0506,506,2,26,6,U6B20,06b20.svg,,,draft,501–520,castle.png,,,, 
吹,1082,506,7,S,blow,blow,blow,スイ,ふ-く,joyo,K1082,1082,3,55,2,U5439,05439.svg,,,draft,1081–1100,bamboo.png,,,, 
炊,1084,507,8,S,cook,cook,cook,スイ,た-く,joyo,K1084,1084,3,55,4,U708A,0708a.svg,,,draft,1081–1100,bamboo.png,,,, 
歌,159,508,14,2,song,song,song,カ,うた、うた-う,joyo,K0159,159,1,8,19,U6B4C,06b4c.svg,,,draft,141–160,castle.png,,,, 
軟,1575,509,11,S,soft,soft,soft,ナン,やわ-らか、やわ-らかい,joyo,K1575,1575,4,79,15,U8EDF,08edf.svg,,,draft,1561–1580,bamboo.png,,,, 
次,809,510,6,3,next,next,next,ジ、シ,つ-ぐ、つぎ,joyo,K0809,809,2,41,9,U6B21,06b21.svg,,,draft,801–820,mountain.png,,,, 
茨,44,511,9,4,briar,briar,briar,,（いばら）[6],joyo,K0044,44,1,3,4,U8328,08328.svg,,,draft,41–60,koi.png,,,, 
資,799,512,13,5,resources,assets,resources,シ,,joyo,K0799,799,2,40,19,U8CC7,08cc7.svg,,,draft,781–800,kujira.png,,,, 
姿,784,513,9,6,figure,figure,figure,シ,すがた,joyo,K0784,784,2,40,4,U59FF,059ff.svg,,,draft,781–800,kujira.png,,,, 
諮,805,514,16,S,consult,consult with,consult_with,シ,はか-る,joyo,K0805,805,2,41,5,U8AEE,08aee.svg,,,draft,801–820,mountain.png,,,, 
賠,1629,515,15,S,compensation,compensation,compensation,バイ,,joyo,K1629,1629,4,82,9,U8CE0,08ce0.svg,,,draft,1621–1640,kujira.png,,,, 
培,1625,516,11,S,cultivate,cultivate,cultivate,バイ,つちか-う,joyo,K1625,1625,4,82,5,U57F9,057f9.svg,,,draft,1621–1640,kujira.png,,,, 
剖,1863,517,10,S,divide,divide,divide,ボウ,,joyo,K1863,1863,4,94,3,U5256,05256.svg,,,draft,1861–1880,kujira.png,,,, 
音,127,518,9,1,sound,sound,sound,オン、イン,おと、ね,joyo,K0127,127,1,7,7,U97F3,097f3.svg,,,draft,121–140,bamboo.png,,,, 
暗,14,519,13,3,darkness,darkness,darkness,アン,くら-い,joyo,K0014,14,1,1,14,U6697,06697.svg,,,draft,1–20,bamboo.png,,,, 
韻,57,520,19,S,rhyme,rhyme,rhyme,イン,,joyo,K0057,57,1,3,17,U97FB,097fb.svg,,,draft,41–60,koi.png,,,, 
識,827,521,19,5,discriminating,discriminating,discriminating,シキ,,joyo,K0827,827,2,42,7,U8B58,08b58.svg,,,draft,821–840,tree.png,,,, 
鏡,416,522,19,4,mirror,mirror,mirror,キョウ,かがみ,joyo,K0416,416,1,21,16,U93E1,093e1.svg,,,draft,401–420,koi.png,,,, 
境,413,523,14,5,boundary,boundary,boundary,キョウ、（ケイ）,さかい,joyo,K0413,413,1,21,13,U5883,05883.svg,,,draft,401–420,koi.png,,,, 
亡,1852,524,3,6,deceased,deceased,deceased,ボウ、（モウ）,な-い,joyo,K1852,1852,4,93,12,U4EA1,04ea1.svg,,,draft,1841–1860,koi.png,,,, 
盲,1943,525,8,S,blind,blind,blind,モウ,,joyo,K1943,1943,4,98,3,U76F2,076f2.svg,,,draft,1941–1960,castle.png,,,, 
妄,1942,526,6,S,delusion,delusion,delusion,モウ、ボウ,,joyo,K1942,1942,4,98,2,U5984,05984.svg,,,draft,1941–1960,castle.png,,,, 
荒,619,527,9,S,laid,laid waste,laid_waste,コウ,あら-い、あ-れる、あ-らす,joyo,K0619,619,2,31,19,U8352,08352.svg,,,draft,601–620,bamboo.png,,,, 
望,1865,528,11,4,ambition,ambition,ambition,ボウ、モウ,のぞ-む,joyo,K1865,1865,4,94,5,U671B,0671b.svg,,,draft,1861–1880,kujira.png,,,, 
方,1829,529,4,2,direction,direction,direction,ホウ,かた,joyo,K1829,1829,4,92,9,U65B9,065b9.svg,,,draft,1821–1840,castle.png,,,, 
妨,1856,530,7,S,disturb,disturb,disturb,ボウ,さまた-げる,joyo,K1856,1856,4,93,16,U59A8,059a8.svg,,,draft,1841–1860,koi.png,,,, 
坊,1855,531,7,S,boy,boy,boy,ボウ、（ボッ）,,joyo,K1855,1855,4,93,15,U574A,0574a.svg,,,draft,1841–1860,koi.png,,,, 
芳,1831,532,7,S,perfume,perfume,perfume,ホウ,かんば-しい,joyo,K1831,1831,4,92,11,U82B3,082b3.svg,,,draft,1821–1840,castle.png,,,, 
肪,1860,533,8,S,obese,obese,obese,ボウ,,joyo,K1860,1860,4,93,20,U80AA,080aa.svg,,,draft,1841–1860,koi.png,,,, 
訪,1845,534,11,6,call_on,call_on,visit,ホウ,おとず-れる、たず-ねる,joyo,K1845,1845,4,93,5,U8A2A,08a2a.svg,,,draft,1841–1860,koi.png,,,, 
放,1836,535,8,3,release,release,release,ホウ,はな-す、はな-つ、はな-れる、ほう-る,joyo,K1836,1836,4,92,16,U653E,0653e.svg,,,draft,1821–1840,castle.png,,,, 
激,504,536,16,6,violent,violent,violent,ゲキ,はげ-しい,joyo,K0504,504,2,26,4,U6FC0,06fc0.svg,,,draft,501–520,castle.png,,,, 
脱,1329,537,11,S,undress,undress,undress,ダツ,ぬ-ぐ、ぬ-げる,joyo,K1329,1329,3,67,9,U8131,08131.svg,,,draft,1321–1340,bamboo.png,,,, 
説,1163,538,14,4,theory,theory,theory,セツ、（ゼイ）,と-く,joyo,K1163,1163,3,59,3,U8AAC,08aac.svg,,,draft,1161–1180,mountain.png,,,, 
鋭,76,539,15,S,pointed,pointed,pointed,エイ,するど-い,joyo,K0076,76,1,4,16,U92ED,092ed.svg,,,draft,61–80,kujira.png,,,, 
曽,1234,540,11,S,formerly,formerly,formerly,ソウ、（ゾ）,,joyo,K1234,1234,3,62,14,U66FD,066fd.svg,,,draft,1221–1240,castle.png,,,, 
増,1256,541,14,5,increase,increase,increase,ゾウ,ま-す、ふ-える、ふ-やす,joyo,K1256,1256,3,63,16,U5897,05897.svg,,,draft,1241–1260,koi.png,,,, 
贈,1259,542,18,S,presents,presents,presents,ゾウ、（ソウ）,おく-る,joyo,K1259,1259,3,63,19,U8D08,08d08.svg,,,draft,1241–1260,koi.png,,,, 
東,1504,543,8,2,east,east,east,トウ,ひがし,joyo,K1504,1504,4,76,4,U6771,06771.svg,,,draft,1501–1520,kujira.png,,,, 
棟,1520,544,12,S,ridgepole,ridgepole,ridgepole,トウ,むね、（むな）,joyo,K1520,1520,4,76,20,U68DF,068df.svg,,,draft,1501–1520,kujira.png,,,, 
凍,1508,545,10,S,frozen,frozen,frozen,トウ,こお-る、こご-える,joyo,K1508,1508,4,76,8,U51CD,051cd.svg,,,draft,1501–1520,kujira.png,,,, 
妊,1588,546,7,S,pregnancy,pregnancy,pregnancy,ニン,,joyo,K1588,1588,4,80,8,U598A,0598a.svg,,,draft,1581–1600,castle.png,,,, 
廷,1439,547,7,S,courts,courts,courts,テイ,,joyo,K1439,1439,3,72,19,U5EF7,05ef7.svg,,,draft,1421–1440,tree.png,,,, 
染,1176,548,9,6,dye,dye,dye,セン,そ-める、そ-まる、し-みる、し-み,joyo,K1176,1176,3,59,16,U67D3,067d3.svg,,,draft,1161–1180,mountain.png,,,, 
燃,1597,549,16,5,burn,burn,burn,ネン,も-える、も-やす、も-す,joyo,K1597,1597,4,80,17,U71C3,071c3.svg,,,draft,1581–1600,castle.png,,,, 
賓,1732,550,15,S,vip,vip.,vip,ヒン,,joyo,K1732,1732,4,87,12,U8CD3,08cd3.svg,,,draft,1721–1740,koi.png,,,, 
歳,713,551,13,S,year_end,year_end,year_end,サイ、（セイ）,,joyo,K0713,713,2,36,13,U6B73,06b73.svg,,,draft,701–720,tree.png,,,, 
県,521,552,9,3,prefecture,prefecture,prefecture,ケン,,joyo,K0521,521,2,27,1,U770C,0770c.svg,,,draft,521–540,koi.png,,,, 
栃,1557,553,9,4,horse_chestnut,horse chestnut,horse_chestnut,,（とち）[6],joyo,K1557,1557,4,78,17,U6803,06803.svg,,,draft,1541–1560,tree.png,,,, 
地,1355,554,6,2,ground,ground,ground,チ、ジ,,joyo,K1355,1355,3,68,15,U5730,05730.svg,,,draft,1341–1360,castle.png,,,, 
池,1356,555,6,2,pond,pond,pond,チ,いけ,joyo,K1356,1356,3,68,16,U6C60,06c60.svg,,,draft,1341–1360,castle.png,,,, 
虫,1378,556,6,1,insect,insect,insect,チュウ,むし,joyo,K1378,1378,3,69,18,U866B,0866b.svg,,,draft,1361–1380,koi.png,,,, 
蛍,484,557,11,S,lightningbug,lightning bug,lightningbug,ケイ,ほたる,joyo,K0484,484,1,25,4,U86CD,086cd.svg,,,draft,481–500,bamboo.png,,,, 
蛇,854,558,11,S,snake,snake,snake,ジャ、ダ,へび,joyo,K0854,854,2,43,14,U86C7,086c7.svg,,,draft,841–860,bamboo.png,,,, 
虹,1582,559,9,S,rainbow,rainbow,rainbow,,にじ,joyo,K1582,1582,4,80,2,U8679,08679.svg,,,draft,1581–1600,castle.png,,,, 
蝶,NA,560,15,H,butterfly,butterfly,butterfly,,,heisig_extra,heisig_extra,K2162,2162,5,109,2,U8776,u8776.svg,,,draft,2161–2180,bamboo.png,,, 
独,1555,561,9,5,alone,alone,alone,ドク,ひと-り,joyo,K1555,1555,4,78,15,U72EC,072ec.svg,,,draft,1541–1560,tree.png,,,, 
蚕,748,562,10,6,silkworm,silkworm,silkworm,サン,かいこ,joyo,K0748,748,2,38,8,U8695,08695.svg,,,draft,741–760,castle.png,,,, 
風,1764,563,9,2,wind,wind,wind,フウ、（フ）,かぜ、（かざ）,joyo,K1764,1764,4,89,4,U98A8,098a8.svg,,,draft,1761–1780,mountain.png,,,, 
己,557,564,3,6,self,self,self,コ、キ,おのれ,joyo,K0557,557,2,28,17,U5DF1,05df1.svg,,,draft,541–560,kujira.png,,,, 
起,317,565,10,3,wake_up,wake_up,wake_up,キ,お-きる、お-こる、お-こす,joyo,K0317,317,1,16,17,U8D77,08d77.svg,,,draft,301–320,kujira.png,,,, 
妃,1685,566,6,S,queen,queen,queen,ヒ,,joyo,K1685,1685,4,85,5,U5983,05983.svg,,,draft,1681–1700,bamboo.png,,,, 
改,178,567,7,4,reformation,reformation,reformation,カイ,あらた-める、あらた-まる,joyo,K0178,178,1,9,18,U6539,06539.svg,,,draft,161–180,koi.png,,,, 
記,316,568,10,2,scribe,scribe,scribe,キ,しる-す,joyo,K0316,316,1,16,16,U8A18,08a18.svg,,,draft,301–320,kujira.png,,,, 
包,1830,569,5,4,wrap,wrap,wrap,ホウ,つつ-む,joyo,K1830,1830,4,92,10,U5305,05305.svg,,,draft,1821–1840,castle.png,,,, 
胞,1839,570,9,S,placenta,placenta,placenta,ホウ,,joyo,K1839,1839,4,92,19,U80DE,080de.svg,,,draft,1821–1840,castle.png,,,, 
砲,1843,571,10,S,cannon,cannon,cannon,ホウ,,joyo,K1843,1843,4,93,3,U7832,07832.svg,,,draft,1841–1860,koi.png,,,, 
泡,1838,572,8,S,bubbles,bubble,bubbles,ホウ,あわ,joyo,K1838,1838,4,92,18,U6CE1,06ce1.svg,,,draft,1821–1840,castle.png,,,, 
亀,324,573,11,S,turtle,turtle,turtle,キ,かめ,joyo,K0324,324,1,17,4,U4E80,04e80.svg,,,draft,321–340,mountain.png,,,, 
電,1483,574,13,2,electricity,electricity,electricity,デン,,joyo,K1483,1483,3,75,3,U96FB,096fb.svg,,,draft,1481–1500,koi.png,,,, 
竜,2052,575,10,S,dragon,dragon,dragon,リュウ,たつ,joyo,K2052,2052,5,103,12,U7ADC,07adc.svg,,,draft,2041–2060,bamboo.png,,,, 
滝,1317,576,13,S,waterfall,waterfall,waterfall,,たき,joyo,K1317,1317,3,66,17,U6EDD,06edd.svg,,,draft,1301–1320,tree.png,,,, 
豚,1562,577,11,S,pork,pork,pork,トン,ぶた,joyo,K1562,1562,4,79,2,U8C5A,08c5a.svg,,,draft,1561–1580,bamboo.png,,,, 
逐,1368,578,10,S,pursue,pursue,pursue,チク,,joyo,K1368,1368,3,69,8,U9010,09010.svg,,,draft,1361–1380,koi.png,,,, 
遂,1090,579,12,S,consummate,consummate,consummate,スイ,と-げる,joyo,K1090,1090,3,55,10,U9042,09042.svg,,,draft,1081–1100,bamboo.png,,,, 
家,147,580,10,2,house,house,house,カ、ケ,いえ、や,joyo,K0147,147,1,8,7,U5BB6,05bb6.svg,,,draft,141–160,castle.png,,,, 
嫁,154,581,13,S,marry_into,marry_into,marry_into,カ,よめ、とつ-ぐ,joyo,K0154,154,1,8,14,U5AC1,05ac1.svg,,,draft,141–160,castle.png,,,, 
豪,656,582,14,S,overpowering,overpowering,overpowering,ゴウ,,joyo,K0656,656,2,33,16,U8C6A,08c6a.svg,,,draft,641–660,koi.png,,,, 
腸,1409,583,13,6,intestines,intestines,intestines,チョウ,,joyo,K1409,1409,3,71,9,U8178,08178.svg,,,draft,1401–1420,mountain.png,,,, 
場,1020,584,12,2,location,location,location,ジョウ,ば,joyo,K1020,1020,3,51,20,U5834,05834.svg,,,draft,1001–1020,koi.png,,,, 
湯,1521,585,12,3,hot_water,hot_water,hot_water,トウ,ゆ,joyo,K1521,1521,4,77,1,U6E6F,06e6f.svg,,,draft,1521–1540,mountain.png,,,, 
羊,1993,586,6,3,sheep,sheep,sheep,ヨウ,ひつじ,joyo,K1993,1993,4,100,13,U7F8A,07f8a.svg,,,draft,1981–2000,kujira.png,,,, 
美,1705,587,9,3,beauty,beauty,beauty,ビ,うつく-しい,joyo,K1705,1705,4,86,5,U7F8E,07f8e.svg,,,draft,1701–1720,castle.png,,,, 
洋,1995,588,9,3,ocean,ocean,ocean,ヨウ,,joyo,K1995,1995,4,100,15,U6D0B,06d0b.svg,,,draft,1981–2000,kujira.png,,,, 
詳,1000,589,13,S,detailed,detailed,detailed,ショウ,くわ-しい,joyo,K1000,1000,2,50,20,U8A73,08a73.svg,,,draft,981–1000,castle.png,,,, 
鮮,1195,590,17,S,fresh,fresh,fresh,セン,あざ-やか,joyo,K1195,1195,3,60,15,U9BAE,09bae.svg,,,draft,1181–1200,tree.png,,,, 
達,1328,591,12,4,attain,accomplished,attain,タツ,,joyo,K1328,1328,3,67,8,U9054,09054.svg,,,draft,1321–1340,bamboo.png,,,, 
羨,1183,592,13,S,envious,envious,envious,セン,うらや-む、うらや-ましい,joyo,K1183,1183,3,60,3,U7FA8,07fa8.svg,,,draft,1181–1200,tree.png,,,, 
差,688,593,10,4,distinction,distinction,distinction,サ,さ-す,joyo,K0688,688,2,35,8,U5DEE,05dee.svg,,,draft,681–700,mountain.png,,,, 
着,1374,594,12,3,wear,wear,wear,チャク、（ジャク）,き-る、き-せる、つ-く、つ-ける,joyo,K1374,1374,3,69,14,U7740,07740.svg,,,draft,1361–1380,koi.png,,,, 
唯,1970,595,11,S,solely,solely,solely,ユイ、（イ）,,joyo,K1970,1970,4,99,10,U552F,0552f.svg,,,draft,1961–1980,koi.png,,,, 
堆,1303,596,11,S,piled_high,piled_high,piled_high,タイ,,joyo,K1303,1303,3,66,3,U5806,05806.svg,,,draft,1301–1320,tree.png,,,, 
椎,1428,597,12,S,sweet_oak,sweet_oak,sweet_oak,ツイ,,joyo,K1428,1428,3,72,8,U690E,0690e.svg,,,draft,1421–1440,tree.png,,,, 
誰,1332,598,15,S,who,who,who,,だれ,joyo,K1332,1332,3,67,12,U8AB0,08ab0.svg,,,draft,1321–1340,bamboo.png,,,, 
焦,991,599,12,S,char,char,char,ショウ,こ-げる、こ-がす、こ-がれる、あせ-る,joyo,K0991,991,2,50,11,U7126,07126.svg,,,draft,981–1000,castle.png,,,, 
礁,1007,600,17,S,reef,reef,reef,ショウ,,joyo,K1007,1007,3,51,7,U7901,07901.svg,,,draft,1001–1020,koi.png,,,, 
集,901,601,12,3,gather,gather,gather,シュウ,あつ-まる、あつ-める、つど-う,joyo,K0901,901,2,46,1,U96C6,096c6.svg,,,draft,901–920,kujira.png,,,, 
准,935,602,10,S,quasi,quasi,quasi,ジュン,,joyo,K0935,935,2,47,15,U51C6,051c6.svg,,,draft,921–940,mountain.png,,,, 
進,1060,603,11,3,advance,advance,advance,シン,すす-む、すす-める,joyo,K1060,1060,3,53,20,U9032,09032.svg,,,draft,1041–1060,mountain.png,,,, 
雑,742,604,14,5,miscellaneous,miscellaneous,miscellaneous,ザツ、ゾウ,,joyo,K0742,742,2,38,2,U96D1,096d1.svg,,,draft,741–760,castle.png,,,, 
雌,802,605,14,S,female,female,female,シ,め、めす,joyo,K0802,802,2,41,2,U96CC,096cc.svg,,,draft,801–820,mountain.png,,,, 
準,940,606,13,5,standard,standard,standard,ジュン,,joyo,K0940,940,2,47,20,U6E96,06e96.svg,,,draft,921–940,mountain.png,,,, 
奮,1784,607,16,6,stirred_up,stirred_up,stirred_up,フン,ふる-う,joyo,K1784,1784,4,90,4,U596E,0596e.svg,,,draft,1781–1800,tree.png,,,, 
奪,1330,608,14,S,rob,rob,rob,ダツ,うば-う,joyo,K1330,1330,3,67,10,U596A,0596a.svg,,,draft,1321–1340,bamboo.png,,,, 
確,222,609,15,5,assurance,assurance,assuranceカク,たし-か、たし-かめる,joyo,K0222,222,1,12,2,U78BA,078ba.svg,,,draft,221–240,tree.png,,,, ,
午,578,610,4,2,noon,noon,noon,ゴ,,joyo,K0578,578,2,29,18,U5348,05348.svg,,,draft,561–580,mountain.png,,,, 
許,389,611,11,5,permit,permit,permit,キョ,ゆる-す,joyo,K0389,389,1,20,9,U8A31,08a31.svg,,,draft,381–400,castle.png,,,, 
歓,280,612,15,S,delight,delight,delight,カン,,joyo,K0280,280,1,14,20,U6B53,06b53.svg,,,draft,261–280,castle.png,,,, 
権,536,613,15,6,rights,authority,rights,ケン、（ゴン）,,joyo,K0536,536,2,27,16,U6A29,06a29.svg,,,draft,521–540,koi.png,,,, 
観,288,614,18,4,observe,outlook,observe,カン,,joyo,K0288,288,1,15,8,U89B3,089b3.svg,,,draft,281–300,koi.png,,,, 
羽,60,615,6,2,feather,feathers,feather,ウ,は、はね,joyo,K0060,60,1,3,20,U7FBD,07fbd.svg,,,draft,41–60,koi.png,,,, 
習,897,616,11,3,learn,learn,learn,シュウ,なら-う,joyo,K0897,897,2,45,17,U7FD2,07fd2.svg,,,draft,881–900,koi.png,,,, 
翌,2017,617,11,6,following_day,following_day,following_day,ヨク,,joyo,K2017,2017,5,101,17,U7FCC,07fcc.svg,,,draft,2001–2020,mountain.png,,,, 
曜,2012,618,18,2,weekday,weekday,weekday,ヨウ,,joyo,K2012,2012,5,101,12,U66DC,066dc.svg,,,draft,2001–2020,mountain.png,,,, 
濯,1324,619,17,S,laundry,laundry,laundry,タク,,joyo,K1324,1324,3,67,4,U6FEF,06fef.svg,,,draft,1321–1340,bamboo.png,,,, 
曰,NA,620,4,H,sayeth,sayeth,sayeth,,,heisig_extra,heisig_extra,K2163,2163,5,109,3,U66F0,u66f0.svg,,,draft,2161–2180,bamboo.png,,, 
困,671,621,7,6,quandary,quandary,quandary,コン,こま-る,joyo,K0671,671,2,34,11,U56F0,056f0.svg,,,draft,661–680,kujira.png,,,, 
固,561,622,8,4,hard,hard,hard,コ,かた-める、かた-まる、かた-い,joyo,K0561,561,2,29,1,U56FA,056fa.svg,,,draft,561–580,mountain.png,,,, 
錮,574,623,16,S,weld,weld,weld,コ,,joyo,K0574,574,2,29,14,U932E,0932e.svg,,,draft,561–580,mountain.png,,,, 
国,661,624,8,2,country,country,country,コク,くに,joyo,K0661,661,2,34,1,U56FD,056fd.svg,,,draft,661–680,kujira.png,,,, 
団,1347,625,6,5,group,group,group,ダン、（トン）,,joyo,K1347,1347,3,68,7,U56E3,056e3.svg,,,draft,1341–1360,castle.png,,,, 
因,48,626,6,5,reason,reason,reason,イン,よ-る,joyo,K0048,48,1,3,8,U56E0,056e0.svg,,,draft,41–60,koi.png,,,, 
姻,50,627,9,S,matrimony,matrimony,matrimony,イン,,joyo,K0050,50,1,3,10,U59FB,059fb.svg,,,draft,41–60,koi.png,,,, 
咽,49,628,9,S,gullet,gullet,gullet,イン,,joyo,K0049,49,1,3,9,U54BD,054bd.svg,,,draft,41–60,koi.png,,,, 
園,95,629,13,2,garden,garden,garden,エン,その,joyo,K0095,95,1,5,15,U5712,05712.svg,,,draft,81–100,mountain.png,,,, 
回,173,630,6,2,times,-times,times,カイ、（エ）,まわ-る、まわ-す,joyo,K0173,173,1,9,13,U56DE,056de.svg,,,draft,161–180,koi.png,,,, 
壇,1354,631,16,S,podium,podium,podium,ダン、（タン）,,joyo,K1354,1354,3,68,14,U58C7,058c7.svg,,,draft,1341–1360,castle.png,,,, 
店,1474,632,8,2,shop,shop,shop,テン,みせ,joyo,K1474,1474,3,74,14,U5E97,05e97.svg,,,draft,1461–1480,castle.png,,,, 
庫,569,633,10,3,storage,storage,storage,コ、（ク）,,joyo,K0569,569,2,29,9,U5EAB,05eab.svg,,,draft,561–580,mountain.png,,,, 
庭,1449,634,10,3,courtyard,courtyard,courtyard,テイ,にわ,joyo,K1449,1449,3,73,9,U5EAD,05ead.svg,,,draft,1441–1460,bamboo.png,,,, 
庁,1394,635,5,6,government_office,government office,government_office,チョウ,,joyo,K1394,1394,3,70,14,U5E81,05e81.svg,,,draft,1381–1400,kujira.png,,,, 
床,964,636,7,S,bed,bed,bed,ショウ,とこ、ゆか,joyo,K0964,964,2,49,4,U5E8A,05e8a.svg,,,draft,961–980,bamboo.png,,,, 
麻,1891,637,11,S,hemp,hemp,hemp,マ,あさ,joyo,K1891,1891,4,95,11,U9EBB,09ebb.svg,,,draft,1881–1900,mountain.png,,,, 
磨,1893,638,16,S,grind,grind,grind,マ,みが-く,joyo,K1893,1893,4,95,13,U78E8,078e8.svg,,,draft,1881–1900,mountain.png,,,, 
心,1041,639,4,2,heart,heart,heart,シン,こころ,joyo,K1041,1041,3,53,1,U5FC3,05fc3.svg,,,draft,1041–1060,mountain.png,,,, 
忘,1857,640,7,6,forget,forget,forget,ボウ,わす-れる,joyo,K1857,1857,4,93,17,U5FD8,05fd8.svg,,,draft,1841–1860,koi.png,,,, 
恣,789,641,10,S,selfish,selfish,selfish,シ,,joyo,K0789,789,2,40,9,U6063,06063.svg,,,draft,781–800,kujira.png,,,, 
忍,1589,642,7,S,endure,endure,endure,ニン,しの-ぶ、しの-ばせる,joyo,K1589,1589,4,80,9,U5FCD,05fcd.svg,,,draft,1581–1600,castle.png,,,, 
認,1590,643,14,6,recognize,acknowledge,recognize,ニン,みと-める,joyo,K1590,1590,4,80,10,U8A8D,08a8d.svg,,,draft,1581–1600,castle.png,,,, 
忌,308,644,7,S,mourning,mourning,mourning,キ,い-む、い-まわしい,joyo,K0308,308,1,16,8,U5FCC,05fcc.svg,,,draft,301–320,kujira.png,,,, 
志,775,645,7,5,intention,intention,intention,シ,こころざ-す、こころざし,joyo,K0775,775,2,39,15,U5FD7,05fd7.svg,,,draft,761–780,koi.png,,,, 
誌,801,646,14,6,document,document,document,シ,,joyo,K0801,801,2,41,1,U8A8C,08a8c.svg,,,draft,801–820,mountain.png,,,, 
芯,1045,647,7,S,core,core,core,シン,,joyo,K1045,1045,3,53,5,U82AF,082af.svg,,,draft,1041–1060,mountain.png,,,, 
忠,1381,648,8,6,loyalty,loyalty,loyalty,チュウ,,joyo,K1381,1381,3,70,1,U5FE0,05fe0.svg,,,draft,1381–1400,kujira.png,,,, 
串,456,649,7,S,skewer,skewer,skewer,,くし,joyo,K0456,456,1,23,16,U4E32,04e32.svg,,,draft,441–460,mountain.png,,,, 
患,261,650,11,S,afflicted,afflicted,afflicted,カン,わずら-う,joyo,K0261,261,1,14,1,U60A3,060a3.svg,,,draft,261–280,castle.png,,,, 
思,785,651,9,2,think,think,think,シ,おも-う,joyo,K0785,785,2,40,5,U601D,0601d.svg,,,draft,781–800,kujira.png,,,, 
恩,128,652,10,6,grace,grace,grace,オン,,joyo,K0128,128,1,7,8,U6069,06069.svg,,,draft,121–140,bamboo.png,,,, 
応,108,653,7,5,respond,respond,respond,オウ,こた-える,joyo,K0108,108,1,6,8,U5FDC,05fdc.svg,,,draft,101–120,tree.png,,,, 
意,33,654,13,3,idea,idea,idea,イ,,joyo,K0033,33,1,2,13,U610F,0610f.svg,,,draft,21–40,castle.png,,,, 
臆,122,655,17,S,timidity,cowardice,timidity,オク,,joyo,K0122,122,1,7,2,U81C6,081c6.svg,,,draft,121–140,bamboo.png,,,, 
想,1243,656,13,3,concept,concept,concept,ソウ、（ソ）,,joyo,K1243,1243,3,63,3,U60F3,060f3.svg,,,draft,1241–1260,koi.png,,,, 
息,1266,657,10,3,breath,breath,breath,ソク,いき,joyo,K1266,1266,3,64,6,U606F,0606f.svg,,,draft,1261–1280,kujira.png,,,, 
憩,495,658,16,S,recess,recess,recess,ケイ,いこ-い、いこ-う,joyo,K0495,495,1,25,15,U61A9,061a9.svg,,,draft,481–500,bamboo.png,,,, 
恵,479,659,10,S,favor,favor,favor,ケイ、エ,めぐ-む,joyo,K0479,479,1,24,19,U6075,06075.svg,,,draft,461–480,tree.png,,,, 
恐,406,660,10,S,fear,fear,fear,キョウ,おそ-れる、おそ-ろしい,joyo,K0406,406,1,21,6,U6050,06050.svg,,,draft,401–420,koi.png,,,, 
惑,2133,661,12,S,beguile,beguile,beguile,ワク,まど-う,joyo,K2133,2133,5,107,13,U60D1,060d1.svg,,,draft,2121–2140,mountain.png,,,, 
感,275,662,13,3,feeling,feeling,feeling,カン,,joyo,K0275,275,1,14,15,U611F,0611f.svg,,,draft,261–280,castle.png,,,, 
憂,1983,663,15,S,melancholy,melancholy,melancholy,ユウ,うれ-える、うれ-い、う-い,joyo,K1983,1983,4,100,3,U6182,06182.svg,,,draft,1981–2000,kujira.png,,,, 
寡,158,664,14,S,widow,widow,widow,カ,,joyo,K0158,158,1,8,18,U5BE1,05be1.svg,,,draft,141–160,castle.png,,,, 
忙,1854,665,6,S,busy,busy,busy,ボウ,いそが-しい,joyo,K1854,1854,4,93,14,U5FD9,05fd9.svg,,,draft,1841–1860,koi.png,,,, 
悦,83,666,10,S,ecstasy,ecstasy,ecstasy,エツ,,joyo,K0083,83,1,5,3,U60A6,060a6.svg,,,draft,81–100,mountain.png,,,, 
恒,615,667,9,S,constancy,constancy,constancy,コウ,,joyo,K0615,615,2,31,15,U6052,06052.svg,,,draft,601–620,bamboo.png,,,, 
悼,1515,668,11,S,lament,lament,lament,トウ,いた-む,joyo,K1515,1515,4,76,15,U60BC,060bc.svg,,,draft,1501–1520,kujira.png,,,, 
悟,582,669,10,S,enlightenment,enlightenment,enlightenment,ゴ,さと-る,joyo,K0582,582,2,30,2,U609F,0609f.svg,,,draft,581–600,tree.png,,,, 
怖,1743,670,8,S,dreadful,dreadful,dreadful,フ,こわ-い,joyo,K1743,1743,4,88,3,U6016,06016.svg,,,draft,1741–1760,kujira.png,,,, 
慌,634,671,12,S,disconcerted,disconcerted,disconcerted,コウ,あわ-てる、あわ-ただしい,joyo,K0634,634,2,32,14,U614C,0614c.svg,,,draft,621–640,castle.png,,,, 
悔,181,672,9,S,repent,repent,repent,カイ,く-いる、く-やむ、くや-しい,joyo,K0181,181,1,10,1,U6094,06094.svg,,,draft,181–200,kujira.png,,,, 
憎,1257,673,14,S,hate,hate,hate,ゾウ,にく-む、にく-い、にく-らしい、にく-しみ,joyo,K1257,1257,3,63,17,U618E,0618e.svg,,,draft,1241–1260,koi.png,,,, 
慣,277,674,14,5,accustomed,accustomed,accustomed,カン,な-れる、な-らす,joyo,K0277,277,1,14,17,U6163,06163.svg,,,draft,261–280,castle.png,,,, 
愉,1966,675,12,S,pleasure,pleasure,pleasure,ユ,,joyo,K1966,1966,4,99,6,U6109,06109.svg,,,draft,1961–1980,koi.png,,,, 
惰,1291,676,12,S,lazy,lazy,lazy,ダ,,joyo,K1291,1291,3,65,11,U60F0,060f0.svg,,,draft,1281–1300,mountain.png,,,, 
慎,1064,677,13,S,humility,humility,humility,シン,つつし-む,joyo,K1064,1064,3,54,4,U614E,0614e.svg,,,draft,1061–1080,tree.png,,,, 
憾,283,678,16,S,remorse,remorse,remorse,カン,,joyo,K0283,283,1,15,3,U61BE,061be.svg,,,draft,281–300,koi.png,,,, 
憶,121,679,16,S,recollection,recollection,recollection,オク,,joyo,K0121,121,1,7,1,U61B6,061b6.svg,,,draft,121–140,bamboo.png,,,, 
惧,450,680,11,S,disquieting,disquieting,disquieting,グ,,joyo,K0450,450,1,23,10,U60E7,060e7.svg,,,draft,441–460,mountain.png,,,, 
憧,1003,681,15,S,desire,desire,desire,ショウ,あこが-れる,joyo,K1003,1003,3,51,3,U61A7,061a7.svg,,,draft,1001–1020,koi.png,,,, 
憬,493,682,15,S,long_for,long_for,long_for,ケイ,,joyo,K0493,493,1,25,13,U61AC,061ac.svg,,,draft,481–500,bamboo.png,,,, 
慕,1826,683,14,S,pining,pining,pining,ボ,した-う,joyo,K1826,1826,4,92,6,U6155,06155.svg,,,draft,1821–1840,castle.png,,,, 
添,1477,684,11,S,annexed,annexed,annexed,テン,そ-える、そ-う,joyo,K1477,1477,3,74,17,U6DFB,06dfb.svg,,,draft,1461–1480,castle.png,,,, 
必,1712,685,5,4,invariably,invariably,invariably,ヒツ,かなら-ず,joyo,K1712,1712,4,86,12,U5FC5,05fc5.svg,,,draft,1701–1720,castle.png,,,, 
泌,1713,686,8,S,ooze,ooze,ooze,ヒツ、ヒ,,joyo,K1713,1713,4,86,13,U6CCC,06ccc.svg,,,draft,1701–1720,castle.png,,,, 
手,863,687,4,1,hand,hand,hand,シュ,て、（た）,joyo,K0863,863,2,44,3,U624B,0624b.svg,,,draft,861–880,castle.png,,,, 
看,257,688,9,6,watch_over,watch over,watch_over,カン,,joyo,K0257,257,1,13,17,U770B,0770b.svg,,,draft,241–260,bamboo.png,,,, 
摩,1892,689,15,S,chafe,chafe,chafe,マ,,joyo,K1892,1892,4,95,12,U6469,06469.svg,,,draft,1881–1900,mountain.png,,,, 
我,166,690,7,6,ego,ego,ego,ガ,われ、わ,joyo,K0166,166,1,9,6,U6211,06211.svg,,,draft,161–180,koi.png,,,, 
義,343,691,13,5,righteousness,righteousness,righteousness,ギ,,joyo,K0343,343,1,18,3,U7FA9,07fa9.svg,,,draft,341–360,tree.png,,,, 
議,349,692,20,4,deliberation,deliberation,deliberation,ギ,,joyo,K0349,349,1,18,9,U8B70,08b70.svg,,,draft,341–360,tree.png,,,, 
犠,348,693,17,S,sacrifice,sacrifice,sacrifice,ギ,,joyo,K0348,348,1,18,8,U72A0,072a0.svg,,,draft,341–360,tree.png,,,, 
抹,1905,694,8,S,rub,rub,rub,マツ,,joyo,K1905,1905,4,96,5,U62B9,062b9.svg,,,draft,1901–1920,tree.png,,,, 
拭,1030,695,9,S,wipe,wipe,wipe,ショク,ふ-く、ぬぐ-う,joyo,K1030,1030,3,52,10,U62ED,062ed.svg,,,draft,1021–1040,kujira.png,,,, 
拉,2019,696,8,S,yank,yank,yank,ラ,,joyo,K2019,2019,5,101,19,U62C9,062c9.svg,,,draft,2001–2020,mountain.png,,,, 
抱,1835,697,8,S,embrace,embrace,embrace,ホウ,だ-く、いだ-く、かか-える,joyo,K1835,1835,4,92,15,U62B1,062b1.svg,,,draft,1821–1840,castle.png,,,, 
搭,1519,698,12,S,board,board,board,トウ,,joyo,K1519,1519,4,76,19,U642D,0642d.svg,,,draft,1501–1520,kujira.png,,,, 
抄,965,699,7,S,extract,extract,extract,ショウ,,joyo,K0965,965,2,49,5,U6284,06284.svg,,,draft,961–980,bamboo.png,,,, 
抗,606,700,7,S,confront,confront,confront,コウ,,joyo,K0606,606,2,31,6,U6297,06297.svg,,,draft,601–620,bamboo.png,,,, 
批,1687,701,7,6,criticism,criticism,criticism,ヒ,,joyo,K1687,1687,4,85,7,U6279,06279.svg,,,draft,1681–1700,bamboo.png,,,, 
招,968,702,8,5,beckon,beckon,beckon,ショウ,まね-く,joyo,K0968,968,2,49,8,U62DB,062db.svg,,,draft,961–980,bamboo.png,,,, 
拓,1322,703,8,S,clear_land,clear_land,clear_the_land,タク,,joyo,K1322,1322,3,67,2,U62D3,062d3.svg,,,draft,1321–1340,bamboo.png,,,, 
拍,1632,704,8,S,clap,clap,clap,ハク、（ヒョウ）,,joyo,K1632,1632,4,82,12,U62CD,062cd.svg,,,draft,1621–1640,kujira.png,,,, 
打,1287,705,5,3,strike,strike,strike,ダ,う-つ,joyo,K1287,1287,3,65,7,U6253,06253.svg,,,draft,1281–1300,mountain.png,,,, 
拘,611,706,8,S,arrest,arrest,arrest,コウ,,joyo,K0611,611,2,31,11,U62D8,062d8.svg,,,draft,601–620,bamboo.png,,,, 
捨,847,707,11,6,discard,discard,discard,シャ,す-てる,joyo,K0847,847,2,43,7,U6368,06368.svg,,,draft,841–860,bamboo.png,,,, 
拐,180,708,8,S,kidnap,kidnap,kidnap,カイ,,joyo,K0180,180,1,9,20,U62D0,062d0.svg,,,draft,161–180,koi.png,,,, 
摘,1462,709,14,S,pinch,pinch,pinch,テキ,つ-む,joyo,K1462,1462,3,74,2,U6458,06458.svg,,,draft,1461–1480,castle.png,,,, 
挑,1398,710,9,S,challenge,challenge,challenge,チョウ,いど-む,joyo,K1398,1398,3,70,18,U6311,06311.svg,,,draft,1381–1400,kujira.png,,,, 
指,786,711,9,3,finger,finger,finger,シ,ゆび、さ-す,joyo,K0786,786,2,40,6,U6307,06307.svg,,,draft,781–800,kujira.png,,,, 
持,817,712,9,3,hold,hold,hold,ジ,も-つ,joyo,K0817,817,2,41,17,U6301,06301.svg,,,draft,801–820,mountain.png,,,, 
拶,737,713,9,S,imminent,imminent,imminent,サツ,,joyo,K0737,737,2,37,17,U62F6,062f6.svg,,,draft,721–740,bamboo.png,,,, 
括,233,714,9,S,fasten,fasten,fasten,カツ,,joyo,K0233,233,1,12,13,U62EC,062ec.svg,,,draft,221–240,tree.png,,,, 
揮,327,715,12,6,brandish,brandish,brandish,キ,,joyo,K0327,327,1,17,7,U63EE,063ee.svg,,,draft,321–340,mountain.png,,,, 
推,1088,716,11,6,infer,infer,infer,スイ,お-す,joyo,K1088,1088,3,55,8,U63A8,063a8.svg,,,draft,1081–1100,bamboo.png,,,, 
揚,1999,717,12,S,hoist,hoist,hoist,ヨウ,あ-げる、あ-がる,joyo,K1999,1999,4,100,19,U63DA,063da.svg,,,draft,1981–2000,kujira.png,,,, 
提,1454,718,12,5,propose,propose,propose,テイ,さ-げる,joyo,K1454,1454,3,73,14,U63D0,063d0.svg,,,draft,1441–1460,bamboo.png,,,, 
損,1282,719,13,5,damage,damage,damage,ソン,そこ-なう、そこ-ねる,joyo,K1282,1282,3,65,2,U640D,0640d.svg,,,draft,1281–1300,mountain.png,,,, 
拾,890,720,9,3,pick_up,pick_up,pick_up,シュウ、ジュウ,ひろ-う,joyo,K0890,890,2,45,10,U62FE,062fe.svg,,,draft,881–900,koi.png,,,, 
担,1335,721,8,6,shouldering,shouldering,shouldering,タン,かつ-ぐ、にな-う,joyo,K1335,1335,3,67,15,U62C5,062c5.svg,,,draft,1321–1340,bamboo.png,,,, 
拠,386,722,8,S,foothold,foothold,foothold,キョ、コ,,joyo,K0386,386,1,20,6,U62E0,062e0.svg,,,draft,381–400,castle.png,,,, 
描,1727,723,11,S,sketch,sketch,sketch,ビョウ,えが-く、か-く,joyo,K1727,1727,4,87,7,U63CF,063cf.svg,,,draft,1721–1740,koi.png,,,, 
操,1249,724,16,6,maneuver,maneuver,maneuver,ソウ,みさお、あやつ-る,joyo,K1249,1249,3,63,9,U64CD,064cd.svg,,,draft,1241–1260,koi.png,,,, 
接,1158,725,11,5,touch,touch,touch,セツ,つ-ぐ,joyo,K1158,1158,3,58,18,U63A5,063a5.svg,,,draft,1141–1160,kujira.png,,,, 
掲,481,726,11,S,put,put up a notice,put_up_a_notice,ケイ,かか-げる,joyo,K0481,481,1,25,1,U63B2,063b2.svg,,,draft,481–500,bamboo.png,,,, 
掛,231,727,11,S,hang,hang,hang,,か-ける、か-かる、かかり,joyo,K0231,231,1,12,11,U639B,0639b.svg,,,draft,221–240,tree.png,,,, 
捗,1420,728,10,S,make,make headway,make_progress,チョク,,joyo,K1420,1420,3,71,20,U6357,06357.svg,,,draft,1401–1420,mountain.png,,,, 
研,520,729,9,3,sharpen,polish,sharpen,ケン,と-ぐ,joyo,K0520,520,2,26,20,U7814,07814.svg,,,draft,501–520,castle.png,,,, 
戒,177,730,7,S,commandment,commandment,commandment,カイ,いまし-める,joyo,K0177,177,1,9,17,U6212,06212.svg,,,draft,161–180,koi.png,,,, 
弄,2117,731,7,S,tamper,tinker with,tamper_with,ロウ,もてあそ-ぶ,joyo,K2117,2117,5,106,17,U5F04,05f04.svg,,,draft,2101–2120,kujira.png,,,, 
械,185,732,11,4,contraption,contraption,contraption,カイ,,joyo,K0185,185,1,10,5,U68B0,068b0.svg,,,draft,181–200,kujira.png,,,, 
鼻,1708,733,14,3,nose,nose,nose,ビ,はな,joyo,K1708,1708,4,86,8,U9F3B,09f3b.svg,,,draft,1701–1720,castle.png,,,, 
刑,470,734,6,S,punish,punish,punish,ケイ,,joyo,K0470,470,1,24,10,U5211,05211.svg,,,draft,461–480,tree.png,,,, 
型,476,735,9,5,mould,mould,mould,ケイ,かた,joyo,K0476,476,1,24,16,U578B,0578b.svg,,,draft,461–480,tree.png,,,, 
才,693,736,3,2,genius,genius,genius,サイ,,joyo,K0693,693,2,35,13,U624D,0624d.svg,,,draft,681–700,mountain.png,,,, 
財,720,737,10,5,property,property,property,ザイ、（サイ）,,joyo,K0720,720,2,36,20,U8CA1,08ca1.svg,,,draft,701–720,tree.png,,,, 
材,718,738,7,4,lumber,lumber,lumber,ザイ,,joyo,K0718,718,2,36,18,U6750,06750.svg,,,draft,701–720,tree.png,,,, 
存,1278,739,6,6,suppose,suppose,suppose,ソン、ゾン,,joyo,K1278,1278,3,64,18,U5B58,05b58.svg,,,draft,1261–1280,kujira.png,,,, 
在,717,740,6,5,exist,exist,exist,ザイ,あ-る,joyo,K0717,717,2,36,17,U5728,05728.svg,,,draft,701–720,tree.png,,,, 
乃,NA,741,2,H,no,from,no,,,heisig_extra,heisig_extra,K2164,2164,5,109,4,U4E43,u4e43.svg,,,draft,2161–2180,bamboo.png,,, 
携,489,742,13,S,portable,portable,portable,ケイ,たずさ-える、たずさ-わる,joyo,K0489,489,1,25,9,U643A,0643a.svg,,,draft,481–500,bamboo.png,,,, 
及,361,743,3,S,reachout,reach out,reachout,キュウ,およ-ぶ、およ-び、およ-ぼす,joyo,K0361,361,1,19,1,U53CA,053ca.svg,,,draft,361–380,bamboo.png,,,, 
吸,366,744,6,6,suck,suck,suck,キュウ,す-う,joyo,K0366,366,1,19,6,U5438,05438.svg,,,draft,361–380,bamboo.png,,,, 
扱,9,745,6,S,handle,handle,handle,,あつか-う,joyo,K0009,9,1,1,9,U6271,06271.svg,,,draft,1–20,bamboo.png,,,, 
丈,1010,746,3,S,length,length,length,ジョウ,たけ,joyo,K1010,1010,3,51,10,U4E08,04e08.svg,,,draft,1001–1020,koi.png,,,, 
史,765,747,5,5,history,history,history,シ,,joyo,K0765,765,2,39,5,U53F2,053f2.svg,,,draft,761–780,koi.png,,,, 
吏,2035,748,6,S,officer,officer,officer,リ,,joyo,K2035,2035,5,102,15,U540F,0540f.svg,,,draft,2021–2040,tree.png,,,, 
更,608,749,7,S,further,further,further,コウ,さら、ふ-ける、ふ-かす,joyo,K0608,608,2,31,8,U66F4,066f4.svg,,,draft,601–620,bamboo.png,,,, 
硬,636,750,12,S,stiff,stiff,stiff,コウ,かた-い,joyo,K0636,636,2,32,16,U786C,0786c.svg,,,draft,621–640,castle.png,,,, 
梗,631,751,11,S,spiny,spiny,spiny,コウ,,joyo,K0631,631,2,32,11,U6897,06897.svg,,,draft,621–640,castle.png,,,, 
又,1903,752,2,S,or_again,or_again,or_again,,また,joyo,K1903,1903,4,96,3,U53C8,053c8.svg,,,draft,1901–1920,tree.png,,,, 
双,1217,753,4,S,pair,pair,pair,ソウ,ふた,joyo,K1217,1217,3,61,17,U53CC,053cc.svg,,,draft,1201–1220,bamboo.png,,,, 
桑,1230,754,10,S,mulberry,mulberry,mulberry,ソウ,くわ,joyo,K1230,1230,3,62,10,U6851,06851.svg,,,draft,1221–1240,castle.png,,,, 
隻,1146,755,10,S,vessels,vessels,vessels,セキ,,joyo,K1146,1146,3,58,6,U96BB,096bb.svg,,,draft,1141–1160,kujira.png,,,, 
護,586,756,20,5,safeguard,safeguard,safeguard,ゴ,,joyo,K0586,586,2,30,6,U8B77,08b77.svg,,,draft,581–600,tree.png,,,, 
獲,223,757,16,S,seize,seize,seize,カク,え-る,joyo,K0223,223,1,12,3,U7372,07372.svg,,,draft,221–240,tree.png,,,, 
奴,1494,758,5,S,guy,guy,guy,ド,,joyo,K1494,1494,3,75,14,U5974,05974.svg,,,draft,1481–1500,koi.png,,,, 
怒,1497,759,9,S,angry,angry,angry,ド,いか-る、おこ-る,joyo,K1497,1497,3,75,17,U6012,06012.svg,,,draft,1481–1500,koi.png,,,, 
友,1971,760,4,2,friend,friend,friend,ユウ,とも,joyo,K1971,1971,4,99,11,U53CB,053cb.svg,,,draft,1961–1980,koi.png,,,, 
抜,1652,761,7,S,slipout,slip out,slipout,バツ,ぬ-く、ぬ-ける、ぬ-かす、ぬ-かる,joyo,K1652,1652,4,83,12,U629C,0629c.svg,,,draft,1641–1660,mountain.png,,,, 
投,1502,762,7,3,throw,throw,throw,トウ,な-げる,joyo,K1502,1502,4,76,2,U6295,06295.svg,,,draft,1501–1520,kujira.png,,,, 
没,1883,763,7,S,drown,drown,drown,ボツ,,joyo,K1883,1883,4,95,3,U6CA1,06ca1.svg,,,draft,1881–1900,mountain.png,,,, 
股,562,764,8,S,crotch,crotch,crotch,コ,また,joyo,K0562,562,2,29,2,U80A1,080a1.svg,,,draft,561–580,mountain.png,,,, 
設,1159,765,11,5,establish,establishment,establish,セツ,もう-ける,joyo,K1159,1159,3,58,19,U8A2D,08a2d.svg,,,draft,1141–1160,kujira.png,,,, 
撃,503,766,15,S,beat,beat,beat,ゲキ,う-つ,joyo,K0503,503,2,26,3,U6483,06483.svg,,,draft,501–520,castle.png,,,, 
殻,216,767,11,S,husk,husk,husk,カク,から,joyo,K0216,216,1,11,16,U6BBB,06bbb.svg,,,draft,201–220,mountain.png,,,, 
支,761,768,4,5,branch,branch,branch,シ,ささ-える,joyo,K0761,761,2,39,1,U652F,0652f.svg,,,draft,761–780,koi.png,,,, 
技,339,769,7,5,skill,skill,skill,ギ,わざ,joyo,K0339,339,1,17,19,U6280,06280.svg,,,draft,321–340,mountain.png,,,, 
枝,781,770,8,5,bough,bough,bough,シ,えだ,joyo,K0781,781,2,40,1,U679D,0679d.svg,,,draft,781–800,kujira.png,,,, 
肢,783,771,8,S,limb,limb,limb,シ,,joyo,K0783,783,2,40,3,U80A2,080a2.svg,,,draft,781–800,kujira.png,,,, 
茎,474,772,8,S,stalk,stalk,stalk,ケイ,くき,joyo,K0474,474,1,24,14,U830E,0830e.svg,,,draft,461–480,tree.png,,,, 
怪,179,773,8,S,suspicious,suspicious,suspicious,カイ,あや-しい、あや-しむ,joyo,K0179,179,1,9,19,U602A,0602a.svg,,,draft,161–180,koi.png,,,, 
軽,487,774,12,3,lightweight,light weight,lightweight,ケイ,かる-い、かろ-やか,joyo,K0487,487,1,25,7,U8EFD,08efd.svg,,,draft,481–500,bamboo.png,,,, 
叔,918,775,8,S,uncle,uncle,uncle,シュク,,joyo,K0918,918,2,46,18,U53D4,053d4.svg,,,draft,901–920,kujira.png,,,, 
督,1551,776,13,S,coach,coach,coach,トク,,joyo,K1551,1551,4,78,11,U7763,07763.svg,,,draft,1541–1560,tree.png,,,, 
寂,862,777,11,S,loneliness,loneliness,loneliness,ジャク、（セキ）,さび、さび-しい、さび-れる,joyo,K0862,862,2,44,2,U5BC2,05bc2.svg,,,draft,861–880,castle.png,,,, 
淑,921,778,11,S,graceful,graceful,graceful,シュク,,joyo,K0921,921,2,47,1,U6DD1,06dd1.svg,,,draft,921–940,mountain.png,,,, 
反,1655,779,4,3,anti,anti-,anti,ハン、（ホン）、（タン）,そ-る、そ-らす,joyo,K1655,1655,4,83,15,U53CD,053cd.svg,,,draft,1641–1660,mountain.png,,,, 
坂,1663,780,7,3,slope,slope,slope,ハン,さか,joyo,K1663,1663,4,84,3,U5742,05742.svg,,,draft,1661–1680,tree.png,,,, 
板,1665,781,8,3,plank,plank,plank,ハン、バン,いた,joyo,K1665,1665,4,84,5,U677F,0677f.svg,,,draft,1661–1680,tree.png,,,, 
返,1809,782,7,3,return,return,return,ヘン,かえ-す、かえ-る,joyo,K1809,1809,4,91,9,U8FD4,08fd4.svg,,,draft,1801–1820,bamboo.png,,,, 
販,1670,783,11,S,marketing,marketing,marketing,ハン,,joyo,K1670,1670,4,84,10,U8CA9,08ca9.svg,,,draft,1661–1680,tree.png,,,, 
爪,1435,784,4,S,claw,claw,claw,,つめ、（つま）,joyo,K1435,1435,3,72,15,U722A,0722a.svg,,,draft,1421–1440,tree.png,,,, 
妥,1288,785,7,S,gentle,gentle,gentle,ダ,,joyo,K1288,1288,3,65,8,U59A5,059a5.svg,,,draft,1281–1300,mountain.png,,,, 
乳,1585,786,8,6,milk,milk,milk,ニュウ,ちち、ち,joyo,K1585,1585,4,80,5,U4E73,04e73.svg,,,draft,1581–1600,castle.png,,,, 
浮,1749,787,10,S,floating,floating,floating,フ,う-く、う-かれる、う-かぶ、う-かべる,joyo,K1749,1749,4,88,9,U6D6E,06d6e.svg,,,draft,1741–1760,kujira.png,,,, 
淫,53,788,11,S,lewdness,lewdness,lewdness,イン,みだ-ら,joyo,K0053,53,1,3,13,U6DEB,06deb.svg,,,draft,41–60,koi.png,,,, 
将,975,789,10,6,leader,leader,leader,ショウ,,joyo,K0975,975,2,49,15,U5C06,05c06.svg,,,draft,961–980,bamboo.png,,,, 
奨,998,790,13,S,exhort,exhort,exhort,ショウ,,joyo,K0998,998,2,50,18,U5968,05968.svg,,,draft,981–1000,castle.png,,,, 
采,697,791,8,S,grab,grab,grab,サイ,,joyo,K0697,697,2,35,17,U91C7,091c7.svg,,,draft,681–700,mountain.png,,,, 
採,702,792,11,5,pick,pick,pick,サイ,と-る,joyo,K0702,702,2,36,2,U63A1,063a1.svg,,,draft,701–720,tree.png,,,, 
菜,707,793,11,4,vegetable,vegetable,vegetable,サイ,な,joyo,K0707,707,2,36,7,U83DC,083dc.svg,,,draft,701–720,tree.png,,,, 
受,877,794,8,3,accept,accept,accept,ジュ,う-ける、う-かる,joyo,K0877,877,2,44,17,U53D7,053d7.svg,,,draft,861–880,castle.png,,,, 
授,879,795,11,5,instruct,instruct,instruct,ジュ,さず-ける、さず-かる,joyo,K0879,879,2,44,19,U6388,06388.svg,,,draft,861–880,castle.png,,,, 
愛,4,796,13,4,love,love,love,アイ,,joyo,K0004,4,1,1,4,U611B,0611b.svg,,,draft,1–20,bamboo.png,,,, 
曖,5,797,17,S,unclear,unclear,unclear,アイ,,joyo,K0005,5,1,1,5,U66D6,066d6.svg,,,draft,1–20,bamboo.png,,,, 
払,1774,798,5,S,pay,pay,pay,フツ,はら-う,joyo,K1774,1774,4,89,14,U6255,06255.svg,,,draft,1761–1780,mountain.png,,,, 
広,594,799,5,2,wide,wide,wide,コウ,ひろ-い、ひろ-まる、ひろ-める、ひろ-がる、ひろ-げる,joyo,K0594,594,2,30,14,U5E83,05e83.svg,,,draft,581–600,tree.png,,,, 
勾,590,800,4,S,capture,capture,capture,コウ,,joyo,K0590,590,2,30,10,U52FE,052fe.svg,,,draft,581–600,tree.png,,,, 
拡,212,801,8,6,broaden,broaden,broaden,カク,,joyo,K0212,212,1,11,12,U62E1,062e1.svg,,,draft,201–220,mountain.png,,,, 
鉱,640,802,13,5,mineral,mineral,mineral,コウ,,joyo,K0640,640,2,32,20,U9271,09271.svg,,,draft,621–640,castle.png,,,, 
弁,1814,803,5,5,valve,valve,valve,ベン,,joyo,K1814,1814,4,91,14,U5F01,05f01.svg,,,draft,1801–1820,bamboo.png,,,, 
雄,1981,804,12,S,male,male,male,ユウ,お、おす,joyo,K1981,1981,4,100,1,U96C4,096c4.svg,,,draft,1981–2000,kujira.png,,,, 
台,1314,805,5,2,pedestal,pedestal,pedestal,ダイ、タイ,,joyo,K1314,1314,3,66,14,U53F0,053f0.svg,,,draft,1301–1320,tree.png,,,, 
怠,1298,806,9,S,neglect,neglect,neglect,タイ,おこた-る、なま-ける,joyo,K1298,1298,3,65,18,U6020,06020.svg,,,draft,1281–1300,mountain.png,,,, 
治,816,807,8,4,reign,reign,reign,ジ、チ,おさ-める、おさ-まる、なお-る、なお-す,joyo,K0816,816,2,41,16,U6CBB,06cbb.svg,,,draft,801–820,mountain.png,,,, 
冶,1952,808,7,S,meltallurgy,metallurgy,metallurgy,ヤ,,joyo,K1952,1952,4,98,12,U51B6,051b6.svg,,,draft,1941–1960,castle.png,,,, 
始,779,809,8,3,commence,commence,commence,シ,はじ-める、はじ-まる,joyo,K0779,779,2,39,19,U59CB,059cb.svg,,,draft,761–780,koi.png,,,, 
胎,1299,810,9,S,womb,womb,womb,タイ,,joyo,K1299,1299,3,65,19,U80CE,080ce.svg,,,draft,1281–1300,mountain.png,,,, 
窓,1236,811,11,6,window,window,window,ソウ,まど,joyo,K1236,1236,3,62,16,U7A93,07a93.svg,,,draft,1221–1240,castle.png,,,, 
去,382,812,5,3,leave,leave,leave,キョ、コ,さ-る,joyo,K0382,382,1,20,2,U53BB,053bb.svg,,,draft,381–400,castle.png,,,, 
法,1837,813,8,4,method,method,method,ホウ、（ハッ）、（ホッ）,,joyo,K1837,1837,4,92,17,U6CD5,06cd5.svg,,,draft,1821–1840,castle.png,,,, 
会,175,814,6,2,meeting,meeting,meeting,カイ、エ,あ-う,joyo,K0175,175,1,9,15,U4F1A,04f1a.svg,,,draft,161–180,koi.png,,,, 
至,773,815,6,6,climax,climax,climax,シ,いた-る,joyo,K0773,773,2,39,13,U81F3,081f3.svg,,,draft,761–780,koi.png,,,, 
室,832,816,9,2,room,room,room,シツ,むろ,joyo,K0832,832,2,42,12,U5BA4,05ba4.svg,,,draft,821–840,tree.png,,,, 
到,1505,817,8,S,arrival,arrival,arrival,トウ,,joyo,K1505,1505,4,76,5,U5230,05230.svg,,,draft,1501–1520,kujira.png,,,, 
致,1360,818,10,S,bringabout,bring about,bringabout,チ,いた-す,joyo,K1360,1360,3,68,20,U81F4,081f4.svg,,,draft,1341–1360,castle.png,,,, 
互,577,819,4,S,mutually,mutually,mutually,ゴ,たが-い,joyo,K0577,577,2,29,17,U4E92,04e92.svg,,,draft,561–580,mountain.png,,,, 
棄,331,820,13,S,abandon,abandon,abandon,キ,,joyo,K0331,331,1,17,11,U68C4,068c4.svg,,,draft,321–340,mountain.png,,,, 
育,40,821,8,3,nurture,nurture,nurture,イク,そだ-つ、そだ-てる、はぐく-む,joyo,K0040,40,1,2,20,U80B2,080b2.svg,,,draft,21–40,castle.png,,,, 
撤,1471,822,15,S,remove,remove,remove,テツ,,joyo,K1471,1471,3,74,11,U64A4,064a4.svg,,,draft,1461–1480,castle.png,,,, 
充,909,823,6,S,allot,allot,allot,ジュウ,あ-てる,joyo,K0909,909,2,46,9,U5145,05145.svg,,,draft,901–920,kujira.png,,,, 
銃,915,824,14,S,gun,gun,gun,ジュウ,,joyo,K0915,915,2,46,15,U9283,09283.svg,,,draft,901–920,kujira.png,,,, 
硫,2055,825,12,S,sulphur,sulfur,sulphur,リュウ,,joyo,K2055,2055,5,103,15,U786B,0786b.svg,,,draft,2041–2060,bamboo.png,,,, 
流,2050,826,10,3,stream,current,stream,リュウ、（ル）,なが-れる、なが-す,joyo,K2050,2050,5,103,10,U6D41,06d41.svg,,,draft,2041–2060,bamboo.png,,,, 
允,NA,827,4,H,makoto,makoto,makoko,,,heisig_extra,heisig_extra,K2165,2165,5,109,5,U5141,u5141.svg,,,draft,2161–2180,bamboo.png,,, 
唆,687,828,10,S,tempt,tempt,tempt,サ,そそのか-す,joyo,K0687,687,2,35,7,U5506,05506.svg,,,draft,681–700,mountain.png,,,, 
出,926,829,5,1,exit,exit,exit,シュツ、（スイ）,で-る、だ-す,joyo,K0926,926,2,47,6,U51FA,051fa.svg,,,draft,921–940,mountain.png,,,, 
山,745,830,3,1,mountain,mountain,mountain,サン,やま,joyo,K0745,745,2,38,5,U5C71,05c71.svg,,,draft,741–760,castle.png,,,, 
拙,1156,831,8,S,bungling,bungling,bungling,セツ,つたな-い,joyo,K1156,1156,3,58,16,U62D9,062d9.svg,,,draft,1141–1160,kujira.png,,,, 
岩,295,832,8,2,boulder,boulder,boulder,ガン,いわ,joyo,K0295,295,1,15,15,U5CA9,05ca9.svg,,,draft,281–300,koi.png,,,, 
炭,1337,833,9,3,charcoal,charcoal,charcoal,タン,すみ,joyo,K1337,1337,3,67,17,U70AD,070ad.svg,,,draft,1321–1340,bamboo.png,,,, 
岐,306,834,7,4,branchoff,branch off,branchoff,キ,,joyo,K0306,306,1,16,6,U5C90,05c90.svg,,,draft,301–320,kujira.png,,,, 
峠,1547,835,9,S,mountainpass,mountain pass,mountainpass,,とうげ,joyo,K1547,1547,4,78,7,U5CE0,05ce0.svg,,,draft,1541–1560,tree.png,,,, 
崩,1844,836,11,S,crumble,crumble,crumble,ホウ,くず-れる、くず-す,joyo,K1844,1844,4,93,4,U5D29,05d29.svg,,,draft,1841–1860,koi.png,,,, 
密,1914,837,11,6,secrecy,secrecy,secrecy,ミツ,,joyo,K1914,1914,4,96,14,U5BC6,05bc6.svg,,,draft,1901–1920,tree.png,,,, 
蜜,1915,838,14,S,honey,honey,honey,ミツ,,joyo,K1915,1915,4,96,15,U871C,0871c.svg,,,draft,1901–1920,tree.png,,,, 
嵐,11,839,12,S,storm,storm,storm,,あらし,joyo,K0011,11,1,1,11,U5D50,05d50.svg,,,draft,1–20,bamboo.png,,,, 
崎,722,840,11,4,promontory,promontory,promontory,,さき,joyo,K0722,722,2,37,2,U5D0E,05d0e.svg,,,draft,721–740,bamboo.png,,,, 
崖,200,841,11,S,cliff,cliff,cliff,ガイ,がけ,joyo,K0200,200,1,10,20,U5D16,05d16.svg,,,draft,181–200,kujira.png,,,, 
入,1584,842,2,1,enter,enter,enter,ニュウ,い-る、い-れる、はい-る,joyo,K1584,1584,4,80,4,U5165,05165.svg,,,draft,1581–1600,castle.png,,,, 
込,668,843,5,S,crowded,crowded,crowded,,こ-む、こ-める,joyo,K0668,668,2,34,8,U8FBC,08fbc.svg,,,draft,661–680,kujira.png,,,, 
分,1785,844,4,2,part,part,part,ブン、フン、ブ,わ-ける、わ-かれる、わ-かる、わ-かつ,joyo,K1785,1785,4,90,5,U5206,05206.svg,,,draft,1781–1800,tree.png,,,, 
貧,1731,845,11,5,poverty,poverty,poverty,ヒン、ビン,まず-しい,joyo,K1731,1731,4,87,11,U8CA7,08ca7.svg,,,draft,1721–1740,koi.png,,,, 
頒,1675,846,13,S,partition,partition,partition,ハン,,joyo,K1675,1675,4,84,15,U9812,09812.svg,,,draft,1661–1680,tree.png,,,, 
公,589,847,4,2,public,public,public,コウ,おおやけ,joyo,K0589,589,2,30,9,U516C,0516c.svg,,,draft,581–600,tree.png,,,, 
松,971,848,8,4,pinetree,pine tree,pinetree,ショウ,まつ,joyo,K0971,971,2,49,11,U677E,0677e.svg,,,draft,961–980,bamboo.png,,,, 
翁,115,849,10,S,venerableman,venerable old man,venerableman,オウ,,joyo,K0115,115,1,6,15,U7FC1,07fc1.svg,,,draft,101–120,tree.png,,,, 
訟,986,850,11,S,litigation,litigation,litigation,ショウ,,joyo,K0986,986,2,50,6,U8A1F,08a1f.svg,,,draft,981–1000,castle.png,,,, 
谷,659,851,7,2,valley,valley,valley,コク,たに,joyo,K0659,659,2,33,19,U8C37,08c37.svg,,,draft,641–660,koi.png,,,, 
浴,2015,852,10,4,bathe,bathe,bathe,ヨク,あ-びる、あ-びせる,joyo,K2015,2015,5,101,15,U6D74,06d74.svg,,,draft,2001–2020,mountain.png,,,, 
容,1997,853,10,5,contain,contain,contain,ヨウ,,joyo,K1997,1997,4,100,17,U5BB9,05bb9.svg,,,draft,1981–2000,kujira.png,,,, 
溶,2003,854,13,S,melt,melt,melt,ヨウ,と-ける、と-かす、と-く,joyo,K2003,2003,5,101,3,U6EB6,06eb6.svg,,,draft,2001–2020,mountain.png,,,, 
欲,2016,855,11,6,longing,longing,longing,ヨク,ほっ-する、ほ-しい,joyo,K2016,2016,5,101,16,U6B32,06b32.svg,,,draft,2001–2020,mountain.png,,,, 
裕,1979,856,12,S,abundant,abundant,abundant,ユウ,,joyo,K1979,1979,4,99,19,U88D5,088d5.svg,,,draft,1961–1980,koi.png,,,, 
鉛,99,857,13,S,lead,lead (metal),lead,エン,なまり,joyo,K0099,99,1,5,19,U925B,0925b.svg,,,draft,81–100,mountain.png,,,, 
沿,89,858,8,6,runalongside,run alongside,runalongside,エン,そ-う,joyo,K0089,89,1,5,9,U6CBF,06cbf.svg,,,draft,81–100,mountain.png,,,, 
賞,1005,859,15,5,prize,prize,prize,ショウ,,joyo,K1005,1005,3,51,5,U8CDE,08cde.svg,,,draft,1001–1020,koi.png,,,, 
党,1514,860,10,6,politicalparty,political party,politicalparty,トウ,,joyo,K1514,1514,4,76,14,U515A,0515a.svg,,,draft,1501–1520,kujira.png,,,, 
堂,1540,861,11,5,publichall,public hall,publichall,ドウ,,joyo,K1540,1540,4,77,20,U5802,05802.svg,,,draft,1521–1540,mountain.png,,,, 
常,1018,862,11,5,usual,usual,usual,ジョウ,つね、とこ,joyo,K1018,1018,3,51,18,U5E38,05e38.svg,,,draft,1001–1020,koi.png,,,, 
裳,NA,863,14,H,robe,robe,robe,,,heisig_extra,heisig_extra,K2166,2166,5,109,6,U88F3,u88f3.svg,,,draft,2161–2180,bamboo.png,,, 
掌,988,864,12,S,manipulate,manipulate,manipulate,ショウ,,joyo,K0988,988,2,50,8,U638C,0638c.svg,,,draft,981–1000,castle.png,,,, 
皮,1684,865,5,3,pelt,pelt,pelt,ヒ,かわ,joyo,K1684,1684,4,85,4,U76AE,076ae.svg,,,draft,1681–1700,bamboo.png,,,, 
波,1605,866,8,3,wave,waves,wave,ハ,なみ,joyo,K1605,1605,4,81,5,U6CE2,06ce2.svg,,,draft,1601–1620,koi.png,,,, 
婆,1610,867,11,S,oldwoman,old woman,oldwoman,バ,,joyo,K1610,1610,4,81,10,U5A46,05a46.svg,,,draft,1601–1620,koi.png,,,, 
披,1689,868,8,S,expose,expose,expose,ヒ,,joyo,K1689,1689,4,85,9,U62AB,062ab.svg,,,draft,1681–1700,bamboo.png,,,, 
破,1607,869,10,5,rend,rend,rend,ハ,やぶ-る、やぶ-れる,joyo,K1607,1607,4,81,7,U7834,07834.svg,,,draft,1601–1620,koi.png,,,, 
被,1696,870,10,S,incur,incur,incur,ヒ,こうむ-る,joyo,K1696,1696,4,85,16,U88AB,088ab.svg,,,draft,1681–1700,bamboo.png,,,, 
残,756,871,10,4,remainder,remainder,remainder,ザン,のこ-る、のこ-す,joyo,K0756,756,2,38,16,U6B8B,06b8b.svg,,,draft,741–760,castle.png,,,, 
殉,936,872,10,S,martyrdom,martyrdom,martyrdom,ジュン,,joyo,K0936,936,2,47,16,U6B89,06b89.svg,,,draft,921–940,mountain.png,,,, 
殊,870,873,10,S,particularly,particularly,particularly,シュ,こと,joyo,K0870,870,2,44,10,U6B8A,06b8a.svg,,,draft,861–880,castle.png,,,, 
殖,1033,874,12,S,augment,augment,augment,ショク,ふ-える、ふ-やす,joyo,K1033,1033,3,52,13,U6B96,06b96.svg,,,draft,1021–1040,kujira.png,,,, 
列,2101,875,6,3,file,file,file,レツ,,joyo,K2101,2101,5,106,1,U5217,05217.svg,,,draft,2101–2120,kujira.png,,,, 
裂,2104,876,12,S,split,split,split,レツ,さ-く、さ-ける,joyo,K2104,2104,5,106,4,U88C2,088c2.svg,,,draft,2101–2120,kujira.png,,,, 
烈,2103,877,10,S,ardent,ardent,ardent,レツ,,joyo,K2103,2103,5,106,3,U70C8,070c8.svg,,,draft,2101–2120,kujira.png,,,, 
死,771,878,6,3,death,death,death,シ,し-ぬ,joyo,K0771,771,2,39,11,U6B7B,06b7b.svg,,,draft,761–780,koi.png,,,, 
葬,1240,879,12,S,burial,burial,burial,ソウ,ほうむ-る,joyo,K1240,1240,3,62,20,U846C,0846c.svg,,,draft,1221–1240,castle.png,,,, 
瞬,931,880,18,S,wink,wink,wink,シュン,またた-く,joyo,K0931,931,2,47,11,U77AC,077ac.svg,,,draft,921–940,mountain.png,,,, 
耳,810,881,6,1,ear,ear,ear,ジ,みみ,joyo,K0810,810,2,41,10,U8033,08033.svg,,,draft,801–820,mountain.png,,,, 
取,867,882,8,3,take,take,take,シュ,と-る,joyo,K0867,867,2,44,7,U53D6,053d6.svg,,,draft,861–880,castle.png,,,, 
趣,875,883,15,S,gist,gist,gist,シュ,おもむき,joyo,K0875,875,2,44,15,U8DA3,08da3.svg,,,draft,861–880,castle.png,,,, 
最,708,884,12,4,utmost,utmost,utmost,サイ,もっと-も,joyo,K0708,708,2,36,8,U6700,06700.svg,,,draft,701–720,tree.png,,,, 
撮,740,885,15,S,snapshot,snapshot,snapshot,サツ,と-る,joyo,K0740,740,2,37,20,U64AE,064ae.svg,,,draft,721–740,bamboo.png,,,, 
恥,1359,886,10,S,shame,shame,shame,チ,は-じる、はじ、は-じらう、は-ずかしい,joyo,K1359,1359,3,68,19,U6065,06065.svg,,,draft,1341–1360,castle.png,,,, 
職,1038,887,18,5,employment,employment,employment,ショク,,joyo,K1038,1038,3,52,18,U8077,08077.svg,,,draft,1021–1040,kujira.png,,,, 
聖,1128,888,13,6,holy,holy,holy,セイ,,joyo,K1128,1128,3,57,8,U8056,08056.svg,,,draft,1121–1140,koi.png,,,, 
敢,267,889,12,S,daring,daring,daring,カン,,joyo,K0267,267,1,14,7,U6562,06562.svg,,,draft,261–280,castle.png,,,, 
聴,1416,890,17,S,listen,listen,listen,チョウ,き-く,joyo,K1416,1416,3,71,16,U8074,08074.svg,,,draft,1401–1420,mountain.png,,,, 
懐,194,891,16,S,pocket,pocket,pocket,カイ,ふところ、なつ-かしい、なつ-かしむ、なつ-く、なつ-ける,joyo,K0194,194,1,10,14,U61D0,061d0.svg,,,draft,181–200,kujira.png,,,, 
慢,1908,892,14,S,ridicule,ridicule,ridicule,マン,,joyo,K1908,1908,4,96,8,U6162,06162.svg,,,draft,1901–1920,tree.png,,,, 
漫,1909,893,14,S,cartoon,loose,cartoon,マン,,joyo,K1909,1909,4,96,9,U6F2B,06f2b.svg,,,draft,1901–1920,tree.png,,,, 
買,1628,894,12,2,buy,buy,buy,バイ,か-う,joyo,K1628,1628,4,82,8,U8CB7,08cb7.svg,,,draft,1621–1640,kujira.png,,,, 
置,1364,895,13,4,placement,placement,placement,チ,お-く,joyo,K1364,1364,3,69,4,U7F6E,07f6e.svg,,,draft,1361–1380,koi.png,,,, 
罰,1653,896,14,S,penalty,penalty,penalty,バツ、バチ,,joyo,K1653,1653,4,83,13,U7F70,07f70.svg,,,draft,1641–1660,mountain.png,,,, 
寧,1591,897,14,S,rather,rather,rather,ネイ,,joyo,K1591,1591,4,80,11,U5BE7,05be7.svg,,,draft,1581–1600,castle.png,,,, 
濁,1326,898,16,S,voiced,voiced,voiced,ダク,にご-る、にご-す,joyo,K1326,1326,3,67,6,U6FC1,06fc1.svg,,,draft,1321–1340,bamboo.png,,,, 
環,286,899,17,S,ring,ring,ring,カン,,joyo,K0286,286,1,15,6,U74B0,074b0.svg,,,draft,281–300,koi.png,,,, 
還,284,900,16,S,sendback,send back,sendback,カン,,joyo,K0284,284,1,15,4,U9084,09084.svg,,,draft,281–300,koi.png,,,, 
夫,1737,901,4,4,husband,husband,husband,フ、（フウ）,おっと,joyo,K1737,1737,4,87,17,U592B,0592b.svg,,,draft,1721–1740,koi.png,,,, 
扶,1741,902,7,S,aid,aid,aid,フ,,joyo,K1741,1741,4,88,1,U6276,06276.svg,,,draft,1741–1760,kujira.png,,,, 
渓,482,903,11,S,mountainstream,mountain stream,mountainstream,ケイ,,joyo,K0482,482,1,25,2,U6E13,06e13.svg,,,draft,481–500,bamboo.png,,,, 
規,323,904,11,5,standard,standard,standard,キ,,joyo,K0323,323,1,17,3,U898F,0898f.svg,,,draft,321–340,mountain.png,,,, 
替,1306,905,12,S,exchange,exchange,exchange,タイ,か-える、か-わる,joyo,K1306,1306,3,66,6,U66FF,066ff.svg,,,draft,1301–1320,tree.png,,,, 
賛,755,906,15,5,approve,approve,approve,サン,,joyo,K0755,755,2,38,15,U8CDB,08cdb.svg,,,draft,741–760,castle.png,,,, 
潜,1189,907,15,S,submerge,submerge,submerge,セン,ひそ-む、もぐ-る,joyo,K1189,1189,3,60,9,U6F5C,06f5c.svg,,,draft,1181–1200,tree.png,,,, 
失,831,908,5,4,lose,lose,lose,シツ,うしな-う,joyo,K0831,831,2,42,11,U5931,05931.svg,,,draft,821–840,tree.png,,,, 
鉄,1469,909,13,3,iron,iron,iron,テツ,,joyo,K1469,1469,3,74,9,U9244,09244.svg,,,draft,1461–1480,castle.png,,,, 
迭,1467,910,8,S,transfer,transfer,transfer,テツ,,joyo,K1467,1467,3,74,7,U8FED,08fed.svg,,,draft,1461–1480,castle.png,,,, 
臣,1044,911,7,4,retainer,retainer,retainer,シン、ジン,,joyo,K1044,1044,3,53,4,U81E3,081e3.svg,,,draft,1041–1060,mountain.png,,,, 
姫,1715,912,10,S,princess,princess,princess,,ひめ,joyo,K1715,1715,4,86,15,U59EB,059eb.svg,,,draft,1701–1720,castle.png,,,, 
蔵,1258,913,15,6,storehouse,storehouse,storehouse,ゾウ,くら,joyo,K1258,1258,3,63,18,U8535,08535.svg,,,draft,1241–1260,koi.png,,,, 
臓,1260,914,19,6,entrails,entrails,entrails,ゾウ,,joyo,K1260,1260,3,63,20,U81D3,081d3.svg,,,draft,1241–1260,koi.png,,,, 
賢,538,915,16,S,intelligent,intelligent,intelligent,ケン,かしこ-い,joyo,K0538,538,2,27,18,U8CE2,08ce2.svg,,,draft,521–540,koi.png,,,, 
腎,1078,916,13,S,kidney,kidney,kidney,ジン,,joyo,K1078,1078,3,54,18,U814E,0814e.svg,,,draft,1061–1080,tree.png,,,, 
堅,530,917,12,S,strict,strict,strict,ケン,かた-い,joyo,K0530,530,2,27,10,U5805,05805.svg,,,draft,521–540,koi.png,,,, 
臨,2081,918,18,6,lookto,look to,lookto,リン,のぞ-む,joyo,K2081,2081,5,105,1,U81E8,081e8.svg,,,draft,2081–2100,koi.png,,,, 
覧,2031,919,17,6,perusal,perusal,perusal,ラン,,joyo,K2031,2031,5,102,11,U89A7,089a7.svg,,,draft,2021–2040,tree.png,,,, 
巨,383,920,4,S,gigantic,gigantic,gigantic,キョ,,joyo,K0383,383,1,20,3,U5DE8,05de8.svg,,,draft,381–400,castle.png,,,, 
拒,385,921,8,S,repel,repel,repel,キョ,こば-む,joyo,K0385,385,1,20,5,U62D2,062d2.svg,,,draft,381–400,castle.png,,,, 
力,2074,922,2,1,power,power,power,リョク、リキ,ちから,joyo,K2074,2074,5,104,14,U529B,0529b.svg,,,draft,2061–2080,castle.png,,,, 
男,1348,923,7,1,man,man,man,ダン、ナン,おとこ,joyo,K1348,1348,3,68,8,U7537,07537.svg,,,draft,1341–1360,castle.png,,,, 
労,2116,924,7,4,labor,labor,labor,ロウ,,joyo,K2116,2116,5,106,16,U52B4,052b4.svg,,,draft,2101–2120,kujira.png,,,, 
募,1824,925,12,S,recruit,recruit,recruit,ボ,つの-る,joyo,K1824,1824,4,92,4,U52DF,052df.svg,,,draft,1821–1840,castle.png,,,, 
劣,2102,926,6,S,inferiority,inferiority,inferiority,レツ,おと-る,joyo,K2102,2102,5,106,2,U52A3,052a3.svg,,,draft,2101–2120,kujira.png,,,, 
功,592,927,5,4,achievement,achievement,achievement,コウ、（ク）,,joyo,K0592,592,2,30,12,U529F,0529f.svg,,,draft,581–600,tree.png,,,, 
勧,272,928,13,S,persuade,persuade,persuade,カン,すす-める,joyo,K0272,272,1,14,12,U52E7,052e7.svg,,,draft,261–280,castle.png,,,, 
努,1495,929,7,4,toil,toil,toil,ド,つと-める,joyo,K1495,1495,3,75,15,U52AA,052aa.svg,,,draft,1481–1500,koi.png,,,, 
勃,1884,930,9,S,uprising,uprising,uprising,ボツ,,joyo,K1884,1884,4,95,4,U52C3,052c3.svg,,,draft,1881–1900,mountain.png,,,, 
励,2090,931,7,S,encourage,encourage,encourage,レイ,はげ-む、はげ-ます,joyo,K2090,2090,5,105,10,U52B1,052b1.svg,,,draft,2081–2100,koi.png,,,, 
加,134,932,5,4,add,add,add,カ,くわ-える、くわ-わる,joyo,K0134,134,1,7,14,U52A0,052a0.svg,,,draft,121–140,bamboo.png,,,, 
賀,169,933,12,4,congratulations,congratulations,congratulations,ガ,,joyo,K0169,169,1,9,9,U8CC0,08cc0.svg,,,draft,161–180,koi.png,,,, 
架,145,934,9,S,rack,rack,rack,カ,か-ける、か-かる,joyo,K0145,145,1,8,5,U67B6,067b6.svg,,,draft,141–160,castle.png,,,, 
脇,2132,935,10,S,armpit,armpit,armpit,,わき,joyo,K2132,2132,5,107,12,U8107,08107.svg,,,draft,2121–2140,mountain.png,,,, 
脅,409,936,10,S,threaten,threaten,threaten,キョウ,おびや-かす、おど-す、おど-かす,joyo,K0409,409,1,21,9,U8105,08105.svg,,,draft,401–420,koi.png,,,, 
協,401,937,8,4,cooperation,co-operation,cooperation,キョウ,,joyo,K0401,401,1,21,1,U5354,05354.svg,,,draft,401–420,koi.png,,,, 
行,603,938,6,2,going,going,going,コウ、ギョウ、（アン）,い-く、ゆ-く、おこな-う,joyo,K0603,603,2,31,3,U884C,0884c.svg,,,draft,601–620,bamboo.png,,,, 
律,2046,939,9,6,law,law,law,リツ、（リチ）,,joyo,K2046,2046,5,103,6,U5F8B,05f8b.svg,,,draft,2041–2060,bamboo.png,,,, 
復,1769,940,12,5,restore,restore,restore,フク,,joyo,K1769,1769,4,89,9,U5FA9,05fa9.svg,,,draft,1761–1780,mountain.png,,,, 
得,1550,941,11,5,acquire,acquire,acquire,トク,え-る、う-る,joyo,K1550,1550,4,78,10,U5F97,05f97.svg,,,draft,1541–1560,tree.png,,,, 
従,913,942,10,6,obey,obey,obey,ジュウ、（ショウ）、（ジュ）,したが-う、したが-える,joyo,K0913,913,2,46,13,U5F93,05f93.svg,,,draft,901–920,kujira.png,,,, 
徒,1487,943,10,4,junior,junior,junior,ト,,joyo,K1487,1487,3,75,7,U5F92,05f92.svg,,,draft,1481–1500,koi.png,,,, 
待,1297,944,9,3,wait,wait,wait,タイ,ま-つ,joyo,K1297,1297,3,65,17,U5F85,05f85.svg,,,draft,1281–1300,mountain.png,,,, 
往,109,945,8,5,journey,journey,journey,オウ,,joyo,K0109,109,1,6,9,U5F80,05f80.svg,,,draft,101–120,tree.png,,,, 
征,1113,946,8,S,subjugate,subjugate,subjugate,セイ,,joyo,K1113,1113,3,56,13,U5F81,05f81.svg,,,draft,1101–1120,castle.png,,,, 
径,473,947,8,4,diameter,diameter,diameter,ケイ,,joyo,K0473,473,1,24,13,U5F84,05f84.svg,,,draft,461–480,tree.png,,,, 
彼,1688,948,8,S,he,he,he,ヒ,かれ、（かの）,joyo,K1688,1688,4,85,8,U5F7C,05f7c.svg,,,draft,1681–1700,bamboo.png,,,, 
役,1957,949,7,3,duty,duty,duty,ヤク、エキ,,joyo,K1957,1957,4,98,17,U5F79,05f79.svg,,,draft,1941–1960,castle.png,,,, 
徳,1552,950,14,4,benevolence,benevolence,benevolence,トク,,joyo,K1552,1552,4,78,12,U5FB3,05fb3.svg,,,draft,1541–1560,tree.png,,,, 
徹,1470,951,15,S,penetrate,penetrate,penetrate,テツ,,joyo,K1470,1470,3,74,10,U5FB9,05fb9.svg,,,draft,1461–1480,castle.png,,,, 
徴,1411,952,14,S,indications,indications,indications,チョウ,,joyo,K1411,1411,3,71,11,U5FB4,05fb4.svg,,,draft,1401–1420,mountain.png,,,, 
懲,1417,953,18,S,penal,penal,penal,チョウ,こ-りる、こ-らす、こ-らしめる,joyo,K1417,1417,3,71,17,U61F2,061f2.svg,,,draft,1401–1420,mountain.png,,,, 
微,1707,954,13,S,delicate,delicate,delicate,ビ,,joyo,K1707,1707,4,86,7,U5FAE,05fae.svg,,,draft,1701–1720,castle.png,,,, 
街,202,955,12,4,boulevard,boulevard,boulevard,ガイ、（カイ）,まち,joyo,K0202,202,1,11,2,U8857,08857.svg,,,draft,201–220,mountain.png,,,, 
桁,505,956,10,S,beam,beam,beam,,けた,joyo,K0505,505,2,26,5,U6841,06841.svg,,,draft,501–520,castle.png,,,, 
衡,646,957,16,S,equilibrium,equilibrium,equilibrium,コウ,,joyo,K0646,646,2,33,6,U8861,08861.svg,,,draft,641–660,koi.png,,,, 
稿,644,958,15,S,draft,draft,draft,コウ,,joyo,K0644,644,2,33,4,U7A3F,07a3f.svg,,,draft,641–660,koi.png,,,, 
稼,161,959,15,S,earnings,earnings,earnings,カ,かせ-ぐ,joyo,K0161,161,1,9,1,U7A3C,07a3c.svg,,,draft,161–180,koi.png,,,, 
程,1455,960,12,5,extent,extent,extent,テイ,ほど,joyo,K1455,1455,3,73,15,U7A0B,07a0b.svg,,,draft,1441–1460,bamboo.png,,,, 
税,1137,961,12,5,tax,tax,tax,ゼイ,,joyo,K1137,1137,3,57,17,U7A0E,07a0e.svg,,,draft,1121–1140,koi.png,,,, 
稚,1363,962,13,S,immature,immature,immature,チ,,joyo,K1363,1363,3,69,3,U7A1A,07a1a.svg,,,draft,1361–1380,koi.png,,,, 
和,2129,963,8,3,peace,harmony,peace,ワ、（オ）,やわ-らぐ、やわ-らげる、なご-む、なご-やか,joyo,K2129,2129,5,107,9,U548C,0548c.svg,,,draft,2121–2140,mountain.png,,,, 
移,28,964,11,5,shift,shift,shift,イ,うつ-る、うつ-す,joyo,K0028,28,1,2,8,U79FB,079fb.svg,,,draft,21–40,castle.png,,,, 
秒,1725,965,9,3,second,second,second_part_of_time,ビョウ,,joyo,K1725,1725,4,87,5,U79D2,079d2.svg,,,draft,1721–1740,koi.png,,,, 
秋,891,966,9,2,autumn,autumn,autumn,シュウ,あき,joyo,K0891,891,2,45,11,U79CB,079cb.svg,,,draft,881–900,koi.png,,,, 
愁,902,967,13,S,distress,distress,distress,シュウ,うれ-える、うれ-い,joyo,K0902,902,2,46,2,U6101,06101.svg,,,draft,901–920,kujira.png,,,, 
私,776,968,7,6,me,me,me,シ,わたくし、わたし,joyo,K0776,776,2,39,16,U79C1,079c1.svg,,,draft,761–780,koi.png,,,, 
秩,1371,969,10,S,regularity,regularity,regularity,チツ,,joyo,K1371,1371,3,69,11,U79E9,079e9.svg,,,draft,1361–1380,koi.png,,,, 
秘,1695,970,10,6,secret,secret,secret,ヒ,ひ-める,joyo,K1695,1695,4,85,15,U79D8,079d8.svg,,,draft,1681–1700,bamboo.png,,,, 
称,979,971,10,S,appellation,appellation,appellation,ショウ,,joyo,K0979,979,2,49,19,U79F0,079f0.svg,,,draft,961–980,bamboo.png,,,, 
利,2036,972,7,4,profit,profit,profit,リ,き-く,joyo,K2036,2036,5,102,16,U5229,05229.svg,,,draft,2021–2040,tree.png,,,, 
梨,1571,973,11,4,peartree,pear tree,peartree,,なし,joyo,K1571,1571,4,79,11,U68A8,068a8.svg,,,draft,1561–1580,bamboo.png,,,, 
穫,225,974,18,S,harvest,harvest,harvest,カク,,joyo,K0225,225,1,12,5,U7A6B,07a6b.svg,,,draft,221–240,tree.png,,,, 
穂,1092,975,15,S,earofplant,ear of a plant,earofplant,スイ,ほ,joyo,K1092,1092,3,55,12,U7A42,07a42.svg,,,draft,1081–1100,bamboo.png,,,, 
稲,1528,976,14,S,riceplant,rice plant,riceplant,トウ,いね、（いな）,joyo,K1528,1528,4,77,8,U7A32,07a32.svg,,,draft,1521–1540,mountain.png,,,, 
香,621,977,9,4,incense,incense,incense,コウ、（キョウ）,か、かお-り、かお-る,joyo,K0621,621,2,32,1,U9999,09999.svg,,,draft,621–640,castle.png,,,, 
季,312,978,8,4,seasons,seasons,seasons,キ,,joyo,K0312,312,1,16,12,U5B63,05b63.svg,,,draft,301–320,kujira.png,,,, 
委,21,979,8,3,committee,committee,committee,イ,ゆだ-ねる,joyo,K0021,21,1,2,1,U59D4,059d4.svg,,,draft,21–40,castle.png,,,, 
秀,887,980,7,S,excel,excel,excel,シュウ,ひい-でる,joyo,K0887,887,2,45,7,U79C0,079c0.svg,,,draft,881–900,koi.png,,,, 
透,1513,981,10,S,transparent,transparent,transparent,トウ,す-く、す-かす、す-ける,joyo,K1513,1513,4,76,13,U900F,0900f.svg,,,draft,1501–1520,kujira.png,,,, 
誘,1982,982,14,S,entice,entice,entice,ユウ,さそ-う,joyo,K1982,1982,4,100,2,U8A98,08a98.svg,,,draft,1981–2000,kujira.png,,,, 
稽,494,983,15,S,examine,examine,examine,ケイ,,joyo,K0494,494,1,25,14,U7A3D,07a3d.svg,,,draft,481–500,bamboo.png,,,, 
穀,663,984,14,6,cereals,cereals,cereals,コク,,joyo,K0663,663,2,34,3,U7A40,07a40.svg,,,draft,661–680,kujira.png,,,, 
菌,433,985,11,S,germ,germ,germ,キン,,joyo,K0433,433,1,22,13,U83CC,083cc.svg,,,draft,421–440,kujira.png,,,, 
萎,29,986,11,S,numb,numb,numb,イ,な-える,joyo,K0029,29,1,2,9,U840E,0840e.svg,,,draft,21–40,castle.png,,,, 
米,1801,987,6,2,rice,rice,rice,ベイ、マイ,こめ,joyo,K1801,1801,4,91,1,U7C73,07c73.svg,,,draft,1801–1820,bamboo.png,,,, 
粉,1778,988,10,5,flour,flour,flour,フン,こ、こな,joyo,K1778,1778,4,89,18,U7C89,07c89.svg,,,draft,1761–1780,mountain.png,,,, 
粘,1596,989,11,S,sticky,sticky,sticky,ネン,ねば-る,joyo,K1596,1596,4,80,16,U7C98,07c98.svg,,,draft,1581–1600,castle.png,,,, 
粒,2053,990,11,S,grains,grains,grains,リュウ,つぶ,joyo,K2053,2053,5,103,13,U7C92,07c92.svg,,,draft,2041–2060,bamboo.png,,,, 
粧,993,991,12,S,cosmetics,cosmetics,cosmetics,ショウ,,joyo,K0993,993,2,50,13,U7CA7,07ca7.svg,,,draft,981–1000,castle.png,,,, 
迷,1929,992,9,5,astray,astray,astray,メイ,まよ-う,joyo,K1929,1929,4,97,9,U8FF7,08ff7.svg,,,draft,1921–1940,bamboo.png,,,, 
粋,1086,993,10,S,chic,chic,chic,スイ,いき,joyo,K1086,1086,3,55,6,U7C8B,07c8b.svg,,,draft,1081–1100,bamboo.png,,,, 
謎,1572,994,17,S,riddle,riddle,riddle,,なぞ,joyo,K1572,1572,4,79,12,U8B0E,08b0e.svg,,,draft,1561–1580,bamboo.png,,,, 
糧,2073,995,18,S,provisions,provisions,provisions,リョウ、（ロウ）,かて,joyo,K2073,2073,5,104,13,U7CE7,07ce7.svg,,,draft,2061–2080,castle.png,,,, 
菊,350,996,11,S,chrysanthemum,chrysanthemum,chrysanthemum,キク,,joyo,K0350,350,1,18,10,U83CA,083ca.svg,,,draft,341–360,tree.png,,,, 
奥,116,997,12,S,inner,inner,inner,オウ,おく,joyo,K0116,116,1,6,16,U5965,05965.svg,,,draft,101–120,tree.png,,,, 
数,1097,998,13,2,number,number,number,スウ、（ス）,かず、かぞ-える,joyo,K1097,1097,3,55,17,U6570,06570.svg,,,draft,1081–1100,bamboo.png,,,, 
楼,2122,999,13,S,watchtower,watchtower,watchtower,ロウ,,joyo,K2122,2122,5,107,2,U697C,0697c.svg,,,draft,2121–2140,mountain.png,,,,
類,2086,1000,18,4,sort,sort,sort,ルイ,たぐ-い,joyo,K2086,2086,5,105,6,U985E,u985e.svg,,,draft,2081–2100,koi.png,,,,
漆,837,1001,14,S,lacquer,lacquer,lacquer,シツ,うるし,joyo,K0837,837,2,42,17,U6F06,u6f06.svg,,,draft,821–840,tree.png,,,,
膝,1709,1002,15,S,knee,knee,knee,,ひざ,joyo,K1709,1709,4,86,9,U819D,u819d.svg,,,draft,1701–1720,castle.png,,,,
様,2005,1003,14,3,formal_title,formal_title,formal_title,ヨウ,さま,joyo,K2005,2005,5,101,5,U69D8,u69d8.svg,,,draft,2001–2020,mountain.png,,,,
求,369,1004,7,4,request,request,request,キュウ,もと-める,joyo,K0369,369,1,19,9,U6C42,u6c42.svg,,,draft,361–380,bamboo.png,,,,
球,377,1005,11,3,sphere,ball,sphere,キュウ,たま,joyo,K0377,377,1,19,17,U7403,u7403.svg,,,draft,361–380,bamboo.png,,,,
救,376,1006,11,5,salvation,salvation,salvation,キュウ,すく-う,joyo,K0376,376,1,19,16,U6551,u6551.svg,,,draft,361–380,bamboo.png,,,,
竹,1366,1007,6,1,bamboo,bamboo,bamboo,チク,たけ,joyo,K1366,1366,3,69,6,U7AF9,u7af9.svg,,,draft,1361–1380,koi.png,,,,
笑,980,1008,10,4,laugh,laugh,laugh,ショウ,わら-う、え-む,joyo,K0980,980,2,49,20,U7B11,u7b11.svg,,,draft,961–980,bamboo.png,,,,
笠,,1009,11,H,bamboo_hat,bamboo hat,bamboo_hat,,,,heisig_extra,K2167,2167,5,109,7,U7B20,u7b20.svg,,,draft,2161–2180,bamboo.png,,,
笹,,1010,11,H,bamboo_grass,bamboo grass,bamboo_grass,,,,heisig_extra,K2168,2168,5,109,8,U7B39,u7b39.svg,,,draft,2161–2180,bamboo.png,,,
箋,1187,1011,14,S,stationery,stationery,stationery,セン,,joyo,K1187,1187,3,60,7,U7B8B,u7b8b.svg,,,draft,1181–1200,tree.png,,,,
筋,436,1012,12,6,muscle,muscle,muscle,キン,すじ,joyo,K0436,436,1,22,16,U7B4B,u7b4b.svg,,,draft,421–440,kujira.png,,,,
箱,1643,1013,15,3,box,box,box,,はこ,joyo,K1643,1643,4,83,3,U7BB1,u7bb1.svg,,,draft,1641–1660,mountain.png,,,,
筆,1714,1014,12,3,writing_brush,writing_brush,writing_brush,ヒツ,ふで,joyo,K1714,1714,4,86,14,U7B46,u7b46.svg,,,draft,1701–1720,castle.png,,,,
筒,1526,1015,12,S,cylinder,cylinder,cylinder,トウ,つつ,joyo,K1526,1526,4,77,6,U7B52,u7b52.svg,,,draft,1521–1540,mountain.png,,,,
等,1525,1016,12,3,etc,etc,etc,トウ,ひと-しい,joyo,K1525,1525,4,77,5,U7B49,u7b49.svg,,,draft,1521–1540,mountain.png,,,,
算,753,1017,14,2,calculate,calculate,calculate,サン,,joyo,K0753,753,2,38,13,U7B97,u7b97.svg,,,draft,741–760,castle.png,,,,
答,1524,1018,12,2,solution,solution,solution,トウ,こた-える、こた-え,joyo,K1524,1524,4,77,4,U7B54,u7b54.svg,,,draft,1521–1540,mountain.png,,,,
策,728,1019,12,6,scheme,scheme,scheme,サク,,joyo,K0728,728,2,37,8,U7B56,u7b56.svg,,,draft,721–740,bamboo.png,,,,
簿,1828,1020,19,S,register,register,register,ボ,,joyo,K1828,1828,4,92,8,U7C3F,u7c3f.svg,,,draft,1821–1840,castle.png,,,,
築,1370,1021,16,5,fabricate,fabricate,fabricate,チク,きず-く,joyo,K1370,1370,3,69,10,U7BC9,u7bc9.svg,,,draft,1361–1380,koi.png,,,,
篭,,1022,16,H,basket,basket,basket,,,,heisig_extra,K2169,2169,5,109,9,U7BED,u7bed.svg,,,draft,2161–2180,bamboo.png,,,
人,1070,1023,2,1,person,person,person,ジン、ニン,ひと,joyo,K1070,1070,3,54,10,U4EBA,u4eba.svg,,,draft,1061–1080,tree.png,,,,
佐,683,1024,7,4,assistant,assistant,assistant,サ,,joyo,K0683,683,2,35,3,U4F50,u4f50.svg,,,draft,681–700,mountain.png,,,,
侶,2056,1025,9,S,partner,partner,partner,リョ,,joyo,K2056,2056,5,103,16,U4FB6,u4fb6.svg,,,draft,2041–2060,bamboo.png,,,,
但,1327,1026,7,S,however,however,however,,ただ-し,joyo,K1327,1327,3,67,7,U4F46,u4f46.svg,,,draft,1321–1340,bamboo.png,,,,
住,910,1027,7,3,dwelling,dwelling,dwelling,ジュウ,す-む、す-まう,joyo,K0910,910,2,46,10,U4F4F,u4f4f.svg,,,draft,901–920,kujira.png,,,,
位,17,1028,7,4,rank,rank,rank,イ,くらい,joyo,K0017,17,1,1,17,U4F4D,u4f4d.svg,,,draft,1–20,bamboo.png,,,,
仲,1377,1029,6,4,relationship,go-between,relationship,チュウ,なか,joyo,K1377,1377,3,69,17,U4EF2,u4ef2.svg,,,draft,1361–1380,koi.png,,,,
体,1295,1030,7,2,body,body,body,タイ、テイ,からだ,joyo,K1295,1295,3,65,15,U4F53,u4f53.svg,,,draft,1281–1300,mountain.png,,,,
悠,1975,1031,11,S,permanence,remote,permanence,ユウ,,joyo,K1975,1975,4,99,15,U60A0,u60a0.svg,,,draft,1961–1980,koi.png,,,,
件,515,1032,6,5,affair,affair,affair,ケン,,joyo,K0515,515,2,26,15,U4EF6,u4ef6.svg,,,draft,501–520,castle.png,,,,
仕,764,1033,5,3,do,attend,do,シ、（ジ）,つか-える,joyo,K0764,764,2,39,4,U4ED5,u4ed5.svg,,,draft,761–780,koi.png,,,,
他,1284,1034,5,3,other,other,other,タ,ほか,joyo,K1284,1284,3,65,4,U4ED6,u4ed6.svg,,,draft,1281–1300,mountain.png,,,,
伏,1765,1035,6,S,prostrated,prostrated,prostrated,フク,ふ-せる、ふ-す,joyo,K1765,1765,4,89,5,U4F0F,u4f0f.svg,,,draft,1761–1780,mountain.png,,,,
伝,1481,1036,6,4,transmit,transmit,transmit,デン,つた-わる、つた-える、つた-う,joyo,K1481,1481,3,75,1,U4F1D,u4f1d.svg,,,draft,1481–1500,koi.png,,,,
仏,1776,1037,4,5,buddha,Buddha,buddha,ブツ,ほとけ,joyo,K1776,1776,4,89,16,U4ECF,u4ecf.svg,,,draft,1761–1780,mountain.png,,,,
休,365,1038,6,1,rest,rest,rest,キュウ,やす-む、やす-まる、やす-める,joyo,K0365,365,1,19,5,U4F11,u4f11.svg,,,draft,361–380,bamboo.png,,,,
仮,136,1039,6,5,temporary,provisional,temporary,カ、（ケ）,かり,joyo,K0136,136,1,7,16,U4EEE,u4eee.svg,,,draft,121–140,bamboo.png,,,,
伎,302,1040,6,S,deed,performing artist,deed,キ,,joyo,K0302,302,1,16,2,U4F0E,u4f0e.svg,,,draft,301–320,kujira.png,,,,
伯,1631,1041,7,S,chief,chief,chief,ハク,,joyo,K1631,1631,4,82,11,U4F2F,u4f2f.svg,,,draft,1621–1640,kujira.png,,,,
俗,1271,1042,9,S,vulgar,vulgar,vulgar,ゾク,,joyo,K1271,1271,3,64,11,U4FD7,u4fd7.svg,,,draft,1261–1280,kujira.png,,,,
信,1049,1043,9,4,faith,faith,faith,シン,,joyo,K1049,1049,3,53,9,U4FE1,u4fe1.svg,,,draft,1041–1060,mountain.png,,,,
佳,139,1044,8,S,excellent,excellent,excellent,カ,,joyo,K0139,139,1,7,19,U4F73,u4f73.svg,,,draft,121–140,bamboo.png,,,,
依,20,1045,8,S,reliant,reliant,reliant,イ、（エ）,,joyo,K0020,20,1,1,20,U4F9D,u4f9d.svg,,,draft,1–20,bamboo.png,,,,
例,2092,1046,8,4,example,example,example,レイ,たと-える,joyo,K2092,2092,5,105,12,U4F8B,u4f8b.svg,,,draft,2081–2100,koi.png,,,,
個,568,1047,10,5,individual,individual,individual,コ,,joyo,K0568,568,2,29,8,U500B,u500b.svg,,,draft,561–580,mountain.png,,,,
健,527,1048,11,4,healthy,healthy,healthy,ケン,すこ-やか,joyo,K0527,527,2,27,7,U5065,u5065.svg,,,draft,521–540,koi.png,,,,
側,1269,1049,11,4,side,side,side,ソク,がわ,joyo,K1269,1269,3,64,9,U5074,u5074.svg,,,draft,1261–1280,kujira.png,,,,
侍,815,1050,8,S,waiter,waiter,waiter,ジ,さむらい,joyo,K0815,815,2,41,15,U4F8D,u4f8d.svg,,,draft,801–820,mountain.png,,,,
停,1451,1051,11,5,halt,halt,halt,テイ,,joyo,K1451,1451,3,73,11,U505C,u505c.svg,,,draft,1441–1460,bamboo.png,,,,
値,1358,1052,10,6,value,price,value,チ,ね、あたい,joyo,K1358,1358,3,68,18,U5024,u5024.svg,,,draft,1341–1360,castle.png,,,,
倣,1841,1053,10,S,emulate,emulate,emulate,ホウ,なら-う,joyo,K1841,1841,4,93,1,U5023,u5023.svg,,,draft,1841–1860,koi.png,,,,
傲,655,1054,13,S,arrogance,arrogance,be_proud,ゴウ,,joyo,K0655,655,2,33,15,U50B2,u50b2.svg,,,draft,641–660,koi.png,,,,
倒,1507,1055,10,S,overthrow,overthrow,overthrow,トウ,たお-れる、たお-す,joyo,K1507,1507,4,76,7,U5012,u5012.svg,,,draft,1501–1520,kujira.png,,,,
偵,1452,1056,11,S,spy,spy,spy,テイ,,joyo,K1452,1452,3,73,12,U5075,u5075.svg,,,draft,1441–1460,bamboo.png,,,,
僧,1242,1057,13,S,buddhist_priest,Buddhist priest,buddhist_priest,ソウ,,joyo,K1242,1242,3,63,2,U50E7,u50e7.svg,,,draft,1241–1260,koi.png,,,,
億,120,1058,15,4,hundred_million,hundred million,hundred_million,オク,,joyo,K0120,120,1,6,20,U5104,u5104.svg,,,draft,101–120,tree.png,,,,
儀,345,1059,15,S,ceremony,ceremony,ceremony,ギ,,joyo,K0345,345,1,18,5,U5100,u5100.svg,,,draft,341–360,tree.png,,,,
償,1006,1060,17,S,reparation,reparation,reparation,ショウ,つぐな-う,joyo,K1006,1006,3,51,6,U511F,u511f.svg,,,draft,1001–1020,koi.png,,,,
仙,1168,1061,5,S,hermit,hermit,hermit,セン,,joyo,K1168,1168,3,59,8,U4ED9,u4ed9.svg,,,draft,1161–1180,mountain.png,,,,
催,711,1062,13,S,sponsor,sponsor,sponsor,サイ,もよお-す,joyo,K0711,711,2,36,11,U50AC,u50ac.svg,,,draft,701–720,tree.png,,,,
仁,1072,1063,4,6,humanity,humanity,humanity,ジン、（ニ）,,joyo,K1072,1072,3,54,12,U4EC1,u4ec1.svg,,,draft,1061–1080,tree.png,,,,
侮,1759,1064,8,S,scorn,scorn,scorn,ブ,あなど-る,joyo,K1759,1759,4,88,19,U4FAE,u4fae.svg,,,draft,1741–1760,kujira.png,,,,
使,777,1065,8,3,use,use,use,シ,つか-う,joyo,K0777,777,2,39,17,U4F7F,u4f7f.svg,,,draft,761–780,koi.png,,,,
便,1815,1066,9,4,convenience,convenience,convenience,ベン、ビン,たよ-り,joyo,K1815,1815,4,91,15,U4FBF,u4fbf.svg,,,draft,1801–1820,bamboo.png,,,,
倍,1623,1067,10,3,double,double,double,バイ,,joyo,K1623,1623,4,82,3,U500D,u500d.svg,,,draft,1621–1640,kujira.png,,,,
優,1985,1068,17,6,superior,tenderness,superior,ユウ,やさ-しい、すぐ-れる,joyo,K1985,1985,4,100,5,U512A,u512a.svg,,,draft,1981–2000,kujira.png,,,,
伐,1651,1069,6,S,fell,fell,fell,バツ,,joyo,K1651,1651,4,83,11,U4F10,u4f10.svg,,,draft,1641–1660,mountain.png,,,,
宿,920,1070,11,3,inn,inn,inn,シュク,やど、やど-る、やど-す,joyo,K0920,920,2,46,20,U5BBF,u5bbf.svg,,,draft,901–920,kujira.png,,,,
傷,997,1071,13,6,wound,wound,wound,ショウ,きず、いた-む、いた-める,joyo,K0997,997,2,50,17,U50B7,u50b7.svg,,,draft,981–1000,castle.png,,,,
保,1818,1072,9,5,preserve,protect,preserve,ホ,たも-つ,joyo,K1818,1818,4,91,18,U4FDD,u4fdd.svg,,,draft,1801–1820,bamboo.png,,,,
褒,1850,1073,15,S,praise,praise,praise,ホウ,ほ-める,joyo,K1850,1850,4,93,10,U8912,u8912.svg,,,draft,1841–1860,koi.png,,,,
傑,511,1074,13,S,greatness,greatness,greatness,ケツ,,joyo,K0511,511,2,26,11,U5091,u5091.svg,,,draft,501–520,castle.png,,,,
付,1739,1075,5,4,attach,adhere,attach,フ,つ-ける、つ-く,joyo,K1739,1739,4,87,19,U4ED8,u4ed8.svg,,,draft,1721–1740,koi.png,,,,
符,1751,1076,11,S,token,token,token,フ,,joyo,K1751,1751,4,88,11,U7B26,u7b26.svg,,,draft,1741–1760,kujira.png,,,,
府,1742,1077,8,4,urban,municipality,urban_prefecture,フ,,joyo,K1742,1742,4,88,2,U5E9C,u5e9c.svg,,,draft,1741–1760,kujira.png,,,,
任,1587,1078,6,5,responsibility,responsibility,responsibility,ニン,まか-せる、まか-す,joyo,K1587,1587,4,80,7,U4EFB,u4efb.svg,,,draft,1581–1600,castle.png,,,,
賃,1425,1079,13,6,fare,fare,fare,チン,,joyo,K1425,1425,3,72,5,U8CC3,u8cc3.svg,,,draft,1421–1440,tree.png,,,,
代,1313,1080,5,3,substitute,substitute,substitute,ダイ、タイ,か-わる、か-える、よ、しろ,joyo,K1313,1313,3,66,13,U4EE3,u4ee3.svg,,,draft,1301–1320,tree.png,,,,
袋,1304,1081,11,S,sack,sack,sack,タイ,ふくろ,joyo,K1304,1304,3,66,4,U888B,u888b.svg,,,draft,1301–1320,tree.png,,,,
貸,1307,1082,12,5,lend,lend,lend,タイ,か-す,joyo,K1307,1307,3,66,7,U8CB8,u8cb8.svg,,,draft,1301–1320,tree.png,,,,
化,132,1083,4,3,change,change,change,カ、ケ,ば-ける、ば-かす,joyo,K0132,132,1,7,12,U5316,u5316.svg,,,draft,121–140,bamboo.png,,,,
花,138,1084,7,1,flower,flower,flower,カ,はな,joyo,K0138,138,1,7,18,U82B1,u82b1.svg,,,draft,121–140,bamboo.png,,,,
貨,151,1085,11,4,freight,freight,freight,カ,,joyo,K0151,151,1,8,11,U8CA8,u8ca8.svg,,,draft,141–160,castle.png,,,,
傾,488,1086,13,S,lean,lean,lean,ケイ,かたむ-く、かたむ-ける,joyo,K0488,488,1,25,8,U50BE,u50be.svg,,,draft,481–500,bamboo.png,,,,
何,137,1087,7,2,what,what,what,カ,なに、（なん）,joyo,K0137,137,1,7,17,U4F55,u4f55.svg,,,draft,121–140,bamboo.png,,,,
荷,148,1088,10,3,luggage,baggage,luggage,カ,に,joyo,K0148,148,1,8,8,U8377,u8377.svg,,,draft,141–160,castle.png,,,,
俊,929,1089,9,S,sagacious,sagacious,sagacious,シュン,,joyo,K0929,929,2,47,9,U4FCA,u4fca.svg,,,draft,921–940,mountain.png,,,,
傍,1866,1090,12,S,bystander,bystander,bystander,ボウ,かたわ-ら,joyo,K1866,1866,4,94,6,U508D,u508d.svg,,,draft,1861–1880,kujira.png,,,,
俺,125,1091,10,S,i,myself,i,,おれ,joyo,K0125,125,1,7,5,U4FFA,u4ffa.svg,,,draft,121–140,bamboo.png,,,,
久,360,1092,3,5,long_time,long time,long_time,キュウ、（ク）,ひさ-しい,joyo,K0360,360,1,18,20,U4E45,u4e45.svg,,,draft,341–360,tree.png,,,,
畝,64,1093,10,S,furrow,furrow,furrow,,うね,joyo,K0064,64,1,4,4,U755D,u755d.svg,,,draft,61–80,kujira.png,,,,
囚,884,1094,5,S,captured,captured,captured,シュウ,,joyo,K0884,884,2,45,4,U56DA,u56da.svg,,,draft,881–900,koi.png,,,,
内,1570,1095,4,2,inside,inside,inside,ナイ、（ダイ）,うち,joyo,K1570,1570,4,79,10,U5185,u5185.svg,,,draft,1561–1580,bamboo.png,,,,
丙,1788,1096,5,S,third,third class,third_class,ヘイ,,joyo,K1788,1788,4,90,8,U4E19,u4e19.svg,,,draft,1781–1800,tree.png,,,,
柄,1793,1097,9,S,design,design,design,ヘイ,がら、え,joyo,K1793,1793,4,90,13,U67C4,u67c4.svg,,,draft,1781–1800,tree.png,,,,
肉,1581,1098,6,2,meat,meat,meat,ニク,,joyo,K1581,1581,4,80,1,U8089,u8089.svg,,,draft,1581–1600,castle.png,,,,
腐,1754,1099,14,S,rot,rot,rot,フ,くさ-る、くさ-れる、くさ-らす,joyo,K1754,1754,4,88,14,U8150,u8150.svg,,,draft,1741–1760,kujira.png,,,,
座,691,1100,10,6,sit,sit,sit,ザ,すわ-る,joyo,K0691,691,2,35,11,U5EA7,u5ea7.svg,,,draft,681–700,mountain.png,,,,
挫,692,1101,10,S,sprain,sprain,sprain,ザ,,joyo,K0692,692,2,35,12,U632B,u632b.svg,,,draft,681–700,mountain.png,,,,
卒,1276,1102,8,4,graduate,graduate,graduate,ソツ,,joyo,K1276,1276,3,64,16,U5352,u5352.svg,,,draft,1261–1280,kujira.png,,,,
傘,751,1103,12,S,umbrella,umbrella,umbrella,サン,かさ,joyo,K0751,751,2,38,11,U5098,u5098.svg,,,draft,741–760,castle.png,,,,
匁,,1104,4,H,monme,monme,monme,,,,heisig_extra,K2170,2170,5,109,10,U5301,u5301.svg,,,draft,2161–2180,bamboo.png,,,
以,15,1105,5,4,by,by means of,by_means_of,イ,,joyo,K0015,15,1,1,15,U4EE5,u4ee5.svg,,,draft,1–20,bamboo.png,,,,
似,812,1106,7,5,becoming,similar,becoming,ジ,に-る,joyo,K0812,812,2,41,12,U4F3C,u4f3c.svg,,,draft,801–820,mountain.png,,,,
併,1791,1107,8,S,join,join,join,ヘイ,あわ-せる,joyo,K1791,1791,4,90,11,U4F75,u4f75.svg,,,draft,1781–1800,tree.png,,,,
瓦,165,1108,5,S,tile,tile,tile,ガ,かわら,joyo,K0165,165,1,9,5,U74E6,u74e6.svg,,,draft,161–180,koi.png,,,,
瓶,1735,1109,11,S,flower_pot,flower pot,flower_pot,ビン,,joyo,K1735,1735,4,87,15,U74F6,u74f6.svg,,,draft,1721–1740,koi.png,,,,
宮,375,1110,10,3,shinto,Shinto shrine,shinto_shrine,キュウ、グウ、（ク）,みや,joyo,K0375,375,1,19,15,U5BAE,u5bae.svg,,,draft,361–380,bamboo.png,,,,
営,73,1111,12,5,manage,occupation,manage,エイ,いとな-む,joyo,K0073,73,1,4,13,U55B6,u55b6.svg,,,draft,61–80,kujira.png,,,,
善,1198,1112,12,6,virtuous,virtuous,virtuous,ゼン,よ-い,joyo,K1198,1198,3,60,18,U5584,u5584.svg,,,draft,1181–1200,tree.png,,,,
膳,1202,1113,16,S,tray,dining tray,tray,ゼン,,joyo,K1202,1202,3,61,2,U81B3,u81b3.svg,,,draft,1201–1220,bamboo.png,,,,
年,1593,1114,6,1,year,year,year,ネン,とし,joyo,K1593,1593,4,80,13,U5E74,u5e74.svg,,,draft,1581–1600,castle.png,,,,
夜,1953,1115,8,2,night,night,night,ヤ,よ、よる,joyo,K1953,1953,4,98,13,U591C,u591c.svg,,,draft,1941–1960,castle.png,,,,
液,81,1116,11,5,fluid,fluid,fluid,エキ,,joyo,K0081,81,1,5,1,U6DB2,u6db2.svg,,,draft,81–100,mountain.png,,,,
塚,1432,1117,12,S,hillock,hillock,hillock,,つか,joyo,K1432,1432,3,72,12,U585A,u585a.svg,,,draft,1421–1440,tree.png,,,,
幣,1797,1118,15,S,cash,cash,cash,ヘイ,,joyo,K1797,1797,4,90,17,U5E63,u5e63.svg,,,draft,1781–1800,tree.png,,,,
蔽,1799,1119,15,S,cover,cover over,cover,ヘイ,,joyo,K1799,1799,4,90,19,U853D,u853d.svg,,,draft,1781–1800,tree.png,,,,
弊,1798,1120,15,S,abuse,abuse,abuse,ヘイ,,joyo,K1798,1798,4,90,18,U5F0A,u5f0a.svg,,,draft,1781–1800,tree.png,,,,
喚,264,1121,12,S,yell,yell,yell,カン,,joyo,K0264,264,1,14,4,U559A,u559a.svg,,,draft,261–280,castle.png,,,,
換,266,1122,12,S,interchange,interchange,interchange,カン,か-える、か-わる,joyo,K0266,266,1,14,6,U63DB,u63db.svg,,,draft,261–280,castle.png,,,,
融,1984,1123,16,S,dissolve,dissolve,dissolve,ユウ,,joyo,K1984,1984,4,100,4,U878D,u878d.svg,,,draft,1981–2000,kujira.png,,,,
施,787,1124,9,S,alms,alms,alms,シ、セ,ほどこ-す,joyo,K0787,787,2,40,7,U65BD,u65bd.svg,,,draft,781–800,kujira.png,,,,
旋,1179,1125,11,S,rotation,rotation,rotation,セン,,joyo,K1179,1179,3,59,19,U65CB,u65cb.svg,,,draft,1161–1180,mountain.png,,,,
遊,1980,1126,12,3,play,play,play,ユウ、（ユ）,あそ-ぶ,joyo,K1980,1980,4,99,20,U904A,u904a.svg,,,draft,1961–1980,koi.png,,,,
旅,2057,1127,10,3,trip,trip,trip,リョ,たび,joyo,K2057,2057,5,103,17,U65C5,u65c5.svg,,,draft,2041–2060,bamboo.png,,,,
勿,,1128,4,H,not,not,not,,,,heisig_extra,K2171,2171,5,109,11,U52FF,u52ff.svg,,,draft,2161–2180,bamboo.png,,,
物,1777,1129,8,3,thing,thing,thing,ブツ、モツ,もの,joyo,K1777,1777,4,89,17,U7269,u7269.svg,,,draft,1761–1780,mountain.png,,,,
易,78,1130,8,5,easy,easy,easy,エキ、イ,やさ-しい,joyo,K0078,78,1,4,18,U6613,u6613.svg,,,draft,61–80,kujira.png,,,,
賜,804,1131,15,S,grant,grant,grant,シ,たまわ-る,joyo,K0804,804,2,41,4,U8CDC,u8cdc.svg,,,draft,801–820,mountain.png,,,,
尿,1586,1132,7,S,urine,urine,urine,ニョウ,,joyo,K1586,1586,4,80,6,U5C3F,u5c3f.svg,,,draft,1581–1600,castle.png,,,,
尼,1578,1133,5,S,nun,nun,nun,ニ,あま,joyo,K1578,1578,4,79,18,U5C3C,u5c3c.svg,,,draft,1561–1580,bamboo.png,,,,
尻,1040,1134,5,S,buttocks,buttocks,buttocks,,しり,joyo,K1040,1040,3,52,20,U5C3B,u5c3b.svg,,,draft,1021–1040,kujira.png,,,,
泥,1459,1135,8,S,mud,mud,mud,デイ,どろ,joyo,K1459,1459,3,73,19,U6CE5,u6ce5.svg,,,draft,1441–1460,bamboo.png,,,,
塀,1796,1136,12,S,fence,fence,fence,ヘイ,,joyo,K1796,1796,4,90,16,U5840,u5840.svg,,,draft,1781–1800,tree.png,,,,
履,2041,1137,15,S,footgear,footgear,footgear,リ,は-く,joyo,K2041,2041,5,103,1,U5C65,u5c65.svg,,,draft,2041–2060,bamboo.png,,,,
屋,119,1138,9,3,roof,roof,roof,オク,や,joyo,K0119,119,1,6,19,U5C4B,u5c4b.svg,,,draft,101–120,tree.png,,,,
握,7,1139,12,S,grip,grip,grip,アク,にぎ-る,joyo,K0007,7,1,1,7,U63E1,u63e1.svg,,,draft,1–20,bamboo.png,,,,
屈,457,1140,8,S,yield,yield,yield,クツ,,joyo,K0457,457,1,23,17,U5C48,u5c48.svg,,,draft,441–460,mountain.png,,,,
掘,458,1141,11,S,dig,dig,dig,クツ,ほ-る,joyo,K0458,458,1,23,18,U6398,u6398.svg,,,draft,441–460,mountain.png,,,,
堀,1885,1142,11,S,ditch,ditch,ditch,,ほり,joyo,K1885,1885,4,95,5,U5800,u5800.svg,,,draft,1881–1900,mountain.png,,,,
居,384,1143,8,5,reside,reside,reside,キョ,い-る,joyo,K0384,384,1,20,4,U5C45,u5c45.svg,,,draft,381–400,castle.png,,,,
据,1098,1144,11,S,set,set,set,,す-える、す-わる,joyo,K1098,1098,3,55,18,U636E,u636e.svg,,,draft,1081–1100,bamboo.png,,,,
裾,1100,1145,13,S,cuff,hem,cuff,,すそ,joyo,K1100,1100,3,55,20,U88FE,u88fe.svg,,,draft,1081–1100,bamboo.png,,,,
層,1244,1146,14,6,stratum,stratum,stratum,ソウ,,joyo,K1244,1244,3,63,4,U5C64,u5c64.svg,,,draft,1241–1260,koi.png,,,,
局,425,1147,7,3,office,bureau,office,キョク,,joyo,K0425,425,1,22,5,U5C40,u5c40.svg,,,draft,421–440,kujira.png,,,,
遅,1361,1148,12,S,slow,slow,slow,チ,おく-れる、おく-らす、おそ-い,joyo,K1361,1361,3,69,1,U9045,u9045.svg,,,draft,1361–1380,koi.png,,,,
漏,2123,1149,14,S,leak,leak,leak,ロウ,も-る、も-れる、も-らす,joyo,K2123,2123,5,107,3,U6F0F,u6f0f.svg,,,draft,2121–2140,mountain.png,,,,
刷,735,1150,8,4,printing,printing,printing,サツ,す-る,joyo,K0735,735,2,37,15,U5237,u5237.svg,,,draft,721–740,bamboo.png,,,,
尺,855,1151,4,6,shaku,shaku,shaku,シャク,,joyo,K0855,855,2,43,15,U5C3A,u5c3a.svg,,,draft,841–860,bamboo.png,,,,
尽,1073,1152,6,S,exhaust,exhaust,exhaust,ジン,つ-くす、つ-きる、つ-かす,joyo,K1073,1073,3,54,13,U5C3D,u5c3d.svg,,,draft,1061–1080,tree.png,,,,
沢,1320,1153,7,S,swamp,swamp,swamp,タク,さわ,joyo,K1320,1320,3,66,20,U6CA2,u6ca2.svg,,,draft,1301–1320,tree.png,,,,
訳,1959,1154,11,6,translate,translate,translate,ヤク,わけ,joyo,K1959,1959,4,98,19,U8A33,u8a33.svg,,,draft,1941–1960,castle.png,,,,
択,1319,1155,7,S,choose,choose,choose,タク,,joyo,K1319,1319,3,66,19,U629E,u629e.svg,,,draft,1301–1320,tree.png,,,,
昼,1384,1156,9,2,daytime,daytime,daytime,チュウ,ひる,joyo,K1384,1384,3,70,4,U663C,u663c.svg,,,draft,1381–1400,kujira.png,,,,
戸,558,1157,4,2,door,door,door,コ,と,joyo,K0558,558,2,28,18,U6238,u6238.svg,,,draft,541–560,kujira.png,,,,
肩,518,1158,8,S,shoulder,shoulder,shoulder,ケン,かた,joyo,K0518,518,2,26,18,U80A9,u80a9.svg,,,draft,501–520,castle.png,,,,
房,1859,1159,8,S,tassel,tassel,tassel,ボウ,ふさ,joyo,K1859,1859,4,93,19,U623F,u623f.svg,,,draft,1841–1860,koi.png,,,,
扇,1177,1160,10,S,fan,fan,fan,セン,おうぎ,joyo,K1177,1177,3,59,17,U6247,u6247.svg,,,draft,1161–1180,mountain.png,,,,
炉,2111,1161,8,S,hearth,hearth,hearth,ロ,,joyo,K2111,2111,5,106,11,U7089,u7089.svg,,,draft,2101–2120,kujira.png,,,,
戻,2091,1162,7,S,re,re-,re,レイ,もど-す、もど-る,joyo,K2091,2091,5,105,11,U623B,u623b.svg,,,draft,2081–2100,koi.png,,,,
涙,2083,1163,10,S,tears,tears,tears,ルイ,なみだ,joyo,K2083,2083,5,105,3,U6D99,u6d99.svg,,,draft,2081–2100,koi.png,,,,
雇,571,1164,12,S,employ,employ,employ,コ,やと-う,joyo,K0571,571,2,29,11,U96C7,u96c7.svg,,,draft,561–580,mountain.png,,,,
顧,575,1165,21,S,look_back,look back,look_back,コ,かえり-みる,joyo,K0575,575,2,29,15,U9867,u9867.svg,,,draft,561–580,mountain.png,,,,
啓,480,1166,11,S,disclose,disclose,disclose,ケイ,,joyo,K0480,480,1,24,20,U5553,u5553.svg,,,draft,461–480,tree.png,,,,
示,806,1167,5,5,indicate,show,indicate,ジ、シ,しめ-す,joyo,K0806,806,2,41,6,U793A,u793a.svg,,,draft,801–820,mountain.png,,,,
礼,2088,1168,5,3,thanks,salutation,thanks,レイ、ライ,,joyo,K2088,2088,5,105,8,U793C,u793c.svg,,,draft,2081–2100,koi.png,,,,
祥,978,1169,10,S,auspicious,auspicious,auspicious,ショウ,,joyo,K0978,978,2,49,18,U7965,u7965.svg,,,draft,961–980,bamboo.png,,,,
祝,919,1170,9,4,celebrate,celebrate,celebrate,シュク、（シュウ）,いわ-う,joyo,K0919,919,2,46,19,U795D,u795d.svg,,,draft,901–920,kujira.png,,,,
福,1770,1171,13,3,luck,blessing,luck,フク,,joyo,K1770,1770,4,89,10,U798F,u798f.svg,,,draft,1761–1780,mountain.png,,,,
祉,782,1172,8,S,welfare,welfare,welfare,シ,,joyo,K0782,782,2,40,2,U7949,u7949.svg,,,draft,781–800,kujira.png,,,,
社,842,1173,7,2,company,company,company,シャ,やしろ,joyo,K0842,842,2,43,2,U793E,u793e.svg,,,draft,841–860,bamboo.png,,,,
視,792,1174,11,6,inspection,inspection,inspection,シ,,joyo,K0792,792,2,40,12,U8996,u8996.svg,,,draft,781–800,kujira.png,,,,
奈,1569,1175,8,4,nara,Nara,Nara (place),ナ,,joyo,K1569,1569,4,79,9,U5948,u5948.svg,,,draft,1561–1580,bamboo.png,,,,
尉,26,1176,11,S,military_officer,military officer,military_officer,イ,,joyo,K0026,26,1,2,6,U5C09,u5c09.svg,,,draft,21–40,castle.png,,,,
慰,36,1177,15,S,consolation,consolation,consolation,イ,なぐさ-める、なぐさ-む,joyo,K0036,36,1,2,16,U6170,u6170.svg,,,draft,21–40,castle.png,,,,
款,269,1178,12,S,goodwill,goodwill,goodwill,カン,,joyo,K0269,269,1,14,9,U6B3E,u6b3e.svg,,,draft,261–280,castle.png,,,,
禁,438,1179,13,5,prohibition,prohibition,prohibition,キン,,joyo,K0438,438,1,22,18,U7981,u7981.svg,,,draft,421–440,kujira.png,,,,
襟,442,1180,18,S,collar,collar,collar,キン,えり,joyo,K0442,442,1,23,2,U895F,u895f.svg,,,draft,441–460,mountain.png,,,,
宗,889,1181,8,6,religion,religion,religion,シュウ、ソウ,,joyo,K0889,889,2,45,9,U5B97,u5b97.svg,,,draft,881–900,koi.png,,,,
崇,1096,1182,11,S,adore,adore,adore,スウ,,joyo,K1096,1096,3,55,16,U5D07,u5d07.svg,,,draft,1081–1100,bamboo.png,,,,
祭,704,1183,11,3,festival,ritual,festival,サイ,まつ-る、まつ-り,joyo,K0704,704,2,36,4,U796D,u796d.svg,,,draft,701–720,tree.png,,,,
察,739,1184,14,4,guess,guess,guess,サツ,,joyo,K0739,739,2,37,19,U5BDF,u5bdf.svg,,,draft,721–740,bamboo.png,,,,
擦,741,1185,17,S,grate,grate,grate,サツ,す-る、す-れる,joyo,K0741,741,2,38,1,U64E6,u64e6.svg,,,draft,741–760,castle.png,,,,
由,1963,1186,5,3,wherfore,wherefore,wherefore,ユ、ユウ、（ユイ）,よし,joyo,K1963,1963,4,99,3,U7531,u7531.svg,,,draft,1961–1980,koi.png,,,,
抽,1382,1187,8,S,pluck,pluck,pluck,チュウ,,joyo,K1382,1382,3,70,2,U62BD,u62bd.svg,,,draft,1381–1400,kujira.png,,,,
油,1964,1188,8,3,oil,oil,oil,ユ,あぶら,joyo,K1964,1964,4,99,4,U6CB9,u6cb9.svg,,,draft,1961–1980,koi.png,,,,
袖,894,1189,10,S,sleeve,sleeve,sleeve,シュウ,そで,joyo,K0894,894,2,45,14,U8896,u8896.svg,,,draft,881–900,koi.png,,,,
宙,1380,1190,8,6,midair,mid-air,midair,チュウ,,joyo,K1380,1380,3,69,20,U5B99,u5b99.svg,,,draft,1361–1380,koi.png,,,,
届,1560,1191,8,6,deliver,deliver,deliver,,とど-ける、とど-く,joyo,K1560,1560,4,78,20,U5C4A,u5c4a.svg,,,draft,1541–1560,tree.png,,,,
笛,1461,1192,11,3,flute,flute,flute,テキ,ふえ,joyo,K1461,1461,3,74,1,U7B1B,u7b1b.svg,,,draft,1461–1480,castle.png,,,,
軸,828,1193,12,S,axis,axis,axis,ジク,,joyo,K0828,828,2,42,8,U8EF8,u8ef8.svg,,,draft,821–840,tree.png,,,,
甲,595,1194,5,S,armor,armor,armor,コウ、カン,,joyo,K0595,595,2,30,15,U7532,u7532.svg,,,draft,581–600,tree.png,,,,
押,110,1195,8,S,pushed,push,pushed,オウ,お-す、お-さえる,joyo,K0110,110,1,6,10,U62BC,u62bc.svg,,,draft,101–120,tree.png,,,,
岬,1913,1196,8,S,headland,headland,headland,,みさき,joyo,K1913,1913,4,96,13,U5CAC,u5cac.svg,,,draft,1901–1920,tree.png,,,,
挿,1229,1197,10,S,insert,insert,insert,ソウ,さ-す,joyo,K1229,1229,3,62,9,U633F,u633f.svg,,,draft,1221–1240,castle.png,,,,
申,1042,1198,5,3,monkey,monkey,sign_of_monkey,シン,もう-す,joyo,K1042,1042,3,53,2,U7533,u7533.svg,,,draft,1041–1060,mountain.png,,,,
伸,1043,1199,7,S,lengthen,expand,lengthen,シン,の-びる、の-ばす、の-べる,joyo,K1043,1043,3,53,3,U4F38,u4f38.svg,,,draft,1041–1060,mountain.png,,,,
神,1051,1200,9,3,god,gods,god,シン、ジン,かみ、（かん）、（こう）,joyo,K1051,1051,3,53,11,U795E,u795e.svg,,,draft,1041–1060,mountain.png,,,,
捜,1228,1201,10,S,search,search,search,ソウ,さが-す,joyo,K1228,1228,3,62,8,U635C,u635c.svg,,,draft,1221–1240,castle.png,,,,
果,141,1202,8,4,fruit,fruit,fruit,カ,は-たす、は-てる、は-て,joyo,K0141,141,1,8,1,U679C,u679c.svg,,,draft,141–160,castle.png,,,,
菓,150,1203,11,S,confectionery,confectionary,confectionery,カ,,joyo,K0150,150,1,8,10,U83D3,u83d3.svg,,,draft,141–160,castle.png,,,,
課,162,1204,15,4,section,chapter,section,カ,,joyo,K0162,162,1,9,2,U8AB2,u8ab2.svg,,,draft,161–180,koi.png,,,,
裸,2020,1205,13,S,naked,naked,naked,ラ,はだか,joyo,K2020,2020,5,101,20,U88F8,u88f8.svg,,,draft,2001–2020,mountain.png,,,,
斤,429,1206,4,S,axe,ax,axe,キン,,joyo,K0429,429,1,22,9,U65A4,u65a4.svg,,,draft,421–440,kujira.png,,,,
析,1143,1207,8,S,chop,chop,chop,セキ,,joyo,K1143,1143,3,58,3,U6790,u6790.svg,,,draft,1141–1160,kujira.png,,,,
所,945,1208,8,3,place,place,place,ショ,ところ,joyo,K0945,945,2,48,5,U6240,u6240.svg,,,draft,941–960,tree.png,,,,
祈,311,1209,8,S,pray,pray,pray,キ,いの-る,joyo,K0311,311,1,16,11,U7948,u7948.svg,,,draft,301–320,kujira.png,,,,
近,431,1210,7,2,near,near,near,キン,ちか-い,joyo,K0431,431,1,22,11,U8FD1,u8fd1.svg,,,draft,421–440,kujira.png,,,,
折,1155,1211,7,4,fold,fold,fold,セツ,お-る、おり、お-れる,joyo,K1155,1155,3,58,15,U6298,u6298.svg,,,draft,1141–1160,kujira.png,,,,
哲,1468,1212,10,S,philosophy,philosophy,philosophy,テツ,,joyo,K1468,1468,3,74,8,U54F2,u54f2.svg,,,draft,1461–1480,castle.png,,,,
逝,1122,1213,10,S,departed,departed,departed,セイ,ゆ-く、い-く,joyo,K1122,1122,3,57,2,U901D,u901d.svg,,,draft,1121–1140,koi.png,,,,
誓,1132,1214,14,S,vow,vow,vow,セイ,ちか-う,joyo,K1132,1132,3,57,12,U8A93,u8a93.svg,,,draft,1121–1140,koi.png,,,,
斬,757,1215,11,S,kill,chop off,kill_by_slicing,ザン,き-る,joyo,K0757,757,2,38,17,U65AC,u65ac.svg,,,draft,741–760,castle.png,,,,
暫,758,1216,15,S,temporarily,temporarily,temporarily,ザン,,joyo,K0758,758,2,38,18,U66AB,u66ab.svg,,,draft,741–760,castle.png,,,,
漸,1201,1217,14,S,steadily,steadily,steadily,ゼン,,joyo,K1201,1201,3,61,1,U6F38,u6f38.svg,,,draft,1201–1220,bamboo.png,,,,
断,1350,1218,11,5,severance,severance,cut_off,ダン,た-つ、ことわ-る,joyo,K1350,1350,3,68,10,U65AD,u65ad.svg,,,draft,1341–1360,castle.png,,,,
質,838,1219,15,5,quality,substance,quality,シツ、シチ、（チ）,,joyo,K0838,838,2,42,18,U8CEA,u8cea.svg,,,draft,821–840,tree.png,,,,
斥,1139,1220,5,S,reject,reject,reject,セキ,,joyo,K1139,1139,3,57,19,U65A5,u65a5.svg,,,draft,1121–1140,koi.png,,,,
訴,1213,1221,12,S,sue,sue,sue,ソ,うった-える,joyo,K1213,1213,3,61,13,U8A34,u8a34.svg,,,draft,1201–1220,bamboo.png,,,,
昨,725,1222,9,4,yesterday,yesterday,previous_day,サク,,joyo,K0725,725,2,37,5,U6628,u6628.svg,,,draft,721–740,bamboo.png,,,,
詐,689,1223,12,S,lie,lie,lie,サ,,joyo,K0689,689,2,35,9,U8A50,u8a50.svg,,,draft,681–700,mountain.png,,,,
作,723,1224,7,2,make,make,make,サク、サ,つく-る,joyo,K0723,723,2,37,3,U4F5C,u4f5c.svg,,,draft,721–740,bamboo.png,,,,
雪,1160,1225,11,2,snow,snow,snow,セツ,ゆき,joyo,K1160,1160,3,58,20,U96EA,u96ea.svg,,,draft,1141–1160,kujira.png,,,,
録,2126,1226,16,4,record,record,record,ロク,,joyo,K2126,2126,5,107,6,U9332,u9332.svg,,,draft,2121–2140,mountain.png,,,,
剥,,1227,10,H,peel off,peel off,peel_off,,,,heisig_extra,K2172,2172,5,109,12,U5265,u5265.svg,,,draft,2161–2180,bamboo.png,,,
尋,1077,1228,12,S,inquire,inquire,inquire,ジン,たず-ねる,joyo,K1077,1077,3,54,17,U5C0B,u5c0b.svg,,,draft,1061–1080,tree.png,,,,
急,372,1229,9,3,hurry,hurry,hurry,キュウ,いそ-ぐ,joyo,K0372,372,1,19,12,U6025,u6025.svg,,,draft,361–380,bamboo.png,,,,
穏,130,1230,16,S,calm,calm,calm,オン,おだ-やか,joyo,K0130,130,1,7,10,U7A4F,u7a4f.svg,,,draft,121–140,bamboo.png,,,,
侵,1048,1231,9,S,encroach,encroach,encroach,シン,おか-す,joyo,K1048,1048,3,53,8,U4FB5,u4fb5.svg,,,draft,1041–1060,mountain.png,,,,
浸,1055,1232,10,S,immersed,immersed,immersed,シン,ひた-す、ひた-る,joyo,K1055,1055,3,53,15,U6D78,u6d78.svg,,,draft,1041–1060,mountain.png,,,,
寝,1063,1233,13,S,lie_down,lie down,lie_down,シン,ね-る、ね-かす,joyo,K1063,1063,3,54,3,U5BDD,u5bdd.svg,,,draft,1061–1080,tree.png,,,,
婦,1750,1234,11,5,lady,lady,lady,フ,,joyo,K1750,1750,4,88,10,U5A66,u5a66.svg,,,draft,1741–1760,kujira.png,,,,
掃,1232,1235,11,S,sweep,sweep,sweep,ソウ,は-く,joyo,K1232,1232,3,62,12,U6383,u6383.svg,,,draft,1221–1240,castle.png,,,,
当,1501,1236,6,2,hit,hit,hit,トウ,あ-たる、あ-てる,joyo,K1501,1501,4,76,1,U5F53,u5f53.svg,,,draft,1501–1520,kujira.png,,,,
彙,32,1237,13,S,glossary,glossary,glossary,イ,,joyo,K0032,32,1,2,12,U5F59,u5f59.svg,,,draft,21–40,castle.png,,,,
争,1220,1238,6,4,conflict,contend,conflict,ソウ,あらそ-う,joyo,K1220,1220,3,61,20,U4E89,u4e89.svg,,,draft,1201–1220,bamboo.png,,,,
浄,1016,1239,9,S,clean,clean,clean,ジョウ,,joyo,K1016,1016,3,51,16,U6D44,u6d44.svg,,,draft,1001–1020,koi.png,,,,
事,814,1240,8,3,abstract,matter,abstract_thing,ジ、（ズ）,こと,joyo,K0814,814,2,41,14,U4E8B,u4e8b.svg,,,draft,801–820,mountain.png,,,,
唐,1509,1241,10,S,tang,T'ang,tang,トウ,から,joyo,K1509,1509,4,76,9,U5510,u5510.svg,,,draft,1501–1520,kujira.png,,,,
糖,1530,1242,16,6,sugar,sugar,sugar,トウ,,joyo,K1530,1530,4,77,10,U7CD6,u7cd6.svg,,,draft,1521–1540,mountain.png,,,,
康,629,1243,11,4,health,sane,health,コウ,,joyo,K0629,629,2,32,9,U5EB7,u5eb7.svg,,,draft,621–640,castle.png,,,,
逮,1305,1244,11,S,apprehend,apprehend,apprehend,タイ,,joyo,K1305,1305,3,66,5,U902E,u902e.svg,,,draft,1301–1320,tree.png,,,,
伊,,1245,6,H,italy,Italy,italy,,,,heisig_extra,K2173,2173,5,109,13,U4F0A,u4f0a.svg,,,draft,2161–2180,bamboo.png,,,
君,462,1246,7,3,you,old boy,you,クン,きみ,joyo,K0462,462,1,24,2,U541B,u541b.svg,,,draft,461–480,tree.png,,,,
群,468,1247,13,4,flock,flock,flock,グン,む-れる、む-れ、（むら）,joyo,K0468,468,1,24,8,U7FA4,u7fa4.svg,,,draft,461–480,tree.png,,,,
耐,1296,1248,9,S,resistant,-proof,resistant,タイ,た-える,joyo,K1296,1296,3,65,16,U8010,u8010.svg,,,draft,1281–1300,mountain.png,,,,
需,880,1249,14,S,demand,demand,demand,ジュ,,joyo,K0880,880,2,44,20,U9700,u9700.svg,,,draft,861–880,castle.png,,,,
儒,881,1250,16,S,confucian,Confucian,confucian,ジュ,,joyo,K0881,881,2,45,1,U5112,u5112.svg,,,draft,881–900,koi.png,,,,
端,1343,1251,14,S,edge,edge,edge,タン,はし、は、はた,joyo,K1343,1343,3,68,3,U7AEF,u7aef.svg,,,draft,1341–1360,castle.png,,,,
両,2061,1252,6,3,both,both,both,リョウ,,joyo,K2061,2061,5,104,1,U4E21,u4e21.svg,,,draft,2061–2080,castle.png,,,,
満,1907,1253,12,4,full,full,full,マン,み-ちる、み-たす,joyo,K1907,1907,4,96,7,U6E80,u6e80.svg,,,draft,1901–1920,tree.png,,,,
画,167,1254,8,2,tableau,brush-stroke,tableau,ガ、カク,,joyo,K0167,167,1,9,7,U753B,u753b.svg,,,draft,161–180,koi.png,,,,
歯,795,1255,12,3,tooth,tooth,tooth,シ,は,joyo,K0795,795,2,40,15,U6B6F,u6b6f.svg,,,draft,781–800,kujira.png,,,,
曲,424,1256,6,3,musical,bend,musical_composition,キョク,ま-がる、ま-げる,joyo,K0424,424,1,22,4,U66F2,u66f2.svg,,,draft,421–440,kujira.png,,,,
曹,1233,1257,11,S,cadet,cadet,cadet,ソウ,,joyo,K1233,1233,3,62,13,U66F9,u66f9.svg,,,draft,1221–1240,castle.png,,,,
遭,1246,1258,14,S,encounter,encounter,encounter,ソウ,あ-う,joyo,K1246,1246,3,63,6,U906D,u906d.svg,,,draft,1241–1260,koi.png,,,,
漕,,1259,14,H,rowing,rowing,rowing,,,,heisig_extra,K2174,2174,5,109,14,U6F15,u6f15.svg,,,draft,2161–2180,bamboo.png,,,
槽,1247,1260,15,S,vat,vat,vat,ソウ,,joyo,K1247,1247,3,63,7,U69FD,u69fd.svg,,,draft,1241–1260,koi.png,,,,
斗,1484,1261,4,S,big,Big Dipper,big_dipper,ト,,joyo,K1484,1484,3,75,4,U6597,u6597.svg,,,draft,1481–1500,koi.png,,,,
料,2063,1262,10,4,fee,fee,fee,リョウ,,joyo,K2063,2063,5,104,3,U6599,u6599.svg,,,draft,2061–2080,castle.png,,,,
科,144,1263,9,2,department,department,department,カ,,joyo,K0144,144,1,8,4,U79D1,u79d1.svg,,,draft,141–160,castle.png,,,,
図,1080,1264,7,2,diagram,map,diagram,ズ、ト,はか-る,joyo,K1080,1080,3,54,20,U56F3,u56f3.svg,,,draft,1061–1080,tree.png,,,,
用,1992,1265,5,2,utilize,utilize,utilize,ヨウ,もち-いる,joyo,K1992,1992,4,100,12,U7528,u7528.svg,,,draft,1981–2000,kujira.png,,,,
庸,1998,1266,11,S,commonplace,comfortable,commonplace,ヨウ,,joyo,K1998,1998,4,100,18,U5EB8,u5eb8.svg,,,draft,1981–2000,kujira.png,,,,
備,1706,1267,12,5,provide,equip,provide,ビ,そな-える、そな-わる,joyo,K1706,1706,4,86,6,U5099,u5099.svg,,,draft,1701–1720,castle.png,,,,
昔,1142,1268,8,3,past,once upon a time,long_ago,セキ、（シャク）,むかし,joyo,K1142,1142,3,58,2,U6614,u6614.svg,,,draft,1141–1160,kujira.png,,,,
錯,731,1269,16,S,confused,confused,confused,サク,,joyo,K0731,731,2,37,11,U932F,u932f.svg,,,draft,721–740,bamboo.png,,,,
借,856,1270,10,4,borrow,borrow,borrow,シャク,か-りる,joyo,K0856,856,2,43,16,U501F,u501f.svg,,,draft,841–860,bamboo.png,,,,
惜,1147,1271,11,S,pity,pity,pity,セキ,お-しい、お-しむ,joyo,K1147,1147,3,58,7,U60DC,u60dc.svg,,,draft,1141–1160,kujira.png,,,,
措,1209,1272,11,S,set_aside,set aside,set_aside,ソ,,joyo,K1209,1209,3,61,9,U63AA,u63aa.svg,,,draft,1201–1220,bamboo.png,,,,
散,752,1273,12,4,scatter,scatter,scatter,サン,ち-る、ち-らす、ち-らかす、ち-らかる,joyo,K0752,752,2,38,12,U6563,u6563.svg,,,draft,741–760,castle.png,,,,
廿,,1274,4,H,twenty,twenty,twenty,,,,heisig_extra,K2175,2175,5,109,15,U5EFF,u5eff.svg,,,draft,2161–2180,bamboo.png,,,
庶,947,1275,11,S,commoner,commoner,commoner,ショ,,joyo,K0947,947,2,48,7,U5EB6,u5eb6.svg,,,draft,941–960,tree.png,,,,
遮,851,1276,14,S,intercept,intercept,intercept,シャ,さえぎ-る,joyo,K0851,851,2,43,11,U906E,u906e.svg,,,draft,841–860,bamboo.png,,,,
席,1144,1277,10,4,seat,seat,seat,セキ,,joyo,K1144,1144,3,58,4,U5E2D,u5e2d.svg,,,draft,1141–1160,kujira.png,,,,
度,1496,1278,9,3,degrees,degrees,degrees,ド、（ト）、（タク）,たび,joyo,K1496,1496,3,75,16,U5EA6,u5ea6.svg,,,draft,1481–1500,koi.png,,,,
渡,1490,1279,12,S,transit,transit,transit,ト,わた-る、わた-す,joyo,K1490,1490,3,75,10,U6E21,u6e21.svg,,,draft,1481–1500,koi.png,,,,
奔,1887,1280,8,S,bustle,bustle,bustle,ホン,,joyo,K1887,1887,4,95,7,U5954,u5954.svg,,,draft,1881–1900,mountain.png,,,,
噴,1781,1281,15,S,erupt,erupt,erupt,フン,ふ-く,joyo,K1781,1781,4,90,1,U5674,u5674.svg,,,draft,1781–1800,tree.png,,,,
墳,1782,1282,15,S,tomb,tomb,tomb,フン,,joyo,K1782,1782,4,90,2,U58B3,u58b3.svg,,,draft,1781–1800,tree.png,,,,
憤,1783,1283,15,S,aroused,aroused,aroused,フン,いきどお-る,joyo,K1783,1783,4,90,3,U61A4,u61a4.svg,,,draft,1781–1800,tree.png,,,,
焼,990,1284,12,4,bake,bake,bake,ショウ,や-く、や-ける,joyo,K0990,990,2,50,10,U713C,u713c.svg,,,draft,981–1000,castle.png,,,,
暁,421,1285,12,S,sunrise,sunrise,sunrise,ギョウ,あかつき,joyo,K0421,421,1,22,1,U6681,u6681.svg,,,draft,421–440,kujira.png,,,,
半,1656,1286,5,2,half,half,half,ハン,なか-ば,joyo,K1656,1656,4,83,16,U534A,u534a.svg,,,draft,1641–1660,mountain.png,,,,
伴,1661,1287,7,S,consort,consort,consort,ハン、バン,ともな-う,joyo,K1661,1661,4,84,1,U4F34,u4f34.svg,,,draft,1661–1680,tree.png,,,,
畔,1668,1288,10,S,paddyridge,paddy ridge,paddyridge,ハン,,joyo,K1668,1668,4,84,8,U7554,u7554.svg,,,draft,1661–1680,tree.png,,,,
判,1662,1289,7,5,judgement,judgment,judgement,ハン、バン,,joyo,K1662,1662,4,84,2,U5224,u5224.svg,,,draft,1661–1680,tree.png,,,,
拳,525,1290,10,S,fist,fist,fist,ケン,こぶし,joyo,K0525,525,2,27,5,U62F3,u62f3.svg,,,draft,521–540,koi.png,,,,
券,517,1291,8,6,ticket,ticket,ticket,ケン,,joyo,K0517,517,2,26,17,U5238,u5238.svg,,,draft,501–520,castle.png,,,,
巻,256,1292,9,6,scroll,scroll,scroll,カン,ま-く、まき,joyo,K0256,256,1,13,16,U5DFB,u5dfb.svg,,,draft,241–260,bamboo.png,,,,
圏,529,1293,12,S,sphere,sphere,sphere,ケン,,joyo,K0529,529,2,27,9,U570F,u570f.svg,,,draft,521–540,koi.png,,,,
勝,987,1294,12,3,win,victory,win,ショウ,か-つ、まさ-る,joyo,K0987,987,2,50,7,U52DD,u52dd.svg,,,draft,981–1000,castle.png,,,,
藤,1533,1295,18,S,wisteria,wisteria,wisteria,トウ,ふじ,joyo,K1533,1533,4,77,13,U85E4,u85e4.svg,,,draft,1521–1540,mountain.png,,,,
謄,1532,1296,17,S,mimeograph,facsimilie,mimeograph,トウ,,joyo,K1532,1532,4,77,12,U8B04,u8b04.svg,,,draft,1521–1540,mountain.png,,,,
片,1807,1297,4,6,onesided,one-sided,onesided,ヘン,かた,joyo,K1807,1807,4,91,7,U7247,u7247.svg,,,draft,1801–1820,bamboo.png,,,,
版,1666,1298,8,5,printing_block,printing block,printing_block,ハン,,joyo,K1666,1666,4,84,6,U7248,u7248.svg,,,draft,1661–1680,tree.png,,,,
之,,1299,3,H,of,of,of,,,,heisig_extra,K2176,2176,5,109,16,U4E4B,u4e4b.svg,,,draft,2161–2180,bamboo.png,,,
乏,1853,1300,4,S,destitution,destitution,scarce,ボウ,とぼ-しい,joyo,K1853,1853,4,93,13,U4E4F,u4e4f.svg,,,draft,1841–1860,koi.png,,,,
芝,840,1301,6,S,turf,turf,turf,,しば,joyo,K0840,840,2,42,20,U829D,u829d.svg,,,draft,821–840,tree.png,,,,
不,1736,1302,4,4,non,non,non,フ、ブ,,joyo,K1736,1736,4,87,16,U4E0D,u4e0d.svg,,,draft,1721–1740,koi.png,,,,
否,1686,1303,7,6,negate,negate,negate,ヒ,いな,joyo,K1686,1686,4,85,6,U5426,u5426.svg,,,draft,1681–1700,bamboo.png,,,,
杯,1613,1304,8,S,counter,cupfuls,counter_for_cupfuls,ハイ,さかずき,joyo,K1613,1613,4,81,13,U676F,u676f.svg,,,draft,1601–1620,koi.png,,,,
矢,769,1305,5,2,arrow,dart,arrow,シ,や,joyo,K0769,769,2,39,9,U77E2,u77e2.svg,,,draft,761–780,koi.png,,,,
矯,415,1306,17,S,rectify,rectify,rectify,キョウ,た-める,joyo,K0415,415,1,21,15,U77EF,u77ef.svg,,,draft,401–420,koi.png,,,,
族,1272,1307,11,3,tribe,tribe,tribe,ゾク,,joyo,K1272,1272,3,64,12,U65CF,u65cf.svg,,,draft,1261–1280,kujira.png,,,,
知,1357,1308,8,2,know,know,know,チ,し-る,joyo,K1357,1357,3,68,17,U77E5,u77e5.svg,,,draft,1341–1360,castle.png,,,,
挨,3,1310,10,S,push,shove,push_open,アイ,,joyo,K0003,3,1,1,3,U6328,u6328.svg,,,draft,1–20,bamboo.png,,,,
矛,1920,1311,5,S,halberd,halberd,halberd,ム,ほこ,joyo,K1920,1920,4,96,20,U77DB,u77db.svg,,,draft,1901–1920,tree.png,,,,
柔,911,1312,9,S,tender,tender,tender,ジュウ、ニュウ,やわ-らか、やわ-らかい,joyo,K0911,911,2,46,11,U67D4,u67d4.svg,,,draft,901–920,kujira.png,,,,
務,1921,1313,11,5,duty,task,duty,ム,つと-める、つと-まる,joyo,K1921,1921,4,97,1,U52D9,u52d9.svg,,,draft,1921–1940,bamboo.png,,,,
霧,1924,1314,19,S,fog,fog,fog,ム,きり,joyo,K1924,1924,4,97,4,U9727,u9727.svg,,,draft,1921–1940,bamboo.png,,,,
班,1667,1315,10,6,squad,squad,squad,ハン,,joyo,K1667,1667,4,84,7,U73ED,u73ed.svg,,,draft,1661–1680,tree.png,,,,
帰,320,1316,10,2,homecoming,homecoming,homecoming,キ,かえ-る、かえ-す,joyo,K0320,320,1,16,20,U5E30,u5e30.svg,,,draft,301–320,kujira.png,,,,
弓,362,1317,3,2,bow,bow,bow_archery,キュウ,ゆみ,joyo,K0362,362,1,19,2,U5F13,u5f13.svg,,,draft,361–380,bamboo.png,,,,
引,46,1318,4,2,pull,pull,pull,イン,ひ-く、ひ-ける,joyo,K0046,46,1,3,6,U5F15,u5f15.svg,,,draft,41–60,koi.png,,,,
弔,1393,1319,4,S,condolences,condolences,condolences,チョウ,とむら-う,joyo,K1393,1393,3,70,13,U5F14,u5f14.svg,,,draft,1381–1400,kujira.png,,,,
弘,,1320,5,H,vast,vast,vast,,,,heisig_extra,K2178,2178,5,109,18,U5F18,u5f18.svg,,,draft,2161–2180,bamboo.png,,,
強,410,1321,11,2,strong,strong,strong,キョウ、ゴウ,つよ-い、つよ-まる、つよ-める、し-いる,joyo,K0410,410,1,21,10,U5F37,u5f37.svg,,,draft,401–420,koi.png,,,,
弥,1955,1322,8,S,more_and_more,more and more,all_the_more,,や,joyo,K1955,1955,4,98,15,U5F25,u5f25.svg,,,draft,1941–1960,castle.png,,,,
弱,861,1323,10,2,weak,weak,weak,ジャク,よわ-い、よわ-る、よわ-まる、よわ-める,joyo,K0861,861,2,44,1,U5F31,u5f31.svg,,,draft,861–880,castle.png,,,,
溺,1466,1324,13,S,drowning,drowning,drowning,デキ,おぼ-れる,joyo,K1466,1466,3,74,6,U6EBA,u6eba.svg,,,draft,1461–1480,castle.png,,,,
沸,1775,1325,8,S,seethe,seethe,seethe,フツ,わ-く、わ-かす,joyo,K1775,1775,4,89,15,U6CB8,u6cb8.svg,,,draft,1761–1780,mountain.png,,,,
費,1699,1326,12,5,expense,expense,expense,ヒ,つい-やす、つい-える,joyo,K1699,1699,4,85,19,U8CBB,u8cbb.svg,,,draft,1681–1700,bamboo.png,,,,
第,1315,1327,11,3,ordinal,No.,ordinal_number_prefix,ダイ,,joyo,K1315,1315,3,66,15,U7B2C,u7b2c.svg,,,draft,1301–1320,tree.png,,,,
弟,1440,1328,7,2,younger_brother,younger brother,younger_brother,テイ、（ダイ）、（デ）,おとうと,joyo,K1440,1440,3,72,20,U5F1F,u5f1f.svg,,,draft,1421–1440,tree.png,,,,
巧,593,1329,5,S,adroit,adroit,adroit,コウ,たく-み,joyo,K0593,593,2,30,13,U5DE7,u5de7.svg,,,draft,581–600,tree.png,,,,
号,651,1330,5,3,apt_number,nickname,apt_number,ゴウ,,joyo,K0651,651,2,33,11,U53F7,u53f7.svg,,,draft,641–660,koi.png,,,,
朽,367,1331,6,S,decay,decay,decay,キュウ,く-ちる,joyo,K0367,367,1,19,7,U673D,u673d.svg,,,draft,361–380,bamboo.png,,,,
誇,572,1332,13,S,boast,boast,boast,コ,ほこ-る,joyo,K0572,572,2,29,12,U8A87,u8a87.svg,,,draft,561–580,mountain.png,,,,
顎,230,1333,18,S,jaw,chin,jaw,ガク,あご,joyo,K0230,230,1,12,10,U984E,u984e.svg,,,draft,221–240,tree.png,,,,
汚,104,1334,6,S,dirty,dirty,dirty,オ,けが-す、けが-れる、けが-らわしい、よご-す、よご-れる、きたな-い,joyo,K0104,104,1,6,4,U6C5A,u6c5a.svg,,,draft,101–120,tree.png,,,,
与,1986,1335,3,S,give,bestow,give,ヨ,あた-える,joyo,K1986,1986,4,100,6,U4E0E,u4e0e.svg,,,draft,1981–2000,kujira.png,,,,
写,841,1336,5,3,copy,copy,copy,シャ,うつ-す、うつ-る,joyo,K0841,841,2,43,1,U5199,u5199.svg,,,draft,841–860,bamboo.png,,,,
身,1046,1337,7,3,somebody,somebody,somebody,シン,み,joyo,K1046,1046,3,53,6,U8EAB,u8eab.svg,,,draft,1041–1060,mountain.png,,,,
射,846,1338,10,6,shoot,shoot,shoot,シャ,い-る,joyo,K0846,846,2,43,6,U5C04,u5c04.svg,,,draft,841–860,bamboo.png,,,,
謝,852,1339,17,5,thank,thank,thank,シャ,あやま-る,joyo,K0852,852,2,43,12,U8B1D,u8b1d.svg,,,draft,841–860,bamboo.png,,,,
老,2115,1340,6,4,old_man,old man,old_man,ロウ,お-いる、ふ-ける,joyo,K2115,2115,5,106,15,U8001,u8001.svg,,,draft,2101–2120,kujira.png,,,,
考,602,1341,6,2,consider,consider,consider,コウ,かんが-える,joyo,K0602,602,2,31,2,U8003,u8003.svg,,,draft,601–620,bamboo.png,,,,
孝,605,1342,7,6,filial,filial piety,filial_piety,コウ,,joyo,K0605,605,2,31,5,U5B5D,u5b5d.svg,,,draft,601–620,bamboo.png,,,,
教,411,1343,11,2,teach,teach,teach,キョウ,おし-える、おそ-わる,joyo,K0411,411,1,21,11,U6559,u6559.svg,,,draft,401–420,koi.png,,,,
拷,653,1344,9,S,torture,torture,torture,ゴウ,,joyo,K0653,653,2,33,13,U62F7,u62f7.svg,,,draft,641–660,koi.png,,,,
者,845,1345,8,3,someone,someone,someone,シャ,もの,joyo,K0845,845,2,43,5,U8005,u8005.svg,,,draft,841–860,bamboo.png,,,,
煮,850,1346,12,S,boil,boil,boil,シャ,に-る、に-える、に-やす,joyo,K0850,850,2,43,10,U716E,u716e.svg,,,draft,841–860,bamboo.png,,,,
著,1390,1347,11,6,renowned,renowned,renowned,チョ,あらわ-す、いちじる-しい,joyo,K1390,1390,3,70,10,U8457,u8457.svg,,,draft,1381–1400,kujira.png,,,,
箸,1644,1348,15,S,chopsticks,chopsticks,chopsticks,,はし,joyo,K1644,1644,4,83,4,U7BB8,u7bb8.svg,,,draft,1641–1660,mountain.png,,,,
署,949,1349,13,6,bureau,bureau,government_bureau,ショ,,joyo,K0949,949,2,48,9,U7F72,u7f72.svg,,,draft,941–960,tree.png,,,,
暑,948,1350,12,3,sultry,sultry,sultry,ショ,あつ-い,joyo,K0948,948,2,48,8,U6691,u6691.svg,,,draft,941–960,tree.png,,,,
諸,951,1351,15,6,various,various,various,ショ,,joyo,K0951,951,2,48,11,U8AF8,u8af8.svg,,,draft,941–960,tree.png,,,,
猪,,1352,11,H,pack,pack,pack_of_wild_dogs_,,,,heisig_extra,K2179,2179,5,109,19,U732A,u732a.svg,,,draft,2161–2180,bamboo.png,,,
渚,,1353,11,H,shore,shore,shore,,,,heisig_extra,K2180,2180,5,109,20,U6E1A,u6e1a.svg,,,draft,2161–2180,bamboo.png,,,
賭,1492,1354,16,S,gamble,gamble,gamble,ト,か-ける,joyo,K1492,1492,3,75,12,U8CED,u8ced.svg,,,draft,1481–1500,koi.png,,,,
峡,403,1355,9,S,gorge,gorge,gorge,キョウ,,joyo,K0403,403,1,21,3,U5CE1,u5ce1.svg,,,draft,401–420,koi.png,,,,
狭,405,1356,9,S,cramped,cramped,cramped,キョウ,せま-い、せば-める、せば-まる,joyo,K0405,405,1,21,5,U72ED,u72ed.svg,,,draft,401–420,koi.png,,,,
挟,404,1357,9,S,sandwiched,sandwiched,sandwiched,キョウ,はさ-む、はさ-まる,joyo,K0404,404,1,21,4,U631F,u631f.svg,,,draft,401–420,koi.png,,,,
頬,,1358,15,H,cheek,cheek,cheek,,,,heisig_extra,K2181,2181,5,110,1,U982C,u982c.svg,,,draft,2181–2200,castle.png,,,
追,1427,1359,9,3,chase,chase,chase,ツイ,お-う,joyo,K1427,1427,3,72,7,U8FFD,u8ffd.svg,,,draft,1421–1440,tree.png,,,,
阜,1744,1360,8,4,mound,large hill,mound,（フ）[6],,joyo,K1744,1744,4,88,4,U961C,u961c.svg,,,draft,1741–1760,kujira.png,,,,
師,788,1361,10,5,expert,expert,expert,シ,,joyo,K0788,788,2,40,8,U5E2B,u5e2b.svg,,,draft,781–800,kujira.png,,,,
帥,1085,1362,9,S,commander,commander,commander,スイ,,joyo,K1085,1085,3,55,5,U5E25,u5e25.svg,,,draft,1081–1100,bamboo.png,,,,
官,254,1363,8,4,bureaucrat,bureaucrat,bureaucrat,カン,,joyo,K0254,254,1,13,14,U5B98,u5b98.svg,,,draft,241–260,bamboo.png,,,,
棺,268,1364,12,S,coffin,coffin,coffin,カン,,joyo,K0268,268,1,14,8,U68FA,u68fa.svg,,,draft,261–280,castle.png,,,,
管,278,1365,14,4,pipe,pipe,pipe,カン,くだ,joyo,K0278,278,1,14,18,U7BA1,u7ba1.svg,,,draft,261–280,castle.png,,,,
父,1738,1366,4,2,father,father,father,フ,ちち,joyo,K1738,1738,4,87,18,U7236,u7236.svg,,,draft,1721–1740,koi.png,,,,
釜,244,1367,10,S,kettle,cauldron,kettle,,かま,joyo,K0244,244,1,13,4,U91DC,u91dc.svg,,,draft,241–260,bamboo.png,,,,
交,596,1368,6,2,mingle,mingle,mingle,コウ,まじ-わる、まじ-える、ま-じる、ま-ざる、ま-ぜる、か-う、か-わす,joyo,K0596,596,2,30,16,U4EA4,u4ea4.svg,,,draft,581–600,tree.png,,,,
効,609,1369,8,5,effect,merit,effect,コウ,き-く,joyo,K0609,609,2,31,9,U52B9,u52b9.svg,,,draft,601–620,bamboo.png,,,,
較,219,1370,13,S,contrast,contrast,contrast,カク,,joyo,K0219,219,1,11,19,U8F03,u8f03.svg,,,draft,201–220,mountain.png,,,,
校,623,1371,10,1,school,exam,school,コウ,,joyo,K0623,623,2,32,3,U6821,u6821.svg,,,draft,621–640,castle.png,,,,
足,1263,1372,7,1,foot,leg,foot,ソク,あし、た-りる、た-る、た-す,joyo,K1263,1263,3,64,3,U8DB3,u8db3.svg,,,draft,1261–1280,kujira.png,,,,
促,1264,1373,9,S,stimulate,stimulate,stimulate,ソク,うなが-す,joyo,K1264,1264,3,64,4,U4FC3,u4fc3.svg,,,draft,1261–1280,kujira.png,,,,
捉,1267,1374,10,S,nab,nab,nab,ソク,とら-える,joyo,K1267,1267,3,64,7,U6349,u6349.svg,,,draft,1261–1280,kujira.png,,,,
距,390,1375,12,S,longdistance,long-distance,longdistance,キョ,,joyo,K0390,390,1,20,10,U8DDD,u8ddd.svg,,,draft,381–400,castle.png,,,,
路,2113,1376,13,3,path,path,path,ロ,じ,joyo,K2113,2113,5,106,13,U8DEF,u8def.svg,,,draft,2101–2120,kujira.png,,,,
露,2114,1377,21,S,dew,dew,dew,ロ、（ロウ）,つゆ,joyo,K2114,2114,5,106,14,U9732,u9732.svg,,,draft,2101–2120,kujira.png,,,,
跳,1410,1378,13,S,hop,hop,hop,チョウ,は-ねる、と-ぶ,joyo,K1410,1410,3,71,10,U8DF3,u8df3.svg,,,draft,1401–1420,mountain.png,,,,
躍,1961,1379,21,S,leap,leap,leap,ヤク,おど-る,joyo,K1961,1961,4,99,1,U8E8D,u8e8d.svg,,,draft,1961–1980,koi.png,,,,
践,1186,1380,13,S,tread,tread,tread,セン,,joyo,K1186,1186,3,60,6,U8DF5,u8df5.svg,,,draft,1181–1200,tree.png,,,,
踏,1529,1381,15,S,step,step,step,トウ,ふ-む、ふ-まえる,joyo,K1529,1529,4,77,9,U8E0F,u8e0f.svg,,,draft,1521–1540,mountain.png,,,,
踪,1248,1382,15,S,remains,trail,remains,ソウ,,joyo,K1248,1248,3,63,8,U8E2A,u8e2a.svg,,,draft,1241–1260,koi.png,,,,
骨,666,1383,10,6,bone,skeleton,bone,コツ,ほね,joyo,K0666,666,2,34,6,U9AA8,u9aa8.svg,,,draft,661–680,kujira.png,,,,
滑,239,1384,13,S,slippery,slippery,slippery,カツ、コツ,すべ-る、なめ-らか,joyo,K0239,239,1,12,19,U6ED1,u6ed1.svg,,,draft,221–240,tree.png,,,,
髄,1094,1385,19,S,marrow,marrow,marrow,ズイ,,joyo,K1094,1094,3,55,14,U9AC4,u9ac4.svg,,,draft,1081–1100,bamboo.png,,,,
禍,156,1386,13,S,calamity,calamity,calamity,カ,,joyo,K0156,156,1,8,16,U798D,u798d.svg,,,draft,141–160,castle.png,,,,
渦,152,1387,12,S,whirlpool,whirlpool,whirlpool,カ,うず,joyo,K0152,152,1,8,12,U6E26,u6e26.svg,,,draft,141–160,castle.png,,,,
鍋,1573,1388,17,S,pot,pot,pot,,なべ,joyo,K1573,1573,4,79,13,U934B,u934b.svg,,,draft,1561–1580,bamboo.png,,,,
過,153,1389,12,5,overdo,overdo,go_beyond,カ,す-ぎる、す-ごす、あやま-つ、あやま-ち,joyo,K0153,153,1,8,13,U904E,u904e.svg,,,draft,141–160,castle.png,,,,
阪,1664,1390,7,4,heights,Heights,heights,ハン,,joyo,K1664,1664,4,84,4,U962A,u962a.svg,,,draft,1661–1680,tree.png,,,,
阿,,1391,8,H,africa,Africa,africa,,,,heisig_extra,K2182,2182,5,110,2,U963F,u963f.svg,,,draft,2181–2200,castle.png,,,
際,715,1392,14,5,occasion,occasion,occasion,サイ,きわ,joyo,K0715,715,2,36,15,U969B,u969b.svg,,,draft,701–720,tree.png,,,,
障,1002,1393,14,6,hurt,hinder,hurt,ショウ,さわ-る,joyo,K1002,1002,3,51,2,U969C,u969c.svg,,,draft,1001–1020,koi.png,,,,
隙,501,1394,13,S,fissure,chink,fissure,ゲキ,すき,joyo,K0501,501,2,26,1,U9699,u9699.svg,,,draft,501–520,castle.png,,,,
随,1093,1395,12,S,follow,follow,follow,ズイ,,joyo,K1093,1093,3,55,13,U968F,u968f.svg,,,draft,1081–1100,bamboo.png,,,,
陪,1626,1396,11,S,obeisance,auxiliary,obeisance,バイ,,joyo,K1626,1626,4,82,6,U966A,u966a.svg,,,draft,1621–1640,kujira.png,,,,
陽,2002,1397,12,3,sunshine,sunshine,sunshine,ヨウ,,joyo,K2002,2002,5,101,2,U967D,u967d.svg,,,draft,2001–2020,mountain.png,,,,
陳,1424,1398,11,S,exhibit,line up,exhibit,チン,,joyo,K1424,1424,3,72,4,U9673,u9673.svg,,,draft,1421–1440,tree.png,,,,
防,1858,1399,7,5,prevent,ward off,prevent,ボウ,ふせ-ぐ,joyo,K1858,1858,4,93,18,U9632,u9632.svg,,,draft,1841–1860,koi.png,,,,
附,1745,1400,8,S,affixed,affixed,affixed,フ,,joyo,K1745,1745,4,88,5,U9644,u9644.svg,,,draft,1741–1760,kujira.png,,,,
院,52,1401,10,3,institution,Inst.,institution,イン,,joyo,K0052,52,1,3,12,U9662,u9662.svg,,,draft,41–60,koi.png,,,,
陣,1076,1402,10,S,camp,camp,camp,ジン,,joyo,K1076,1076,3,54,16,U9663,u9663.svg,,,draft,1061–1080,tree.png,,,,
隊,1308,1403,12,4,regiment,regiment,regiment,タイ,,joyo,K1308,1308,3,66,8,U968A,u968a.svg,,,draft,1301–1320,tree.png,,,,
墜,1429,1404,15,S,crash,crash,crash,ツイ,,joyo,K1429,1429,3,72,9,U589C,u589c.svg,,,draft,1421–1440,tree.png,,,,
降,627,1405,10,6,descend,descend,descend,コウ,お-りる、お-ろす、ふ-る,joyo,K0627,627,2,32,7,U964D,u964d.svg,,,draft,621–640,castle.png,,,,
階,188,1406,12,3,floor,story,floor_of_a_building,カイ,,joyo,K0188,188,1,10,8,U968E,u968e.svg,,,draft,181–200,kujira.png,,,,
陛,1794,1407,10,6,highness,highness,highness,ヘイ,,joyo,K1794,1794,4,90,14,U965B,u965b.svg,,,draft,1781–1800,tree.png,,,,
隣,2080,1408,16,S,neighboring,neighboring,neighboring,リン,とな-る、となり,joyo,K2080,2080,5,104,20,U96A3,u96a3.svg,,,draft,2061–2080,castle.png,,,,
隔,220,1409,13,S,isolate,isolate,isolate,カク,へだ-てる、へだ-たる,joyo,K0220,220,1,11,20,U9694,u9694.svg,,,draft,201–220,mountain.png,,,,
隠,56,1410,14,S,conceal,conceal,conceal,イン,かく-す、かく-れる,joyo,K0056,56,1,3,16,U96A0,u96a0.svg,,,draft,41–60,koi.png,,,,
堕,1290,1411,12,S,degenerate,degenerate,degenerate,ダ,,joyo,K1290,1290,3,65,10,U5815,u5815.svg,,,draft,1281–1300,mountain.png,,,,
陥,258,1412,10,S,collapse,collapse,collapse,カン,おちい-る、おとしい-れる,joyo,K0258,258,1,13,18,U9665,u9665.svg,,,draft,241–260,bamboo.png,,,,
穴,507,1413,5,6,hole,hole,hole,ケツ,あな,joyo,K0507,507,2,26,7,U7A74,u7a74.svg,,,draft,501–520,castle.png,,,,
空,452,1414,8,1,sky,empty,sky,クウ,そら、あ-く、あ-ける、から,joyo,K0452,452,1,23,12,U7A7A,u7a7a.svg,,,draft,441–460,mountain.png,,,,
控,630,1415,11,S,withdraw,withdraw,withdraw,コウ,ひか-える,joyo,K0630,630,2,32,10,U63A7,u63a7.svg,,,draft,621–640,castle.png,,,,
突,1559,1416,8,S,stab,stab,stab,トツ,つ-く,joyo,K1559,1559,4,78,19,U7A81,u7a81.svg,,,draft,1541–1560,tree.png,,,,
究,370,1417,7,3,research,research,research,キュウ,きわ-める,joyo,K0370,370,1,19,10,U7A76,u7a76.svg,,,draft,361–380,bamboo.png,,,,
窒,1372,1418,11,S,plug_up,plug up,plug_up,チツ,,joyo,K1372,1372,3,69,12,U7A92,u7a92.svg,,,draft,1361–1380,koi.png,,,,
窃,1157,1419,9,S,stealth,stealth,stealth,セツ,,joyo,K1157,1157,3,58,17,U7A83,u7a83.svg,,,draft,1141–1160,kujira.png,,,,
窟,459,1420,13,S,cavern,cavern,cavern,クツ,,joyo,K0459,459,1,23,19,U7A9F,u7a9f.svg,,,draft,441–460,mountain.png,,,,
窪,,1421,14,H,hollow,hollow,hallow,ア,くぼ,,heisig_extra,K2183,2183,5,110,3,U7AAA,u7aaa.svg,,,draft,2181–2200,castle.png,,,
搾,730,1422,13,S,squeeze,squeeze,squeeze,サク,しぼ-る,joyo,K0730,730,2,37,10,U643E,u643e.svg,,,draft,721–740,bamboo.png,,,,
窯,2008,1423,15,S,kiln,kiln,kiln,ヨウ,かま,joyo,K2008,2008,5,101,8,U7AAF,u7aaf.svg,,,draft,2001–2020,mountain.png,,,,
窮,380,1424,15,S,hard_up,hard up,hard_up,キュウ,きわ-める、きわ-まる,joyo,K0380,380,1,19,20,U7AAE,u7aae.svg,,,draft,361–380,bamboo.png,,,,
探,1339,1425,11,6,grope,grope,grope,タン,さぐ-る、さが-す,joyo,K1339,1339,3,67,19,U63A2,u63a2.svg,,,draft,1321–1340,bamboo.png,,,,
深,1058,1426,11,3,deep,deep,deep,シン,ふか-い、ふか-まる、ふか-める,joyo,K1058,1058,3,53,18,U6DF1,u6df1.svg,,,draft,1041–1060,mountain.png,,,,
丘,363,1427,5,S,hill,hill,hill,キュウ,おか,joyo,K0363,363,1,19,3,U4E18,u4e18.svg,,,draft,361–380,bamboo.png,,,,
岳,227,1428,8,S,mountain_peak,mountain peak,mountain_peak,ガク,たけ,joyo,K0227,227,1,12,7,U5CB3,u5cb3.svg,,,draft,221–240,tree.png,,,,
兵,1790,1429,7,4,soldier,soldier,soldier,ヘイ、ヒョウ,,joyo,K1790,1790,4,90,10,U5175,u5175.svg,,,draft,1781–1800,tree.png,,,,
浜,1730,1430,10,S,seacoast,seacoast,seacoast,ヒン,はま,joyo,K1730,1730,4,87,10,U6D5C,u6d5c.svg,,,draft,1721–1740,koi.png,,,,
糸,772,1431,6,1,thread,thread,thread,シ,いと,joyo,K0772,772,2,39,12,U7CF8,u7cf8.svg,,,draft,761–780,koi.png,,,,
織,1037,1432,18,5,weave,weave,weave,ショク、シキ,お-る,joyo,K1037,1037,3,52,17,U7E54,u7e54.svg,,,draft,1021–1040,kujira.png,,,,
繕,1203,1433,18,S,darning,darning,darning,ゼン,つくろ-う,joyo,K1203,1203,3,61,3,U7E55,u7e55.svg,,,draft,1201–1220,bamboo.png,,,,
縮,923,1434,17,6,shrink,shrink,shrink,シュク,ちぢ-む、ちぢ-まる、ちぢ-める、ちぢ-れる、ちぢ-らす,joyo,K0923,923,2,47,3,U7E2E,u7e2e.svg,,,draft,921–940,mountain.png,,,,
繁,1677,1435,16,S,luxuriant,luxuriant,luxuriant,ハン,,joyo,K1677,1677,4,84,17,U7E41,u7e41.svg,,,draft,1661–1680,tree.png,,,,
縦,917,1436,16,6,vertical,vertical,vertical,ジュウ,たて,joyo,K0917,917,2,46,17,U7E26,u7e26.svg,,,draft,901–920,kujira.png,,,,
緻,1365,1437,16,S,fine,fine,fine_not_coarse,チ,,joyo,K1365,1365,3,69,5,U7DFB,u7dfb.svg,,,draft,1361–1380,koi.png,,,,
線,1190,1438,15,2,line,line,line,セン,,joyo,K1190,1190,3,60,10,U7DDA,u7dda.svg,,,draft,1181–1200,tree.png,,,,
綻,1344,1439,14,S,rip,come apart at the seams,rip,タン,ほころ-びる,joyo,K1344,1344,3,68,4,U7DBB,u7dbb.svg,,,draft,1341–1360,castle.png,,,,
締,1457,1440,15,S,tighten,tighten,tighten,テイ,し-まる、し-める,joyo,K1457,1457,3,73,17,U7DE0,u7de0.svg,,,draft,1441–1460,bamboo.png,,,,
維,35,1441,14,S,fiber,fiber,fiber,イ,,joyo,K0035,35,1,2,15,U7DAD,u7dad.svg,,,draft,21–40,castle.png,,,,
羅,2021,1442,19,S,gauze,gauze,gauze,ラ,,joyo,K2021,2021,5,102,1,U7F85,u7f85.svg,,,draft,2021–2040,tree.png,,,,
練,2108,1443,14,3,practice,practice,practice,レン,ね-る,joyo,K2108,2108,5,106,8,U7DF4,u7df4.svg,,,draft,2101–2120,kujira.png,,,,
緒,950,1444,14,S,thong,thong,thong,ショ、（チョ）,お,joyo,K0950,950,2,48,10,U7DD2,u7dd2.svg,,,draft,941–960,tree.png,,,,
続,1275,1445,13,4,continue,continue,continue,ゾク,つづ-く、つづ-ける,joyo,K1275,1275,3,64,15,U7D9A,u7d9a.svg,,,draft,1261–1280,kujira.png,,,,
絵,186,1446,12,2,picture,picture,picture,カイ、エ,,joyo,K0186,186,1,10,6,U7D75,u7d75.svg,,,draft,181–200,kujira.png,,,,
統,1527,1447,12,5,unite,overall,unite,トウ,す-べる,joyo,K1527,1527,4,77,7,U7D71,u7d71.svg,,,draft,1521–1540,mountain.png,,,,
絞,637,1448,12,S,strangle,strangle,strangle,コウ,しぼ-る、し-める、し-まる,joyo,K0637,637,2,32,17,U7D5E,u7d5e.svg,,,draft,621–640,castle.png,,,,
給,378,1449,12,4,salary,salary,salary,キュウ,,joyo,K0378,378,1,19,18,U7D66,u7d66.svg,,,draft,361–380,bamboo.png,,,,
絡,2025,1450,12,S,entwine,entwine,entwine,ラク,から-む、から-まる、から-める,joyo,K2025,2025,5,102,5,U7D61,u7d61.svg,,,draft,2021–2040,tree.png,,,,
結,510,1451,12,4,tie,tie,tie,ケツ,むす-ぶ、ゆ-う、ゆ-わえる,joyo,K0510,510,2,26,10,U7D50,u7d50.svg,,,draft,501–520,castle.png,,,,
終,895,1452,11,3,end,end,end,シュウ,お-わる、お-える,joyo,K0895,895,2,45,15,U7D42,u7d42.svg,,,draft,881–900,koi.png,,,,
級,373,1453,9,3,class,class,class,キュウ,,joyo,K0373,373,1,19,13,U7D1A,u7d1a.svg,,,draft,361–380,bamboo.png,,,,
紀,313,1454,9,5,chronicle,chronicle,chronicle,キ,,joyo,K0313,313,1,16,13,U7D00,u7d00.svg,,,draft,301–320,kujira.png,,,,
紅,618,1455,9,6,crimson,crimson,deep_red,コウ、（ク）,べに、くれない,joyo,K0618,618,2,31,18,U7D05,u7d05.svg,,,draft,601–620,bamboo.png,,,,
納,1599,1456,10,6,settlement,settlement,settlement,ノウ、（ナッ）、（ナ）、（ナン）、（トウ）,おさ-める、おさ-まる,joyo,K1599,1599,4,80,19,U7D0D,u7d0d.svg,,,draft,1581–1600,castle.png,,,,
紡,1864,1457,10,S,spinning,spinning,spinning,ボウ,つむ-ぐ,joyo,K1864,1864,4,94,4,U7D21,u7d21.svg,,,draft,1861–1880,kujira.png,,,,
紛,1779,1458,10,S,distract,distract,distract,フン,まぎ-れる、まぎ-らす、まぎ-らわす、まぎ-らわしい,joyo,K1779,1779,4,89,19,U7D1B,u7d1b.svg,,,draft,1761–1780,mountain.png,,,,
紹,985,1459,11,S,introduce,introduce,introduce,ショウ,,joyo,K0985,985,2,50,5,U7D39,u7d39.svg,,,draft,981–1000,castle.png,,,,
経,483,1460,11,5,manage,manage,manage,ケイ、キョウ,へ-る,joyo,K0483,483,1,25,3,U7D4C,u7d4c.svg,,,draft,481–500,bamboo.png,,,,
紳,1059,1461,11,S,sire,sire,sire,シン,,joyo,K1059,1059,3,53,19,U7D33,u7d33.svg,,,draft,1041–1060,mountain.png,,,,
約,1958,1462,9,4,promise,promise,promise,ヤク,,joyo,K1958,1958,4,98,18,U7D04,u7d04.svg,,,draft,1941–1960,castle.png,,,,
細,706,1463,11,2,thin,thin,thin,サイ,ほそ-い、ほそ-る、こま-か、こま-かい,joyo,K0706,706,2,36,6,U7D30,u7d30.svg,,,draft,701–720,tree.png,,,,
累,2084,1464,11,S,accumulate,accumulate,accumulate,ルイ,,joyo,K2084,2084,5,105,4,U7D2F,u7d2f.svg,,,draft,2081–2100,koi.png,,,,
索,727,1465,10,S,cord,cord,cord,サク,,joyo,K0727,727,2,37,7,U7D22,u7d22.svg,,,draft,721–740,bamboo.png,,,,
総,1245,1466,14,5,total,total,total,ソウ,,joyo,K1245,1245,3,63,5,U7DCF,u7dcf.svg,,,draft,1241–1260,koi.png,,,,
綿,1937,1467,14,5,cotton,cotton,cotton,メン,わた,joyo,K1937,1937,4,97,17,U7DBF,u7dbf.svg,,,draft,1921–1940,bamboo.png,,,,
絹,534,1468,13,6,silk,silk,silk,ケン,きぬ,joyo,K0534,534,2,27,14,U7D79,u7d79.svg,,,draft,521–540,koi.png,,,,
繰,461,1469,19,S,winding,winding,winding,,く-る,joyo,K0461,461,1,24,1,U7E70,u7e70.svg,,,draft,461–480,tree.png,,,,
継,490,1470,13,S,inherit,inherit,inherit,ケイ,つ-ぐ,joyo,K0490,490,1,25,10,U7D99,u7d99.svg,,,draft,481–500,bamboo.png,,,,
緑,2075,1471,14,3,green,green,green,リョク、（ロク）,みどり,joyo,K2075,2075,5,104,15,U7DD1,u7dd1.svg,,,draft,2061–2080,castle.png,,,,
縁,102,1472,15,S,affinity,affinity,affinity,エン,ふち,joyo,K0102,102,1,6,2,U7E01,u7e01.svg,,,draft,101–120,tree.png,,,,
網,1946,1473,14,S,netting,netting,netting,モウ,あみ,joyo,K1946,1946,4,98,6,U7DB2,u7db2.svg,,,draft,1941–1960,castle.png,,,,
緊,439,1474,15,S,tense,tense,tense,キン,,joyo,K0439,439,1,22,19,U7DCA,u7dca.svg,,,draft,421–440,kujira.png,,,,
紫,793,1475,12,S,purple,purple,purple,シ,むらさき,joyo,K0793,793,2,40,13,U7D2B,u7d2b.svg,,,draft,781–800,kujira.png,,,,
縛,1641,1476,16,S,truss,truss,truss,バク,しば-る,joyo,K1641,1641,4,83,1,U7E1B,u7e1b.svg,,,draft,1641–1660,mountain.png,,,,
縄,1023,1477,15,4,straw,straw rope,straw_rope,ジョウ,なわ,joyo,K1023,1023,3,52,3,U7E04,u7e04.svg,,,draft,1021–1040,kujira.png,,,,
幼,1991,1478,5,6,infancy,infancy,infancy,ヨウ,おさな-い,joyo,K1991,1991,4,100,11,U5E7C,u5e7c.svg,,,draft,1981–2000,kujira.png,,,,
後,580,1479,9,2,behind,behind,behind,ゴ、コウ,のち、うし-ろ、あと、おく-れる,joyo,K0580,580,2,29,20,U5F8C,u5f8c.svg,,,draft,561–580,mountain.png,,,,
幽,1974,1480,9,S,seclude,faint,seclude,ユウ,,joyo,K1974,1974,4,99,14,U5E7D,u5e7d.svg,,,draft,1961–1980,koi.png,,,,
幾,326,1481,12,S,how,how many,how_many,キ,いく,joyo,K0326,326,1,17,6,U5E7E,u5e7e.svg,,,draft,321–340,mountain.png,,,,
機,337,1482,16,4,machine,mechanism,machine,キ,はた,joyo,K0337,337,1,17,17,U6A5F,u6a5f.svg,,,draft,321–340,mountain.png,,,,
畿,335,1483,15,S,capital_area,capital area,capital_area,キ,,joyo,K0335,335,1,17,15,U757F,u757f.svg,,,draft,321–340,mountain.png,,,,
玄,547,1484,5,S,mysterious,mysterious,mysterious,ゲン,,joyo,K0547,547,2,28,7,U7384,u7384.svg,,,draft,541–560,kujira.png,,,,
畜,1367,1485,10,S,livestock,livestock,livestock,チク,,joyo,K1367,1367,3,69,7,U755C,u755c.svg,,,draft,1361–1380,koi.png,,,,
蓄,1369,1486,13,S,amass,amass,amass,チク,たくわ-える,joyo,K1369,1369,3,69,9,U84C4,u84c4.svg,,,draft,1361–1380,koi.png,,,,
弦,549,1487,8,S,bowstring,bowstring,bowstring,ゲン,つる,joyo,K0549,549,2,28,9,U5F26,u5f26.svg,,,draft,541–560,kujira.png,,,,
擁,2010,1488,16,S,hug,hug,hug,ヨウ,,joyo,K2010,2010,5,101,10,U64C1,u64c1.svg,,,draft,2001–2020,mountain.png,,,,
滋,819,1489,12,4,nourishing,nourishing,nourishing,ジ,,joyo,K0819,819,2,41,19,U6ECB,u6ecb.svg,,,draft,801–820,mountain.png,,,,
慈,820,1490,13,S,mercy,mercy,mercy,ジ,いつく-しむ,joyo,K0820,820,2,41,20,U6148,u6148.svg,,,draft,801–820,mountain.png,,,,
磁,822,1491,14,6,magnet,magnet,magnet,ジ,,joyo,K0822,822,2,42,2,U78C1,u78c1.svg,,,draft,821–840,tree.png,,,,
系,472,1492,7,6,lineage,lineage,lineage,ケイ,,joyo,K0472,472,1,24,12,U7CFB,u7cfb.svg,,,draft,461–480,tree.png,,,,
係,475,1493,9,3,person_in_charge,person in charge,person_in_charge,ケイ,かか-る、かかり,joyo,K0475,475,1,24,15,U4FC2,u4fc2.svg,,,draft,461–480,tree.png,,,,
孫,1280,1494,10,4,grandchild,grandchild,grandchild,ソン,まご,joyo,K1280,1280,3,64,20,U5B6B,u5b6b.svg,,,draft,1261–1280,kujira.png,,,,
懸,544,1495,20,S,suspend,suspend,suspend,ケン、（ケ）,か-ける、か-かる,joyo,K0544,544,2,28,4,U61F8,u61f8.svg,,,draft,541–560,kujira.png,,,,
遜,1283,1496,14,S,humble,modest,humble,ソン,,joyo,K1283,1283,3,65,3,U905C,u905c.svg,,,draft,1281–1300,mountain.png,,,,
却,354,1497,7,S,instead,instead,instead,キャク,,joyo,K0354,354,1,18,14,U5374,u5374.svg,,,draft,341–360,tree.png,,,,
脚,356,1498,11,S,leg,shins,leg,キャク、（キャ）,あし,joyo,K0356,356,1,18,16,U811A,u811a.svg,,,draft,341–360,tree.png,,,,
卸,126,1499,9,S,wholesale,wholesale,wholesale,,おろ-す、おろし,joyo,K0126,126,1,7,6,U5378,u5378.svg,,,draft,121–140,bamboo.png,,,,
御,392,1500,12,S,honorable,honorable,honorable,ギョ、ゴ,おん,joyo,K0392,392,1,20,12,U5FA1,u5fa1.svg,,,draft,381–400,castle.png,,,,
服,1766,1501,8,3,clotheing,clothing,clothing,フク,,joyo,K1766,1766,4,89,6,U670D,u670d.svg,,,draft,1761–1780,mountain.png,,,,
命,1927,1502,8,3,fate,fate,fate,メイ、ミョウ,いのち,joyo,K1927,1927,4,97,7,U547D,u547d.svg,,,draft,1921–1940,bamboo.png,,,,
令,2087,1503,5,4,orders,orders,orders,レイ,,joyo,K2087,2087,5,105,7,U4EE4,u4ee4.svg,,,draft,2081–2100,koi.png,,,,
零,2094,1504,13,S,zero,zero,zero,レイ,,joyo,K2094,2094,5,105,14,U96F6,u96f6.svg,,,draft,2081–2100,koi.png,,,,
齢,2097,1505,17,S,age,age,age,レイ,,joyo,K2097,2097,5,105,17,U9F62,u9f62.svg,,,draft,2081–2100,koi.png,,,,
冷,2089,1506,7,4,cool,cool,cool,レイ,つめ-たい、ひ-える、ひ-や、ひ-やす、ひ-やかす、さ-める、さ-ます,joyo,K2089,2089,5,105,9,U51B7,u51b7.svg,,,draft,2081–2100,koi.png,,,,
領,2069,1507,14,5,territory,jurisdiction,territory,リョウ,,joyo,K2069,2069,5,104,9,U9818,u9818.svg,,,draft,2061–2080,castle.png,,,,
鈴,2093,1508,13,S,small_bell,small bell,small_bell,レイ、リン,すず,joyo,K2093,2093,5,105,13,U9234,u9234.svg,,,draft,2081–2100,koi.png,,,,
勇,1973,1509,9,4,courage,courage,courage,ユウ,いさ-む,joyo,K1973,1973,4,99,13,U52C7,u52c7.svg,,,draft,1961–1980,koi.png,,,,
湧,1977,1510,12,S,boil,boil,boil,ユウ,わ-く,joyo,K1977,1977,4,99,17,U6E67,u6e67.svg,,,draft,1961–1980,koi.png,,,,
通,1430,1511,10,2,pass_through,pass_through,pass_through,ツウ、（ツ）,とお-る、とお-す、かよ-う,joyo,K1430,1430,3,72,10,U901A,u901a.svg,,,draft,1421–1440,tree.png,,,,
踊,2007,1512,14,S,jump,jump,jump,ヨウ,おど-る、おど-り,joyo,K2007,2007,5,101,7,U8E0A,u8e0a.svg,,,draft,2001–2020,mountain.png,,,,
疑,344,1513,14,6,doubt,doubt,doubt,ギ,うたが-う,joyo,K0344,344,1,18,4,U7591,u7591.svg,,,draft,341–360,tree.png,,,,
擬,347,1514,17,S,mimic,mimic,mimic,ギ,,joyo,K0347,347,1,18,7,U64EC,u64ec.svg,,,draft,341–360,tree.png,,,,
凝,423,1515,16,S,congeal,congeal,congeal,ギョウ,こ-る、こ-らす,joyo,K0423,423,1,22,3,U51DD,u51dd.svg,,,draft,421–440,kujira.png,,,,
範,1676,1516,15,S,pattern,pattern,pattern,ハン,,joyo,K1676,1676,4,84,16,U7BC4,u7bc4.svg,,,draft,1661–1680,tree.png,,,,
犯,1658,1517,5,5,crime,crime,crime,ハン,おか-す,joyo,K1658,1658,4,83,18,U72AF,u72af.svg,,,draft,1641–1660,mountain.png,,,,
氾,1657,1518,5,S,spread,widespread,spread_out,ハン,,joyo,K1657,1657,4,83,17,U6C3E,u6c3e.svg,,,draft,1641–1660,mountain.png,,,,
厄,1956,1519,4,S,unlucky,unlucky,unlucky,ヤク,,joyo,K1956,1956,4,98,16,U5384,u5384.svg,,,draft,1941–1960,castle.png,,,,
危,303,1520,6,6,dangerous,dangerous,dangerous,キ,あぶ-ない、あや-うい、あや-ぶむ,joyo,K0303,303,1,16,3,U5371,u5371.svg,,,draft,301–320,kujira.png,,,,
宛,10,1521,8,S,allocate,address,allocate,,あ-てる,joyo,K0010,10,1,1,10,U5B9B,u5b9b.svg,,,draft,1–20,bamboo.png,,,,
腕,2136,1522,12,S,arm,arm,arm,ワン,うで,joyo,K2136,2136,5,107,16,U8155,u8155.svg,,,draft,2121–2140,mountain.png,,,,
苑,,1523,8,H,park,park,park,エン,その,,heisig_extra,K2184,2184,5,110,4,U82D1,u82d1.svg,,,draft,2181–2200,castle.png,,,
怨,91,1524,9,S,grudge,grudge,grudge,エン、オン,,joyo,K0091,91,1,5,11,U6028,u6028.svg,,,draft,81–100,mountain.png,,,,
柳,2049,1525,9,S,willow,willow,willow,リュウ,やなぎ,joyo,K2049,2049,5,103,9,U67F3,u67f3.svg,,,draft,2041–2060,bamboo.png,,,,
卵,2030,1526,7,6,egg,egg,egg,ラン,たまご,joyo,K2030,2030,5,102,10,U5375,u5375.svg,,,draft,2021–2040,tree.png,,,,
留,2051,1527,10,5,detain,detain,detain,リュウ、（ル）,と-める、と-まる,joyo,K2051,2051,5,103,11,U7559,u7559.svg,,,draft,2041–2060,bamboo.png,,,,
瑠,2082,1528,14,S,lapis,marine blue,lapis_lazuli,ル,,joyo,K2082,2082,5,105,2,U7460,u7460.svg,,,draft,2081–2100,koi.png,,,,
貿,1869,1529,12,5,trade,trade,trade,ボウ,,joyo,K1869,1869,4,94,9,U8CBF,u8cbf.svg,,,draft,1861–1880,kujira.png,,,,
印,47,1530,6,4,mark,stamp,mark,イン,しるし,joyo,K0047,47,1,3,7,U5370,u5370.svg,,,draft,41–60,koi.png,,,,
臼,368,1531,6,S,mortar,mortar,mortar,キュウ,うす,joyo,K0368,368,1,19,8,U81FC,u81fc.svg,,,draft,361–380,bamboo.png,,,,
毀,332,1532,13,S,break,break,break,キ,,joyo,K0332,332,1,17,12,U6BC0,u6bc0.svg,,,draft,321–340,mountain.png,,,,
興,645,1533,16,5,entertain,entertain,entertain,コウ、キョウ,おこ-る、おこ-す,joyo,K0645,645,2,33,5,U8208,u8208.svg,,,draft,641–660,koi.png,,,,
酉,,1534,7,H,rooster,rooster,sign_of_rooster,ユウ,とり,,heisig_extra,K2185,2185,5,110,5,U9149,u9149.svg,,,draft,2181–2200,castle.png,,,
酒,872,1535,10,3,sake,sake,sake,シュ,さけ、（さか）,joyo,K0872,872,2,44,12,U9152,u9152.svg,,,draft,861–880,castle.png,,,,
酌,857,1536,10,S,bartending,bartending,bartending,シャク,く-む,joyo,K0857,857,2,43,17,U914C,u914c.svg,,,draft,841–860,bamboo.png,,,,
酎,1387,1537,10,S,alcohol,alcohol,alcohol,チュウ,,joyo,K1387,1387,3,70,7,U914E,u914e.svg,,,draft,1381–1400,kujira.png,,,,
酵,643,1538,14,S,fermentation,fermentation,fermentation,コウ,,joyo,K0643,643,2,33,3,U9175,u9175.svg,,,draft,641–660,koi.png,,,,
酷,664,1539,14,S,cruel,cruel,cruel,コク,,joyo,K0664,664,2,34,4,U9177,u9177.svg,,,draft,661–680,kujira.png,,,,
酬,903,1540,13,S,repay,repay,repay,シュウ,,joyo,K0903,903,2,46,3,U916C,u916c.svg,,,draft,901–920,kujira.png,,,,
酪,2027,1541,13,S,dairy,dairy products,dairy_products,ラク,,joyo,K2027,2027,5,102,7,U916A,u916a.svg,,,draft,2021–2040,tree.png,,,,
酢,729,1542,12,S,vinegar,vinegar,vinegar,サク,す,joyo,K0729,729,2,37,9,U9162,u9162.svg,,,draft,721–740,bamboo.png,,,,
酔,1089,1543,11,S,drunk,drunk,drunk,スイ,よ-う,joyo,K1089,1089,3,55,9,U9154,u9154.svg,,,draft,1081–1100,bamboo.png,,,,
配,1617,1544,10,3,distribute,distribute,distribute,ハイ,くば-る,joyo,K1617,1617,4,81,17,U914D,u914d.svg,,,draft,1601–1620,koi.png,,,,
酸,754,1545,14,5,acid,acid,acid,サン,す-い,joyo,K0754,754,2,38,14,U9178,u9178.svg,,,draft,741–760,castle.png,,,,
猶,1978,1546,12,S,furthermore,waver,furthermore,ユウ,,joyo,K1978,1978,4,99,18,U7336,u7336.svg,,,draft,1961–1980,koi.png,,,,
尊,1281,1547,12,6,revered,revered,revered,ソン,たっと-い、とうと-い、たっと-ぶ、とうと-ぶ,joyo,K1281,1281,3,65,1,U5C0A,u5c0a.svg,,,draft,1281–1300,mountain.png,,,,
豆,1503,1548,7,3,bean,beans,bean,トウ、（ズ）,まめ,joyo,K1503,1503,4,76,3,U8C46,u8c46.svg,,,draft,1501–1520,kujira.png,,,,
頭,1531,1549,16,2,head,head,head,トウ、ズ、（ト）,あたま、かしら,joyo,K1531,1531,4,77,11,U982D,u982d.svg,,,draft,1521–1540,mountain.png,,,,
短,1341,1550,12,3,short,short,short,タン,みじか-い,joyo,K1341,1341,3,68,1,U77ED,u77ed.svg,,,draft,1341–1360,castle.png,,,,
豊,1848,1551,13,5,bountiful,bountiful,bountiful,ホウ,ゆた-か,joyo,K1848,1848,4,93,8,U8C4A,u8c4a.svg,,,draft,1841–1860,koi.png,,,,
鼓,573,1552,13,S,drum,drum,drum,コ,つづみ,joyo,K0573,573,2,29,13,U9F13,u9f13.svg,,,draft,561–580,mountain.png,,,,
喜,325,1553,12,5,rejoice,rejoice,rejoice,キ,よろこ-ぶ,joyo,K0325,325,1,17,5,U559C,u559c.svg,,,draft,321–340,mountain.png,,,,
樹,882,1554,16,6,trees,timber-trees,trees,ジュ,,joyo,K0882,882,2,45,2,U6A39,u6a39.svg,,,draft,881–900,koi.png,,,,
皿,743,1555,5,3,dish,dish,dish,,さら,joyo,K0743,743,2,38,3,U76BF,u76bf.svg,,,draft,741–760,castle.png,,,,
血,508,1556,6,3,blood,blood,blood,ケツ,ち,joyo,K0508,508,2,26,8,U8840,u8840.svg,,,draft,501–520,castle.png,,,,
盆,1890,1557,9,S,basin,basin,basin,ボン,,joyo,K1890,1890,4,95,10,U76C6,u76c6.svg,,,draft,1881–1900,mountain.png,,,,
盟,1931,1558,13,6,alliance,alliance,alliance,メイ,,joyo,K1931,1931,4,97,11,U76DF,u76df.svg,,,draft,1921–1940,bamboo.png,,,,
盗,1516,1559,11,S,steal,steal,steal,トウ,ぬす-む,joyo,K1516,1516,4,76,16,U76D7,u76d7.svg,,,draft,1501–1520,kujira.png,,,,
温,129,1560,12,3,warm,warm,warm,オン,あたた-か、あたた-かい、あたた-まる、あたた-める,joyo,K0129,129,1,7,9,U6E29,u6e29.svg,,,draft,121–140,bamboo.png,,,,
蓋,204,1561,13,S,lid,lid,lid,ガイ,ふた,joyo,K0204,204,1,11,4,U84CB,u84cb.svg,,,draft,201–220,mountain.png,,,,
監,281,1562,15,S,oversee,oversee,oversee,カン,,joyo,K0281,281,1,15,1,U76E3,u76e3.svg,,,draft,281–300,koi.png,,,,
濫,2032,1563,18,S,excessive,overflow,excessive,ラン,,joyo,K2032,2032,5,102,12,U6FEB,u6feb.svg,,,draft,2021–2040,tree.png,,,,
鑑,291,1564,23,S,specimen,specimen,specimen,カン,かんが-みる,joyo,K0291,291,1,15,11,U9451,u9451.svg,,,draft,281–300,koi.png,,,,
藍,2033,1565,18,S,indigo,indigo,indigo,ラン,あい,joyo,K2033,2033,5,102,13,U85CD,u85cd.svg,,,draft,2021–2040,tree.png,,,,
猛,1945,1566,11,S,fierce,fierce,fierce,モウ,,joyo,K1945,1945,4,98,5,U731B,u731b.svg,,,draft,1941–1960,castle.png,,,,
盛,1124,1567,11,6,prosper,boom,prosper,セイ、（ジョウ）,も-る、さか-る、さか-ん,joyo,K1124,1124,3,57,4,U76DB,u76db.svg,,,draft,1121–1140,koi.png,,,,
塩,100,1568,13,4,salt,salt,salt,エン,しお,joyo,K0100,100,1,5,20,U5869,u5869.svg,,,draft,81–100,mountain.png,,,,
銀,444,1569,14,3,silver,silver,silver,ギン,,joyo,K0444,444,1,23,4,U9280,u9280.svg,,,draft,441–460,mountain.png,,,,
恨,673,1570,9,S,resentment,resentment,resentment,コン,うら-む、うら-めしい,joyo,K0673,673,2,34,13,U6068,u6068.svg,,,draft,661–680,kujira.png,,,,
根,674,1571,10,3,root,root,root,コン,ね,joyo,K0674,674,2,34,14,U6839,u6839.svg,,,draft,661–680,kujira.png,,,,
即,1261,1572,7,S,instant,instant,instant,ソク,,joyo,K1261,1261,3,64,1,U5373,u5373.svg,,,draft,1261–1280,kujira.png,,,,
爵,859,1573,17,S,baron,baron,baron,シャク,,joyo,K0859,859,2,43,19,U7235,u7235.svg,,,draft,841–860,bamboo.png,,,,
節,1162,1574,13,4,node,node,node,セツ、（セチ）,ふし,joyo,K1162,1162,3,59,2,U7BC0,u7bc0.svg,,,draft,1161–1180,mountain.png,,,,
退,1300,1575,9,6,retreat,retreat,retreat,タイ,しりぞ-く、しりぞ-ける,joyo,K1300,1300,3,65,20,U9000,u9000.svg,,,draft,1281–1300,mountain.png,,,,
限,550,1576,9,5,limit,limit,limit,ゲン,かぎ-る,joyo,K0550,550,2,28,10,U9650,u9650.svg,,,draft,541–560,kujira.png,,,,
眼,297,1577,11,5,eyeball,eyeball,eyeball,ガン、（ゲン）,まなこ,joyo,K0297,297,1,15,17,U773C,u773c.svg,,,draft,281–300,koi.png,,,,
良,2062,1578,7,4,good,good,good,リョウ,よ-い,joyo,K2062,2062,5,104,2,U826F,u826f.svg,,,draft,2061–2080,castle.png,,,,
朗,2119,1579,10,6,melodious,melodious,melodious,ロウ,ほが-らか,joyo,K2119,2119,5,106,19,U6717,u6717.svg,,,draft,2101–2120,kujira.png,,,,
浪,2120,1580,10,S,wandering,wandering,wandering,ロウ,,joyo,K2120,2120,5,106,20,U6D6A,u6d6a.svg,,,draft,2101–2120,kujira.png,,,,
娘,1925,1581,10,S,daughter,daughter,daughter,,むすめ,joyo,K1925,1925,4,97,5,U5A18,u5a18.svg,,,draft,1921–1940,bamboo.png,,,,
食,1031,1582,9,2,eat,eat,eat,ショク、（ジキ）,く-う、く-らう、た-べる,joyo,K1031,1031,3,52,11,U98DF,u98df.svg,,,draft,1021–1040,kujira.png,,,,
飯,1672,1583,12,4,meal,meal,meal,ハン,めし,joyo,K1672,1672,4,84,12,U98EF,u98ef.svg,,,draft,1661–1680,tree.png,,,,
飲,55,1584,12,3,drink,drink,drink,イン,の-む,joyo,K0055,55,1,3,15,U98F2,u98f2.svg,,,draft,41–60,koi.png,,,,
飢,318,1585,10,S,hungry,hungry,hungry,キ,う-える,joyo,K0318,318,1,16,18,U98E2,u98e2.svg,,,draft,301–320,kujira.png,,,,
餓,171,1586,15,S,starve,starve,starve,ガ,,joyo,K0171,171,1,9,11,U9913,u9913.svg,,,draft,161–180,koi.png,,,,
飾,1034,1587,13,S,decorate,decorate,decorate,ショク,かざ-る,joyo,K1034,1034,3,52,14,U98FE,u98fe.svg,,,draft,1021–1040,kujira.png,,,,
餌,823,1588,15,S,bait,feed,bait,ジ,えさ、え,joyo,K0823,823,2,42,3,U990C,u990c.svg,,,draft,821–840,tree.png,,,,
館,285,1589,16,3,public_building,public_building,public_building,カン,やかた,joyo,K0285,285,1,15,5,U9928,u9928.svg,,,draft,281–300,koi.png,,,,
餅,1800,1590,15,S,mochi,mochi,mochi,ヘイ,もち,joyo,K1800,1800,4,90,20,U9905,u9905.svg,,,draft,1781–1800,tree.png,,,,
養,2009,1591,15,4,foster,foster,foster,ヨウ,やしな-う,joyo,K2009,2009,5,101,9,U990A,u990a.svg,,,draft,2001–2020,mountain.png,,,,
飽,1849,1592,13,S,sated,sated,sated,ホウ,あ-きる、あ-かす,joyo,K1849,1849,4,93,9,U98FD,u98fd.svg,,,draft,1841–1860,koi.png,,,,
既,315,1593,10,S,previously,previously,previously,キ,すで-に,joyo,K0315,315,1,16,15,U65E2,u65e2.svg,,,draft,301–320,kujira.png,,,,
概,206,1594,14,S,outline,outline,outline,ガイ,,joyo,K0206,206,1,11,6,U6982,u6982.svg,,,draft,201–220,mountain.png,,,,
慨,203,1595,13,S,rue,rue,rue,ガイ,,joyo,K0203,203,1,11,3,U6168,u6168.svg,,,draft,201–220,mountain.png,,,,
平,1789,1596,5,3,flat,even,flat,ヘイ、ビョウ,たい-ら、ひら,joyo,K1789,1789,4,90,9,U5E73,u5e73.svg,,,draft,1781–1800,tree.png,,,,
呼,560,1597,8,6,call,call,call,コ,よ-ぶ,joyo,K0560,560,2,28,20,U547C,u547c.svg,,,draft,541–560,kujira.png,,,,
坪,1434,1598,8,S,twomat,two-mat area,twomat_area,,つぼ,joyo,K1434,1434,3,72,14,U576A,u576a.svg,,,draft,1421–1440,tree.png,,,,
評,1721,1599,12,5,evaluate,evaluate,evaluate,ヒョウ,,joyo,K1721,1721,4,87,1,U8A55,u8a55.svg,,,draft,1721–1740,koi.png,,,,
刈,246,1600,4,S,reap,reap,reap,,か-る,joyo,K0246,246,1,13,6,U5208,u5208.svg,,,draft,241–260,bamboo.png,,,,
刹,736,1601,8,S,temple,moment,temple,サツ、セツ,,joyo,K0736,736,2,37,16,U5239,u5239.svg,,,draft,721–740,bamboo.png,,,,
希,307,1602,7,4,hope,hope,hope,キ,,joyo,K0307,307,1,16,7,U5E0C,u5e0c.svg,,,draft,301–320,kujira.png,,,,
凶,394,1603,4,S,villain,villain,villain,キョウ,,joyo,K0394,394,1,20,14,U51F6,u51f6.svg,,,draft,381–400,castle.png,,,,
胸,408,1604,10,6,bosom,bosom,bosom,キョウ,むね、（むな）,joyo,K0408,408,1,21,8,U80F8,u80f8.svg,,,draft,401–420,koi.png,,,,
離,2043,1605,18,S,detach,detach,detach,リ,はな-れる、はな-す,joyo,K2043,2043,5,103,3,U96E2,u96e2.svg,,,draft,2041–2060,bamboo.png,,,,
璃,2042,1606,14,S,glassy,crystal,glassy,リ,,joyo,K2042,2042,5,103,2,U7483,u7483.svg,,,draft,2041–2060,bamboo.png,,,,
殺,738,1607,10,5,kill,kill,kill,サツ、（サイ）、（セツ）,ころ-す,joyo,K0738,738,2,37,18,U6BBA,u6bba.svg,,,draft,721–740,bamboo.png,,,,
爽,1235,1608,11,S,bracing,bracing,bracing,ソウ,さわ-やか,joyo,K1235,1235,3,62,15,U723D,u723d.svg,,,draft,1221–1240,castle.png,,,,
純,937,1609,10,6,genuine,genuine,genuine,ジュン,,joyo,K0937,937,2,47,17,U7D14,u7d14.svg,,,draft,921–940,mountain.png,,,,
頓,1563,1610,13,S,immediate,immediate,immediate,トン,,joyo,K1563,1563,4,79,3,U9813,u9813.svg,,,draft,1561–1580,bamboo.png,,,,
鈍,1565,1611,12,S,dull,dull,dull,ドン,にぶ-い、にぶ-る,joyo,K1565,1565,4,79,5,U920D,u920d.svg,,,draft,1561–1580,bamboo.png,,,,
辛,1047,1612,7,S,spicy,spicy,spicy,シン,から-い,joyo,K1047,1047,3,53,7,U8F9B,u8f9b.svg,,,draft,1041–1060,mountain.png,,,,
辞,821,1613,13,4,resign,resign,resign,ジ,や-める,joyo,K0821,821,2,42,1,U8F9E,u8f9e.svg,,,draft,821–840,tree.png,,,,
梓,,1614,11,H,catalpa_tree,catalpa_tree,catalpa_tree,ㇱ,あずき,,heisig_extra,K2186,2186,5,110,6,U6893,u6893.svg,,,draft,2181–2200,castle.png,,,
宰,699,1615,10,S,superintend,superintend,superintend,サイ,,joyo,K0699,699,2,35,19,U5BB0,u5bb0.svg,,,draft,681–700,mountain.png,,,,
壁,1802,1616,16,S,wall,wall,wall,ヘキ,かべ,joyo,K1802,1802,4,91,2,U58C1,u58c1.svg,,,draft,1801–1820,bamboo.png,,,,
璧,1803,1617,18,S,gem,gem,gem,ヘキ,,joyo,K1803,1803,4,91,3,U74A7,u74a7.svg,,,draft,1801–1820,bamboo.png,,,,
避,1702,1618,16,S,evade,evade,evade,ヒ,さ-ける,joyo,K1702,1702,4,86,2,U907F,u907f.svg,,,draft,1701–1720,castle.png,,,,
新,1065,1619,13,2,new,new,new,シン,あたら-しい、あら-た、にい,joyo,K1065,1065,3,54,5,U65B0,u65b0.svg,,,draft,1061–1080,tree.png,,,,
薪,1068,1620,16,S,firewood,firewood,firewood,シン,たきぎ,joyo,K1068,1068,3,54,8,U85AA,u85aa.svg,,,draft,1061–1080,tree.png,,,,
親,1069,1621,16,2,parent,parent,parent,シン,おや、した-しい、した-しむ,joyo,K1069,1069,3,54,9,U89AA,u89aa.svg,,,draft,1061–1080,tree.png,,,,
幸,610,1622,8,3,happiness,happiness,happiness,コウ,さいわ-い、さち、しあわ-せ,joyo,K0610,610,2,31,10,U5E78,u5e78.svg,,,draft,601–620,bamboo.png,,,,
執,834,1623,11,S,tenacious,tenacious,tenacious,シツ、シュウ,と-る,joyo,K0834,834,2,42,14,U57F7,u57f7.svg,,,draft,821–840,tree.png,,,,
摯,803,1624,15,S,clasp,clasp,clasp,シ,,joyo,K0803,803,2,41,3,U646F,u646f.svg,,,draft,801–820,mountain.png,,,,
報,1846,1625,12,5,report,report,report,ホウ,むく-いる,joyo,K1846,1846,4,93,6,U5831,u5831.svg,,,draft,1841–1860,koi.png,,,,
叫,396,1626,6,S,shout,shout,shout,キョウ,さけ-ぶ,joyo,K0396,396,1,20,16,U53EB,u53eb.svg,,,draft,381–400,castle.png,,,,
糾,374,1627,9,S,twist,twist,twist,キュウ,,joyo,K0374,374,1,19,14,U7CFE,u7cfe.svg,,,draft,361–380,bamboo.png,,,,
収,883,1628,4,6,income,income,income,シュウ,おさ-める、おさ-まる,joyo,K0883,883,2,45,3,U53CE,u53ce.svg,,,draft,881–900,koi.png,,,,
卑,1692,1629,9,S,lowly,lowly,lowly,ヒ,いや-しい、いや-しむ、いや-しめる,joyo,K1692,1692,4,85,12,U5351,u5351.svg,,,draft,1681–1700,bamboo.png,,,,
碑,1700,1630,14,S,tombstone,tombstone,tombstone,ヒ,,joyo,K1700,1700,4,85,20,U7891,u7891.svg,,,draft,1681–1700,bamboo.png,,,,
陸,2044,1631,11,4,land,land,land,リク,,joyo,K2044,2044,5,103,4,U9678,u9678.svg,,,draft,2041–2060,bamboo.png,,,,
睦,1879,1632,13,S,intimate,intimate,intimate,ボク,,joyo,K1879,1879,4,94,19,U7766,u7766.svg,,,draft,1861–1880,kujira.png,,,,
勢,1127,1633,13,5,forces,forces,forces,セイ,いきお-い,joyo,K1127,1127,3,57,7,U52E2,u52e2.svg,,,draft,1121–1140,koi.png,,,,
熱,1592,1634,15,4,heat,heat,heat,ネツ,あつ-い,joyo,K1592,1592,4,80,12,U71B1,u71b1.svg,,,draft,1581–1600,castle.png,,,,
菱,,1635,11,H,diamond,diamond,diamond,リョウ,ひし,,heisig_extra,K2187,2187,5,110,7,U83F1,u83f1.svg,,,draft,2181–2200,castle.png,,,
陵,2066,1636,11,S,mausoleum,mausoleum,mausoleum,リョウ,みささぎ,joyo,K2066,2066,5,104,6,U9675,u9675.svg,,,draft,2061–2080,castle.png,,,,
亥,NA,1637,6,H,boar,boar,boar,ガイ,い,,heisig_extra,K2188,2188,5,110,8,U4EA5,u4ea5.svg,,,draft,2181–2200,castle.png,,,
核,215,1638,10,S,nucleus,nucleus,nucleus,カク,,joyo,K0215,215,1,11,15,U6838,u6838.svg,,,draft,201–220,mountain.png,,,,
刻,660,1639,8,6,engrave,engrave,engrave,コク,きざ-む,joyo,K0660,660,2,33,20,U523B,u523b.svg,,,draft,641–660,koi.png,,,,
該,205,1640,13,S,above_stated,above_stated,above_stated,ガイ,,joyo,K0205,205,1,11,5,U8A72,u8a72.svg,,,draft,201–220,mountain.png,,,,
骸,207,1641,16,S,remains,remains,remains,ガイ,,joyo,K0207,207,1,11,7,U9AB8,u9ab8.svg,,,draft,201–220,mountain.png,,,,
劾,198,1642,8,S,censure,censure,censure,ガイ,,joyo,K0198,198,1,10,18,U52BE,u52be.svg,,,draft,181–200,kujira.png,,,,
述,927,1643,8,5,mention,mention,mention,ジュツ,の-べる,joyo,K0927,927,2,47,7,U8FF0,u8ff0.svg,,,draft,921–940,mountain.png,,,,
術,928,1644,11,5,techinique,techiique,technique,ジュツ,,joyo,K0928,928,2,47,8,U8853,u8853.svg,,,draft,921–940,mountain.png,,,,
寒,263,1645,12,3,cold,cold,cold,カン,さむ-い,joyo,K0263,263,1,14,3,U5BD2,u5bd2.svg,,,draft,261–280,castle.png,,,,
塞,712,1646,13,S,obstruct,obstruct,obstruct,サイ、ソク,ふさ-ぐ、ふさ-がる,joyo,K0712,712,2,36,12,U585E,u585e.svg,,,draft,701–720,tree.png,,,,
醸,1028,1647,20,S,brew,brew,brew,ジョウ,かも-す,joyo,K1028,1028,3,52,8,U91B8,u91b8.svg,,,draft,1021–1040,kujira.png,,,,
譲,1027,1648,20,S,defer,defer,defer,ジョウ,ゆず-る,joyo,K1027,1027,3,52,7,U8B72,u8b72.svg,,,draft,1021–1040,kujira.png,,,,
壌,1024,1649,16,S,lot,lot,lot,ジョウ,,joyo,K1024,1024,3,52,4,U58CC,u58cc.svg,,,draft,1021–1040,kujira.png,,,,
嬢,1025,1650,16,S,lass,lass,lass,ジョウ,,joyo,K1025,1025,3,52,5,U5B22,u5b22.svg,,,draft,1021–1040,kujira.png,,,,
毒,1554,1651,8,5,poison,poison,poison,ドク,,joyo,K1554,1554,4,78,14,U6BD2,u6bd2.svg,,,draft,1541–1560,tree.png,,,,
素,1208,1652,10,5,elementary,elementary,elementary,ソ、ス,,joyo,K1208,1208,3,61,8,U7D20,u7d20.svg,,,draft,1201–1220,bamboo.png,,,,
麦,1639,1653,7,2,wheat,wheat,wheat,バク,むぎ,joyo,K1639,1639,4,82,19,U9EA6,u9ea6.svg,,,draft,1621–1640,kujira.png,,,,
青,1115,1654,8,1,blue,blue,blue,セイ、（ショウ）,あお、あお-い,joyo,K1115,1115,3,56,15,U9752,u9752.svg,,,draft,1101–1120,castle.png,,,,
精,1130,1655,14,5,refined,refined,refined,セイ、（ショウ）,,joyo,K1130,1130,3,57,10,U7CBE,u7cbe.svg,,,draft,1121–1140,koi.png,,,,
請,1134,1656,15,S,solicit,solicit,solicit,セイ、（シン）,こ-う、う-ける,joyo,K1134,1134,3,57,14,U8ACB,u8acb.svg,,,draft,1121–1140,koi.png,,,,
情,1019,1657,11,5,feelings,feelings,feelings,ジョウ、（セイ）,なさ-け,joyo,K1019,1019,3,51,19,U60C5,u60c5.svg,,,draft,1001–1020,koi.png,,,,
晴,1126,1658,12,2,clear_up,clear up,clear_up,セイ,は-れる、は-らす,joyo,K1126,1126,3,57,6,U6674,u6674.svg,,,draft,1121–1140,koi.png,,,,
清,1123,1659,11,4,pure,pure,pure,セイ、（ショウ）,きよ-い、きよ-まる、きよ-める,joyo,K1123,1123,3,57,3,U6E05,u6e05.svg,,,draft,1121–1140,koi.png,,,,
静,1133,1660,14,4,quiet,quiet,quiet,セイ、（ジョウ）,しず、しず-か、しず-まる、しず-める,joyo,K1133,1133,3,57,13,U9759,u9759.svg,,,draft,1121–1140,koi.png,,,,
責,1149,1661,11,5,blame,blame,blame,セキ,せ-める,joyo,K1149,1149,3,58,9,U8CAC,u8cac.svg,,,draft,1141–1160,kujira.png,,,,
績,1152,1662,17,5,exploits,exploits,exploits,セキ,,joyo,K1152,1152,3,58,12,U7E3E,u7e3e.svg,,,draft,1141–1160,kujira.png,,,,
積,1151,1663,16,4,accumulate,accumulate,accumulate,セキ,つ-む、つ-もる,joyo,K1151,1151,3,58,11,U7A4D,u7a4d.svg,,,draft,1141–1160,kujira.png,,,,
債,710,1664,13,S,bond,bond,bond,サイ,,joyo,K0710,710,2,36,10,U50B5,u50b5.svg,,,draft,701–720,tree.png,,,,
漬,1433,1665,14,S,pickling,pickling,pickling,,つ-ける、つ-かる,joyo,K1433,1433,3,72,13,U6F2C,u6f2c.svg,,,draft,1421–1440,tree.png,,,,
表,1718,1666,8,3,surface,surface,surface,ヒョウ,おもて、あらわ-す、あらわ-れる,joyo,K1718,1718,4,86,18,U8868,u8868.svg,,,draft,1701–1720,castle.png,,,,
俵,1719,1667,10,6,bag,bag,bag,ヒョウ,たわら,joyo,K1719,1719,4,86,19,U4FF5,u4ff5.svg,,,draft,1701–1720,castle.png,,,,
潔,512,1668,15,5,undefiled,undefiled,undefiled,ケツ,いさぎよ-い,joyo,K0512,512,2,26,12,U6F54,u6f54.svg,,,draft,501–520,castle.png,,,,
契,477,1669,9,S,pledge,pledge,pledge,ケイ,ちぎ-る,joyo,K0477,477,1,24,17,U5951,u5951.svg,,,draft,461–480,tree.png,,,,
喫,352,1670,12,S,consume,consume,consume,キツ,,joyo,K0352,352,1,18,12,U55AB,u55ab.svg,,,draft,341–360,tree.png,,,,
害,199,1671,10,4,harm,harm,harm,ガイ,,joyo,K0199,199,1,10,19,U5BB3,u5bb3.svg,,,draft,181–200,kujira.png,,,,
轄,241,1672,17,S,control,control,control,カツ,,joyo,K0241,241,1,13,1,U8F44,u8f44.svg,,,draft,241–260,bamboo.png,,,,
割,237,1673,12,6,proportion,proportion,proportion,カツ,わ-る、わり、わ-れる、さ-く,joyo,K0237,237,1,12,17,U5272,u5272.svg,,,draft,221–240,tree.png,,,,
憲,537,1674,16,6,constitution,constitution,constitution,ケン,,joyo,K0537,537,2,27,17,U61B2,u61b2.svg,,,draft,521–540,koi.png,,,,
生,1107,1675,5,1,life,life,life,セイ、ショウ,い-きる、い-かす、い-ける、う-まれる、う-む、お-う、は-える、は-やす、き、なま,joyo,K1107,1107,3,56,7,U751F,u751f.svg,,,draft,1101–1120,castle.png,,,,
星,1118,1676,9,2,star,star,star,セイ、（ショウ）,ほし,joyo,K1118,1118,3,56,18,U661F,u661f.svg,,,draft,1101–1120,castle.png,,,,
醒,1136,1677,16,S,awakening,awakening,awakening,セイ,,joyo,K1136,1136,3,57,16,U9192,u9192.svg,,,draft,1121–1140,koi.png,,,,
姓,1112,1678,8,S,surname,surname,surname,セイ、ショウ,,joyo,K1112,1112,3,56,12,U59D3,u59d3.svg,,,draft,1101–1120,castle.png,,,,
性,1114,1679,8,5,gender,gender,gender,セイ、ショウ,,joyo,K1114,1114,3,56,14,U6027,u6027.svg,,,draft,1101–1120,castle.png,,,,
牲,1119,1680,9,S,animal_sacrifice,animal_sacrifice,animal_sacrifice,セイ,,joyo,K1119,1119,3,56,19,U7272,u7272.svg,,,draft,1101–1120,castle.png,,,,
産,750,1681,11,4,produce,produce,produce,サン,う-む、う-まれる、うぶ,joyo,K0750,750,2,38,10,U7523,u7523.svg,,,draft,741–760,castle.png,,,,
隆,2054,1682,11,S,hump,hump,hump,リュウ,,joyo,K2054,2054,5,103,14,U9686,u9686.svg,,,draft,2041–2060,bamboo.png,,,,
峰,1842,1683,10,S,summit,summit,summit,ホウ,みね,joyo,K1842,1842,4,93,2,U5CF0,u5cf0.svg,,,draft,1841–1860,koi.png,,,,
蜂,1847,1684,13,S,bee,bee,bee,ホウ,はち,joyo,K1847,1847,4,93,7,U8702,u8702.svg,,,draft,1841–1860,koi.png,,,,
縫,1851,1685,16,S,sew,sew,sew,ホウ,ぬ-う,joyo,K1851,1851,4,93,11,U7E2B,u7e2b.svg,,,draft,1841–1860,koi.png,,,,
拝,1612,1686,8,6,worship,worship,worship,ハイ,おが-む,joyo,K1612,1612,4,81,12,U62DD,u62dd.svg,,,draft,1601–1620,koi.png,,,,
寿,876,1687,7,S,longevity,longevity,longevity,ジュ,ことぶき,joyo,K0876,876,2,44,16,U5BFF,u5bff.svg,,,draft,861–880,castle.png,,,,
鋳,1388,1688,15,S,casting,casting,casting,チュウ,い-る,joyo,K1388,1388,3,70,8,U92F3,u92f3.svg,,,draft,1381–1400,kujira.png,,,,
籍,1153,1689,20,S,enroll,enroll,enroll,セキ,,joyo,K1153,1153,3,58,13,U7C4D,u7c4d.svg,,,draft,1141–1160,kujira.png,,,,
春,930,1690,9,2,springtime,springtime,springtime,シュン,はる,joyo,K0930,930,2,47,10,U6625,u6625.svg,,,draft,921–940,mountain.png,,,,
椿,,1691,13,H,camellia_tree,camellia_tree,camellia_tree,,,,heisig_extra,K2189,2189,5,110,9,U693F,u693f.svg,,,draft,2181–2200,castle.png,,,
泰,1302,1692,10,S,peaceful,peaceful,peaceful,タイ,,joyo,K1302,1302,3,66,2,U6CF0,u6cf0.svg,,,draft,1301–1320,tree.png,,,,
奏,1222,1693,9,6,play_music,play_music,play_music,ソウ,かな-でる,joyo,K1222,1222,3,62,2,U594F,u594f.svg,,,draft,1221–1240,castle.png,,,,
実,839,1694,8,3,reality,reality,reality,ジツ,み、みの-る,joyo,K0839,839,2,42,19,U5B9F,u5b9f.svg,,,draft,821–840,tree.png,,,,
奉,1833,1695,8,S,dedicate,dedicate,dedicate,ホウ、（ブ）,たてまつ-る,joyo,K1833,1833,4,92,13,U5949,u5949.svg,,,draft,1821–1840,castle.png,,,,
俸,1840,1696,10,S,stipend,stipend,stipend,ホウ,,joyo,K1840,1840,4,92,20,U4FF8,u4ff8.svg,,,draft,1821–1840,castle.png,,,,
棒,1868,1697,12,6,rod,rod,rod,ボウ,,joyo,K1868,1868,4,94,8,U68D2,u68d2.svg,,,draft,1861–1880,kujira.png,,,,
謹,441,1698,17,S,discreet,discreet,discreet,キン,つつし-む,joyo,K0441,441,1,23,1,U8B39,u8b39.svg,,,draft,441–460,mountain.png,,,,
僅,437,1699,13,S,trifle,trifle,trifle,キン,わず-か,joyo,K0437,437,1,22,17,U50C5,u50c5.svg,,,draft,421–440,kujira.png,,,,
勤,434,1700,12,6,diligence,diligence,diligence,キン、（ゴン）,つと-める、つと-まる,joyo,K0434,434,1,22,14,U52E4,u52e4.svg,,,draft,421–440,kujira.png,,,,
漢,276,1701,13,3,china,china,china,カン,,joyo,K0276,276,1,14,16,U6F22,u6f22.svg,,,draft,261–280,castle.png,,,,
嘆,1342,1702,13,S,sigh,sigh,sigh,タン,なげ-く、なげ-かわしい,joyo,K1342,1342,3,68,2,U5606,u5606.svg,,,draft,1341–1360,castle.png,,,,
難,1576,1703,18,6,difficult,difficult,difficult,ナン,かた-い、むずか-しい,joyo,K1576,1576,4,79,16,U96E3,u96e3.svg,,,draft,1561–1580,bamboo.png,,,,
華,149,1704,10,S,splendor,splendor,splendor,カ、（ケ）,はな,joyo,K0149,149,1,8,9,U83EF,u83ef.svg,,,draft,141–160,castle.png,,,,
垂,1083,1705,8,6,droop,droop,droop,スイ,た-れる、た-らす,joyo,K1083,1083,3,55,3,U5782,u5782.svg,,,draft,1081–1100,bamboo.png,,,,
唾,1289,1706,11,S,saliva,saliva,saliva,ダ,つば,joyo,K1289,1289,3,65,9,U553E,u553e.svg,,,draft,1281–1300,mountain.png,,,,
睡,1091,1707,13,S,drowsy,drowsy,drowsy,スイ,,joyo,K1091,1091,3,55,11,U7761,u7761.svg,,,draft,1081–1100,bamboo.png,,,,
錘,,1708,16,H,spindle,spindle,spindle,,,,heisig_extra,K2190,2190,5,110,10,U9318,u9318.svg,,,draft,2181–2200,castle.png,,,
乗,1014,1709,9,3,ride,ride,ride,ジョウ,の-る、の-せる,joyo,K1014,1014,3,51,14,U4E57,u4e57.svg,,,draft,1001–1020,koi.png,,,,
剰,1017,1710,11,S,surplus,surplus,surplus,ジョウ,,joyo,K1017,1017,3,51,17,U5270,u5270.svg,,,draft,1001–1020,koi.png,,,,
今,670,1711,4,2,now,now,now,コン、キン,いま,joyo,K0670,670,2,34,10,U4ECA,u4eca.svg,,,draft,661–680,kujira.png,,,,
含,293,1712,7,S,include,include,include,ガン,ふく-む、ふく-める,joyo,K0293,293,1,15,13,U542B,u542b.svg,,,draft,281–300,koi.png,,,,
貪,1564,1713,11,S,covet,covet,covet,ドン,むさぼ-る,joyo,K1564,1564,4,79,4,U8CAA,u8caa.svg,,,draft,1561–1580,bamboo.png,,,,
吟,443,1714,7,S,versify,versify,versify,ギン,,joyo,K0443,443,1,23,3,U541F,u541f.svg,,,draft,441–460,mountain.png,,,,
念,1594,1715,8,4,thought,wish,thought,ネン,,joyo,K1594,1594,4,80,14,U5FF5,u5ff5.svg,,,draft,1581–1600,castle.png,,,,
捻,1595,1716,11,S,wrench,wrench,wrench,ネン,,joyo,K1595,1595,4,80,15,U637B,u637b.svg,,,draft,1581–1600,castle.png,,,,
琴,435,1717,12,S,harp,harp,harp,キン,こと,joyo,K0435,435,1,22,15,U7434,u7434.svg,,,draft,421–440,kujira.png,,,,
陰,54,1718,11,S,shade,shade,shade,イン,かげ、かげ-る,joyo,K0054,54,1,3,14,U9670,u9670.svg,,,draft,41–60,koi.png,,,,
予,1987,1719,4,3,beforehand,beforehand,in_advance,ヨ,,joyo,K1987,1987,4,100,7,U4E88,u4e88.svg,,,draft,1981–2000,kujira.png,,,,
序,955,1720,7,5,preface,preface,preface,ジョ,,joyo,K0955,955,2,48,15,U5E8F,u5e8f.svg,,,draft,941–960,tree.png,,,,
預,1990,1721,13,6,deposit,deposit,deposit,ヨ,あず-ける、あず-かる,joyo,K1990,1990,4,100,10,U9810,u9810.svg,,,draft,1981–2000,kujira.png,,,,
野,1954,1722,11,2,plains,plains,plains,ヤ,の,joyo,K1954,1954,4,98,14,U91CE,u91ce.svg,,,draft,1941–1960,castle.png,,,,
兼,523,1723,10,S,concurrently,concurrently,concurrently,ケン,か-ねる,joyo,K0523,523,2,27,3,U517C,u517c.svg,,,draft,521–540,koi.png,,,,
嫌,532,1724,13,S,dislike,dislike,dislike,ケン、（ゲン）,きら-う、いや,joyo,K0532,532,2,27,12,U5ACC,u5acc.svg,,,draft,521–540,koi.png,,,,
鎌,245,1725,18,S,sickle,sickle,sickle,,かま,joyo,K0245,245,1,13,5,U938C,u938c.svg,,,draft,241–260,bamboo.png,,,,
謙,539,1726,17,S,selfeffacing,self-effacing,selfeffacing,ケン,,joyo,K0539,539,2,27,19,U8B19,u8b19.svg,,,draft,521–540,koi.png,,,,
廉,2107,1727,13,S,bargain,bargain,bargain,レン,,joyo,K2107,2107,5,106,7,U5EC9,u5ec9.svg,,,draft,2101–2120,kujira.png,,,,
西,1109,1728,6,2,west,west,west,セイ、サイ,にし,joyo,K1109,1109,3,56,9,U897F,u897f.svg,,,draft,1101–1120,castle.png,,,,
価,140,1729,8,5,value,value,value,カ,あたい,joyo,K0140,140,1,7,20,U4FA1,u4fa1.svg,,,draft,121–140,bamboo.png,,,,
要,1996,1730,9,4,need,need,need,ヨウ,かなめ、い-る,joyo,K1996,1996,4,100,16,U8981,u8981.svg,,,draft,1981–2000,kujira.png,,,,
腰,2004,1731,13,S,loins,loins,loins,ヨウ,こし,joyo,K2004,2004,5,101,4,U8170,u8170.svg,,,draft,2001–2020,mountain.png,,,,
票,1720,1732,11,4,ballot,ballot,ballot,ヒョウ,,joyo,K1720,1720,4,86,20,U7968,u7968.svg,,,draft,1701–1720,castle.png,,,,
漂,1722,1733,14,S,drift,drift,drift,ヒョウ,ただよ-う,joyo,K1722,1722,4,87,2,U6F02,u6f02.svg,,,draft,1721–1740,koi.png,,,,
標,1723,1734,15,4,signpost,signpost,signpost,ヒョウ,,joyo,K1723,1723,4,87,3,U6A19,u6a19.svg,,,draft,1721–1740,koi.png,,,,
栗,,1735,10,H,chestnut,chestnut,chestnut,,,,heisig_extra,K2191,2191,5,110,11,U6817,u6817.svg,,,draft,2181–2200,castle.png,,,
慄,2047,1736,13,S,shudder,shudder,shudder,リツ,,joyo,K2047,2047,5,103,7,U6144,u6144.svg,,,draft,2041–2060,bamboo.png,,,,
遷,1191,1737,15,S,transition,transition,transition,セン,,joyo,K1191,1191,3,60,11,U9077,u9077.svg,,,draft,1181–1200,tree.png,,,,
覆,1773,1738,18,S,capsize,capsize,capsize,フク,おお-う、くつがえ-す、くつがえ-る,joyo,K1773,1773,4,89,13,U8986,u8986.svg,,,draft,1761–1780,mountain.png,,,,
煙,96,1739,13,S,smoke,smoke,smoke,エン,けむ-る、けむり、けむ-い,joyo,K0096,96,1,5,16,U7159,u7159.svg,,,draft,81–100,mountain.png,,,,
南,1574,1740,9,2,south,south,south,ナン、（ナ）,みなみ,joyo,K1574,1574,4,79,14,U5357,u5357.svg,,,draft,1561–1580,bamboo.png,,,,
楠,,1741,13,H,camphor_tree,camphor tree,camphor tree,,,,heisig_extra,K2192,2192,5,110,12,U6960,u6960.svg,,,draft,2181–2200,castle.png,,,
献,533,1742,13,S,offering,offering,offering,ケン、（コン）,,joyo,K0533,533,2,27,13,U732E,u732e.svg,,,draft,521–540,koi.png,,,,
門,1949,1743,8,2,gates,gates,gates,モン,かど,joyo,K1949,1949,4,98,9,U9580,u9580.svg,,,draft,1941–1960,castle.png,,,,
問,1951,1744,11,3,question,question,question,モン,と-う、と-い、（とん）,joyo,K1951,1951,4,98,11,U554F,u554f.svg,,,draft,1941–1960,castle.png,,,,
閲,86,1745,15,S,review,review,review,エツ,,joyo,K0086,86,1,5,6,U95B2,u95b2.svg,,,draft,81–100,mountain.png,,,,
閥,1654,1746,14,S,clique,clique,clique,バツ,,joyo,K1654,1654,4,83,14,U95A5,u95a5.svg,,,draft,1641–1660,mountain.png,,,,
間,270,1747,12,2,interval,interval,interval,カン、ケン,あいだ、ま,joyo,K0270,270,1,14,10,U9593,u9593.svg,,,draft,261–280,castle.png,,,,
闇,1962,1748,17,S,darkness,pitch dark,darkness,,やみ,joyo,K1962,1962,4,99,2,U95C7,u95c7.svg,,,draft,1961–1980,koi.png,,,,
簡,287,1749,18,6,simplicity,simplicity,simplicity,カン,,joyo,K0287,287,1,15,7,U7C21,u7c21.svg,,,draft,281–300,koi.png,,,,
開,187,1750,12,3,open,open,open,カイ,ひら-く、ひら-ける、あ-く、あ-ける,joyo,K0187,187,1,10,7,U958B,u958b.svg,,,draft,181–200,kujira.png,,,,
閉,1795,1751,11,6,closed,closed,closed,ヘイ,と-じる、と-ざす、し-める、し-まる,joyo,K1795,1795,4,90,15,U9589,u9589.svg,,,draft,1781–1800,tree.png,,,,
閣,221,1752,14,6,tower,tower,tower,カク,,joyo,K0221,221,1,12,1,U95A3,u95a3.svg,,,draft,221–240,tree.png,,,,
閑,271,1753,12,S,leisure,leisure,leisure,カン,,joyo,K0271,271,1,14,11,U9591,u9591.svg,,,draft,261–280,castle.png,,,,
聞,1787,1754,14,2,hear,hear,hear,ブン、モン,き-く、き-こえる,joyo,K1787,1787,4,90,7,U805E,u805e.svg,,,draft,1781–1800,tree.png,,,,
潤,941,1755,15,S,wet,wet,wet,ジュン,うるお-う、うるお-す、うる-む,joyo,K0941,941,2,48,1,U6F64,u6f64.svg,,,draft,941–960,tree.png,,,,
欄,2034,1756,20,S,column,column,column,ラン,,joyo,K2034,2034,5,102,14,U6B04,u6b04.svg,,,draft,2021–2040,tree.png,,,,
闘,1534,1757,18,S,fight,fight,fight,トウ,たたか-う,joyo,K1534,1534,4,77,14,U95D8,u95d8.svg,,,draft,1521–1540,mountain.png,,,,
倉,1227,1758,10,4,warehouse,warehouse,warehouse,ソウ,くら,joyo,K1227,1227,3,62,7,U5009,u5009.svg,,,draft,1221–1240,castle.png,,,,
創,1237,1759,12,6,genesis,genesis,genesis,ソウ,つく-る,joyo,K1237,1237,3,62,17,U5275,u5275.svg,,,draft,1221–1240,castle.png,,,,
非,1691,1760,8,5,non,negative,negative,ヒ,,joyo,K1691,1691,4,85,11,U975E,u975e.svg,,,draft,1681–1700,bamboo.png,,,,
俳,1616,1761,10,6,haiku,haiku,haiku,ハイ,,joyo,K1616,1616,4,81,16,U4FF3,u4ff3.svg,,,draft,1601–1620,koi.png,,,,
排,1618,1762,11,S,repudiate,repudiate,repudiate,ハイ,,joyo,K1618,1618,4,81,18,U6392,u6392.svg,,,draft,1601–1620,koi.png,,,,
悲,1697,1763,12,3,sad,sad,sad,ヒ,かな-しい、かな-しむ,joyo,K1697,1697,4,85,17,U60B2,u60b2.svg,,,draft,1681–1700,bamboo.png,,,,
罪,721,1764,13,5,guilt,guilt,guilt,ザイ,つみ,joyo,K0721,721,2,37,1,U7F6A,u7f6a.svg,,,draft,721–740,bamboo.png,,,,
輩,1621,1765,15,S,comrade,comrade,comrade,ハイ,,joyo,K1621,1621,4,82,1,U8F29,u8f29.svg,,,draft,1621–1640,kujira.png,,,,
扉,1698,1766,12,S,front,front door,front_door,ヒ,とびら,joyo,K1698,1698,4,85,18,U6249,u6249.svg,,,draft,1681–1700,bamboo.png,,,,
侯,613,1767,9,S,marquis,marquis,marquis,コウ,,joyo,K0613,613,2,31,13,U4FAF,u4faf.svg,,,draft,601–620,bamboo.png,,,,
喉,633,1768,12,S,throat,throat,throat,コウ,のど,joyo,K0633,633,2,32,13,U5589,u5589.svg,,,draft,621–640,castle.png,,,,
候,622,1769,10,4,climate,climate,climate,コウ,そうろう,joyo,K0622,622,2,32,2,U5019,u5019.svg,,,draft,621–640,castle.png,,,,
決,509,1770,7,3,decide,decide,decide,ケツ,き-める、き-まる,joyo,K0509,509,2,26,9,U6C7A,u6c7a.svg,,,draft,501–520,castle.png,,,,
快,176,1771,7,5,cheerful,cheerful,cheerful,カイ,こころよ-い,joyo,K0176,176,1,9,16,U5FEB,u5feb.svg,,,draft,161–180,koi.png,,,,
偉,30,1772,12,S,admirable,admirable,admirable,イ,えら-い,joyo,K0030,30,1,2,10,U5049,u5049.svg,,,draft,21–40,castle.png,,,,
違,34,1773,13,S,differ,difference,differ,イ,ちが-う、ちが-える,joyo,K0034,34,1,2,14,U9055,u9055.svg,,,draft,21–40,castle.png,,,,
緯,38,1774,16,S,horizontal,horizontal,horizontal,イ,,joyo,K0038,38,1,2,18,U7DEF,u7def.svg,,,draft,21–40,castle.png,,,,
衛,77,1775,16,5,defense,defense,defense,エイ,,joyo,K0077,77,1,4,17,U885B,u885b.svg,,,draft,61–80,kujira.png,,,,
韓,289,1776,18,S,korea,Korea,korea,カン,,joyo,K0289,289,1,15,9,U97D3,u97d3.svg,,,draft,281–300,koi.png,,,,
干,247,1777,3,6,dry,dry,dry,カン,ほ-す、ひ-る,joyo,K0247,247,1,13,7,U5E72,u5e72.svg,,,draft,241–260,bamboo.png,,,,
肝,253,1778,7,S,liver,liver,liver,カン,きも,joyo,K0253,253,1,13,13,U809D,u809d.svg,,,draft,241–260,bamboo.png,,,,
刊,248,1779,5,5,publish,publish,publish,カン,,joyo,K0248,248,1,13,8,U520A,u520a.svg,,,draft,241–260,bamboo.png,,,,
汗,250,1780,6,S,sweat,sweat,sweat,カン,あせ,joyo,K0250,250,1,13,10,U6C57,u6c57.svg,,,draft,241–260,bamboo.png,,,,
軒,526,1781,10,S,flats,flats,flats,ケン,のき,joyo,K0526,526,2,27,6,U8ED2,u8ed2.svg,,,draft,521–540,koi.png,,,,
岸,294,1782,8,3,beach,beach,beach,ガン,きし,joyo,K0294,294,1,15,14,U5CB8,u5cb8.svg,,,draft,281–300,koi.png,,,,
幹,274,1783,13,5,tree_trunk,tree_trunk,treetrunk,カン,みき,joyo,K0274,274,1,14,14,U5E79,u5e79.svg,,,draft,261–280,castle.png,,,,
芋,45,1784,6,S,potato,potato,potato,,いも,joyo,K0045,45,1,3,5,U828B,u828b.svg,,,draft,41–60,koi.png,,,,
宇,59,1785,6,6,eaves,eaves,eaves,ウ,,joyo,K0059,59,1,3,19,U5B87,u5b87.svg,,,draft,41–60,koi.png,,,,
余,1988,1786,7,5,too_much,too_much,too_much,ヨ,あま-る、あま-す,joyo,K1988,1988,4,100,8,U4F59,u4f59.svg,,,draft,1981–2000,kujira.png,,,,
除,958,1787,10,6,exclude,exclude,exclude,ジョ、（ジ）,のぞ-く,joyo,K0958,958,2,48,18,U9664,u9664.svg,,,draft,941–960,tree.png,,,,
徐,957,1788,10,S,gradually,gradually,gradually,ジョ,,joyo,K0957,957,2,48,17,U5F90,u5f90.svg,,,draft,941–960,tree.png,,,,
叙,956,1789,9,S,confer,confer,confer,ジョ,,joyo,K0956,956,2,48,16,U53D9,u53d9.svg,,,draft,941–960,tree.png,,,,
途,1488,1790,10,S,route,route,route,ト,,joyo,K1488,1488,3,75,8,U9014,u9014.svg,,,draft,1481–1500,koi.png,,,,
斜,849,1791,11,S,diagonal,diagonal,diagonal,シャ,なな-め,joyo,K0849,849,2,43,9,U659C,u659c.svg,,,draft,841–860,bamboo.png,,,,
塗,1491,1792,13,S,paint,paint,paint,ト,ぬ-る,joyo,K1491,1491,3,75,11,U5857,u5857.svg,,,draft,1481–1500,koi.png,,,,
束,1262,1793,7,4,bundle,bundle,bundle,ソク,たば,joyo,K1262,1262,3,64,2,U675F,u675f.svg,,,draft,1261–1280,kujira.png,,,,
頼,2024,1794,16,S,trust,trust,trust,ライ,たの-む、たの-もしい、たよ-る,joyo,K2024,2024,5,102,4,U983C,u983c.svg,,,draft,2021–2040,tree.png,,,,
瀬,1102,1795,19,S,rapids,rapids,rapids,,せ,joyo,K1102,1102,3,56,2,U702C,u702c.svg,,,draft,1101–1120,castle.png,,,,
勅,1419,1796,9,S,imperial_order,imperial_order,imperial_order,チョク,,joyo,K1419,1419,3,71,19,U52C5,u52c5.svg,,,draft,1401–1420,mountain.png,,,,
疎,1212,1797,12,S,alienate,alienate,alienate,ソ,うと-い、うと-む,joyo,K1212,1212,3,61,12,U758E,u758e.svg,,,draft,1201–1220,bamboo.png,,,,
辣,2028,1798,14,S,bitter,bitter,bitter,ラツ,,joyo,K2028,2028,5,102,8,U8FA3,u8fa3.svg,,,draft,2021–2040,tree.png,,,,
速,1268,1799,10,3,fast,quick,fast,ソク,はや-い、はや-める、はや-まる、すみ-やか,joyo,K1268,1268,3,64,8,U901F,u901f.svg,,,draft,1261–1280,kujira.png,,,,
整,1135,1800,16,3,organize,organize,organize,セイ,ととの-える、ととの-う,joyo,K1135,1135,3,57,15,U6574,u6574.svg,,,draft,1121–1140,koi.png,,,,
剣,524,1801,10,S,sabre,saber,sabre,ケン,つるぎ,joyo,K0524,524,2,27,4,U5263,u5263.svg,,,draft,521–540,koi.png,,,,
険,528,1802,11,5,precipitous,precipitous,precipitous,ケン,けわ-しい,joyo,K0528,528,2,27,8,U967A,u967a.svg,,,draft,521–540,koi.png,,,,
検,531,1803,12,5,examine,examination,examine,ケン,,joyo,K0531,531,2,27,11,U691C,u691c.svg,,,draft,521–540,koi.png,,,,
倹,522,1804,10,S,frugal,frugal,frugal,ケン,,joyo,K0522,522,2,27,2,U5039,u5039.svg,,,draft,521–540,koi.png,,,,
重,912,1805,9,3,heavy,heavy,heavy,ジュウ、チョウ,え、おも-い、かさ-ねる、かさ-なる,joyo,K0912,912,2,46,12,U91CD,u91cd.svg,,,draft,901–920,kujira.png,,,,
動,1539,1806,11,3,move,move,move,ドウ,うご-く、うご-かす,joyo,K1539,1539,4,77,19,U52D5,u52d5.svg,,,draft,1521–1540,mountain.png,,,,
腫,873,1807,13,S,tumor,tumor,tumor,シュ,は-れる、は-らす,joyo,K0873,873,2,44,13,U816B,u816b.svg,,,draft,861–880,castle.png,,,,
勲,464,1808,15,S,meritorious,meritorious deed,meritorious_deed,クン,,joyo,K0464,464,1,24,4,U52F2,u52f2.svg,,,draft,461–480,tree.png,,,,
働,1543,1809,13,4,work,work,work,ドウ,はたら-く,joyo,K1543,1543,4,78,3,U50CD,u50cd.svg,,,draft,1541–1560,tree.png,,,,
種,874,1810,14,4,kind,species,kind,シュ,たね,joyo,K0874,874,2,44,14,U7A2E,u7a2e.svg,,,draft,861–880,castle.png,,,,
衝,1004,1811,15,S,collide,collide,collide,ショウ,,joyo,K1004,1004,3,51,4,U885D,u885d.svg,,,draft,1001–1020,koi.png,,,,
薫,465,1812,16,S,fragrant,fragrant,fragrant,クン,かお-る,joyo,K0465,465,1,24,5,U85AB,u85ab.svg,,,draft,461–480,tree.png,,,,
病,1726,1813,10,3,sick,ill,sick,ビョウ、（ヘイ）,や-む、やまい,joyo,K1726,1726,4,87,6,U75C5,u75c5.svg,,,draft,1721–1740,koi.png,,,,
痴,1362,1814,13,S,stupid,stupid,stupid,チ,,joyo,K1362,1362,3,69,2,U75F4,u75f4.svg,,,draft,1361–1380,koi.png,,,,
痘,1522,1815,12,S,pox,pox,pox,トウ,,joyo,K1522,1522,4,77,2,U75D8,u75d8.svg,,,draft,1521–1540,mountain.png,,,,
症,977,1816,10,S,symptoms,symptoms,symptoms,ショウ,,joyo,K0977,977,2,49,17,U75C7,u75c7.svg,,,draft,961–980,bamboo.png,,,,
瘍,2006,1817,14,S,carbuncle,carbuncle,carbuncle,ヨウ,,joyo,K2006,2006,5,101,6,U760D,u760d.svg,,,draft,2001–2020,mountain.png,,,,
痩,1239,1818,12,S,get,lose weight,get_thin,ソウ,や-せる,joyo,K1239,1239,3,62,19,U75E9,u75e9.svg,,,draft,1221–1240,castle.png,,,,
疾,833,1819,10,S,rapidly,rapidly,rapidly,シツ,,joyo,K0833,833,2,42,13,U75BE,u75be.svg,,,draft,821–840,tree.png,,,,
嫉,836,1820,13,S,envy,envy,envy,シツ,,joyo,K0836,836,2,42,16,U5AC9,u5ac9.svg,,,draft,821–840,tree.png,,,,
痢,2039,1821,12,S,diarrhea,diarrhea,diarrhea,リ,,joyo,K2039,2039,5,102,19,U75E2,u75e2.svg,,,draft,2021–2040,tree.png,,,,
痕,677,1822,11,S,scar,scar,scar,コン,あと,joyo,K0677,677,2,34,17,U75D5,u75d5.svg,,,draft,661–680,kujira.png,,,,
疲,1694,1823,10,S,exhausted,tired,exhausted,ヒ,つか-れる,joyo,K1694,1694,4,85,14,U75B2,u75b2.svg,,,draft,1681–1700,bamboo.png,,,,
疫,79,1824,9,S,epidemic,epidemic,epidemic,エキ、（ヤク）,,joyo,K0079,79,1,4,19,U75AB,u75ab.svg,,,draft,61–80,kujira.png,,,,
痛,1431,1825,12,6,pain,pain,pain,ツウ,いた-い、いた-む、いた-める,joyo,K1431,1431,3,72,11,U75DB,u75db.svg,,,draft,1421–1440,tree.png,,,,
癖,1804,1826,18,S,mannerism,mannerism,mannerism,ヘキ,くせ,joyo,K1804,1804,4,91,4,U7656,u7656.svg,,,draft,1801–1820,bamboo.png,,,,
匿,1548,1827,10,S,hide,hide,hide,トク,,joyo,K1548,1548,4,78,8,U533F,u533f.svg,,,draft,1541–1560,tree.png,,,,
匠,963,1828,6,S,artisan,artisan,artisan,ショウ,,joyo,K0963,963,2,49,3,U5320,u5320.svg,,,draft,961–980,bamboo.png,,,,
医,19,1829,7,3,doctor,doctor,doctor,イ,,joyo,K0019,19,1,1,19,U533B,u533b.svg,,,draft,1–20,bamboo.png,,,,
匹,1711,1830,4,S,equal,equal,equal,ヒツ,ひき,joyo,K1711,1711,4,86,11,U5339,u5339.svg,,,draft,1701–1720,castle.png,,,,
区,445,1831,4,3,ward,ward,ward,ク,,joyo,K0445,445,1,23,5,U533A,u533a.svg,,,draft,441–460,mountain.png,,,,
枢,1095,1832,8,S,hinge,hinge,hinge,スウ,,joyo,K1095,1095,3,55,15,U67A2,u67a2.svg,,,draft,1081–1100,bamboo.png,,,,
殴,113,1833,8,S,assault,assault,assault,オウ,なぐ-る,joyo,K0113,113,1,6,13,U6BB4,u6bb4.svg,,,draft,101–120,tree.png,,,,
欧,112,1834,8,S,europe,Europe,europe,オウ,,joyo,K0112,112,1,6,12,U6B27,u6b27.svg,,,draft,101–120,tree.png,,,,
抑,2013,1835,7,S,repress,repress,repress,ヨク,おさ-える,joyo,K2013,2013,5,101,13,U6291,u6291.svg,,,draft,2001–2020,mountain.png,,,,
仰,420,1836,6,S,faceup,faceup,faceup,ギョウ、（コウ）,あお-ぐ、おお-せ,joyo,K0420,420,1,21,20,U4EF0,u4ef0.svg,,,draft,401–420,koi.png,,,,
迎,499,1837,7,S,welcome,welcome,welcome,ゲイ,むか-える,joyo,K0499,499,1,25,19,U8FCE,u8fce.svg,,,draft,481–500,bamboo.png,,,,
登,1523,1838,12,3,climb,ascend,climb,トウ、ト,のぼ-る,joyo,K1523,1523,4,77,3,U767B,u767b.svg,,,draft,1521–1540,mountain.png,,,,
澄,1414,1839,15,S,lucidity,lucidity,lucidity,チョウ,す-む、す-ます,joyo,K1414,1414,3,71,14,U6F84,u6f84.svg,,,draft,1401–1420,mountain.png,,,,
発,1649,1840,9,3,departure,discharge,departure,ハツ、ホツ,,joyo,K1649,1649,4,83,9,U767A,u767a.svg,,,draft,1641–1660,mountain.png,,,,
廃,1620,1841,12,S,abolish,abolish,abolish,ハイ,すた-れる、すた-る,joyo,K1620,1620,4,81,20,U5EC3,u5ec3.svg,,,draft,1601–1620,koi.png,,,,
僚,2068,1842,14,S,colleague,colleague,colleague,リョウ,,joyo,K2068,2068,5,104,8,U50DA,u50da.svg,,,draft,2061–2080,castle.png,,,,
瞭,2072,1843,17,S,obvious,obvious,obvious,リョウ,,joyo,K2072,2072,5,104,12,U77AD,u77ad.svg,,,draft,2061–2080,castle.png,,,,
寮,2070,1844,15,S,dormitory,dormitory,dormitory,リョウ,,joyo,K2070,2070,5,104,10,U5BEE,u5bee.svg,,,draft,2061–2080,castle.png,,,,
療,2071,1845,17,S,heal,heal,heal,リョウ,,joyo,K2071,2071,5,104,11,U7642,u7642.svg,,,draft,2061–2080,castle.png,,,,
彫,1401,1846,11,S,carve,carve,carve,チョウ,ほ-る,joyo,K1401,1401,3,71,1,U5F6B,u5f6b.svg,,,draft,1401–1420,mountain.png,,,,
形,471,1847,7,2,shape,shape,shape,ケイ、ギョウ,かた、かたち,joyo,K0471,471,1,24,11,U5F62,u5f62.svg,,,draft,461–480,tree.png,,,,
影,75,1848,15,S,shadow,shadow,shadow,エイ,かげ,joyo,K0075,75,1,4,15,U5F71,u5f71.svg,,,draft,61–80,kujira.png,,,,
杉,1099,1849,7,S,cedar,cedar,cedar,,すぎ,joyo,K1099,1099,3,55,19,U6749,u6749.svg,,,draft,1081–1100,bamboo.png,,,,
彩,701,1850,11,S,coloring,coloring,coloring,サイ,いろど-る,joyo,K0701,701,2,36,1,U5F69,u5f69.svg,,,draft,701–720,tree.png,,,,
彰,1001,1851,14,S,patent,patent,patent,ショウ,,joyo,K1001,1001,3,51,1,U5F70,u5f70.svg,,,draft,1001–1020,koi.png,,,,
彦,,1852,9,H,vase,lad,vase_stand_up_cliff_shape,,,,heisig_extra,K2193,2193,5,110,13,U5F66,u5f66.svg,,,draft,2181–2200,castle.png,,,
顔,299,1853,18,2,face,face,face,ガン,かお,joyo,K0299,299,1,15,19,U9854,u9854.svg,,,draft,281–300,koi.png,,,,
須,1079,1854,12,S,must,must,must,ス,,joyo,K1079,1079,3,54,19,U9808,u9808.svg,,,draft,1061–1080,tree.png,,,,
膨,1872,1855,16,S,swell,swell,swell,ボウ,ふく-らむ、ふく-れる,joyo,K1872,1872,4,94,12,U81A8,u81a8.svg,,,draft,1861–1880,kujira.png,,,,
参,746,1856,8,4,participate,visit,participate,サン,まい-る,joyo,K0746,746,2,38,6,U53C2,u53c2.svg,,,draft,741–760,castle.png,,,,
惨,749,1857,11,S,wretched,wretched,wretched,サン、ザン,みじ-め,joyo,K0749,749,2,38,9,U60E8,u60e8.svg,,,draft,741–760,castle.png,,,,
修,893,1858,10,5,discipline,discipline,discipline,シュウ、（シュ）,おさ-める、おさ-まる,joyo,K0893,893,2,45,13,U4FEE,u4fee.svg,,,draft,881–900,koi.png,,,,
珍,1422,1859,9,S,rare,rare,rare,チン,めずら-しい,joyo,K1422,1422,3,72,2,U73CD,u73cd.svg,,,draft,1421–1440,tree.png,,,,
診,1062,1860,12,S,checkup,checkup,checkup,シン,み-る,joyo,K1062,1062,3,54,2,U8A3A,u8a3a.svg,,,draft,1061–1080,tree.png,,,,
文,1786,1861,4,1,sentence,sentence,sentence,ブン、モン,ふみ,joyo,K1786,1786,4,90,6,U6587,u6587.svg,,,draft,1781–1800,tree.png,,,,
対,1294,1862,7,3,opposite,vis-a-vis,opposite,タイ、ツイ,,joyo,K1294,1294,3,65,14,U5BFE,u5bfe.svg,,,draft,1281–1300,mountain.png,,,,
紋,1950,1863,10,S,family,family crest,family_crest,モン,,joyo,K1950,1950,4,98,10,U7D0B,u7d0b.svg,,,draft,1941–1960,castle.png,,,,
蚊,163,1864,10,S,mosquito,mosquito,mosquito,,か,joyo,K0163,163,1,9,3,U868A,u868a.svg,,,draft,161–180,koi.png,,,,
斑,1671,1865,12,S,blemish,speckled,blemish,ハン,,joyo,K1671,1671,4,84,11,U6591,u6591.svg,,,draft,1661–1680,tree.png,,,,
斉,1116,1866,8,S,adjusted,adjusted,adjusted,セイ,,joyo,K1116,1116,3,56,16,U6589,u6589.svg,,,draft,1101–1120,castle.png,,,,
剤,719,1867,10,S,dose,dose,dose,ザイ,,joyo,K0719,719,2,36,19,U5264,u5264.svg,,,draft,701–720,tree.png,,,,
済,703,1868,11,6,settle,finish,settle,サイ,す-む、す-ます,joyo,K0703,703,2,36,3,U6E08,u6e08.svg,,,draft,701–720,tree.png,,,,
斎,705,1869,11,S,purification,purification,purification,サイ,,joyo,K0705,705,2,36,5,U658E,u658e.svg,,,draft,701–720,tree.png,,,,
粛,922,1870,11,S,solemn,solemn,solemn,シュク,,joyo,K0922,922,2,47,2,U7C9B,u7c9b.svg,,,draft,921–940,mountain.png,,,,
塁,2085,1871,12,S,bases,bases,bases,ルイ,,joyo,K2085,2085,5,105,5,U5841,u5841.svg,,,draft,2081–2100,koi.png,,,,
楽,228,1872,13,2,pmusic,music,music,ガク、ラク,たの-しい、たの-しむ,joyo,K0228,228,1,12,8,U697D,u697d.svg,,,draft,221–240,tree.png,,,,
薬,1960,1873,16,3,medicine,medicine,medicine,ヤク,くすり,joyo,K1960,1960,4,98,20,U85AC,u85ac.svg,,,draft,1941–1960,castle.png,,,,
率,1277,1874,11,5,rate,ratio,rate,ソツ、リツ,ひき-いる,joyo,K1277,1277,3,64,17,U7387,u7387.svg,,,draft,1261–1280,kujira.png,,,,
渋,914,1875,11,S,astringent,astringent,astringent,ジュウ,しぶ、しぶ-い、しぶ-る,joyo,K0914,914,2,46,14,U6E0B,u6e0b.svg,,,draft,901–920,kujira.png,,,,
摂,1161,1876,13,S,vicarious,vicarious,vicarious,セツ,,joyo,K1161,1161,3,59,1,U6442,u6442.svg,,,draft,1161–1180,mountain.png,,,,
央,107,1877,5,3,center,center,center,オウ,,joyo,K0107,107,1,6,7,U592E,u592e.svg,,,draft,101–120,tree.png,,,,
英,70,1878,8,4,england,England,england,エイ,,joyo,K0070,70,1,4,10,U82F1,u82f1.svg,,,draft,61–80,kujira.png,,,,
映,71,1879,9,6,reflect,reflect,reflect,エイ,うつ-る、うつ-す、は-える,joyo,K0071,71,1,4,11,U6620,u6620.svg,,,draft,61–80,kujira.png,,,,
赤,1141,1880,7,1,red,red,red,セキ、（シャク）,あか、あか-い、あか-らむ、あか-らめる,joyo,K1141,1141,3,58,1,U8D64,u8d64.svg,,,draft,1141–1160,kujira.png,,,,
赦,848,1881,11,S,pardon,pardon,pardon,シャ,,joyo,K0848,848,2,43,8,U8D66,u8d66.svg,,,draft,841–860,bamboo.png,,,,
変,1810,1882,9,4,unusual,unusual,unusual,ヘン,か-わる、か-える,joyo,K1810,1810,4,91,10,U5909,u5909.svg,,,draft,1801–1820,bamboo.png,,,,
跡,1150,1883,13,S,tracks,tracks,tracks,セキ,あと,joyo,K1150,1150,3,58,10,U8DE1,u8de1.svg,,,draft,1141–1160,kujira.png,,,,
蛮,1681,1884,12,S,barbarian,barbarian,barbarian,バン,,joyo,K1681,1681,4,85,1,U86EE,u86ee.svg,,,draft,1681–1700,bamboo.png,,,,
恋,2105,1885,10,S,romance,romance,romance,レン,こ-う、こい、こい-しい,joyo,K2105,2105,5,106,5,U604B,u604b.svg,,,draft,2101–2120,kujira.png,,,,
湾,2135,1886,12,S,gulf,gulf,gulf,ワン,,joyo,K2135,2135,5,107,15,U6E7E,u6e7e.svg,,,draft,2121–2140,mountain.png,,,,
黄,632,1887,11,2,yellow,yellow,yellow,コウ、オウ,き、（こ）,joyo,K0632,632,2,32,12,U9EC4,u9ec4.svg,,,draft,621–640,castle.png,,,,
横,117,1888,15,3,sideways,sideways,sideways,オウ,よこ,joyo,K0117,117,1,6,17,U6A2A,u6a2a.svg,,,draft,101–120,tree.png,,,,
把,1604,1889,7,S,grasp,grasp,grasp,ハ,,joyo,K1604,1604,4,81,4,U628A,u628a.svg,,,draft,1601–1620,koi.png,,,,
色,1029,1890,6,2,color,color,color,ショク、シキ,いろ,joyo,K1029,1029,3,52,9,U8272,u8272.svg,,,draft,1021–1040,kujira.png,,,,
絶,1165,1891,12,5,discontinue,discontinue,discontinue,ゼツ,た-える、た-やす、た-つ,joyo,K1165,1165,3,59,5,U7D76,u7d76.svg,,,draft,1161–1180,mountain.png,,,,
艶,103,1892,19,S,glossy,glossy,glossy,エン,つや,joyo,K0103,103,1,6,3,U8276,u8276.svg,,,draft,101–120,tree.png,,,,
肥,1690,1893,8,5,fertilizer,fertilizer,fertilizer,ヒ,こ-える、こえ、こ-やす、こ-やし,joyo,K1690,1690,4,85,10,U80A5,u80a5.svg,,,draft,1681–1700,bamboo.png,,,,
甘,249,1894,5,S,sweet,sweet,sweet,カン,あま-い、あま-える、あま-やかす,joyo,K0249,249,1,13,9,U7518,u7518.svg,,,draft,241–260,bamboo.png,,,,
紺,678,1895,11,S,dark_blue,navy_blue,navy_blue,コン,,joyo,K0678,678,2,34,18,U7D3A,u7d3a.svg,,,draft,661–680,kujira.png,,,,
某,1861,1896,9,S,soandso,so-and-so,soandso,ボウ,,joyo,K1861,1861,4,94,1,U67D0,u67d0.svg,,,draft,1861–1880,kujira.png,,,,
謀,1873,1897,16,S,conspire,conspire,conspire,ボウ、（ム）,はか-る,joyo,K1873,1873,4,94,13,U8B00,u8b00.svg,,,draft,1861–1880,kujira.png,,,,
媒,1627,1898,12,S,mediator,mediator,mediator,バイ,,joyo,K1627,1627,4,82,7,U5A92,u5a92.svg,,,draft,1621–1640,kujira.png,,,,
欺,342,1899,12,S,deceit,deceit,deceit,ギ,あざむ-く,joyo,K0342,342,1,18,2,U6B3A,u6b3a.svg,,,draft,341–360,tree.png,,,,
棋,329,1900,12,S,chess,chess piece,chess_piece,キ,,joyo,K0329,329,1,17,9,U68CB,u68cb.svg,,,draft,321–340,mountain.png,,,,
旗,333,1901,14,4,national,national flag,national_flag,キ,はた,joyo,K0333,333,1,17,13,U65D7,u65d7.svg,,,draft,321–340,mountain.png,,,,
期,328,1902,12,3,period,period,period_of_time,キ、（ゴ）,,joyo,K0328,328,1,17,8,U671F,u671f.svg,,,draft,321–340,mountain.png,,,,
碁,583,1903,13,S,go_game,go_game,go_game,ゴ,,joyo,K0583,583,2,30,3,U7881,u7881.svg,,,draft,581–600,tree.png,,,,
基,321,1904,11,5,foundation,fundamentals,foundation,キ,もと、もとい,joyo,K0321,321,1,17,1,U57FA,u57fa.svg,,,draft,321–340,mountain.png,,,,
甚,1075,1905,9,S,tremendously,tremendously,tremendously,ジン,はなは-だ、はなは-だしい,joyo,K1075,1075,3,54,15,U751A,u751a.svg,,,draft,1061–1080,tree.png,,,,
勘,260,1906,11,S,intuition,intuition,intuition,カン,,joyo,K0260,260,1,13,20,U52D8,u52d8.svg,,,draft,241–260,bamboo.png,,,,
堪,265,1907,12,S,withstand,withstand,withstand,カン,た-える,joyo,K0265,265,1,14,5,U582A,u582a.svg,,,draft,261–280,castle.png,,,,
貴,330,1908,12,6,precious,precious,precious,キ,たっと-い、とうと-い、たっと-ぶ、とうと-ぶ,joyo,K0330,330,1,17,10,U8CB4,u8cb4.svg,,,draft,321–340,mountain.png,,,,
遺,37,1909,15,6,bequeath,bequeath,bequeath,イ、（ユイ）,,joyo,K0037,37,1,2,17,U907A,u907a.svg,,,draft,21–40,castle.png,,,,
遣,535,1910,13,S,dispatch,dispatch,dispatch,ケン,つか-う、つか-わす,joyo,K0535,535,2,27,15,U9063,u9063.svg,,,draft,521–540,koi.png,,,,
潰,192,1911,15,S,defile,defile,defile,カイ,つぶ-す、つぶ-れる,joyo,K0192,192,1,10,12,U6F70,u6f70.svg,,,draft,181–200,kujira.png,,,,
舞,1762,1912,15,S,dance,dance,dance,ブ,ま-う、まい,joyo,K1762,1762,4,89,2,U821E,u821e.svg,,,draft,1761–1780,mountain.png,,,,
無,1922,1913,12,4,nothing,nothingness,nothing,ム、ブ,な-い,joyo,K1922,1922,4,97,2,U7121,u7121.svg,,,draft,1921–1940,bamboo.png,,,,
組,1211,1914,11,2,association,association,association,ソ,く-む、くみ,joyo,K1211,1211,3,61,11,U7D44,u7d44.svg,,,draft,1201–1220,bamboo.png,,,,
粗,1210,1915,11,S,coarse,coarse,coarse,ソ,あら-い,joyo,K1210,1210,3,61,10,U7C97,u7c97.svg,,,draft,1201–1220,bamboo.png,,,,
租,1207,1916,10,S,tariff,tariff,tariff,ソ,,joyo,K1207,1207,3,61,7,U79DF,u79df.svg,,,draft,1201–1220,bamboo.png,,,,
狙,1204,1917,8,S,aim,aim at,aim_at,ソ,ねら-う,joyo,K1204,1204,3,61,4,U72D9,u72d9.svg,,,draft,1201–1220,bamboo.png,,,,
祖,1206,1918,9,5,ancestor,ancestor,ancestor,ソ,,joyo,K1206,1206,3,61,6,U7956,u7956.svg,,,draft,1201–1220,bamboo.png,,,,
阻,1205,1919,8,S,thwart,thwart,thwart,ソ,はば-む,joyo,K1205,1205,3,61,5,U963B,u963b.svg,,,draft,1201–1220,bamboo.png,,,,
査,685,1920,9,5,investigate,investigate,investigate,サ,,joyo,K0685,685,2,35,5,U67FB,u67fb.svg,,,draft,681–700,mountain.png,,,,
助,954,1921,7,3,help,help,help,ジョ,たす-ける、たす-かる、すけ,joyo,K0954,954,2,48,14,U52A9,u52a9.svg,,,draft,941–960,tree.png,,,,
宜,340,1922,8,S,best,best regards,best_regards,ギ,,joyo,K0340,340,1,17,20,U5B9C,u5b9c.svg,,,draft,321–340,mountain.png,,,,
畳,1021,1923,12,S,tatami,tatami mat,tatami_mat,ジョウ,たた-む、たたみ,joyo,K1021,1021,3,52,1,U7573,u7573.svg,,,draft,1021–1040,kujira.png,,,,
並,1792,1924,8,6,lineup,row,lineup,ヘイ,なみ、なら-べる、なら-ぶ、なら-びに,joyo,K1792,1792,4,90,12,U4E26,u4e26.svg,,,draft,1781–1800,tree.png,,,,
普,1753,1925,12,S,universal,universal,universal,フ,,joyo,K1753,1753,4,88,13,U666E,u666e.svg,,,draft,1741–1760,kujira.png,,,,
譜,1758,1926,19,S,musical_score,musical_score,musical_score,フ,,joyo,K1758,1758,4,88,18,U8B5C,u8b5c.svg,,,draft,1741–1760,kujira.png,,,,
湿,835,1927,12,S,damp,damp,damp,シツ,しめ-る、しめ-す,joyo,K0835,835,2,42,15,U6E7F,u6e7f.svg,,,draft,821–840,tree.png,,,,
顕,542,1928,18,S,appear,appear,appear,ケン,,joyo,K0542,542,2,28,2,U9855,u9855.svg,,,draft,541–560,kujira.png,,,,
繊,1194,1929,17,S,slender,slender,slender,セン,,joyo,K1194,1194,3,60,14,U7E4A,u7e4a.svg,,,draft,1181–1200,tree.png,,,,
霊,2095,1930,15,S,spirits,spirits,spirits,レイ、リョウ,たま,joyo,K2095,2095,5,105,15,U970A,u970a.svg,,,draft,2081–2100,koi.png,,,,
業,422,1931,13,3,business,profession,business,ギョウ、ゴウ,わざ,joyo,K0422,422,1,22,2,U696D,u696d.svg,,,draft,421–440,kujira.png,,,,
撲,1882,1932,15,S,slap,slap,slap,ボク,,joyo,K1882,1882,4,95,2,U64B2,u64b2.svg,,,draft,1881–1900,mountain.png,,,,
僕,1880,1933,14,S,me_male,me_male,me_male,ボク,,joyo,K1880,1880,4,94,20,U50D5,u50d5.svg,,,draft,1861–1880,kujira.png,,,,
共,395,1934,6,4,together,together,together,キョウ,とも,joyo,K0395,395,1,20,15,U5171,u5171.svg,,,draft,381–400,castle.png,,,,
供,400,1935,8,6,offer,submit,offer,キョウ、（ク）,そな-える、とも,joyo,K0400,400,1,20,20,U4F9B,u4f9b.svg,,,draft,381–400,castle.png,,,,
異,27,1936,11,6,uncommon,uncommon,uncommon,イ,こと,joyo,K0027,27,1,2,7,U7570,u7570.svg,,,draft,21–40,castle.png,,,,
翼,2018,1937,17,S,wing,wing,wing,ヨク,つばさ,joyo,K2018,2018,5,101,18,U7FFC,u7ffc.svg,,,draft,2001–2020,mountain.png,,,,
戴,1311,1938,17,S,accept_humbly,accept humbly,accept_humbly,タイ,,joyo,K1311,1311,3,66,11,U6234,u6234.svg,,,draft,1301–1320,tree.png,,,,
洪,616,1939,9,S,deluge,deluge,deluge,コウ,,joyo,K0616,616,2,31,16,U6D2A,u6d2a.svg,,,draft,601–620,bamboo.png,,,,
港,635,1940,12,3,harbor,harbor,harbor,コウ,みなと,joyo,K0635,635,2,32,15,U6E2F,u6e2f.svg,,,draft,621–640,castle.png,,,,
暴,1871,1941,15,5,outburst,outburst,outburst,ボウ、（バク）,あば-く、あば-れる,joyo,K1871,1871,4,94,11,U66B4,u66b4.svg,,,draft,1861–1880,kujira.png,,,,
爆,1642,1942,19,S,explode,bomb,explode,バク,,joyo,K1642,1642,4,83,2,U7206,u7206.svg,,,draft,1641–1660,mountain.png,,,,
恭,407,1943,10,S,respect,respect,respect,キョウ,うやうや-しい,joyo,K0407,407,1,21,7,U606D,u606d.svg,,,draft,401–420,koi.png,,,,
選,1192,1944,15,4,elect,elect,elect,セン,えら-ぶ,joyo,K1192,1192,3,60,12,U9078,u9078.svg,,,draft,1181–1200,tree.png,,,,
殿,1482,1945,13,S,mr,Mr.,mr,デン、テン,との、どの,joyo,K1482,1482,3,75,2,U6BBF,u6bbf.svg,,,draft,1481–1500,koi.png,,,,
井,1104,1946,4,4,well,well,well,セイ、（ショウ）,い,joyo,K1104,1104,3,56,4,U4E95,u4e95.svg,,,draft,1101–1120,castle.png,,,,
丼,1567,1947,5,S,donburi,donburi,donburi,,どんぶり、（どん）,joyo,K1567,1567,4,79,7,U4E3C,u4e3c.svg,,,draft,1561–1580,bamboo.png,,,,
囲,18,1948,7,5,surround,surround,surround,イ,かこ-む、かこ-う,joyo,K0018,18,1,1,18,U56F2,u56f2.svg,,,draft,1–20,bamboo.png,,,,
耕,624,1949,10,5,till,till,till,コウ,たがや-す,joyo,K0624,624,2,32,4,U8015,u8015.svg,,,draft,621–640,castle.png,,,,
亜,1,1950,7,S,sub,Asia,sub,ア,,joyo,K0001,1,1,1,1,U4E9C,u4e9c.svg,,,draft,1–20,bamboo.png,,,,
悪,6,1951,11,3,bad,bad,bad,アク、オ,わる-い,joyo,K0006,6,1,1,6,U60AA,u60aa.svg,,,draft,1–20,bamboo.png,,,,
円,87,1952,4,1,round,circle,round,エン,まる-い,joyo,K0087,87,1,5,7,U5186,u5186.svg,,,draft,81–100,mountain.png,,,,
角,211,1953,7,2,angle,angle,angle,カク,かど、つの,joyo,K0211,211,1,11,11,U89D2,u89d2.svg,,,draft,201–220,mountain.png,,,,
触,1035,1954,13,S,contact,contact,contact,ショク,ふ-れる、さわ-る,joyo,K1035,1035,3,52,15,U89E6,u89e6.svg,,,draft,1021–1040,kujira.png,,,,
解,191,1955,13,5,untie,unravel,untie,カイ、ゲ,と-く、と-かす、と-ける,joyo,K0191,191,1,10,11,U89E3,u89e3.svg,,,draft,181–200,kujira.png,,,,
再,694,1956,6,5,again,again,again,サイ、（サ）,ふたた-び,joyo,K0694,694,2,35,14,U518D,u518d.svg,,,draft,681–700,mountain.png,,,,
講,648,1957,17,5,lecture,lecture,lecture,コウ,,joyo,K0648,648,2,33,8,U8B1B,u8b1b.svg,,,draft,641–660,koi.png,,,,
購,649,1958,17,S,subscription,subscription,subscription,コウ,,joyo,K0649,649,2,33,9,U8CFC,u8cfc.svg,,,draft,641–660,koi.png,,,,
構,641,1959,14,5,construct,posture,construct,コウ,かま-える、かま-う,joyo,K0641,641,2,33,1,U69CB,u69cb.svg,,,draft,641–660,koi.png,,,,
溝,639,1960,13,S,gutter,gutter,gutter,コウ,みぞ,joyo,K0639,639,2,32,19,U6E9D,u6e9d.svg,,,draft,621–640,castle.png,,,,
論,2128,1961,15,6,argument,argument,argument,ロン,,joyo,K2128,2128,5,107,8,U8AD6,u8ad6.svg,,,draft,2121–2140,mountain.png,,,,
倫,2078,1962,10,S,ethics,ethics,ethics,リン,,joyo,K2078,2078,5,104,18,U502B,u502b.svg,,,draft,2061–2080,castle.png,,,,
輪,2079,1963,15,4,wheel,wheel,wheel,リン,わ,joyo,K2079,2079,5,104,19,U8F2A,u8f2a.svg,,,draft,2061–2080,castle.png,,,,
偏,1811,1964,11,S,partial,partial,partial,ヘン,かたよ-る,joyo,K1811,1811,4,91,11,U504F,u504f.svg,,,draft,1801–1820,bamboo.png,,,,
遍,1812,1965,12,S,everywhere,everywhere,everywhere,ヘン,,joyo,K1812,1812,4,91,12,U904D,u904d.svg,,,draft,1801–1820,bamboo.png,,,,
編,1813,1966,15,5,compilation,compilation,compilation,ヘン,あ-む,joyo,K1813,1813,4,91,13,U7DE8,u7de8.svg,,,draft,1801–1820,bamboo.png,,,,
冊,733,1967,5,6,volume,volume,volume,サツ、サク,,joyo,K0733,733,2,37,13,U518A,u518a.svg,,,draft,721–740,bamboo.png,,,,
柵,726,1968,9,S,fence,fence,fence_,サク,,joyo,K0726,726,2,37,6,U67F5,u67f5.svg,,,draft,721–740,bamboo.png,,,,
典,1473,1969,8,4,code,code,code,テン,,joyo,K1473,1473,3,74,13,U5178,u5178.svg,,,draft,1461–1480,castle.png,,,,
氏,763,1970,4,4,family_name,family_name,family_name,シ,うじ,joyo,K0763,763,2,39,3,U6C0F,u6c0f.svg,,,draft,761–780,koi.png,,,,
紙,790,1971,10,2,paper,paper,paper,シ,かみ,joyo,K0790,790,2,40,10,U7D19,u7d19.svg,,,draft,781–800,kujira.png,,,,
婚,675,1972,11,S,marriage,marriage,marriage,コン,,joyo,K0675,675,2,34,15,U5A5A,u5a5a.svg,,,draft,661–680,kujira.png,,,,
低,1437,1973,7,4,low,lower,low,テイ,ひく-い、ひく-める、ひく-まる,joyo,K1437,1437,3,72,17,U4F4E,u4f4e.svg,,,draft,1421–1440,tree.png,,,,
抵,1443,1974,8,S,resist,resist,resist,テイ,,joyo,K1443,1443,3,73,3,U62B5,u62b5.svg,,,draft,1441–1460,bamboo.png,,,,
底,1442,1975,8,4,bottom,bottom,bottom,テイ,そこ,joyo,K1442,1442,3,73,2,U5E95,u5e95.svg,,,draft,1441–1460,bamboo.png,,,,
民,1918,1976,5,4,people,people,people,ミン,たみ,joyo,K1918,1918,4,96,18,U6C11,u6c11.svg,,,draft,1901–1920,tree.png,,,,
眠,1919,1977,10,S,sleep,sleep,sleep,ミン,ねむ-る、ねむ-い,joyo,K1919,1919,4,96,19,U7720,u7720.svg,,,draft,1901–1920,tree.png,,,,
捕,1820,1978,10,S,catch,catch,catch,ホ,と-らえる、と-らわれる、と-る、つか-まえる、つか-まる,joyo,K1820,1820,4,91,20,U6355,u6355.svg,,,draft,1801–1820,bamboo.png,,,,
哺,1819,1979,10,S,suckle,suckle,suckle,ホ,,joyo,K1819,1819,4,91,19,U54FA,u54fa.svg,,,draft,1801–1820,bamboo.png,,,,
浦,65,1980,10,S,bay,bay,bay,,うら,joyo,K0065,65,1,4,5,U6D66,u6d66.svg,,,draft,61–80,kujira.png,,,,
蒲,NA,1981,13,H,cattail,cattail,cattail,ホ、ガマ、カバ,,,heisig_extra,,,,,U84B2,u84b2.svg,,,draft,,,,,,
郭,217,1985,11,S,enclosure,enclosure,enclosure,カク,,joyo,K0217,217,1,11,17,U90ED,u90ed.svg,,,draft,201–220,mountain.png,,,,
郡,467,1986,10,4,county,county,county,グン,,joyo,K0467,467,1,24,7,U90E1,u90e1.svg,,,draft,461–480,tree.png,,,,
郊,620,1987,9,S,outskirts,outskirts,outskirts,コウ,,joyo,K0620,620,2,31,20,U90CA,u90ca.svg,,,draft,601–620,bamboo.png,,,,
部,1761,1988,11,3,section,section,section,ブ,,joyo,K1761,1761,4,89,1,U90E8,u90e8.svg,,,draft,1761–1780,mountain.png,,,,
都,1489,1989,11,3,metropolis,metropolis,metropolis,ト、ツ,みやこ,joyo,K1489,1489,3,75,9,U90FD,u90fd.svg,,,draft,1481–1500,koi.png,,,,
郵,1976,1990,11,6,mail,mail,mail,ユウ,,joyo,K1976,1976,4,99,16,U90F5,u90f5.svg,,,draft,1961–1980,koi.png,,,,
邦,1832,1991,7,S,home_country,home_country,home_country,ホウ,,joyo,K1832,1832,4,92,12,U90A6,u90a6.svg,,,draft,1821–1840,castle.png,,,,
那,1568,1992,7,S,what,what,what,ナ,,joyo,K1568,1568,4,79,8,U90A3,u90a3.svg,,,draft,1561–1580,bamboo.png,,,,
郷,412,1993,11,6,hometown,hometown,hometown,キョウ、ゴウ,,joyo,K0412,412,1,21,12,U90F7,u90f7.svg,,,draft,401–420,koi.png,,,,
響,418,1994,20,S,echo,echo,echo,キョウ,ひび-く,joyo,K0418,418,1,21,18,U97FF,u97ff.svg,,,draft,401–420,koi.png,,,,
郎,2118,1995,9,S,son,son,son,ロウ,,joyo,K2118,2118,5,106,18,U90CE,u90ce.svg,,,draft,2101–2120,kujira.png,,,,
廊,2121,1996,12,S,corridor,corridor,corridor,ロウ,,joyo,K2121,2121,5,107,1,U5ECA,u5eca.svg,,,draft,2121–2140,mountain.png,,,,
盾,934,1997,9,S,shield,shield,shield,ジュン,たて,joyo,K0934,934,2,47,14,U76FE,u76fe.svg,,,draft,921–940,mountain.png,,,,
循,938,1998,12,S,sequential,sequential,sequential,ジュン,,joyo,K0938,938,2,47,18,U5FAA,u5faa.svg,,,draft,921–940,mountain.png,,,,
派,1606,1999,9,6,sect,faction,sect,ハ,,joyo,K1606,1606,4,81,6,U6D3E,u6d3e.svg,,,draft,1601–1620,koi.png,,,,
脈,1916,2000,10,5,vein,vein,vein,ミャク,,joyo,K1916,1916,4,96,16,U8108,u8108.svg,,,draft,1901–1920,tree.png,,,,
衆,900,2001,12,6,masses,masses,masses,シュウ、（シュ）,,joyo,K0900,900,2,45,20,U8846,u8846.svg,,,draft,881–900,koi.png,,,,
逓,1450,2002,10,S,relay,parcel post,relay,テイ,,joyo,K1450,1450,3,73,10,U9013,09013.svg,,,draft,1441–1460,bamboo.png,,,, 
段,1349,2003,9,6,steps,grade,steps,ダン,,joyo,K1349,1349,3,68,9,U6BB5,06bb5.svg,,,draft,1341–1360,castle.png,,,, 
鍛,1346,2004,17,S,forge,forge,forge,タン,きた-える,joyo,K1346,1346,3,68,6,U935B,0935b.svg,,,draft,1341–1360,castle.png,,,, 
后,599,2005,6,6,empress,empress,empress,コウ,,joyo,K0599,599,2,30,19,U540E,0540e.svg,,,draft,581–600,tree.png,,,, 
幻,546,2006,4,S,phantasm,phantasm,phantasm,ゲン,まぼろし,joyo,K0546,546,2,28,6,U5E7B,05e7b.svg,,,draft,541–560,kujira.png,,,, 
司,766,2007,5,4,director,director,director,シ,,joyo,K0766,766,2,39,6,U53F8,053f8.svg,,,draft,761–780,koi.png,,,, 
伺,774,2008,7,S,pay_respects,pay_respects,pay_respects,シ,うかが-う,joyo,K0774,774,2,39,14,U4F3A,04f3a.svg,,,draft,761–780,koi.png,,,, 
詞,794,2009,12,6,parts_of_speech,parts_of_speech,parts_of_speech,シ,,joyo,K0794,794,2,40,14,U8A5E,08a5e.svg,,,draft,781–800,kujira.png,,,, 
飼,800,2010,13,5,domesticate,domesticate,domesticate,シ,か-う,joyo,K0800,800,2,40,20,U98FC,098fc.svg,,,draft,781–800,kujira.png,,,, 
嗣,796,2011,13,S,heir,heir,heir,シ,,joyo,K0796,796,2,40,16,U55E3,055e3.svg,,,draft,781–800,kujira.png,,,, 
舟,886,2012,6,S,boat,boat,boat,シュウ,ふね、（ふな）,joyo,K0886,886,2,45,6,U821F,0821f.svg,,,draft,881–900,koi.png,,,, 
舶,1636,2013,11,S,liner,liner,liner,ハク,,joyo,K1636,1636,4,82,16,U8236,08236.svg,,,draft,1621–1640,kujira.png,,,, 
航,625,2014,10,5,cruise,navigate,cruise,コウ,,joyo,K0625,625,2,32,5,U822A,0822a.svg,,,draft,621–640,castle.png,,,, 
舷,553,2015,11,S,gunwale,gunwale,gunwale,ゲン,,joyo,K0553,553,2,28,13,U8237,08237.svg,,,draft,541–560,kujira.png,,,, 
般,1669,2016,10,S,generally,carrier,generally,ハン,,joyo,K1669,1669,4,84,9,U822C,0822c.svg,,,draft,1661–1680,tree.png,,,, 
盤,1682,2017,15,S,tray,tray,tray,バン,,joyo,K1682,1682,4,85,2,U76E4,076e4.svg,,,draft,1681–1700,bamboo.png,,,, 
搬,1673,2018,13,S,conveyor,conveyor,conveyor,ハン,,joyo,K1673,1673,4,84,13,U642C,0642c.svg,,,draft,1661–1680,tree.png,,,, 
船,1180,2019,11,2,ship,ship,ship,セン,ふね、（ふな）,joyo,K1180,1180,3,59,20,U8239,08239.svg,,,draft,1161–1180,mountain.png,,,, 
艦,290,2020,21,S,warship,warship,warship,カン,,joyo,K0290,290,1,15,10,U8266,08266.svg,,,draft,281–300,koi.png,,,, 
艇,1456,2021,13,S,rowboat,rowboat,rowboat,テイ,,joyo,K1456,1456,3,73,16,U8247,08247.svg,,,draft,1441–1460,bamboo.png,,,, 
瓜,NA,2022,6,H,melon,melon,melon,,,heisig_extra,heisig_extra,K2195,2195,5,110,15,U74DC,u74dc.svg,,,draft,2181–2200,castle.png,,, 
弧,565,2023,9,S,arc,arc,arc,コ,,joyo,K0565,565,2,29,5,U5F27,05f27.svg,,,draft,561–580,mountain.png,,,, 
孤,564,2024,9,S,orphan,orphan,orphan,コ,,joyo,K0564,564,2,29,4,U5B64,05b64.svg,,,draft,561–580,mountain.png,,,, 
繭,541,2025,18,S,cocoon,cocoon,cocoon,ケン,まゆ,joyo,K0541,541,2,28,1,U7E6D,07e6d.svg,,,draft,541–560,kujira.png,,,, 
益,80,2026,10,5,benefit,benefit,benefit,エキ、（ヤク）,,joyo,K0080,80,1,4,20,U76CA,076ca.svg,,,draft,61–80,kujira.png,,,, 
暇,155,2027,13,S,spare,spare time,spare_time,カ,ひま,joyo,K0155,155,1,8,15,U6687,06687.svg,,,draft,141–160,castle.png,,,, 
敷,1755,2028,15,S,spread,spread,spread,フ,し-く,joyo,K1755,1755,4,88,15,U6577,06577.svg,,,draft,1741–1760,kujira.png,,,, 
来,2022,2029,7,2,come,come,come,ライ,く-る、きた-る、きた-す,joyo,K2022,2022,5,102,2,U6765,06765.svg,,,draft,2021–2040,tree.png,,,, 
気,305,2030,6,1,spirit,spirit,spirit,キ、ケ,,joyo,K0305,305,1,16,5,U6C17,06c17.svg,,,draft,301–320,kujira.png,,,, 
汽,309,2031,7,2,vapor,vapor,vapor,キ,,joyo,K0309,309,1,16,9,U6C7D,06c7d.svg,,,draft,301–320,kujira.png,,,, 
飛,1693,2032,9,4,fly,fly,fly,ヒ,と-ぶ、と-ばす,joyo,K1693,1693,4,85,13,U98DB,098db.svg,,,draft,1681–1700,bamboo.png,,,, 
沈,1421,2033,7,S,sink,sink,sink,チン,しず-む、しず-める,joyo,K1421,1421,3,72,1,U6C88,06c88.svg,,,draft,1421–1440,tree.png,,,, 
枕,1902,2034,8,S,pillow,pillow,pillow,,まくら,joyo,K1902,1902,4,96,2,U6795,06795.svg,,,draft,1901–1920,tree.png,,,, 
妻,696,2035,8,5,wife,wife,wife,サイ,つま,joyo,K0696,696,2,35,16,U59BB,059bb.svg,,,draft,681–700,mountain.png,,,, 
凄,1121,2036,10,S,nifty,nifty,nifty,セイ,,joyo,K1121,1121,3,57,1,U51C4,051c4.svg,,,draft,1121–1140,koi.png,,,, 
衰,1087,2037,10,S,decline,decline,decline,スイ,おとろ-える,joyo,K1087,1087,3,55,7,U8870,08870.svg,,,draft,1081–1100,bamboo.png,,,, 
衷,1386,2038,9,S,inmost,inmost,inmost,チュウ,,joyo,K1386,1386,3,70,6,U8877,08877.svg,,,draft,1381–1400,kujira.png,,,, 
面,1936,2039,9,3,mask,mask,mask,メン,おも、おもて、つら,joyo,K1936,1936,4,97,16,U9762,09762.svg,,,draft,1921–1940,bamboo.png,,,, 
麺,1938,2040,16,S,noodles,noodles,noodles,メン,,joyo,K1938,1938,4,97,18,U9EBA,09eba.svg,,,draft,1921–1940,bamboo.png,,,, 
革,213,2041,9,6,leather,leather,leather,カク,かわ,joyo,K0213,213,1,11,13,U9769,09769.svg,,,draft,201–220,mountain.png,,,, 
靴,157,2042,13,S,shoes,shoes,shoes,カ,くつ,joyo,K0157,157,1,8,17,U9774,09774.svg,,,draft,141–160,castle.png,,,, 
覇,1608,2043,19,S,hegemony,hegemony,hegemony,ハ,,joyo,K1608,1608,4,81,8,U8987,08987.svg,,,draft,1601–1620,koi.png,,,, 
声,1110,2044,7,2,voice,voice,voice,セイ、（ショウ）,こえ、（こわ）,joyo,K1110,1110,3,56,10,U58F0,058f0.svg,,,draft,1101–1120,castle.png,,,, 
眉,1704,2045,9,S,eyebrow,eyebrow,eyebrow,ビ、（ミ）,まゆ,joyo,K1704,1704,4,86,4,U7709,07709.svg,,,draft,1701–1720,castle.png,,,, 
呉,579,2046,7,S,give,give,give,ゴ,,joyo,K0579,579,2,29,19,U5449,05449.svg,,,draft,561–580,mountain.png,,,, 
娯,581,2047,10,S,recreation,recreation,recreation,ゴ,,joyo,K0581,581,2,30,1,U5A2F,05a2f.svg,,,draft,581–600,tree.png,,,, 
誤,585,2048,14,6,mistake,mistake,mistake,ゴ,あやま-る,joyo,K0585,585,2,30,5,U8AA4,08aa4.svg,,,draft,581–600,tree.png,,,, 
蒸,1022,2049,13,6,steam,steam,steam,ジョウ,む-す、む-れる、む-らす,joyo,K1022,1022,3,52,2,U84B8,084b8.svg,,,draft,1021–1040,kujira.png,,,, 
承,969,2050,8,6,acquiesce,acquiesce,acquiesce,ショウ,うけたまわ-る,joyo,K0969,969,2,49,9,U627F,0627f.svg,,,draft,961–980,bamboo.png,,,, 
函,NA,2051,8,H,bin,bin,bin,,,heisig_extra,heisig_extra,K2196,2196,5,110,16,U51FD,u51fd.svg,,,draft,2181–2200,castle.png,,, 
極,426,2052,12,4,poles,poles,poles,キョク、ゴク,きわ-める、きわ-まる、きわ-み,joyo,K0426,426,1,22,6,U6975,06975.svg,,,draft,421–440,kujira.png,,,, 
牙,164,2053,4,S,tusk,tusk,tusk,ガ、（ゲ）,きば,joyo,K0164,164,1,9,4,U7259,07259.svg,,,draft,161–180,koi.png,,,, 
芽,168,2054,8,4,bud,bud,bud,ガ,め,joyo,K0168,168,1,9,8,U82BD,082bd.svg,,,draft,161–180,koi.png,,,, 
邪,853,2055,8,S,wicked,wicked,wicked,ジャ,,joyo,K0853,853,2,43,13,U90AA,090aa.svg,,,draft,841–860,bamboo.png,,,, 
雅,170,2056,13,S,gracious,gracious,gracious,ガ,,joyo,K0170,170,1,9,10,U96C5,096c5.svg,,,draft,161–180,koi.png,,,, 
釈,858,2057,11,S,explanation,interpretation,explanation,シャク,,joyo,K0858,858,2,43,18,U91C8,091c8.svg,,,draft,841–860,bamboo.png,,,, 
番,1680,2058,12,2,ones,turn,ones_turn,バン,,joyo,K1680,1680,4,84,20,U756A,0756a.svg,,,draft,1661–1680,tree.png,,,, 
審,1066,2059,15,S,hearing,hearing,hearing,シン,,joyo,K1066,1066,3,54,6,U5BE9,05be9.svg,,,draft,1061–1080,tree.png,,,, 
翻,1888,2060,18,S,flip,flip,flip,ホン,ひるがえ-る、ひるがえ-す,joyo,K1888,1888,4,95,8,U7FFB,07ffb.svg,,,draft,1881–1900,mountain.png,,,, 
藩,1678,2061,18,S,clan,clan,clan,ハン,,joyo,K1678,1678,4,84,18,U85E9,085e9.svg,,,draft,1661–1680,tree.png,,,, 
毛,1941,2062,4,2,hair,fur,hair,モウ,け,joyo,K1941,1941,4,98,1,U6BDB,06bdb.svg,,,draft,1941–1960,castle.png,,,, 
耗,1944,2063,10,S,decrease,decrease,decrease,モウ、（コウ）,,joyo,K1944,1944,4,98,4,U8017,08017.svg,,,draft,1941–1960,castle.png,,,, 
尾,1703,2064,7,S,tail,tail,tail,ビ,お,joyo,K1703,1703,4,86,3,U5C3E,05c3e.svg,,,draft,1701–1720,castle.png,,,, 
宅,1318,2065,6,6,home,home,home,タク,,joyo,K1318,1318,3,66,18,U5B85,05b85.svg,,,draft,1301–1320,tree.png,,,, 
託,1323,2066,10,S,consign,consign,consign,タク,,joyo,K1323,1323,3,67,3,U8A17,08a17.svg,,,draft,1321–1340,bamboo.png,,,, 
為,23,2067,9,S,do,do,do,イ,,joyo,K0023,23,1,2,3,U70BA,070ba.svg,,,draft,21–40,castle.png,,,, 
偽,341,2068,11,S,falsehood,falsehood,falsehood,ギ,いつわ-る、にせ,joyo,K0341,341,1,18,1,U507D,0507d.svg,,,draft,341–360,tree.png,,,, 
畏,24,2069,9,S,apprehensive,apprehensive,apprehensive,イ,おそ-れる,joyo,K0024,24,1,2,4,U754F,0754f.svg,,,draft,21–40,castle.png,,,, 
長,1397,2070,8,2,long,long,long,チョウ,なが-い,joyo,K1397,1397,3,70,17,U9577,09577.svg,,,draft,1381–1400,kujira.png,,,, 
張,1400,2071,11,5,stretch,lengthen,stretch,チョウ,は-る,joyo,K1400,1400,3,70,20,U5F35,05f35.svg,,,draft,1381–1400,kujira.png,,,, 
帳,1399,2072,11,3,account,notebook,account_book,チョウ,,joyo,K1399,1399,3,70,19,U5E33,05e33.svg,,,draft,1381–1400,kujira.png,,,, 
脹,NA,2073,12,H,dilate,dilate,dilate,,,heisig_extra,heisig_extra,K2197,2197,5,110,17,U8139,u8139.svg,,,draft,2181–2200,castle.png,,, 
髪,1650,2074,14,S,hairofhead,hair of the head,hair_of_the_head,ハツ,かみ,joyo,K1650,1650,4,83,10,U9AEA,09aea.svg,,,draft,1641–1660,mountain.png,,,, 
展,1476,2075,10,6,unfold,unfold,unfold,テン,,joyo,K1476,1476,3,74,16,U5C55,05c55.svg,,,draft,1461–1480,castle.png,,,, 
喪,1238,2076,12,S,miss,miss,miss,ソウ,も,joyo,K1238,1238,3,62,18,U55AA,055aa.svg,,,draft,1221–1240,castle.png,,,, 
巣,1231,2077,11,4,nest,nest,nest,ソウ,す,joyo,K1231,1231,3,62,11,U5DE3,05de3.svg,,,draft,1221–1240,castle.png,,,, 
単,1336,2078,9,4,simple,simple,simple,タン,,joyo,K1336,1336,3,67,16,U5358,05358.svg,,,draft,1321–1340,bamboo.png,,,, 
戦,1181,2079,13,4,war,war,war,セン,いくさ、たたか-う,joyo,K1181,1181,3,60,1,U6226,06226.svg,,,draft,1181–1200,tree.png,,,, 
禅,1200,2080,13,S,zen,Zen,zen,ゼン,,joyo,K1200,1200,3,60,20,U7985,07985.svg,,,draft,1181–1200,tree.png,,,, 
弾,1351,2081,12,S,bullet,bullet,bullet,ダン,ひ-く、はず-む、たま,joyo,K1351,1351,3,68,11,U5F3E,05f3e.svg,,,draft,1341–1360,castle.png,,,, 
桜,114,2082,10,5,cherry,cherry tree,cherry_tree,オウ,さくら,joyo,K0114,114,1,6,14,U685C,0685c.svg,,,draft,101–120,tree.png,,,, 
獣,916,2083,16,S,animal,animal,animal,ジュウ,けもの,joyo,K0916,916,2,46,16,U7363,07363.svg,,,draft,901–920,kujira.png,,,, 
脳,1601,2084,11,6,brain,brain,brain,ノウ,,joyo,K1601,1601,4,81,1,U8133,08133.svg,,,draft,1601–1620,koi.png,,,, 
悩,1598,2085,10,S,trouble,trouble,trouble,ノウ,なや-む、なや-ます,joyo,K1598,1598,4,80,18,U60A9,060a9.svg,,,draft,1581–1600,castle.png,,,, 
厳,556,2086,17,6,stern,stern,stern,ゲン、（ゴン）,おごそ-か、きび-しい,joyo,K0556,556,2,28,16,U53B3,053b3.svg,,,draft,541–560,kujira.png,,,, 
鎖,690,2087,18,S,chain,chain,chain,サ,くさり,joyo,K0690,690,2,35,10,U9396,09396.svg,,,draft,681–700,mountain.png,,,, 
挙,387,2088,10,4,raise,raise,raise,キョ,あ-げる、あ-がる,joyo,K0387,387,1,20,7,U6319,06319.svg,,,draft,381–400,castle.png,,,, 
誉,1989,2089,13,S,reputation,reputation,reputation,ヨ,ほま-れ,joyo,K1989,1989,4,100,9,U8A89,08a89.svg,,,draft,1981–2000,kujira.png,,,, 
猟,2065,2090,11,S,gamehunting,game hunting,game_hunting,リョウ,,joyo,K2065,2065,5,104,5,U731F,0731f.svg,,,draft,2061–2080,castle.png,,,, 
鳥,1405,2091,11,2,bird,bird,bird,チョウ,とり,joyo,K1405,1405,3,71,5,U9CE5,09ce5.svg,,,draft,1401–1420,mountain.png,,,, 
鳴,1933,2092,14,2,chirp,chirp,chirp,メイ,な-く、な-る、な-らす,joyo,K1933,1933,4,97,13,U9CF4,09cf4.svg,,,draft,1921–1940,bamboo.png,,,, 
鶴,1436,2093,21,S,crane,crane,crane,,つる,joyo,K1436,1436,3,72,16,U9DB4,09db4.svg,,,draft,1421–1440,tree.png,,,, 
烏,NA,2094,10,H,crow,crow,crow,,,heisig_extra,heisig_extra,K2198,2198,5,110,18,U70CF,u70cf.svg,,,draft,2181–2200,castle.png,,, 
蔦,NA,2095,14,H,vine,vine,vine,,,heisig_extra,heisig_extra,K2199,2199,5,110,19,U8526,u8526.svg,,,draft,2181–2200,castle.png,,, 
鳩,NA,2096,13,H,pigeon,pigeon,pigeon,,,heisig_extra,heisig_extra,K2200,2200,5,110,20,U9CE9,u9ce9.svg,,,draft,2181–2200,castle.png,,, 
鶏,497,2097,19,S,chicken,chicken,chicken,ケイ,にわとり,joyo,K0497,497,1,25,17,U9D8F,09d8f.svg,,,draft,481–500,bamboo.png,,,, 
島,1510,2098,10,3,island,island,island,トウ,しま,joyo,K1510,1510,4,76,10,U5CF6,05cf6.svg,,,draft,1501–1520,kujira.png,,,, 
暖,1352,2099,13,6,warmth,warmth,warmth,ダン,あたた-か、あたた-かい、あたた-まる、あたた-める,joyo,K1352,1352,3,68,12,U6696,06696.svg,,,draft,1341–1360,castle.png,,,, 
媛,93,2100,12,4,maiden,maiden,maiden,エン,,joyo,K0093,93,1,5,13,U5A9B,05a9b.svg,,,draft,81–100,mountain.png,,,, 
援,94,2101,12,S,abet,abet,abet,エン,,joyo,K0094,94,1,5,14,U63F4,063f4.svg,,,draft,81–100,mountain.png,,,, 
緩,282,2102,15,S,slacken,slacken,slacken,カン,ゆる-い、ゆる-やか、ゆる-む、ゆる-める,joyo,K0282,282,1,15,2,U7DE9,07de9.svg,,,draft,281–300,koi.png,,,, 
属,1273,2103,12,5,belong,belong,belong,ゾク,,joyo,K1273,1273,3,64,13,U5C5E,05c5e.svg,,,draft,1261–1280,kujira.png,,,, 
嘱,1036,2104,15,S,entrust,entrust,entrust,ショク,,joyo,K1036,1036,3,52,16,U5631,05631.svg,,,draft,1021–1040,kujira.png,,,, 
偶,453,2105,11,S,accidentally,accidentally,accidentally,グウ,,joyo,K0453,453,1,23,13,U5076,05076.svg,,,draft,441–460,mountain.png,,,, 
遇,454,2106,12,S,interview,interview,interview,グウ,,joyo,K0454,454,1,23,14,U9047,09047.svg,,,draft,441–460,mountain.png,,,, 
愚,451,2107,13,S,foolish,foolish,foolish,グ,おろ-か,joyo,K0451,451,1,23,11,U611A,0611a.svg,,,draft,441–460,mountain.png,,,, 
隅,455,2108,12,S,corner,corner,corner,グウ,すみ,joyo,K0455,455,1,23,15,U9685,09685.svg,,,draft,441–460,mountain.png,,,, 
逆,357,2109,9,5,inverted,inverted,inverted,ギャク,さか、さか-らう,joyo,K0357,357,1,18,17,U9006,09006.svg,,,draft,341–360,tree.png,,,, 
塑,1214,2110,13,S,model,model,model,ソ,,joyo,K1214,1214,3,61,14,U5851,05851.svg,,,draft,1201–1220,bamboo.png,,,, 
遡,1215,2111,14,S,goupstream,go upstream,go_upstream,ソ,さかのぼ-る,joyo,K1215,1215,3,61,15,U9061,09061.svg,,,draft,1201–1220,bamboo.png,,,, 
岡,118,2112,8,4,hills,hills,hills,,（おか）[6],joyo,K0118,118,1,6,18,U5CA1,05ca1.svg,,,draft,101–120,tree.png,,,, 
鋼,647,2113,16,6,steel,steel,steel,コウ,はがね,joyo,K0647,647,2,33,7,U92FC,092fc.svg,,,draft,641–660,koi.png,,,, 
綱,642,2114,14,S,hawser,hawser,hawser,コウ,つな,joyo,K0642,642,2,33,2,U7DB1,07db1.svg,,,draft,641–660,koi.png,,,, 
剛,654,2115,10,S,sturdy,sturdy,sturdy,ゴウ,,joyo,K0654,654,2,33,14,U525B,0525b.svg,,,draft,641–660,koi.png,,,, 
缶,251,2116,6,S,tin,tin can,tin_can,カン,,joyo,K0251,251,1,13,11,U7F36,07f36.svg,,,draft,241–260,bamboo.png,,,, 
陶,1517,2117,11,S,pottery,pottery,pottery,トウ,,joyo,K1517,1517,4,76,17,U9676,09676.svg,,,draft,1501–1520,kujira.png,,,, 
揺,2000,2118,12,S,swing,swing,swing,ヨウ,ゆ-れる、ゆ-る、ゆ-らぐ、ゆ-るぐ、ゆ-する、ゆ-さぶる、ゆ-すぶる,joyo,K2000,2000,4,100,20,U63FA,063fa.svg,,,draft,1981–2000,kujira.png,,,, 
謡,2011,2119,16,S,nohchanting,Noh chanting,noh_chanting,ヨウ,うたい、うた-う,joyo,K2011,2011,5,101,11,U8B21,08b21.svg,,,draft,2001–2020,mountain.png,,,, 
鬱,63,2120,29,S,depression,depression,depression,ウツ,,joyo,K0063,63,1,4,3,U9B31,09b31.svg,,,draft,61–80,kujira.png,,,, 
就,899,2121,12,6,concerning,concerning,concerning,シュウ、（ジュ）,つ-く、つ-ける,joyo,K0899,899,2,45,19,U5C31,05c31.svg,,,draft,881–900,koi.png,,,, 
蹴,905,2122,19,S,kick,kick,kick,シュウ,け-る,joyo,K0905,905,2,46,5,U8E74,08e74.svg,,,draft,901–920,kujira.png,,,, 
懇,681,2123,17,S,sociable,sociable,sociable,コン,ねんご-ろ,joyo,K0681,681,2,35,1,U61C7,061c7.svg,,,draft,681–700,mountain.png,,,, 
墾,680,2124,16,S,groundbreaking,groundbreaking,groundbreaking,コン,,joyo,K0680,680,2,34,20,U58BE,058be.svg,,,draft,661–680,kujira.png,,,, 
貌,1870,2125,14,S,countenance,countenance,countenance,ボウ,,joyo,K1870,1870,4,94,10,U8C8C,08c8c.svg,,,draft,1861–1880,kujira.png,,,, 
免,1935,2126,8,S,excuse,excuse,excuse,メン,まぬか-れる,joyo,K1935,1935,4,97,15,U514D,0514d.svg,,,draft,1921–1940,bamboo.png,,,, 
逸,43,2127,11,S,deviate,elude,deviate,イツ,,joyo,K0043,43,1,3,3,U9038,09038.svg,,,draft,41–60,koi.png,,,, 
晩,1679,2128,12,6,nightfall,nightfall,nightfall,バン,,joyo,K1679,1679,4,84,19,U6669,06669.svg,,,draft,1661–1680,tree.png,,,, 
勉,1816,2129,10,3,exertion,exertion,exertion,ベン,,joyo,K1816,1816,4,91,16,U52C9,052c9.svg,,,draft,1801–1820,bamboo.png,,,, 
象,996,2130,12,5,elephant,elephant,elephant,ショウ、ゾウ,,joyo,K0996,996,2,50,16,U8C61,08c61.svg,,,draft,981–1000,castle.png,,,, 
像,1255,2131,14,5,statue,statue,statue,ゾウ,,joyo,K1255,1255,3,63,15,U50CF,050cf.svg,,,draft,1241–1260,koi.png,,,, 
馬,1609,2132,10,2,horse,horse,horse,バ,うま、（ま）,joyo,K1609,1609,4,81,9,U99AC,099ac.svg,,,draft,1601–1620,koi.png,,,, 
駒,667,2133,15,S,pony,pony,pony,,こま,joyo,K0667,667,2,34,7,U99D2,099d2.svg,,,draft,661–680,kujira.png,,,, 
験,543,2134,18,4,verification,verification,verification,ケン、（ゲン）,,joyo,K0543,543,2,28,3,U9A13,09a13.svg,,,draft,541–560,kujira.png,,,, 
騎,338,2135,18,S,equestrian,equestrian,equestrian,キ,,joyo,K0338,338,1,17,18,U9A0E,09a0e.svg,,,draft,321–340,mountain.png,,,, 
駐,1389,2136,15,S,parking,parking,parking,チュウ,,joyo,K1389,1389,3,70,9,U99D0,099d0.svg,,,draft,1381–1400,kujira.png,,,, 
駆,448,2137,14,S,drive,drive,drive,ク,か-ける、か-る,joyo,K0448,448,1,23,8,U99C6,099c6.svg,,,draft,441–460,mountain.png,,,, 
駅,82,2138,14,3,station,station,station,エキ,,joyo,K0082,82,1,5,2,U99C5,099c5.svg,,,draft,81–100,mountain.png,,,, 
騒,1252,2139,18,S,boisterous,boisterous,boisterous,ソウ,さわ-ぐ,joyo,K1252,1252,3,63,12,U9A12,09a12.svg,,,draft,1241–1260,koi.png,,,, 
駄,1292,2140,14,S,burdensome,burdensome,burdensome,ダ,,joyo,K1292,1292,3,65,12,U99C4,099c4.svg,,,draft,1281–1300,mountain.png,,,, 
驚,419,2141,22,S,wonder,wonder,wonder,キョウ,おどろ-く、おどろ-かす,joyo,K0419,419,1,21,19,U9A5A,09a5a.svg,,,draft,401–420,koi.png,,,, 
篤,1553,2142,16,S,fervent,fervent,fervent,トク,,joyo,K1553,1553,4,78,13,U7BE4,07be4.svg,,,draft,1541–1560,tree.png,,,, 
罵,1611,2143,15,S,insult,insult,insult,バ,ののし-る,joyo,K1611,1611,4,81,11,U7F75,07f75.svg,,,draft,1601–1620,koi.png,,,, 
騰,1535,2144,20,S,inflation,inflation,inflation,トウ,,joyo,K1535,1535,4,77,15,U9A30,09a30.svg,,,draft,1521–1540,mountain.png,,,, 
虎,563,2145,8,S,tiger,tiger,tiger,コ,とら,joyo,K0563,563,2,29,3,U864E,0864e.svg,,,draft,561–580,mountain.png,,,, 
虜,2058,2146,13,S,captive,captive,captive,リョ,,joyo,K2058,2058,5,103,18,U865C,0865c.svg,,,draft,2041–2060,bamboo.png,,,, 
膚,1756,2147,15,S,skin,skin,skin,フ,,joyo,K1756,1756,4,88,16,U819A,0819a.svg,,,draft,1741–1760,kujira.png,,,, 
虚,388,2148,11,S,void,void,void,キョ、（コ）,,joyo,K0388,388,1,20,8,U865A,0865a.svg,,,draft,381–400,castle.png,,,, 
戯,346,2149,15,S,frolic,frolic,frolic,ギ,たわむ-れる,joyo,K0346,346,1,18,6,U622F,0622f.svg,,,draft,341–360,tree.png,,,, 
虞,123,2150,13,S,uneasiness,uneasiness,uneasiness,,おそれ,joyo,K0123,123,1,7,3,U865E,0865e.svg,,,draft,121–140,bamboo.png,,,, 
慮,2059,2151,15,S,prudence,prudence,prudence,リョ,,joyo,K2059,2059,5,103,19,U616E,0616e.svg,,,draft,2041–2060,bamboo.png,,,, 
劇,502,2152,15,6,drama,drama,drama,ゲキ,,joyo,K0502,502,2,26,2,U5287,05287.svg,,,draft,501–520,castle.png,,,, 
虐,358,2153,9,S,tyrannize,tyrannize,tyrannize,ギャク,しいた-げる,joyo,K0358,358,1,18,18,U8650,08650.svg,,,draft,341–360,tree.png,,,, 
鹿,825,2154,11,4,deer,deer,deer,,しか、（か）,joyo,K0825,825,2,42,5,U9E7F,09e7f.svg,,,draft,821–840,tree.png,,,, 
麓,2127,2155,19,S,footofmountain,foot of a mountain,foot_of_a_mountain,ロク,ふもと,joyo,K2127,2127,5,107,7,U9E93,09e93.svg,,,draft,2121–2140,mountain.png,,,, 
薦,1193,2156,16,S,recommend,recommend,recommend,セン,すす-める,joyo,K1193,1193,3,60,13,U85A6,085a6.svg,,,draft,1181–1200,tree.png,,,, 
慶,492,2157,15,S,jubilation,jubilation,jubilation,ケイ,,joyo,K0492,492,1,25,12,U6176,06176.svg,,,draft,481–500,bamboo.png,,,, 
麗,2098,2158,19,S,lovely,lovely,lovely,レイ,うるわ-しい,joyo,K2098,2098,5,105,18,U9E97,09e97.svg,,,draft,2081–2100,koi.png,,,, 
熊,460,2159,14,4,bear,bear,bear,,くま,joyo,K0460,460,1,23,20,U718A,0718a.svg,,,draft,441–460,mountain.png,,,, 
能,1600,2160,10,5,ability,ability,ability,ノウ,,joyo,K1600,1600,4,80,20,U80FD,080fd.svg,,,draft,1581–1600,castle.png,,,, 
態,1310,2161,14,5,attitude,attitude,attitude,タイ,,joyo,K1310,1310,3,66,10,U614B,0614b.svg,,,draft,1301–1320,tree.png,,,, 
寅,NA,2162,11,H,tiger,tiger,sign_of_tiger,,,heisig_extra,heisig_extra,K2201,2201,5,111,1,U5BC5,u5bc5.svg,,,draft,2201–2220,koi.png,,, 
演,101,2163,14,5,performance,performance,performance,エン,,joyo,K0101,101,1,6,1,U6F14,06f14.svg,,,draft,101–120,tree.png,,,, 
辰,NA,2164,7,H,dragon,dragon,sign_of_dragon,,,heisig_extra,heisig_extra,K2202,2202,5,111,2,U8FB0,u8fb0.svg,,,draft,2201–2220,koi.png,,, 
辱,1039,2165,10,S,embarrass,embarrass,embarrass,ジョク,はずかし-める,joyo,K1039,1039,3,52,19,U8FB1,08fb1.svg,,,draft,1021–1040,kujira.png,,,, 
震,1067,2166,15,S,quake,quake,quake,シン,ふる-う、ふる-える,joyo,K1067,1067,3,54,7,U9707,09707.svg,,,draft,1061–1080,tree.png,,,, 
振,1054,2167,10,S,shake,shake,shake,シン,ふ-る、ふ-るう、ふ-れる,joyo,K1054,1054,3,53,14,U632F,0632f.svg,,,draft,1041–1060,mountain.png,,,, 
娠,1053,2168,10,S,with,with child,with_child,シン,,joyo,K1053,1053,3,53,13,U5A20,05a20.svg,,,draft,1041–1060,mountain.png,,,, 
唇,1052,2169,10,S,lips,lips,lips,シン,くちびる,joyo,K1052,1052,3,53,12,U5507,05507.svg,,,draft,1041–1060,mountain.png,,,, 
農,1602,2170,13,3,farming,agriculture,farming,ノウ,,joyo,K1602,1602,4,81,2,U8FB2,08fb2.svg,,,draft,1601–1620,koi.png,,,, 
濃,1603,2171,16,S,concentrated,concentrated,concentrated,ノウ,こ-い,joyo,K1603,1603,4,81,3,U6FC3,06fc3.svg,,,draft,1601–1620,koi.png,,,, 
送,1226,2172,9,3,sendoff,send off,send_off,ソウ,おく-る,joyo,K1226,1226,3,62,6,U9001,09001.svg,,,draft,1221–1240,castle.png,,,, 
関,279,2173,14,4,related,connection,related,カン,せき、かか-わる,joyo,K0279,279,1,14,19,U95A2,095a2.svg,,,draft,261–280,castle.png,,,, 
咲,732,2174,9,S,blossom,blossom,blossom,,さ-く,joyo,K0732,732,2,37,12,U54B2,054b2.svg,,,draft,721–740,bamboo.png,,,, 
鬼,319,2175,10,S,ghost,ghost,ghost,キ,おに,joyo,K0319,319,1,16,19,U9B3C,09b3c.svg,,,draft,301–320,kujira.png,,,, 
醜,904,2176,17,S,ugly,ugly,ugly,シュウ,みにく-い,joyo,K0904,904,2,46,4,U919C,0919c.svg,,,draft,901–920,kujira.png,,,, 
魂,679,2177,14,S,soul,soul,soul,コン,たましい,joyo,K0679,679,2,34,19,U9B42,09b42.svg,,,draft,661–680,kujira.png,,,, 
魔,1894,2178,21,S,witch,witch,witch,マ,,joyo,K1894,1894,4,95,14,U9B54,09b54.svg,,,draft,1881–1900,mountain.png,,,, 
魅,1912,2179,15,S,fascination,fascination,fascination,ミ,,joyo,K1912,1912,4,96,12,U9B45,09b45.svg,,,draft,1901–1920,tree.png,,,, 
塊,189,2180,13,S,clod,clod,clod,カイ,かたまり,joyo,K0189,189,1,10,9,U584A,0584a.svg,,,draft,181–200,kujira.png,,,, 
襲,906,2181,22,S,attack,attack,attack,シュウ,おそ-う,joyo,K0906,906,2,46,6,U8972,08972.svg,,,draft,901–920,kujira.png,,,, 
嚇,224,2182,17,S,menacing,upbraid,menacing,カク,,joyo,K0224,224,1,12,4,U5687,05687.svg,,,draft,221–240,tree.png,,,, 
朕,1423,2183,10,S,majestic,majestic plural,majestic_plural,チン,,joyo,K1423,1423,3,72,3,U6715,06715.svg,,,draft,1421–1440,tree.png,,,, 
雰,1780,2184,12,S,atmosphere,atmosphere,atmosphere,フン,,joyo,K1780,1780,4,89,20,U96F0,096f0.svg,,,draft,1761–1780,mountain.png,,,, 
箇,160,2185,14,S,counters,item,counters_for_things,カ,,joyo,K0160,160,1,8,20,U7B87,07b87.svg,,,draft,141–160,castle.png,,,, 
錬,2109,2186,16,S,tempering,tempering,tempering,レン,,joyo,K2109,2109,5,106,9,U932C,0932c.svg,,,draft,2101–2120,kujira.png,,,, 
遵,942,2187,15,S,abide,abide by,abide_by,ジュン,,joyo,K0942,942,2,48,2,U9075,09075.svg,,,draft,941–960,tree.png,,,, 
罷,1701,2188,15,S,quit,quit,quit,ヒ,,joyo,K1701,1701,4,86,1,U7F77,07f77.svg,,,draft,1701–1720,castle.png,,,, 
屯,1561,2189,4,S,barracks,barracks,barracks,トン,,joyo,K1561,1561,4,79,1,U5C6F,05c6f.svg,,,draft,1561–1580,bamboo.png,,,, 
且,242,2190,5,S,moreover,moreover,moreover,,か-つ,joyo,K0242,242,1,13,2,U4E14,04e14.svg,,,draft,241–260,bamboo.png,,,, 
藻,1253,2191,19,S,seaweed,seaweed,seaweed,ソウ,も,joyo,K1253,1253,3,63,13,U85FB,085fb.svg,,,draft,1241–1260,koi.png,,,, 
隷,2096,2192,16,S,slave,slave,slave,レイ,,joyo,K2096,2096,5,105,16,U96B7,096b7.svg,,,draft,2081–2100,koi.png,,,, 
癒,1969,2193,18,S,healing,healing,healing,ユ,い-える、い-やす,joyo,K1969,1969,4,99,9,U7652,07652.svg,,,draft,1961–1980,koi.png,,,, 
璽,824,2194,19,S,imperial_seal,imperial seal,imperial_seal,ジ,,joyo,K0824,824,2,42,4,U74BD,074bd.svg,,,draft,821–840,tree.png,,,, 
潟,232,2195,15,4,lagoon,lagoon,lagoon,,かた,joyo,K0232,232,1,12,12,U6F5F,06f5f.svg,,,draft,221–240,tree.png,,,, 
丹,1333,2196,4,S,cinnabar,cinnabar,cinnabar,タン,,joyo,K1333,1333,3,67,13,U4E39,04e39.svg,,,draft,1321–1340,bamboo.png,,,, 
丑,NA,2197,4,H,ox,ox,sign_of_ox,,,heisig_extra,heisig_extra,K2203,2203,5,111,3,U4E11,u4e11.svg,,,draft,2201–2220,koi.png,,, 
羞,896,2198,11,S,feel,humiliate,feel_ashamed,シュウ,,joyo,K0896,896,2,45,16,U7F9E,07f9e.svg,,,draft,881–900,koi.png,,,, 
卯,NA,2199,5,H,hare,hare,sign_of_hare,,,heisig_extra,heisig_extra,K2204,2204,5,111,4,U536F,u536f.svg,,,draft,2201–2220,koi.png,,, 
巳,NA,2200,3,H,snake,snake,sign_of_snake,,,heisig_extra,heisig_extra,K2205,2205,5,111,5,U5DF3,u5df3.svg,,,draft,2201–2220,koi.png,,, 
此,NA,2201,6,H,this,this,this,,,heisig_extra,heisig_extra,K2206,2206,5,111,6,U6B64,u6b64.svg,,,draft,2201–2220,koi.png,,, 
柴,NA,2202,10,H,brushwood,brushwood,brushwood,,,heisig_extra,heisig_extra,K2207,2207,5,111,7,U67F4,u67f4.svg,,,draft,2201–2220,koi.png,,, 
些,NA,2203,8,H,whit,whit,whit,,,heisig_extra,heisig_extra,K2208,2208,5,111,8,U4E9B,u4e9b.svg,,,draft,2201–2220,koi.png,,, 
砦,NA,2204,11,H,fort,fort,fort,,,heisig_extra,heisig_extra,K2209,2209,5,111,9,U7826,u7826.svg,,,draft,2201–2220,koi.png,,, 
髭,NA,2205,16,H,beard,beard,beard,,,heisig_extra,heisig_extra,K2210,2210,5,111,10,U9AED,u9aed.svg,,,draft,2201–2220,koi.png,,, 
禽,NA,2206,13,H,fowl,fowl,fowl,,,heisig_extra,heisig_extra,K2211,2211,5,111,11,U79BD,u79bd.svg,,,draft,2201–2220,koi.png,,, 
檎,NA,2207,17,H,apple,apple,apple,,,heisig_extra,heisig_extra,K2212,2212,5,111,12,U6A8E,u6a8e.svg,,,draft,2201–2220,koi.png,,, 
憐,NA,2208,16,H,sympathize,sympathize with,sympathize,,,heisig_extra,heisig_extra,K2213,2213,5,111,13,U6190,u6190.svg,,,draft,2201–2220,koi.png,,, 
燐,NA,2209,17,H,phosphorus,phosphorus,phosphorus,,,heisig_extra,heisig_extra,K2214,2214,5,111,14,U71D0,u71d0.svg,,,draft,2201–2220,koi.png,,, 
麟,NA,2210,24,H,camelopard,camelopard,camelopard,,,heisig_extra,heisig_extra,K2215,2215,5,111,15,U9E9F,u9e9f.svg,,,draft,2201–2220,koi.png,,, 
鱗,NA,2211,24,H,scaled,scaled,scaled,,,heisig_extra,heisig_extra,K2216,2216,5,111,16,U9C57,u9c57.svg,,,draft,2201–2220,koi.png,,, 
奄,NA,2212,8,H,encompassing,encompassing,encompassing,,,heisig_extra,heisig_extra,K2217,2217,5,111,17,U5944,u5944.svg,,,draft,2201–2220,koi.png,,, 
庵,NA,2213,11,H,hermitage,hermitage,hermitage,,,heisig_extra,heisig_extra,K2218,2218,5,111,18,U5EB5,u5eb5.svg,,,draft,2201–2220,koi.png,,, 
掩,NA,2214,11,H,shrouded,shrouded,shrouded,,,heisig_extra,heisig_extra,K2219,2219,5,111,19,U63A9,u63a9.svg,,,draft,2201–2220,koi.png,,, 
悛,NA,2215,10,H,makeamends,make amends,make_amends,,,heisig_extra,heisig_extra,K2220,2220,5,111,20,U609B,u609b.svg,,,draft,2201–2220,koi.png,,, 
駿,NA,2216,17,H,steed,steed,steed,,,heisig_extra,heisig_extra,K2221,2221,5,112,1,U99FF,u99ff.svg,,,draft,2221–2240,kujira.png,,, 
峻,NA,2217,10,H,steep,steep,steep,,,heisig_extra,heisig_extra,K2222,2222,5,112,2,U5CFB,u5cfb.svg,,,draft,2221–2240,kujira.png,,, 
竣,NA,2218,12,H,completejob,complete a job,complete_a_job,,,heisig_extra,heisig_extra,K2223,2223,5,112,3,U7AE3,u7ae3.svg,,,draft,2221–2240,kujira.png,,, 
犀,NA,2219,12,H,rhinoceros,rhinoceros,rhinoceros,,,heisig_extra,heisig_extra,K2224,2224,5,112,4,U7280,u7280.svg,,,draft,2221–2240,kujira.png,,, 
皐,NA,2220,11,H,lunar,lunar month,lunar,,,heisig_extra,heisig_extra,K2225,2225,5,112,5,U7690,u7690.svg,,,draft,2221–2240,kujira.png,,, 
畷,NA,2221,13,H,ricefield,rice-field footpath,ricefield,,,heisig_extra,heisig_extra,K2226,2226,5,112,6,U7577,u7577.svg,,,draft,2221–2240,kujira.png,,, 
綴,NA,2222,14,H,mend,mend,mend,,,heisig_extra,heisig_extra,K2227,2227,5,112,7,U7DB4,u7db4.svg,,,draft,2221–2240,kujira.png,,, 
鎧,NA,2223,18,H,suit,suit of armor,suit,,,heisig_extra,heisig_extra,K2228,2228,5,112,8,U93A7,u93a7.svg,,,draft,2221–2240,kujira.png,,, 
凱,NA,2224,12,H,triumph,triumph,triumph,,,heisig_extra,heisig_extra,K2229,2229,5,112,9,U51F1,u51f1.svg,,,draft,2221–2240,kujira.png,,, 
呑,NA,2225,7,H,quaff,quaff,quaff,,,heisig_extra,heisig_extra,K2230,2230,5,112,10,U5451,u5451.svg,,,draft,2221–2240,kujira.png,,, 
韮,NA,2226,12,H,leek,leek,leek,,,heisig_extra,heisig_extra,K2231,2231,5,112,11,U97EE,u97ee.svg,,,draft,2221–2240,kujira.png,,, 
籤,NA,2227,23,H,lottery,lottery,lottery,,,heisig_extra,heisig_extra,K2232,2232,5,112,12,U7C64,u7c64.svg,,,draft,2221–2240,kujira.png,,, 
懺,NA,2228,20,H,penitential,penitential,penitential,,,heisig_extra,heisig_extra,K2233,2233,5,112,13,U61FA,u61fa.svg,,,draft,2221–2240,kujira.png,,, 
芻,NA,2229,10,H,hay,hay,hay,,,heisig_extra,heisig_extra,K2234,2234,5,112,14,U82BB,u82bb.svg,,,draft,2221–2240,kujira.png,,, 
雛,NA,2230,18,H,chick,chick,chick,,,heisig_extra,heisig_extra,K2235,2235,5,112,15,U96DB,u96db.svg,,,draft,2221–2240,kujira.png,,, 
趨,NA,2231,17,H,scurry,scurry,scurry,,,heisig_extra,heisig_extra,K2236,2236,5,112,16,U8DA8,u8da8.svg,,,draft,2221–2240,kujira.png,,, 
尤,NA,2232,4,H,understandably,understandably,understandably,,,heisig_extra,heisig_extra,K2237,2237,5,112,17,U5C24,u5c24.svg,,,draft,2221–2240,kujira.png,,, 
厖,NA,2233,9,H,immense,immense,immense,,,heisig_extra,heisig_extra,K2238,2238,5,112,18,U5396,u5396.svg,,,draft,2221–2240,kujira.png,,, 
或,NA,2234,8,H,some,some,some,,,heisig_extra,heisig_extra,K2239,2239,5,112,19,U6216,u6216.svg,,,draft,2221–2240,kujira.png,,, 
兎,NA,2235,8,H,rabbit,rabbit,rabbit,,,heisig_extra,heisig_extra,K2240,2240,5,112,20,U514E,u514e.svg,,,draft,2221–2240,kujira.png,,, 
也,NA,2236,3,H,also,also,also,,,heisig_extra,heisig_extra,K2241,2241,5,113,1,U4E5F,u4e5f.svg,,,draft,2241–2260,mountain.png,,, 
巴,NA,2237,4,H,swirl,swirl,swirl,,,heisig_extra,heisig_extra,K2242,2242,5,113,2,U5DF4,u5df4.svg,,,draft,2241–2260,mountain.png,,, 
疋,NA,2238,5,H,critters,critters,critters,,,heisig_extra,heisig_extra,K2243,2243,5,113,3,U758B,u758b.svg,,,draft,2241–2260,mountain.png,,, 
菫,NA,2239,11,H,violet,violet,violet,,,heisig_extra,heisig_extra,K2244,2244,5,113,4,U83EB,u83eb.svg,,,draft,2241–2260,mountain.png,,, 
曼,NA,2240,11,H,mandala,mandala,mandala,,,heisig_extra,heisig_extra,K2245,2245,5,113,5,U66FC,u66fc.svg,,,draft,2241–2260,mozuntain.png,,, 
云,NA,2241,4,H,quote,quote,quote,,,heisig_extra,heisig_extra,K2246,2246,5,113,6,U4E91,u4e91.svg,,,draft,2241–2260,mountain.png,,, 
莫,NA,2242,10,H,shalt,shalt,shalt,,,heisig_extra,heisig_extra,K2247,2247,5,113,7,U83AB,u83ab.svg,,,draft,2241–2260,mountain.png,,, 
而,NA,2243,6,H,and,and then,and,,,heisig_extra,heisig_extra,K2248,2248,5,113,8,U800C,u800c.svg,,,draft,2241–2260,mountain.png,,, 
倭,NA,2244,10,H,yamato,Yamato,yamato,,,heisig_extra,heisig_extra,K2249,2249,5,113,9,U502D,u502d.svg,,,draft,2241–2260,mountain.png,,, 
侠,NA,2245,8,H,chivalry,chivalry,chivalry,,,heisig_extra,heisig_extra,K2250,2250,5,113,10,U4FA0,u4fa0.svg,,,draft,2241–2260,mountain.png,,, 
倦,NA,2246,11,H,fed,fed up,fed,,,heisig_extra,heisig_extra,K2251,2251,5,113,11,U5026,u5026.svg,,,draft,2241–2260,mountain.png,,, 
俄,NA,2247,9,H,abrupt,abrupt,abrupt,,,heisig_extra,heisig_extra,K2252,2252,5,113,12,U4FC4,u4fc4.svg,,,draft,2241–2260,mountain.png,,, 
佃,NA,2248,7,H,workfield,work a field,work_a_field,,,heisig_extra,heisig_extra,K2253,2253,5,113,13,U4F43,u4f43.svg,,,draft,2241–2260,mountain.png,,, 
仔,NA,2249,5,H,animaloffspring,animal offspring,animal_offspring,,,heisig_extra,heisig_extra,K2254,2254,5,113,14,U4ED4,u4ed4.svg,,,draft,2241–2260,mountain.png,,, 
仇,NA,2250,4,H,foe,foe,foe,,,heisig_extra,heisig_extra,K2255,2255,5,113,15,U4EC7,u4ec7.svg,,,draft,2241–2260,mountain.png,,, 
伽,NA,2251,7,H,lookafter,look after,look_after,,,heisig_extra,heisig_extra,K2256,2256,5,113,16,U4F3D,u4f3d.svg,,,draft,2241–2260,mountain.png,,, 
儲,NA,2252,17,H,makeprofit,make a profit,make_a_profit,,,heisig_extra,heisig_extra,K2257,2257,5,113,17,U5132,u5132.svg,,,draft,2241–2260,mountain.png,,, 
僑,NA,2253,14,H,emigrant,emigrant,emigrant,,,heisig_extra,heisig_extra,K2258,2258,5,113,18,U50D1,u50d1.svg,,,draft,2241–2260,mountain.png,,, 
倶,NA,2254,10,H,mate,mate,mate,,,heisig_extra,heisig_extra,K2259,2259,5,113,19,U5036,u5036.svg,,,draft,2241–2260,mountain.png,,, 
侃,NA,2255,8,H,forthright,forthright,forthright,,,heisig_extra,heisig_extra,K2260,2260,5,113,20,U4F83,u4f83.svg,,,draft,2241–2260,mountain.png,,, 
偲,NA,2256,11,H,memorial,memorial,memorial,,,heisig_extra,heisig_extra,K2261,2261,5,114,1,U5072,u5072.svg,,,draft,2261–2280,tree.png,,, 
侭,NA,2257,8,H,as,as is,as,,,heisig_extra,heisig_extra,K2262,2262,5,114,2,U4FAD,u4fad.svg,,,draft,2261–2280,tree.png,,, 
脩,NA,2258,11,H,dried,dried meat,dried,,,heisig_extra,heisig_extra,K2263,2263,5,114,3,U8129,u8129.svg,,,draft,2261–2280,tree.png,,, 
倅,NA,2259,10,H,my,my son,my,,,heisig_extra,heisig_extra,K2264,2264,5,114,4,U5005,u5005.svg,,,draft,2261–2280,tree.png,,, 
做,NA,2260,11,H,makedo,make do,make_do,,,heisig_extra,heisig_extra,K2265,2265,5,114,5,U505A,u505a.svg,,,draft,2261–2280,tree.png,,, 
冴,NA,2261,7,H,sharp,sharp,sharp,,,heisig_extra,heisig_extra,K2266,2266,5,114,6,U51B4,u51b4.svg,,,draft,2261–2280,tree.png,,, 
凋,NA,2262,10,H,wilt,wilt,wilt,,,heisig_extra,heisig_extra,K2267,2267,5,114,7,U51CB,u51cb.svg,,,draft,2261–2280,tree.png,,, 
凌,NA,2263,10,H,pull_through,pull through,pull_through,,,heisig_extra,heisig_extra,K2268,2268,5,114,8,U51CC,u51cc.svg,,,draft,2261–2280,tree.png,,, 
凛,NA,2264,15,H,stately,stately,stately,,,heisig_extra,heisig_extra,K2269,2269,5,114,9,U51DB,u51db.svg,,,draft,2261–2280,tree.png,,, 
凧,NA,2265,5,H,kite,kite,kite,,,heisig_extra,heisig_extra,K2270,2270,5,114,10,U51E7,u51e7.svg,,,draft,2261–2280,tree.png,,, 
凪,NA,2266,6,H,lull,lull,lull,,,heisig_extra,heisig_extra,K2271,2271,5,114,11,U51EA,u51ea.svg,,,draft,2261–2280,tree.png,,, 
夙,NA,2267,6,H,earlybird,earlybird,earlybird,,,heisig_extra,heisig_extra,K2272,2272,5,114,12,U5919,u5919.svg,,,draft,2261–2280,tree.png,,, 
鳳,NA,2268,14,H,phoenix,phoenix,phoenix,,,heisig_extra,heisig_extra,K2273,2273,5,114,13,U9CF3,u9cf3.svg,,,draft,2261–2280,tree.png,,, 
剽,NA,2269,13,H,menace,menace,menace,,,heisig_extra,heisig_extra,K2274,2274,5,114,14,U527D,u527d.svg,,,draft,2261–2280,tree.png,,, 
劉,NA,2270,15,H,slaughter,slaughter,slaughter,,,heisig_extra,heisig_extra,K2275,2275,5,114,15,U5289,u5289.svg,,,draft,2261–2280,tree.png,,, 
剃,NA,2271,9,H,shave,shave,shave,,,heisig_extra,heisig_extra,K2276,2276,5,114,16,U5243,u5243.svg,,,draft,2261–2280,tree.png,,, 
厭,NA,2272,14,H,despondent,despondent,despondent,,,heisig_extra,heisig_extra,K2277,2277,5,114,17,U53AD,u53ad.svg,,,draft,2261–2280,tree.png,,, 
雁,NA,2273,12,H,wild,wild goose,wild,,,heisig_extra,heisig_extra,K2278,2278,5,114,18,U96C1,u96c1.svg,,,draft,2261–2280,tree.png,,, 
贋,NA,2274,19,H,counterfeit,counterfeit,counterfeit,,,heisig_extra,heisig_extra,K2279,2279,5,114,19,U8D0B,u8d0b.svg,,,draft,2261–2280,tree.png,,, 
厨,NA,2275,12,H,kitchen,kitchen,kitchen,,,heisig_extra,heisig_extra,K2280,2280,5,114,20,U53A8,u53a8.svg,,,draft,2261–2280,tree.png,,, 
仄,NA,2276,4,H,insinuate,insinuate,insinuate,,,heisig_extra,heisig_extra,K2281,2281,5,115,1,U4EC4,u4ec4.svg,,,draft,2281–2300,bamboo.png,,, 
哨,NA,2277,10,H,scout,scout,scout,,,heisig_extra,heisig_extra,K2282,2282,5,115,2,U54E8,u54e8.svg,,,draft,2281–2300,bamboo.png,,, 
咎,NA,2278,8,H,reprehend,reprehend,reprehend,,,heisig_extra,heisig_extra,K2283,2283,5,115,3,U548E,u548e.svg,,,draft,2281–2300,bamboo.png,,, 
囁,NA,2279,21,H,whisper,whisper,whisper,,,heisig_extra,heisig_extra,K2284,2284,5,115,4,U56C1,u56c1.svg,,,draft,2281–2300,bamboo.png,,, 
喋,NA,2280,12,H,chatter,chatter,chatter,,,heisig_extra,heisig_extra,K2285,2285,5,115,5,U558B,u558b.svg,,,draft,2281–2300,bamboo.png,,, 
嘩,NA,2281,13,H,quarrel,quarrel,quarrel,,,heisig_extra,heisig_extra,K2286,2286,5,115,6,U5629,u5629.svg,,,draft,2281–2300,bamboo.png,,, 
噂,NA,2282,15,H,gossip,gossip,gossip,,,heisig_extra,heisig_extra,K2287,2287,5,115,7,U5642,u5642.svg,,,draft,2281–2300,bamboo.png,,, 
咳,NA,2283,9,H,cough,cough,cough,,,heisig_extra,heisig_extra,K2288,2288,5,115,8,U54B3,u54b3.svg,,,draft,2281–2300,bamboo.png,,, 
喧,NA,2284,12,H,clamor,clamor,clamor,,,heisig_extra,heisig_extra,K2289,2289,5,115,9,U55A7,u55a7.svg,,,draft,2281–2300,bamboo.png,,, 
叩,NA,2285,5,H,bash,bash,bash,,,heisig_extra,heisig_extra,K2290,2290,5,115,10,U53E9,u53e9.svg,,,draft,2281–2300,bamboo.png,,, 
嘘,NA,2286,14,H,fib,fib,fib,,,heisig_extra,heisig_extra,K2291,2291,5,115,11,U5618,u5618.svg,,,draft,2281–2300,bamboo.png,,, 
啄,NA,2287,10,H,peck,peck at,peck,,,heisig_extra,heisig_extra,K2292,2292,5,115,12,U5544,u5544.svg,,,draft,2281–2300,bamboo.png,,, 
吠,NA,2288,7,H,barking,barking,barking,,,heisig_extra,heisig_extra,K2293,2293,5,115,13,U5420,u5420.svg,,,draft,2281–2300,bamboo.png,,, 
吊,NA,2289,6,H,dangle,dangle,dangle,,,heisig_extra,heisig_extra,K2294,2294,5,115,14,U540A,u540a.svg,,,draft,2281–2300,bamboo.png,,, 
噛,NA,2290,15,H,chew,chew,chew,,,heisig_extra,heisig_extra,K2295,2295,5,115,15,U565B,u565b.svg,,,draft,2281–2300,bamboo.png,,, 
叶,NA,2291,5,H,within_ability,within ability,within_my_ability,,,heisig_extra,heisig_extra,K2296,2296,5,115,16,U53F6,u53f6.svg,,,draft,2281–2300,bamboo.png,,, 
吻,NA,2292,7,H,sidesofmouth,sides of the mouth,sides_of_the_mouth,,,heisig_extra,heisig_extra,K2297,2297,5,115,17,U543B,u543b.svg,,,draft,2281–2300,bamboo.png,,, 
吃,NA,2293,6,H,stammer,stammer,stammer,,,heisig_extra,heisig_extra,K2298,2298,5,115,18,U5403,u5403.svg,,,draft,2281–2300,bamboo.png,,, 
噺,NA,2294,16,H,spin,spin a tale,spin,,,heisig_extra,heisig_extra,K2299,2299,5,115,19,U567A,u567a.svg,,,draft,2281–2300,bamboo.png,,, 
噌,NA,2295,14,H,miso,miso,miso,,,heisig_extra,heisig_extra,K2300,2300,5,115,20,U564C,u564c.svg,,,draft,2281–2300,bamboo.png,,, 
邑,NA,2296,7,H,city,city walls,city,,,heisig_extra,heisig_extra,K2301,2301,5,116,1,U9091,u9091.svg,,,draft,2301–2320,castle.png,,, 
呆,NA,2297,7,H,dumbfounded,dumbfounded,dumbfounded,,,heisig_extra,heisig_extra,K2302,2302,5,116,2,U5446,u5446.svg,,,draft,2301–2320,castle.png,,, 
喰,NA,2298,12,H,ingest,ingest,ingest,,,heisig_extra,heisig_extra,K2303,2303,5,116,3,U55B0,u55b0.svg,,,draft,2301–2320,castle.png,,, 
埴,NA,2299,11,H,clay,clay,clay,,,heisig_extra,heisig_extra,K2304,2304,5,116,4,U57F4,u57f4.svg,,,draft,2301–2320,castle.png,,, 
坤,NA,2300,8,H,authochthonous,authochthonous,authochthonous,,,heisig_extra,heisig_extra,K2305,2305,5,116,5,U5764,u5764.svg,,,draft,2301–2320,castle.png,,, 
壕,NA,2301,17,H,dugout,dugout,dugout,,,heisig_extra,heisig_extra,K2306,2306,5,116,6,U58D5,u58d5.svg,,,draft,2301–2320,castle.png,,, 
垢,NA,2302,9,H,blemish,blemish,blemish,,,heisig_extra,heisig_extra,K2307,2307,5,116,7,U57A2,u57a2.svg,,,draft,2301–2320,castle.png,,, 
坦,NA,2303,8,H,flatlevel,flat level,flat_level,,,heisig_extra,heisig_extra,K2308,2308,5,116,8,U5766,u5766.svg,,,draft,2301–2320,castle.png,,, 
埠,NA,2304,11,H,wharf,wharf,wharf,,,heisig_extra,heisig_extra,K2309,2309,5,116,9,U57E0,u57e0.svg,,,draft,2301–2320,castle.png,,, 
堰,NA,2305,12,H,dam,dam,dam,,,heisig_extra,heisig_extra,K2310,2310,5,116,10,U5830,u5830.svg,,,draft,2301–2320,castle.png,,, 
堵,NA,2306,11,H,railing,railing,railing,,,heisig_extra,heisig_extra,K2311,2311,5,116,11,U5835,u5835.svg,,,draft,2301–2320,castle.png,,, 
嬰,NA,2307,17,H,suckling,suckling infant,suckling,,,heisig_extra,heisig_extra,K2312,2312,5,116,12,U5B30,u5b30.svg,,,draft,2301–2320,castle.png,,, 
姦,NA,2308,9,H,violate,violate,violate,,,heisig_extra,heisig_extra,K2313,2313,5,116,13,U59E6,u59e6.svg,,,draft,2301–2320,castle.png,,, 
婢,NA,2309,11,H,handmaiden,handmaiden,handmaiden,,,heisig_extra,heisig_extra,K2314,2314,5,116,14,U5A62,u5a62.svg,,,draft,2301–2320,castle.png,,, 
婉,NA,2310,11,H,well_finished,well finished,well_finished,,,heisig_extra,heisig_extra,K2315,2315,5,116,15,U5A49,u5a49.svg,,,draft,2301–2320,castle.png,,, 
娼,NA,2311,11,H,harlot,harlot,harlot,,,heisig_extra,heisig_extra,K2316,2316,5,116,16,U5A3C,u5a3c.svg,,,draft,2301–2320,castle.png,,, 
妓,NA,2312,7,H,courtesan,courtesan,courtesan,,,heisig_extra,heisig_extra,K2317,2317,5,116,17,U5993,u5993.svg,,,draft,2301–2320,castle.png,,, 
娃,NA,2313,9,H,fair,fair,fair,,,heisig_extra,heisig_extra,K2318,2318,5,116,18,U5A03,u5a03.svg,,,draft,2301–2320,castle.png,,, 
姪,NA,2314,9,H,niece,niece,niece,,,heisig_extra,heisig_extra,K2319,2319,5,116,19,U59EA,u59ea.svg,,,draft,2301–2320,castle.png,,, 
嬬,NA,2315,17,H,mistress,mistress,mistress,,,heisig_extra,heisig_extra,K2320,2320,5,116,20,U5B2C,u5b2c.svg,,,draft,2301–2320,castle.png,,, 
姥,NA,2316,9,H,aged,aged woman,aged,,,heisig_extra,heisig_extra,K2321,2321,5,117,1,U59E5,u59e5.svg,,,draft,2321–2340,koi.png,,, 
姑,NA,2317,8,H,motherinlaw,mother-in-law,motherinlaw,,,heisig_extra,heisig_extra,K2322,2322,5,117,2,U59D1,u59d1.svg,,,draft,2321–2340,koi.png,,, 
姐,NA,2318,8,H,young_miss,young miss,young_miss,,,heisig_extra,heisig_extra,K2323,2323,5,117,3,U59D0,u59d0.svg,,,draft,2321–2340,koi.png,,, 
嬉,NA,2319,15,H,overjoyed,overjoyed,overjoyed,,,heisig_extra,heisig_extra,K2324,2324,5,117,4,U5B09,u5b09.svg,,,draft,2321–2340,koi.png,,, 
孕,NA,2320,5,H,expecting,expecting,expecting,,,heisig_extra,heisig_extra,K2325,2325,5,117,5,U5B55,u5b55.svg,,,draft,2321–2340,koi.png,,, 
孜,NA,2321,7,H,assiduous,assiduous,assiduous,,,heisig_extra,heisig_extra,K2326,2326,5,117,6,U5B5C,u5b5c.svg,,,draft,2321–2340,koi.png,,, 
宥,NA,2322,9,H,soothe,soothe,soothe,,,heisig_extra,heisig_extra,K2327,2327,5,117,7,U5BA5,u5ba5.svg,,,draft,2321–2340,koi.png,,, 
寓,NA,2323,12,H,imply,imply,imply,,,heisig_extra,heisig_extra,K2328,2328,5,117,8,U5BD3,u5bd3.svg,,,draft,2321–2340,koi.png,,, 
宏,NA,2324,7,H,extensive,extensive,extensive,,,heisig_extra,heisig_extra,K2329,2329,5,117,9,U5B8F,u5b8f.svg,,,draft,2321–2340,koi.png,,, 
牢,NA,2325,7,H,jail,jail,jail,,,heisig_extra,heisig_extra,K2330,2330,5,117,10,U7262,u7262.svg,,,draft,2321–2340,koi.png,,, 
宋,NA,2326,7,H,sung,Sung dynasty,sung,,,heisig_extra,heisig_extra,K2331,2331,5,117,11,U5B8B,u5b8b.svg,,,draft,2321–2340,koi.png,,, 
宍,NA,2327,7,H,venison,venison,venison,,,heisig_extra,heisig_extra,K2332,2332,5,117,12,U5B8D,u5b8d.svg,,,draft,2321–2340,koi.png,,, 
屠,NA,2328,11,H,butchering,butchering,butchering,,,heisig_extra,heisig_extra,K2333,2333,5,117,13,U5C60,u5c60.svg,,,draft,2321–2340,koi.png,,, 
屁,NA,2329,7,H,fart,fart,fart,,,heisig_extra,heisig_extra,K2334,2334,5,117,14,U5C41,u5c41.svg,,,draft,2321–2340,koi.png,,, 
屑,NA,2330,10,H,rubbish,rubbish,rubbish,,,heisig_extra,heisig_extra,K2335,2335,5,117,15,U5C51,u5c51.svg,,,draft,2321–2340,koi.png,,, 
屡,NA,2331,12,H,frequently,frequently,frequently,,,heisig_extra,heisig_extra,K2336,2336,5,117,16,U5C61,u5c61.svg,,,draft,2321–2340,koi.png,,, 
屍,NA,2332,9,H,corpse,corpse,corpse,,,heisig_extra,heisig_extra,K2337,2337,5,117,17,U5C4D,u5c4d.svg,,,draft,2321–2340,koi.png,,, 
屏,NA,2333,9,H,folding,folding screen,folding,,,heisig_extra,heisig_extra,K2338,2338,5,117,18,U5C4F,u5c4f.svg,,,draft,2321–2340,koi.png,,, 
嵩,NA,2334,13,H,highreaching,high-reaching,highreaching,,,heisig_extra,heisig_extra,K2339,2339,5,117,19,U5D69,u5d69.svg,,,draft,2321–2340,koi.png,,, 
崚,NA,2335,11,H,rugged,rugged mountains,rugged,,,heisig_extra,heisig_extra,K2340,2340,5,117,20,U5D1A,u5d1a.svg,,,draft,2321–2340,koi.png,,, 
嶺,NA,2336,17,H,mountaintop,mountaintop,mountaintop,,,heisig_extra,heisig_extra,K2341,2341,5,118,1,U5DBA,u5dba.svg,,,draft,2341–2360,kujira.png,,, 
嵌,NA,2337,12,H,fitinto,fit into,fit_into,,,heisig_extra,heisig_extra,K2342,2342,5,118,2,U5D4C,u5d4c.svg,,,draft,2341–2360,kujira.png,,, 
帖,NA,2338,8,H,quire,quire,quire,,,heisig_extra,heisig_extra,K2343,2343,5,118,3,U5E16,u5e16.svg,,,draft,2341–2360,kujira.png,,, 
幡,NA,2339,15,H,banner,banner,banner,,,heisig_extra,heisig_extra,K2344,2344,5,118,4,U5E61,u5e61.svg,,,draft,2341–2360,kujira.png,,, 
幟,NA,2340,15,H,pennant,pennant,pennant,,,heisig_extra,heisig_extra,K2345,2345,5,118,5,U5E5F,u5e5f.svg,,,draft,2341–2360,kujira.png,,, 
庖,NA,2341,8,H,cleaver,cleaver,cleaver,,,heisig_extra,heisig_extra,K2346,2346,5,118,6,U5E96,u5e96.svg,,,draft,2341–2360,kujira.png,,, 
廓,NA,2342,14,H,licensed,licensed quarters,licensed,,,heisig_extra,heisig_extra,K2347,2347,5,118,7,U5ED3,u5ed3.svg,,,draft,2341–2360,kujira.png,,, 
庇,NA,2343,7,H,overhang,overhang,overhang,,,heisig_extra,heisig_extra,K2348,2348,5,118,8,U5E87,u5e87.svg,,,draft,2341–2360,kujira.png,,, 
鷹,NA,2344,24,H,hawk,hawk,hawk,,,heisig_extra,heisig_extra,K2349,2349,5,118,9,U9DF9,u9df9.svg,,,draft,2341–2360,kujira.png,,, 
庄,NA,2345,6,H,shire,shire,shire,,,heisig_extra,heisig_extra,K2350,2350,5,118,10,U5E84,u5e84.svg,,,draft,2341–2360,kujira.png,,, 
廟,NA,2346,15,H,tomb_sanctuary,tomb sanctuary,tomb_sanctuary,,,heisig_extra,heisig_extra,K2351,2351,5,118,11,U5EDF,u5edf.svg,,,draft,2341–2360,kujira.png,,, 
彊,NA,2347,16,H,strengthen,strengthen,strengthen,,,heisig_extra,heisig_extra,K2352,2352,5,118,12,U5F4A,u5f4a.svg,,,draft,2341–2360,kujira.png,,, 
弛,NA,2348,6,H,loosen,loosen,loosen,,,heisig_extra,heisig_extra,K2353,2353,5,118,13,U5F1B,u5f1b.svg,,,draft,2341–2360,kujira.png,,, 
粥,NA,2349,12,H,ricegruel,rice gruel,rice_gruel,,,heisig_extra,heisig_extra,K2354,2354,5,118,14,U7CA5,u7ca5.svg,,,draft,2341–2360,kujira.png,,, 
挽,NA,2350,10,H,lathe,lathe,lathe,,,heisig_extra,heisig_extra,K2355,2355,5,118,15,U633D,u633d.svg,,,draft,2341–2360,kujira.png,,, 
撞,NA,2351,15,H,bump,bump into,bump,,,heisig_extra,heisig_extra,K2356,2356,5,118,16,U649E,u649e.svg,,,draft,2341–2360,kujira.png,,, 
扮,NA,2352,7,H,disguise,disguise,disguise,,,heisig_extra,heisig_extra,K2357,2357,5,118,17,U626E,u626e.svg,,,draft,2341–2360,kujira.png,,, 
捏,NA,2353,10,H,fabrication,fabrication,fabrication,,,heisig_extra,heisig_extra,K2358,2358,5,118,18,U634F,u634f.svg,,,draft,2341–2360,kujira.png,,, 
掴,NA,2354,11,H,clutch,clutch,clutch,,,heisig_extra,heisig_extra,K2359,2359,5,118,19,U63B4,u63b4.svg,,,draft,2341–2360,kujira.png,,, 
捺,NA,2355,11,H,impress,impress,impress,,,heisig_extra,heisig_extra,K2360,2360,5,118,20,U637A,u637a.svg,,,draft,2341–2360,kujira.png,,, 
掻,NA,2356,11,H,scratch,scratch,scratch,,,heisig_extra,heisig_extra,K2361,2361,5,119,1,U63BB,u63bb.svg,,,draft,2361–2380,mountain.png,,, 
撰,NA,2357,15,H,assortment,assortment,assortment,,,heisig_extra,heisig_extra,K2362,2362,5,119,2,U64B0,u64b0.svg,,,draft,2361–2380,mountain.png,,, 
揃,NA,2358,12,H,muster,muster,muster,,,heisig_extra,heisig_extra,K2363,2363,5,119,3,U63C3,u63c3.svg,,,draft,2361–2380,mountain.png,,, 
捌,NA,2359,10,H,dealwith,deal with,deal_with,,,heisig_extra,heisig_extra,K2364,2364,5,119,4,U634C,u634c.svg,,,draft,2361–2380,mountain.png,,, 
按,NA,2360,9,H,press,press down on,press,,,heisig_extra,heisig_extra,K2365,2365,5,119,5,U6309,u6309.svg,,,draft,2361–2380,mountain.png,,, 
播,NA,2361,15,H,disseminate,disseminate,disseminate,,,heisig_extra,heisig_extra,K2366,2366,5,119,6,U64AD,u64ad.svg,,,draft,2361–2380,mountain.png,,, 
揖,NA,2362,12,H,bow,bow,bow,,,heisig_extra,heisig_extra,K2367,2367,5,119,7,U63D6,u63d6.svg,,,draft,2361–2380,mountain.png,,, 
托,NA,2363,6,H,receptacle,receptacle,receptacle,,,heisig_extra,heisig_extra,K2368,2368,5,119,8,U6258,u6258.svg,,,draft,2361–2380,mountain.png,,, 
捧,NA,2364,11,H,devote,devote,devote,,,heisig_extra,heisig_extra,K2369,2369,5,119,9,U6367,u6367.svg,,,draft,2361–2380,mountain.png,,, 
撚,NA,2365,15,H,twirl,twirl,twirl,,,heisig_extra,heisig_extra,K2370,2370,5,119,10,U649A,u649a.svg,,,draft,2361–2380,mountain.png,,, 
挺,NA,2366,10,H,upright,upright,upright,,,heisig_extra,heisig_extra,K2371,2371,5,119,11,U633A,u633a.svg,,,draft,2361–2380,mountain.png,,, 
擾,NA,2367,18,H,commotion,commotion,commotion,,,heisig_extra,heisig_extra,K2372,2372,5,119,12,U64FE,u64fe.svg,,,draft,2361–2380,mountain.png,,, 
撫,NA,2368,15,H,petting,petting,petting,,,heisig_extra,heisig_extra,K2373,2373,5,119,13,U64AB,u64ab.svg,,,draft,2361–2380,mountain.png,,, 
撒,NA,2369,15,H,sprinkle,sprinkle,sprinkle,,,heisig_extra,heisig_extra,K2374,2374,5,119,14,U6492,u6492.svg,,,draft,2361–2380,mountain.png,,, 
擢,NA,2370,17,H,outstanding,outstanding,outstanding,,,heisig_extra,heisig_extra,K2375,2375,5,119,15,U64E2,u64e2.svg,,,draft,2361–2380,mountain.png,,, 
摺,NA,2371,14,H,rubbing,rubbing,rubbing,,,heisig_extra,heisig_extra,K2376,2376,5,119,16,U647A,u647a.svg,,,draft,2361–2380,mountain.png,,, 
捷,NA,2372,11,H,spoils,spoils,spoils,,,heisig_extra,heisig_extra,K2377,2377,5,119,17,U6377,u6377.svg,,,draft,2361–2380,mountain.png,,, 
抉,NA,2373,7,H,gouge,gouge out,gouge,,,heisig_extra,heisig_extra,K2378,2378,5,119,18,U6289,u6289.svg,,,draft,2361–2380,mountain.png,,, 
怯,NA,2374,8,H,wince,wince,wince,,,heisig_extra,heisig_extra,K2379,2379,5,119,19,U602F,u602f.svg,,,draft,2361–2380,mountain.png,,, 
惟,NA,2375,11,H,ponder,ponder,ponder,,,heisig_extra,heisig_extra,K2380,2380,5,119,20,U60DF,u60df.svg,,,draft,2361–2380,mountain.png,,, 
惚,NA,2376,11,H,infatuation,infatuation,infatuation,,,heisig_extra,heisig_extra,K2381,2381,5,120,1,U60DA,u60da.svg,,,draft,2381–2400,tree.png,,, 
怜,NA,2377,8,H,quickwitted,quickwitted,quickwitted,,,heisig_extra,heisig_extra,K2382,2382,5,120,2,U601C,u601c.svg,,,draft,2381–2400,tree.png,,, 
惇,NA,2378,11,H,considerate,considerate,considerate,,,heisig_extra,heisig_extra,K2383,2383,5,120,3,U60C7,u60c7.svg,,,draft,2381–2400,tree.png,,, 
恰,NA,2379,9,H,asif,as if,as_if,,,heisig_extra,heisig_extra,K2384,2384,5,120,4,U6070,u6070.svg,,,draft,2381–2400,tree.png,,, 
恢,NA,2380,9,H,enlarge,enlarge,enlarge,,,heisig_extra,heisig_extra,K2385,2385,5,120,5,U6062,u6062.svg,,,draft,2381–2400,tree.png,,, 
悌,NA,2381,10,H,respectelders,respect for elders,respect_for_elders,,,heisig_extra,heisig_extra,K2386,2386,5,120,6,U608C,u608c.svg,,,draft,2381–2400,tree.png,,, 
澪,NA,2382,16,H,canal,canal,canal,,,heisig_extra,heisig_extra,K2387,2387,5,120,7,U6FAA,u6faa.svg,,,draft,2381–2400,tree.png,,, 
洸,NA,2383,9,H,glistening,glistening,glistening,,,heisig_extra,heisig_extra,K2388,2388,5,120,8,U6D38,u6d38.svg,,,draft,2381–2400,tree.png,,, 
滉,NA,2384,13,H,bounding,bounding main,bounding,,,heisig_extra,heisig_extra,K2389,2389,5,120,9,U6EC9,u6ec9.svg,,,draft,2381–2400,tree.png,,, 
漱,NA,2385,14,H,gargle,gargle,gargle,,,heisig_extra,heisig_extra,K2390,2390,5,120,10,U6F31,u6f31.svg,,,draft,2381–2400,tree.png,,, 
洲,NA,2386,9,H,continent,continent,continent,,,heisig_extra,heisig_extra,K2391,2391,5,120,11,U6D32,u6d32.svg,,,draft,2381–2400,tree.png,,, 
洵,NA,2387,9,H,swirlingwaters,swirling waters,swirling_waters,,,heisig_extra,heisig_extra,K2392,2392,5,120,12,U6D35,u6d35.svg,,,draft,2381–2400,tree.png,,, 
滲,NA,2388,14,H,seep,seep,seep,,,heisig_extra,heisig_extra,K2393,2393,5,120,13,U6EF2,u6ef2.svg,,,draft,2381–2400,tree.png,,, 
洒,NA,2389,9,H,rinse,rinse,rinse,,,heisig_extra,heisig_extra,K2394,2394,5,120,14,U6D12,u6d12.svg,,,draft,2381–2400,tree.png,,, 
沐,NA,2390,7,H,douse,douse,douse,,,heisig_extra,heisig_extra,K2395,2395,5,120,15,U6C90,u6c90.svg,,,draft,2381–2400,tree.png,,, 
泪,NA,2391,8,H,teardrops,teardrops,teardrops,,,heisig_extra,heisig_extra,K2396,2396,5,120,16,U6CEA,u6cea.svg,,,draft,2381–2400,tree.png,,, 
渾,NA,2392,12,H,gushing,gushing,gushing,,,heisig_extra,heisig_extra,K2397,2397,5,120,17,U6E3E,u6e3e.svg,,,draft,2381–2400,tree.png,,, 
涜,NA,2393,10,H,blaspheme,blaspheme,blaspheme,,,heisig_extra,heisig_extra,K2398,2398,5,120,18,U6D9C,u6d9c.svg,,,draft,2381–2400,tree.png,,, 
梁,NA,2394,11,H,roofbeam,roofbeam,roofbeam,,,heisig_extra,heisig_extra,K2399,2399,5,120,19,U6881,u6881.svg,,,draft,2381–2400,tree.png,,, 
澱,NA,2395,16,H,sediment,sediment,sediment,,,heisig_extra,heisig_extra,K2400,2400,5,120,20,U6FB1,u6fb1.svg,,,draft,2381–2400,tree.png,,, 
洛,NA,2396,9,H,oldkyoto,old Kyoto,old_kyoto,,,heisig_extra,heisig_extra,K2401,2401,5,121,1,U6D1B,u6d1b.svg,,,draft,2401–2420,bamboo.png,,, 
汝,NA,2397,6,H,thou,thou,thou,,,heisig_extra,heisig_extra,K2402,2402,5,121,2,U6C5D,u6c5d.svg,,,draft,2401–2420,bamboo.png,,, 
漉,NA,2398,14,H,filter,filter,filter,,,heisig_extra,heisig_extra,K2403,2403,5,121,3,U6F09,u6f09.svg,,,draft,2401–2420,bamboo.png,,, 
瀕,NA,2399,20,H,on,on the verge of,on,,,heisig_extra,heisig_extra,K2404,2404,5,121,4,U7015,u7015.svg,,,draft,2401–2420,bamboo.png,,, 
濠,NA,2400,17,H,moat,moat,moat,,,heisig_extra,heisig_extra,K2405,2405,5,121,5,U6FE0,u6fe0.svg,,,draft,2401–2420,bamboo.png,,, 
溌,NA,2401,12,H,spray,spray,spray,,,heisig_extra,heisig_extra,K2406,2406,5,121,6,U6E8C,u6e8c.svg,,,draft,2401–2420,bamboo.png,,, 
湊,NA,2402,12,H,port,port,port,,,heisig_extra,heisig_extra,K2407,2407,5,121,7,U6E4A,u6e4a.svg,,,draft,2401–2420,bamboo.png,,, 
淋,NA,2403,11,H,solitude,solitude,solitude,,,heisig_extra,heisig_extra,K2408,2408,5,121,8,U6DCB,u6dcb.svg,,,draft,2401–2420,bamboo.png,,, 
浩,NA,2404,10,H,abounding,abounding,abounding,,,heisig_extra,heisig_extra,K2409,2409,5,121,9,U6D69,u6d69.svg,,,draft,2401–2420,bamboo.png,,, 
汀,NA,2405,5,H,watersedge,water’s edge,waters_edge,,,heisig_extra,heisig_extra,K2410,2410,5,121,10,U6C40,u6c40.svg,,,draft,2401–2420,bamboo.png,,, 
鴻,NA,2406,17,H,large_goose,large goose,large_goose,,,heisig_extra,heisig_extra,K2411,2411,5,121,11,U9D3B,u9d3b.svg,,,draft,2401–2420,bamboo.png,,, 
潅,NA,2407,14,H,souse,souse,souse,,,heisig_extra,heisig_extra,K2412,2412,5,121,12,U6F45,u6f45.svg,,,draft,2401–2420,bamboo.png,,, 
溢,NA,2408,13,H,brimming,brimming,brimming,,,heisig_extra,heisig_extra,K2413,2413,5,121,13,U6EA2,u6ea2.svg,,,draft,2401–2420,bamboo.png,,, 
湛,NA,2409,12,H,inundate,inundate,inundate,,,heisig_extra,heisig_extra,K2414,2414,5,121,14,U6E5B,u6e5b.svg,,,draft,2401–2420,bamboo.png,,, 
淳,NA,2410,11,H,immaculate,immaculate,immaculate,,,heisig_extra,heisig_extra,K2415,2415,5,121,15,U6DF3,u6df3.svg,,,draft,2401–2420,bamboo.png,,, 
渥,NA,2411,12,H,moisten,moisten,moisten,,,heisig_extra,heisig_extra,K2416,2416,5,121,16,U6E25,u6e25.svg,,,draft,2401–2420,bamboo.png,,, 
灘,NA,2412,21,H,rough,rough seas,rough,,,heisig_extra,heisig_extra,K2417,2417,5,121,17,U7058,u7058.svg,,,draft,2401–2420,bamboo.png,,, 
汲,NA,2413,7,H,drawwater,draw water,draw_water,,,heisig_extra,heisig_extra,K2418,2418,5,121,18,U6C72,u6c72.svg,,,draft,2401–2420,bamboo.png,,, 
溜,NA,2415,13,H,cumulation,cumulation,cumulation,,,heisig_extra,heisig_extra,K2420,2420,5,121,20,U6E9C,u6e9c.svg,,,draft,2401–2420,bamboo.png,,, 
渕,NA,2416,11,H,abyss_variant,abyss (variant),abyss_variant,,,heisig_extra,heisig_extra,K2421,2421,5,122,1,U6E15,u6e15.svg,,,draft,2421–2440,castle.png,,, 
沌,NA,2417,7,H,chaos,chaos,chaos,,,heisig_extra,heisig_extra,K2422,2422,5,122,2,U6C8C,u6c8c.svg,,,draft,2421–2440,castle.png,,, 
濾,NA,2418,18,H,strainer,strainer,strainer,,,heisig_extra,heisig_extra,K2423,2423,5,122,3,U6FFE,u6ffe.svg,,,draft,2421–2440,castle.png,,, 
濡,NA,2419,17,H,drench,drench,drench,,,heisig_extra,heisig_extra,K2424,2424,5,122,4,U6FE1,u6fe1.svg,,,draft,2421–2440,castle.png,,, 
淀,NA,2420,11,H,eddy,eddy,eddy,,,heisig_extra,heisig_extra,K2425,2425,5,122,5,U6DC0,u6dc0.svg,,,draft,2421–2440,castle.png,,, 
涅,NA,2421,10,H,black_soil,black soil,black_soil,,,heisig_extra,heisig_extra,K2426,2426,5,122,6,U6D85,u6d85.svg,,,draft,2421–2440,castle.png,,, 
斧,NA,2422,8,H,hatchet,hatchet,hatchet,,,heisig_extra,heisig_extra,K2427,2427,5,122,7,U65A7,u65a7.svg,,,draft,2421–2440,castle.png,,, 
爺,NA,2423,13,H,grandpa,grandpa,grandpa,,,heisig_extra,heisig_extra,K2428,2428,5,122,8,U723A,u723a.svg,,,draft,2421–2440,castle.png,,, 
猾,NA,2424,13,H,sly,sly,sly,,,heisig_extra,heisig_extra,K2429,2429,5,122,9,U733E,u733e.svg,,,draft,2421–2440,castle.png,,, 
猥,NA,2425,12,H,indecent,indecent,indecent,,,heisig_extra,heisig_extra,K2430,2430,5,122,10,U7325,u7325.svg,,,draft,2421–2440,castle.png,,, 
狡,NA,2426,9,H,cunning,cunning,cunning,,,heisig_extra,heisig_extra,K2431,2431,5,122,11,U72E1,u72e1.svg,,,draft,2421–2440,castle.png,,, 
狸,NA,2427,10,H,racoon,racoon dog,racoon,,,heisig_extra,heisig_extra,K2432,2432,5,122,12,U72F8,u72f8.svg,,,draft,2421–2440,castle.png,,, 
狼,NA,2428,10,H,wolf,wolf,wolf,,,heisig_extra,heisig_extra,K2433,2433,5,122,13,U72FC,u72fc.svg,,,draft,2421–2440,castle.png,,, 
狽,NA,2429,10,H,flustered,flustered,flustered,,,heisig_extra,heisig_extra,K2434,2434,5,122,14,U72FD,u72fd.svg,,,draft,2421–2440,castle.png,,, 
狗,NA,2430,8,H,pup,pup,pup,,,heisig_extra,heisig_extra,K2435,2435,5,122,15,U72D7,u72d7.svg,,,draft,2421–2440,castle.png,,, 
狐,NA,2431,9,H,fox,fox,fox,,,heisig_extra,heisig_extra,K2436,2436,5,122,16,U72D0,u72d0.svg,,,draft,2421–2440,castle.png,,, 
狛,NA,2432,8,H,aun,a-un,aun,,,heisig_extra,heisig_extra,K2437,2437,5,122,17,U72DB,u72db.svg,,,draft,2421–2440,castle.png,,, 
獅,NA,2433,13,H,lion,lion,lion,,,heisig_extra,heisig_extra,K2438,2438,5,122,18,U7345,u7345.svg,,,draft,2421–2440,castle.png,,, 
狒,NA,2434,8,H,baboon,baboon,baboon,,,heisig_extra,heisig_extra,K2439,2439,5,122,19,U72D2,u72d2.svg,,,draft,2421–2440,castle.png,,, 
莨,NA,2435,10,H,tobacco,tobacco,tobacco,,,heisig_extra,heisig_extra,K2440,2440,5,122,20,U83A8,u83a8.svg,,,draft,2421–2440,castle.png,,, 
茉,NA,2436,8,H,jasmine,jasmine,jasmine,,,heisig_extra,heisig_extra,K2441,2441,5,123,1,U8309,u8309.svg,,,draft,2441–2460,koi.png,,, 
莉,NA,2437,10,H,hawthorn,hawthorn,hawthorn,,,heisig_extra,heisig_extra,K2442,2442,5,123,2,U8389,u8389.svg,,,draft,2441–2460,koi.png,,, 
苺,NA,2438,8,H,strawberry,strawberry,strawberry,,,heisig_extra,heisig_extra,K2443,2443,5,123,3,U82FA,u82fa.svg,,,draft,2441–2460,koi.png,,, 
萩,NA,2439,12,H,bush,bush clover,bush,,,heisig_extra,heisig_extra,K2444,2444,5,123,4,U8429,u8429.svg,,,draft,2441–2460,koi.png,,, 
藝,NA,2440,18,H,technique,technique (old),technique,,,heisig_extra,heisig_extra,K2445,2445,5,123,5,U85DD,u85dd.svg,,,draft,2441–2460,koi.png,,, 
薙,NA,2441,16,H,trim,trim,trim,,,heisig_extra,heisig_extra,K2446,2446,5,123,6,U8599,u8599.svg,,,draft,2441–2460,koi.png,,, 
蓑,NA,2442,13,H,strawraincoat,straw raincoat,straw_raincoat,,,heisig_extra,heisig_extra,K2447,2447,5,123,7,U84D1,u84d1.svg,,,draft,2441–2460,koi.png,,, 
苔,NA,2443,8,H,moss,moss,moss,,,heisig_extra,heisig_extra,K2448,2448,5,123,8,U82D4,u82d4.svg,,,draft,2441–2460,koi.png,,, 
蕩,NA,2444,15,H,prodigal,prodigal,prodigal,,,heisig_extra,heisig_extra,K2449,2449,5,123,9,U8569,u8569.svg,,,draft,2441–2460,koi.png,,, 
蔓,NA,2445,14,H,tendril,tendril,tendril,,,heisig_extra,heisig_extra,K2450,2450,5,123,10,U8513,u8513.svg,,,draft,2441–2460,koi.png,,, 
蓮,NA,2446,13,H,lotus,lotus,lotus,,,heisig_extra,heisig_extra,K2451,2451,5,123,11,U84EE,u84ee.svg,,,draft,2441–2460,koi.png,,, 
芙,NA,2447,7,H,lotusflower,lotus flower,lotus_flower,,,heisig_extra,heisig_extra,K2452,2452,5,123,12,U8299,u8299.svg,,,draft,2441–2460,koi.png,,, 
蓉,NA,2448,13,H,lotusblossom,lotus blossom,lotus_blossom,,,heisig_extra,heisig_extra,K2453,2453,5,123,13,U84C9,u84c9.svg,,,draft,2441–2460,koi.png,,, 
蘭,NA,2449,19,H,orchid,orchid,orchid,,,heisig_extra,heisig_extra,K2454,2454,5,123,14,U862D,u862d.svg,,,draft,2441–2460,koi.png,,, 
芦,NA,2450,7,H,hollow,hollow reed,hollow,,,heisig_extra,heisig_extra,K2455,2455,5,123,15,U82A6,u82a6.svg,,,draft,2441–2460,koi.png,,, 
薯,NA,2451,16,H,yam,yam,yam,,,heisig_extra,heisig_extra,K2456,2456,5,123,16,U85AF,u85af.svg,,,draft,2441–2460,koi.png,,, 
菖,NA,2452,11,H,iris,iris,iris,,,heisig_extra,heisig_extra,K2457,2457,5,123,17,U83D6,u83d6.svg,,,draft,2441–2460,koi.png,,, 
蕉,NA,2453,15,H,banana,banana,banana,,,heisig_extra,heisig_extra,K2458,2458,5,123,18,U8549,u8549.svg,,,draft,2441–2460,koi.png,,, 
蕎,NA,2454,15,H,buckwheat,buckwheat,buckwheat,,,heisig_extra,heisig_extra,K2459,2459,5,123,19,U854E,u854e.svg,,,draft,2441–2460,koi.png,,, 
蕗,NA,2455,16,H,butterbur,butterbur,butterbur,,,heisig_extra,heisig_extra,K2460,2460,5,123,20,U8557,u8557.svg,,,draft,2441–2460,koi.png,,, 
茄,NA,2456,8,H,eggplant,eggplant,eggplant,,,heisig_extra,heisig_extra,K2461,2461,5,124,1,U8304,u8304.svg,,,draft,2461–2480,kujira.png,,, 
蔭,NA,2457,14,H,behindscenes,behind the scenes,behind_the_scenes,,,heisig_extra,heisig_extra,K2462,2462,5,124,2,U852D,u852d.svg,,,draft,2461–2480,kujira.png,,, 
蓬,NA,2458,13,H,wormwood,wormwood,wormwood,,,heisig_extra,heisig_extra,K2463,2463,5,124,3,U84EC,u84ec.svg,,,draft,2461–2480,kujira.png,,, 
芥,NA,2459,7,H,mustard,mustard,mustard,,,heisig_extra,heisig_extra,K2464,2464,5,124,4,U82A5,u82a5.svg,,,draft,2461–2480,kujira.png,,, 
萌,NA,2460,11,H,germinate,germinate,germinate,,,heisig_extra,heisig_extra,K2465,2465,5,124,5,U840C,u840c.svg,,,draft,2461–2480,kujira.png,,, 
葡,NA,2461,12,H,grape,grape,grape,,,heisig_extra,heisig_extra,K2466,2466,5,124,6,U8461,u8461.svg,,,draft,2461–2480,kujira.png,,, 
萄,NA,2462,11,H,grape_vine,grape vine,grape_vine,,,heisig_extra,heisig_extra,K2467,2467,5,124,7,U8404,u8404.svg,,,draft,2461–2480,kujira.png,,, 
蘇,NA,2463,19,H,resurrect,resurrect,resurrect,,,heisig_extra,heisig_extra,K2468,2468,5,124,8,U8607,u8607.svg,,,draft,2461–2480,kujira.png,,, 
蕃,NA,2464,15,H,grow_wild,grow wild,grow_wild,,,heisig_extra,heisig_extra,K2469,2469,5,124,9,U8543,u8543.svg,,,draft,2461–2480,kujira.png,,, 
苓,NA,2465,8,H,cocklebur,cocklebur,cocklebur,,,heisig_extra,heisig_extra,K2470,2470,5,124,10,U82D3,u82d3.svg,,,draft,2461–2480,kujira.png,,, 
菰,NA,2466,12,H,rushmat,rush mat,rush_mat,,,heisig_extra,heisig_extra,K2471,2471,5,124,11,U83F0,u83f0.svg,,,draft,2461–2480,kujira.png,,, 
蒙,NA,2467,13,H,darken,darken,darken,,,heisig_extra,heisig_extra,K2472,2472,5,124,12,U8499,u8499.svg,,,draft,2461–2480,kujira.png,,, 
茅,NA,2468,8,H,grassy,grassy reed,grassy,,,heisig_extra,heisig_extra,K2473,2473,5,124,13,U8305,u8305.svg,,,draft,2461–2480,kujira.png,,, 
芭,NA,2469,7,H,plantain,plantain,plantain,,,heisig_extra,heisig_extra,K2474,2474,5,124,14,U82AD,u82ad.svg,,,draft,2461–2480,kujira.png,,, 
苅,NA,2470,7,H,mow,mow,mow,,,heisig_extra,heisig_extra,K2475,2475,5,124,15,U82C5,u82c5.svg,,,draft,2461–2480,kujira.png,,, 
葱,NA,2471,12,H,onion,onion,onion,,,heisig_extra,heisig_extra,K2476,2476,5,124,16,U8471,u8471.svg,,,draft,2461–2480,kujira.png,,, 
葵,NA,2472,12,H,hollyhock,hollyhock,hollyhock,,,heisig_extra,heisig_extra,K2477,2477,5,124,17,U8475,u8475.svg,,,draft,2461–2480,kujira.png,,, 
葺,NA,2473,12,H,shingling,shingling,shingling,,,heisig_extra,heisig_extra,K2478,2478,5,124,18,U847A,u847a.svg,,,draft,2461–2480,kujira.png,,, 
蕊,NA,2474,15,H,stamen,stamen,stamen,,,heisig_extra,heisig_extra,K2479,2479,5,124,19,U854A,u854a.svg,,,draft,2461–2480,kujira.png,,, 
茸,NA,2475,9,H,mushroom,mushroom,mushroom,,,heisig_extra,heisig_extra,K2480,2480,5,124,20,U8338,u8338.svg,,,draft,2461–2480,kujira.png,,, 
蒔,NA,2476,13,H,sowing,sowing,sowing,,,heisig_extra,heisig_extra,K2481,2481,5,125,1,U8494,u8494.svg,,,draft,2481–2500,mountain.png,,, 
芹,NA,2477,7,H,parsley,parsley,parsley,,,heisig_extra,heisig_extra,K2482,2482,5,125,2,U82B9,u82b9.svg,,,draft,2481–2500,mountain.png,,, 
苫,NA,2478,8,H,thatching,thatching,thatching,,,heisig_extra,heisig_extra,K2483,2483,5,125,3,U82EB,u82eb.svg,,,draft,2481–2500,mountain.png,,, 
蒼,NA,2479,13,H,pale_blue,pale blue,pale_blue,,,heisig_extra,heisig_extra,K2484,2484,5,125,4,U84BC,u84bc.svg,,,draft,2481–2500,mountain.png,,, 
藁,NA,2480,17,H,straw,straw,straw,,,heisig_extra,heisig_extra,K2485,2485,5,125,5,U85C1,u85c1.svg,,,draft,2481–2500,mountain.png,,, 
蕪,NA,2481,15,H,turnip,turnip,turnip,,,heisig_extra,heisig_extra,K2486,2486,5,125,6,U856A,u856a.svg,,,draft,2481–2500,mountain.png,,, 
藷,NA,2482,18,H,sweet_potato,sweet potato,sweet_potato,,,heisig_extra,heisig_extra,K2487,2487,5,125,7,U85F7,u85f7.svg,,,draft,2481–2500,mountain.png,,, 
薮,NA,2483,16,H,quack,quack,quack,,,heisig_extra,heisig_extra,K2488,2488,5,125,8,U85AE,u85ae.svg,,,draft,2481–2500,mountain.png,,, 
蒜,NA,2484,13,H,garlic,garlic,garlic,,,heisig_extra,heisig_extra,K2489,2489,5,125,9,U849C,u849c.svg,,,draft,2481–2500,mountain.png,,, 
蕨,NA,2485,15,H,bracken,bracken,bracken,,,heisig_extra,heisig_extra,K2490,2490,5,125,10,U8568,u8568.svg,,,draft,2481–2500,mountain.png,,, 
蔚,NA,2486,14,H,growplentiful,grow plentiful,grow_plentiful,,,heisig_extra,heisig_extra,K2491,2491,5,125,11,U851A,u851a.svg,,,draft,2481–2500,mountain.png,,, 
茜,NA,2487,9,H,madder,madder red,madder,,,heisig_extra,heisig_extra,K2492,2492,5,125,12,U831C,u831c.svg,,,draft,2481–2500,mountain.png,,, 
莞,NA,2488,10,H,candlerush,candle rush,candle_rush,,,heisig_extra,heisig_extra,K2493,2493,5,125,13,U839E,u839e.svg,,,draft,2481–2500,mountain.png,,, 
蒐,NA,2489,13,H,collector,collector,collector,,,heisig_extra,heisig_extra,K2494,2494,5,125,14,U8490,u8490.svg,,,draft,2481–2500,mountain.png,,, 
菅,NA,2490,11,H,sedge,sedge,sedge,,,heisig_extra,heisig_extra,K2495,2495,5,125,15,U83C5,u83c5.svg,,,draft,2481–2500,mountain.png,,, 
葦,NA,2491,13,H,ditch_reed,ditch reed,ditch_reed,,,heisig_extra,heisig_extra,K2496,2496,5,125,16,U8466,u8466.svg,,,draft,2481–2500,mountain.png,,, 
迪,NA,2492,8,H,way,Way,way,,,heisig_extra,heisig_extra,K2497,2497,5,125,17,U8FEA,u8fea.svg,,,draft,2481–2500,mountain.png,,, 
辿,NA,2493,6,H,trackdown,track down,track_down,,,heisig_extra,heisig_extra,K2498,2498,5,125,18,U8FBF,u8fbf.svg,,,draft,2481–2500,mountain.png,,, 
這,NA,2494,10,H,crawl,crawl,crawl,,,heisig_extra,heisig_extra,K2499,2499,5,125,19,U9019,u9019.svg,,,draft,2481–2500,mountain.png,,, 
迂,NA,2495,6,H,detour,detour,detour,,,heisig_extra,heisig_extra,K2500,2500,5,125,20,U8FC2,u8fc2.svg,,,draft,2481–2500,mountain.png,,, 
遁,NA,2496,12,H,shirk,shirk,shirk,,,heisig_extra,heisig_extra,K2501,2501,6,126,1,U9041,u9041.svg,,,draft,2501–2520,tree.png,,, 
逢,NA,2497,10,H,tryst,tryst,tryst,,,heisig_extra,heisig_extra,K2502,2502,6,126,2,U9022,u9022.svg,,,draft,2501–2520,tree.png,,, 
遥,NA,2498,12,H,far_off,far off,far_off,,,heisig_extra,heisig_extra,K2503,2503,6,126,3,U9065,u9065.svg,,,draft,2501–2520,tree.png,,, 
遼,NA,2499,15,H,faraway,faraway,faraway,,,heisig_extra,heisig_extra,K2504,2504,6,126,4,U907C,u907c.svg,,,draft,2501–2520,tree.png,,, 
逼,NA,2500,12,H,pressing,pressing,pressing,,,heisig_extra,heisig_extra,K2505,2505,6,126,5,U903C,u903c.svg,,,draft,2501–2520,tree.png,,, 
迄,NA,2501,6,H,until,until,until,,,heisig_extra,heisig_extra,K2506,2506,6,126,6,U8FC4,u8fc4.svg,,,draft,2501–2520,tree.png,,, 
逗,NA,2502,10,H,standstill,standstill,standstill,,,heisig_extra,heisig_extra,K2507,2507,6,126,7,U9017,u9017.svg,,,draft,2501–2520,tree.png,,, 
鄭,NA,2503,15,H,courtesy,courtesy,courtesy,,,heisig_extra,heisig_extra,K2508,2508,6,126,8,U912D,u912d.svg,,,draft,2501–2520,tree.png,,, 
隕,NA,2504,13,H,falling,falling,falling,,,heisig_extra,heisig_extra,K2509,2509,6,126,9,U9695,u9695.svg,,,draft,2501–2520,tree.png,,, 
隈,NA,2505,12,H,nook,nook,nook,,,heisig_extra,heisig_extra,K2510,2510,6,126,10,U9688,u9688.svg,,,draft,2501–2520,tree.png,,, 
憑,NA,2506,16,H,possessed,possessed,possessed,,,heisig_extra,heisig_extra,K2511,2511,6,126,11,U6191,u6191.svg,,,draft,2501–2520,tree.png,,, 
惹,NA,2507,12,H,attract,attract,attract,,,heisig_extra,heisig_extra,K2512,2512,6,126,12,U60F9,u60f9.svg,,,draft,2501–2520,tree.png,,, 
悉,NA,2508,11,H,all,all,all,,ことごと-く,heisig_extra,heisig_extra,K2513,2513,6,126,13,U6089,u6089.svg,,,draft,2501–2520,tree.png,,, 
忽,NA,2509,8,H,instantaneously,instantaneously,instantaneously,,,heisig_extra,heisig_extra,K2514,2514,6,126,14,U5FFD,u5ffd.svg,,,draft,2501–2520,tree.png,,, 
惣,NA,2510,12,H,firstborn,firstborn son,firstborn_son,,,heisig_extra,heisig_extra,K2515,2515,6,126,15,U60E3,u60e3.svg,,,draft,2501–2520,tree.png,,, 
愈,NA,2511,13,H,increasingly,increasingly,increasingly,,,heisig_extra,heisig_extra,K2516,2516,6,126,16,U6108,u6108.svg,,,draft,2501–2520,tree.png,,, 
恕,NA,2512,10,H,sensitive,sensitive,sensitive,,,heisig_extra,heisig_extra,K2517,2517,6,126,17,U6055,u6055.svg,,,draft,2501–2520,tree.png,,, 
昴,NA,2513,9,H,overarching,overarching,overarching,,,heisig_extra,heisig_extra,K2518,2518,6,126,18,U6634,u6634.svg,,,draft,2501–2520,tree.png,,, 
晋,NA,2514,10,H,progress,progress,progress,,,heisig_extra,heisig_extra,K2519,2519,6,126,19,U664B,u664b.svg,,,draft,2501–2520,tree.png,,, 
晟,NA,2515,10,H,aglow,aglow,aglow,,,heisig_extra,heisig_extra,K2520,2520,6,126,20,U665F,u665f.svg,,,draft,2501–2520,tree.png,,, 
暈,NA,2516,13,H,halo,halo,halo,,,heisig_extra,heisig_extra,K2521,2521,6,127,1,U6688,u6688.svg,,,draft,2521–2540,bamboo.png,,, 
暉,NA,2517,13,H,glitter,glitter,glitter,,,heisig_extra,heisig_extra,K2522,2522,6,127,2,U6689,u6689.svg,,,draft,2521–2540,bamboo.png,,, 
旱,NA,2518,7,H,dry_weather,dry_weather,dry_weather,,,heisig_extra,heisig_extra,K2523,2523,6,127,3,U65F1,u65f1.svg,,,draft,2521–2540,bamboo.png,,, 
晏,NA,2519,10,H,clear_skies,clear_skies,clear_skies,,,heisig_extra,heisig_extra,K2524,2524,6,127,4,U664F,u664f.svg,,,draft,2521–2540,bamboo.png,,, 
晨,NA,2520,11,H,morrow,morrow,morrow,,,heisig_extra,heisig_extra,K2525,2525,6,127,5,U6668,u6668.svg,,,draft,2521–2540,bamboo.png,,, 
晒,NA,2521,10,H,bleaching,bleaching,bleaching,,,heisig_extra,heisig_extra,K2526,2526,6,127,6,U6652,u6652.svg,,,draft,2521–2540,bamboo.png,,, 
晃,NA,2522,10,H,limpid,limpid,limpid,,,heisig_extra,heisig_extra,K2527,2527,6,127,7,U6643,u6643.svg,,,draft,2521–2540,bamboo.png,,, 
曝,NA,2523,19,H,expose,expose,expose,,,heisig_extra,heisig_extra,K2528,2528,6,127,8,U66DD,u66dd.svg,,,draft,2521–2540,bamboo.png,,, 
曙,NA,2524,17,H,dawn,dawn,dawn,,,heisig_extra,heisig_extra,K2529,2529,6,127,9,U66D9,u66d9.svg,,,draft,2521–2540,bamboo.png,,, 
昂,NA,2525,8,H,elevate,elevate,elevate,,,heisig_extra,heisig_extra,K2530,2530,6,127,10,U6602,u6602.svg,,,draft,2521–2540,bamboo.png,,, 
昏,NA,2526,8,H,dusk,dusk,dusk,,,heisig_extra,heisig_extra,K2531,2531,6,127,11,U660F,u660f.svg,,,draft,2521–2540,bamboo.png,,, 
晦,NA,2527,10,H,dark,dark,dark,,,heisig_extra,heisig_extra,K2532,2532,6,127,12,U6666,u6666.svg,,,draft,2521–2540,bamboo.png,,, 
膿,NA,2528,17,H,pus,pus,pus,,,heisig_extra,heisig_extra,K2533,2533,6,127,13,U81BF,u81bf.svg,,,draft,2521–2540,bamboo.png,,, 
腑,NA,2529,12,H,viscera,viscera,viscera,,,heisig_extra,heisig_extra,K2534,2534,6,127,14,U8151,u8151.svg,,,draft,2521–2540,bamboo.png,,, 
胱,NA,2530,10,H,bladder,bladder,bladder,,,heisig_extra,heisig_extra,K2535,2535,6,127,15,U80F1,u80f1.svg,,,draft,2521–2540,bamboo.png,,, 
胚,NA,2531,9,H,embryo,embryo,embryo,,,heisig_extra,heisig_extra,K2536,2536,6,127,16,U80DA,u80da.svg,,,draft,2521–2540,bamboo.png,,, 
肛,NA,2532,7,H,anus,anus,anus,,,heisig_extra,heisig_extra,K2537,2537,6,127,17,U809B,u809b.svg,,,draft,2521–2540,bamboo.png,,, 
脆,NA,2533,10,H,fragile,fragile,fragile,,,heisig_extra,heisig_extra,K2538,2538,6,127,18,U8106,u8106.svg,,,draft,2521–2540,bamboo.png,,, 
肋,NA,2534,6,H,rib,rib,rib,,,heisig_extra,heisig_extra,K2539,2539,6,127,19,U808B,u808b.svg,,,draft,2521–2540,bamboo.png,,, 
腔,NA,2535,12,H,body_cavity,body cavity,body_cavity,,,heisig_extra,heisig_extra,K2540,2540,6,127,20,U8154,u8154.svg,,,draft,2521–2540,bamboo.png,,, 
肱,NA,2536,8,H,armrest,armrest,armrest,,,heisig_extra,heisig_extra,K2541,2541,6,128,1,U80B1,u80b1.svg,,,draft,2541–2560,castle.png,,, 
胡,NA,2537,9,H,uncivilized,uncivilized,uncivilized,,,heisig_extra,heisig_extra,K2542,2542,6,128,2,U80E1,u80e1.svg,,,draft,2541–2560,castle.png,,, 
楓,NA,2538,13,H,maple,maple,maple,,,heisig_extra,heisig_extra,K2543,2543,6,128,3,U6953,u6953.svg,,,draft,2541–2560,castle.png,,, 
楊,NA,2539,13,H,purple_willow,purple willow,purple_willow,,,heisig_extra,heisig_extra,K2544,2544,6,128,4,U694A,u694a.svg,,,draft,2541–2560,castle.png,,, 
椋,NA,2540,12,H,oriental_elm,Oriental elm,oriental_elm,,,heisig_extra,heisig_extra,K2545,2545,6,128,5,U690B,u690b.svg,,,draft,2541–2560,castle.png,,, 
榛,NA,2541,14,H,hazel,hazel,hazel,,,heisig_extra,heisig_extra,K2546,2546,6,128,6,U699B,u699b.svg,,,draft,2541–2560,castle.png,,, 
櫛,NA,2542,17,H,comb,comb,comb,,,heisig_extra,heisig_extra,K2547,2547,6,128,7,U6ADB,u6adb.svg,,,draft,2541–2560,castle.png,,, 
槌,NA,2543,13,H,hammer,hammer,hammer,,,heisig_extra,heisig_extra,K2548,2548,6,128,8,U69CC,u69cc.svg,,,draft,2541–2560,castle.png,,, 
樵,NA,2544,16,H,mallet,mallet,mallet,,,heisig_extra,heisig_extra,K2549,2549,6,128,9,U6A35,u6a35.svg,,,draft,2541–2560,castle.png,,, 
梯,NA,2545,11,H,ladder,ladder,ladder,,,heisig_extra,heisig_extra,K2550,2550,6,128,10,U68AF,u68af.svg,,,draft,2541–2560,castle.png,,, 
柑,NA,2546,9,H,citrus_tree,citrus tree,citrus_tree,,,heisig_extra,heisig_extra,K2551,2551,6,128,11,U67D1,u67d1.svg,,,draft,2541–2560,castle.png,,, 
杭,NA,2547,8,H,picket,picket,picket,,,heisig_extra,heisig_extra,K2552,2552,6,128,12,U676D,u676d.svg,,,draft,2541–2560,castle.png,,, 
柊,NA,2548,9,H,holly,holly,holly,,,heisig_extra,heisig_extra,K2553,2553,6,128,13,U67CA,u67ca.svg,,,draft,2541–2560,castle.png,,, 
柚,NA,2549,9,H,citron,citron,citron,,,heisig_extra,heisig_extra,K2554,2554,6,128,14,U67DA,u67da.svg,,,draft,2541–2560,castle.png,,, 
椀,NA,2550,12,H,wooden_bowl,wooden bowl,wooden_bowl,,,heisig_extra,heisig_extra,K2555,2555,6,128,15,U6900,u6900.svg,,,draft,2541–2560,castle.png,,, 
栂,NA,2551,9,H,hemlock,hemlock,hemlock,,,heisig_extra,heisig_extra,K2556,2556,6,128,16,U6802,u6802.svg,,,draft,2541–2560,castle.png,,, 
柾,NA,2552,9,H,spindle,spindle tree,spindle,,,heisig_extra,heisig_extra,K2557,2557,6,128,17,U67FE,u67fe.svg,,,draft,2541–2560,castle.png,,, 
榊,NA,2553,13,H,sacred_tree,sacred tree,sacred_tree,,,heisig_extra,heisig_extra,K2558,2558,6,128,18,U698A,u698a.svg,,,draft,2541–2560,castle.png,,, 
樫,NA,2554,16,H,evergreen_oak,evergreen oak,evergreen_oak,,,heisig_extra,heisig_extra,K2559,2559,6,128,19,U6A2B,u6a2b.svg,,,draft,2541–2560,castle.png,,, 
槙,NA,2555,14,H,black_pine,black pine,black_pine,,,heisig_extra,heisig_extra,K2560,2560,6,128,20,U69D9,u69d9.svg,,,draft,2541–2560,castle.png,,, 
楢,NA,2556,13,H,japanese_oak,Japanese oak,japanese_oak,,,heisig_extra,heisig_extra,K2561,2561,6,129,1,U6962,u6962.svg,,,draft,2561–2580,koi.png,,, 
橘,NA,2557,16,H,tangerine,tangerine,tangerine,,,heisig_extra,heisig_extra,K2562,2562,6,129,2,U6A58,u6a58.svg,,,draft,2561–2580,koi.png,,, 
桧,NA,2558,10,H,japanese_cypress,Japanese cypress,japanese_cypress,,,heisig_extra,heisig_extra,K2563,2563,6,129,3,U6867,u6867.svg,,,draft,2561–2580,koi.png,,, 
棲,NA,2559,12,H,roost,roost,roost,,,heisig_extra,heisig_extra,K2564,2564,6,129,4,U68F2,u68f2.svg,,,draft,2561–2580,koi.png,,, 
栖,NA,2560,10,H,nestle,nestle,nestle,,,heisig_extra,heisig_extra,K2565,2565,6,129,5,U6816,u6816.svg,,,draft,2561–2580,koi.png,,, 
桔,NA,2561,10,H,bellflower,bellflower,bellflower,,,heisig_extra,heisig_extra,K2566,2566,6,129,6,U6854,u6854.svg,,,draft,2561–2580,koi.png,,, 
杜,NA,2562,7,H,temple_grove,temple grove,temple_grove,,,heisig_extra,heisig_extra,K2567,2567,6,129,7,U675C,u675c.svg,,,draft,2561–2580,koi.png,,, 
杷,NA,2563,8,H,grain_rake,grain rake,grain_rake,,,heisig_extra,heisig_extra,K2568,2568,6,129,8,U6777,u6777.svg,,,draft,2561–2580,koi.png,,, 
梶,NA,2564,11,H,oar,oar,oar,,,heisig_extra,heisig_extra,K2569,2569,6,129,9,U68B6,u68b6.svg,,,draft,2561–2580,koi.png,,, 
杵,NA,2565,8,H,wooden_pestle,wooden pestle,wooden_pestle,,,heisig_extra,heisig_extra,K2570,2570,6,129,10,U6775,u6775.svg,,,draft,2561–2580,koi.png,,, 
杖,NA,2566,7,H,cane,cane,cane,,,heisig_extra,heisig_extra,K2571,2571,6,129,11,U6756,u6756.svg,,,draft,2561–2580,koi.png,,, 
樽,NA,2567,16,H,barrel,barrel,barrel,,,heisig_extra,heisig_extra,K2572,2572,6,129,12,U6A3D,u6a3d.svg,,,draft,2561–2580,koi.png,,, 
櫓,NA,2568,19,H,turret,turret,turret,,,heisig_extra,heisig_extra,K2573,2573,6,129,13,U6AD3,u6ad3.svg,,,draft,2561–2580,koi.png,,, 
橿,NA,2569,17,H,sturdy_oak,sturdy oak,sturdy_oak,,,heisig_extra,heisig_extra,K2574,2574,6,129,14,U6A7F,u6a7f.svg,,,draft,2561–2580,koi.png,,, 
杓,NA,2570,7,H,wooden_ladle,wooden ladle,wooden_ladle,,,heisig_extra,heisig_extra,K2575,2575,6,129,15,U6753,u6753.svg,,,draft,2561–2580,koi.png,,, 
李,NA,2571,7,H,damson,damson,damson,,,heisig_extra,heisig_extra,K2576,2576,6,129,16,U674E,u674e.svg,,,draft,2561–2580,koi.png,,, 
棉,NA,2572,12,H,raw_cotton,raw cotton,raw_cotton,,,heisig_extra,heisig_extra,K2577,2577,6,129,17,U68C9,u68c9.svg,,,draft,2561–2580,koi.png,,, 
楯,NA,2573,13,H,escutcheon,escutcheon,escutcheon,,,heisig_extra,heisig_extra,K2578,2578,6,129,18,U696F,u696f.svg,,,draft,2561–2580,koi.png,,, 
榎,NA,2574,14,H,hackberry,hackberry,hackberry,,,heisig_extra,heisig_extra,K2579,2579,6,129,19,U698E,u698e.svg,,,draft,2561–2580,koi.png,,, 
樺,NA,2575,14,H,birch,birch,birch,,,heisig_extra,heisig_extra,K2580,2580,6,129,20,U6A3A,u6a3a.svg,,,draft,2561–2580,koi.png,,, 
槍,NA,2576,14,H,lance,lance,lance,,,heisig_extra,heisig_extra,K2581,2581,6,130,1,U69CD,u69cd.svg,,,draft,2581–2600,kujira.png,,, 
柘,NA,2577,9,H,wild_mulberry,wild mulberry,wild_mulberry,,,heisig_extra,heisig_extra,K2582,2582,6,130,2,U67D8,u67d8.svg,,,draft,2581–2600,kujira.png,,, 
梱,NA,2578,11,H,bale,bale,bale,,,heisig_extra,heisig_extra,K2583,2583,6,130,3,U68B1,u68b1.svg,,,draft,2581–2600,kujira.png,,, 
枇,NA,2579,8,H,loquat,loquat,loquat,,,heisig_extra,heisig_extra,K2584,2584,6,130,4,U6787,u6787.svg,,,draft,2581–2600,kujira.png,,, 
樋,NA,2580,14,H,downspout,downspout,downspout,,,heisig_extra,heisig_extra,K2585,2585,6,130,5,U6A0B,u6a0b.svg,,,draft,2581–2600,kujira.png,,, 
橇,NA,2581,16,H,sled,sled,sled,,,heisig_extra,heisig_extra,K2586,2586,6,130,6,U6A47,u6a47.svg,,,draft,2581–2600,kujira.png,,, 
槃,NA,2582,14,H,enjoyment,enjoyment,enjoyment,,,heisig_extra,heisig_extra,K2587,2587,6,130,7,U69C3,u69c3.svg,,,draft,2581–2600,kujira.png,,, 
栞,NA,2583,10,H,bookmark,bookmark,bookmark,,,heisig_extra,heisig_extra,K2588,2588,6,130,8,U681E,u681e.svg,,,draft,2581–2600,kujira.png,,, 
椰,NA,2584,13,H,coconut,coconut,coconut_tree,,,heisig_extra,heisig_extra,K2589,2589,6,130,9,U6930,u6930.svg,,,draft,2581–2600,kujira.png,,, 
檀,NA,2585,17,H,sandalwood,sandalwood,sandalwood,,,heisig_extra,heisig_extra,K2590,2590,6,130,10,U6A80,u6a80.svg,,,draft,2581–2600,kujira.png,,, 
樗,NA,2586,15,H,sumac,sumac,sumac,,,heisig_extra,heisig_extra,K2591,2591,6,130,11,U6A17,u6a17.svg,,,draft,2581–2600,kujira.png,,, 
槻,NA,2587,15,H,zelkova,zelkova,zelkova,,,heisig_extra,heisig_extra,K2592,2592,6,130,12,U69FB,u69fb.svg,,,draft,2581–2600,kujira.png,,, 
椙,NA,2588,12,H,cryptomeria,cryptomeria,cryptomeria,,,heisig_extra,heisig_extra,K2593,2593,6,130,13,U6919,u6919.svg,,,draft,2581–2600,kujira.png,,, 
彬,NA,2589,11,H,copious,copious,copious,,,heisig_extra,heisig_extra,K2594,2594,6,130,14,U5F6C,u5f6c.svg,,,draft,2581–2600,kujira.png,,, 
桶,NA,2590,11,H,bucket,bucket,bucket,,,heisig_extra,heisig_extra,K2595,2595,6,130,15,U6876,u6876.svg,,,draft,2581–2600,kujira.png,,, 
楕,NA,2591,13,H,ellipse,ellipse,ellipse,,,heisig_extra,heisig_extra,K2596,2596,6,130,16,U6955,u6955.svg,,,draft,2581–2600,kujira.png,,, 
樒,NA,2592,15,H,staranise,star-anise,staranise,,,heisig_extra,heisig_extra,K2597,2597,6,130,17,U6A12,u6a12.svg,,,draft,2581–2600,kujira.png,,, 
毬,NA,2593,11,H,furball,furball,furball,,,heisig_extra,heisig_extra,K2598,2598,6,130,18,U6BEC,u6bec.svg,,,draft,2581–2600,kujira.png,,, 
燿,NA,2594,18,H,twinkle,twinkle,twinkle,,,heisig_extra,heisig_extra,K2599,2599,6,130,19,U71FF,u71ff.svg,,,draft,2581–2600,kujira.png,,, 
燎,NA,2595,16,H,watchfire,watchfire,watchfire,,,heisig_extra,heisig_extra,K2600,2600,6,130,20,U71CE,u71ce.svg,,,draft,2581–2600,kujira.png,,, 
炬,NA,2596,9,H,torch,torch,torch,,,heisig_extra,heisig_extra,K2601,2601,6,131,1,U70AC,u70ac.svg,,,draft,2601–2620,mountain.png,,, 
焚,NA,2597,12,H,kindle,kindle,kindle,,,heisig_extra,heisig_extra,K2602,2602,6,131,2,U711A,u711a.svg,,,draft,2601–2620,mountain.png,,, 
灸,NA,2598,7,H,moxa,moxa,moxa,,,heisig_extra,heisig_extra,K2603,2603,6,131,3,U7078,u7078.svg,,,draft,2601–2620,mountain.png,,, 
煽,NA,2599,14,H,fanning,fanning,fanning,,,heisig_extra,heisig_extra,K2604,2604,6,131,4,U717D,u717d.svg,,,draft,2601–2620,mountain.png,,, 
煤,NA,2600,13,H,soot,soot,soot,,,heisig_extra,heisig_extra,K2605,2605,6,131,5,U7164,u7164.svg,,,draft,2601–2620,mountain.png,,, 
煉,NA,2601,12,H,firing,firing,firing,,,heisig_extra,heisig_extra,K2606,2606,6,131,6,U7149,u7149.svg,,,draft,2601–2620,mountain.png,,, 
燦,NA,2602,17,H,dazzling,dazzling,dazzling,,,heisig_extra,heisig_extra,K2607,2607,6,131,7,U71E6,u71e6.svg,,,draft,2601–2620,mountain.png,,, 
灼,NA,2603,7,H,refulgent,refulgent,refulgent,,,heisig_extra,heisig_extra,K2608,2608,6,131,8,U707C,u707c.svg,,,draft,2601–2620,mountain.png,,, 
烙,NA,2604,10,H,branding,branding,branding,,,heisig_extra,heisig_extra,K2609,2609,6,131,9,U70D9,u70d9.svg,,,draft,2601–2620,mountain.png,,, 
焔,NA,2605,11,H,flames,flames,flames,,,heisig_extra,heisig_extra,K2610,2610,6,131,10,U7114,u7114.svg,,,draft,2601–2620,mountain.png,,, 
烹,NA,2606,11,H,stew,stew,stew,,,heisig_extra,heisig_extra,K2611,2611,6,131,11,U70F9,u70f9.svg,,,draft,2601–2620,mountain.png,,, 
牽,NA,2607,11,H,tug,tug,tug,,,heisig_extra,heisig_extra,K2612,2612,6,131,12,U727D,u727d.svg,,,draft,2601–2620,mountain.png,,, 
牝,NA,2608,6,H,female_animal,female animal,female_animal,,,heisig_extra,heisig_extra,K2613,2613,6,131,13,U725D,u725d.svg,,,draft,2601–2620,mountain.png,,, 
牡,NA,2609,7,H,male_animal,male animal,male_animal,,,heisig_extra,heisig_extra,K2614,2614,6,131,14,U7261,u7261.svg,,,draft,2601–2620,mountain.png,,, 
琳,NA,2610,12,H,chime,chime,chime,,,heisig_extra,heisig_extra,K2615,2615,6,131,15,U7433,u7433.svg,,,draft,2601–2620,mountain.png,,, 
琉,NA,2611,11,H,marine_blue,marine blue,marine_blue,,,heisig_extra,heisig_extra,K2616,2616,6,131,16,U7409,u7409.svg,,,draft,2601–2620,mountain.png,,, 
瑳,NA,2612,14,H,burnish,burnish,burnish,,,heisig_extra,heisig_extra,K2617,2617,6,131,17,U7473,u7473.svg,,,draft,2601–2620,mountain.png,,, 
琢,NA,2613,11,H,hone,hone,hone,,,heisig_extra,heisig_extra,K2618,2618,6,131,18,U7422,u7422.svg,,,draft,2601–2620,mountain.png,,, 
珊,NA,2614,9,H,coral,coral,coral,,,heisig_extra,heisig_extra,K2619,2619,6,131,19,U73CA,u73ca.svg,,,draft,2601–2620,mountain.png,,, 
瑚,NA,2615,13,H,coral_reef,coral reef,coral_reef,,,heisig_extra,heisig_extra,K2620,2620,6,131,20,U745A,u745a.svg,,,draft,2601–2620,mountain.png,,, 
瑞,NA,2616,13,H,fortunate,fortunate,fortunate,,,heisig_extra,heisig_extra,K2621,2621,6,132,1,U745E,u745e.svg,,,draft,2621–2640,tree.png,,, 
玖,NA,2617,7,H,jet,jet,jet,,,heisig_extra,heisig_extra,K2622,2622,6,132,2,U7396,u7396.svg,,,draft,2621–2640,tree.png,,, 
瑛,NA,2618,12,,crystal,crystal,crystal_stone,,,heisig_extra,heisig_extra,K2623,2623,6,132,3,U745B,u745b.svg,,,draft,2621–2640,tree.png,,, 
玲,NA,2619,9,H,tinkling,tinkling,tinkling,,,heisig_extra,heisig_extra,K2624,2624,6,132,4,U73B2,u73b2.svg,,,draft,2621–2640,tree.png,,, 
畢,NA,2620,11,H,lastly,lastly,lastly,,,heisig_extra,heisig_extra,K2625,2625,6,132,5,U7562,u7562.svg,,,draft,2621–2640,tree.png,,, 
畦,NA,2621,11,H,paddyfield,paddyfield,paddyfield,,,heisig_extra,heisig_extra,K2626,2626,6,132,6,U7566,u7566.svg,,,draft,2621–2640,tree.png,,, 
痒,NA,2622,11,H,itch,itch,itch,,,heisig_extra,heisig_extra,K2627,2627,6,132,7,U75D2,u75d2.svg,,,draft,2621–2640,tree.png,,, 
痰,NA,2623,13,H,phlegm,phlegm,phlegm,,,heisig_extra,heisig_extra,K2628,2628,6,132,8,U75F0,u75f0.svg,,,draft,2621–2640,tree.png,,, 
疹,NA,2624,10,H,measles,measles,measles,,,heisig_extra,heisig_extra,K2629,2629,6,132,9,U75B9,u75b9.svg,,,draft,2621–2640,tree.png,,, 
痔,NA,2625,11,H,hemorrhoids,hemorrhoids,hemorrhoids,,,heisig_extra,heisig_extra,K2630,2630,6,132,10,U75D4,u75d4.svg,,,draft,2621–2640,tree.png,,, 
癌,NA,2626,17,H,cancer,cancer,cancer,,,heisig_extra,heisig_extra,K2631,2631,6,132,11,U764C,u764c.svg,,,draft,2621–2640,tree.png,,, 
痺,NA,2627,13,H,paralysis,paralysis,paralysis,,,heisig_extra,heisig_extra,K2632,2632,6,132,12,U75FA,u75fa.svg,,,draft,2621–2640,tree.png,,, 
眸,NA,2628,11,H,eye_pupil,eye_pupil,eye_pupil,,,heisig_extra,heisig_extra,K2633,2633,6,132,13,U7738,u7738.svg,,,draft,2621–2640,tree.png,,, 
眩,NA,2629,10,H,dizzy,dizzy,dizzy,,,heisig_extra,heisig_extra,K2634,2634,6,132,14,U7729,u7729.svg,,,draft,2621–2640,tree.png,,, 
雉,NA,2630,13,H,pheasant,pheasant,pheasant,,,heisig_extra,heisig_extra,K2635,2635,6,132,15,U96C9,u96c9.svg,,,draft,2621–2640,tree.png,,, 
矩,NA,2631,10,H,carpenters_square,carpenter’s square,carpenters_square,,,heisig_extra,heisig_extra,K2636,2636,6,132,16,U77E9,u77e9.svg,,,draft,2621–2640,tree.png,,, 
磐,NA,2632,15,H,crag,crag,crag,,,heisig_extra,heisig_extra,K2637,2637,6,132,17,U78D0,u78d0.svg,,,draft,2621–2640,tree.png,,, 
碇,NA,2633,13,H,grapnel,grapnel,grapnel,,,heisig_extra,heisig_extra,K2638,2638,6,132,18,U7887,u7887.svg,,,draft,2621–2640,tree.png,,, 
碧,NA,2634,14,H,bluegreen,blue-green,bluegreen,,,heisig_extra,heisig_extra,K2639,2639,6,132,19,U78A7,u78a7.svg,,,draft,2621–2640,tree.png,,, 
硯,NA,2635,12,H,inkstone,inkstone,inkstone,,,heisig_extra,heisig_extra,K2640,2640,6,132,20,U786F,u786f.svg,,,draft,2621–2640,tree.png,,, 
砥,NA,2636,10,H,grindstone,grindstone,grindstone,,,heisig_extra,heisig_extra,K2641,2641,6,133,1,U7825,u7825.svg,,,draft,2641–2660,bamboo.png,,, 
碗,NA,2637,13,H,teacup,teacup,teacup,,,heisig_extra,heisig_extra,K2642,2642,6,133,2,U7897,u7897.svg,,,draft,2641–2660,bamboo.png,,, 
碍,NA,2638,13,H,obstacle,obstacle,obstacle,,,heisig_extra,heisig_extra,K2643,2643,6,133,3,U788D,u788d.svg,,,draft,2641–2660,bamboo.png,,, 
碩,NA,2639,14,H,illustrious,illustrious,illustrious,,,heisig_extra,heisig_extra,K2644,2644,6,133,4,U78A9,u78a9.svg,,,draft,2641–2660,bamboo.png,,, 
磯,NA,2640,17,H,rocky_beach,rocky beach,rocky_beach,,,heisig_extra,heisig_extra,K2645,2645,6,133,5,U78EF,u78ef.svg,,,draft,2641–2660,bamboo.png,,, 
砺,NA,2641,10,H,whetstone,whetstone,whetstone,,,heisig_extra,heisig_extra,K2646,2646,6,133,6,U783A,u783a.svg,,,draft,2641–2660,bamboo.png,,, 
碓,NA,2642,13,H,mill,mill,mill,,,heisig_extra,heisig_extra,K2647,2647,6,133,7,U7893,u7893.svg,,,draft,2641–2660,bamboo.png,,, 
禦,NA,2643,17,H,fendoff,fend off,fend_off,,,heisig_extra,heisig_extra,K2648,2648,6,133,8,U79A6,u79a6.svg,,,draft,2641–2660,bamboo.png,,, 
祷,NA,2644,11,H,beseech,beseech,beseech,,,heisig_extra,heisig_extra,K2649,2649,6,133,9,U7977,u7977.svg,,,draft,2641–2660,bamboo.png,,, 
祐,NA,2645,9,H,ancestral,ancestral tablet,ancestral,,,heisig_extra,heisig_extra,K2650,2650,6,133,10,U7950,u7950.svg,,,draft,2641–2660,bamboo.png,,, 
祇,NA,2646,8,H,local_god,local god,local_god,,,heisig_extra,heisig_extra,K2651,2651,6,133,11,U7947,u7947.svg,,,draft,2641–2660,bamboo.png,,, 
祢,NA,2647,9,,ancestral_shrine,ancestral shrine,ancestral_shrine,,,heisig_extra,heisig_extra,K2652,2652,6,133,12,U7962,u7962.svg,,,draft,2641–2660,bamboo.png,,, 
禄,NA,2648,12,H,salarium,salarium,salarium,,,heisig_extra,heisig_extra,K2653,2653,6,133,13,U7984,u7984.svg,,,draft,2641–2660,bamboo.png,,, 
禎,NA,2649,13,H,felicitation,felicitation,felicitation,,,heisig_extra,heisig_extra,K2654,2654,6,133,14,U798E,u798e.svg,,,draft,2641–2660,bamboo.png,,, 
秤,NA,2650,10,H,balancing_scales,balancing scales,balancing_scales,,,heisig_extra,heisig_extra,K2655,2655,6,133,15,U79E4,u79e4.svg,,,draft,2641–2660,bamboo.png,,, 
黍,NA,2651,12,H,millet,millet,millet,,,heisig_extra,heisig_extra,K2656,2656,6,133,16,U9ECD,u9ecd.svg,,,draft,2641–2660,bamboo.png,,, 
禿,NA,2652,7,H,bald,bald,bald,,,heisig_extra,heisig_extra,K2657,2657,6,133,17,U79BF,u79bf.svg,,,draft,2641–2660,bamboo.png,,, 
稔,NA,2653,13,H,bear_fruit,bear fruit,bear_fruit,,,heisig_extra,heisig_extra,K2658,2658,6,133,18,U7A14,u7a14.svg,,,draft,2641–2660,bamboo.png,,, 
稗,NA,2654,14,H,crabgrass,crabgrass,crabgrass,,,heisig_extra,heisig_extra,K2659,2659,6,133,19,U7A17,u7a17.svg,,,draft,2641–2660,bamboo.png,,, 
穣,NA,2655,18,H,bumper_crop,bumper crop,bumper_crop,,,heisig_extra,heisig_extra,K2660,2660,6,133,20,U7A63,u7a63.svg,,,draft,2641–2660,bamboo.png,,, 
稜,NA,2656,13,H,imperial_authority,imperial authority,imperial_authority,,,heisig_extra,heisig_extra,K2661,2661,6,134,1,U7A1C,u7a1c.svg,,,draft,2661–2680,castle.png,,, 
稀,NA,2657,12,H,sparse,sparse,sparse,,,heisig_extra,heisig_extra,K2662,2662,6,134,2,U7A00,u7a00.svg,,,draft,2661–2680,castle.png,,, 
穆,NA,2658,16,Hobeisant,obeisant,obeisant,,,,heisig_extra,K2663,2663,6,134,3,U7A46,07a46.svg,,,draft,2661–2680,castle.png,,, ,
窺,NA,2659,16,H,peep,peep,peep,,,heisig_extra,heisig_extra,K2664,2664,6,134,4,U7ABA,u7aba.svg,,,draft,2661–2680,castle.png,,, 
窄,NA,2660,10,H,tight,tight,tight,,,heisig_extra,heisig_extra,K2665,2665,6,134,5,U7A84,u7a84.svg,,,draft,2661–2680,castle.png,,, 
穿,NA,2661,10,H,drill,drill,drill,,,heisig_extra,heisig_extra,K2666,2666,6,134,6,U7A7F,u7a7f.svg,,,draft,2661–2680,castle.png,,, 
竃,NA,2662,17,H,kitchen_stove,kitchen stove,kitchen_stove,,,heisig_extra,heisig_extra,K2667,2667,6,134,7,U7AC3,u7ac3.svg,,,draft,2661–2680,castle.png,,, 
竪,NA,2663,14,H,longness,longness,longness,,,heisig_extra,heisig_extra,K2668,2668,6,134,8,U7AEA,u7aea.svg,,,draft,2661–2680,castle.png,,, 
颯,NA,2664,14,H,rustling,rustling,rustling,,,heisig_extra,heisig_extra,K2669,2669,6,134,9,U98AF,u98af.svg,,,draft,2661–2680,castle.png,,, 
站,NA,2665,10,H,outpost,outpost,outpost,,,heisig_extra,heisig_extra,K2670,2670,6,134,10,U7AD9,u7ad9.svg,,,draft,2661–2680,castle.png,,, 
靖,NA,2666,13,H,repose,repose,repose,,,heisig_extra,heisig_extra,K2671,2671,6,134,11,U9756,u9756.svg,,,draft,2661–2680,castle.png,,, 
妾,NA,2667,8,H,concubine,concubine,concubine,,,heisig_extra,heisig_extra,K2672,2672,6,134,12,U59BE,u59be.svg,,,draft,2661–2680,castle.png,,, 
衿,NA,2668,9,H,lapel,lapel,lapel,,,heisig_extra,heisig_extra,K2673,2673,6,134,13,U887F,u887f.svg,,,draft,2661–2680,castle.png,,, 
袷,NA,2669,11H,H,lined_kimono,lined kimono,lined_kimono,,,heisig_extra,heisig_extra,K2674,2674,6,134,14,U88B7,u88b7.svg,,,draft,2661–2680,castle.png,,, 
袴,NA,2670,11,H,pleated_skirt,pleated skirt,pleated_skirt,,,heisig_extra,heisig_extra,K2675,2675,6,134,15,U88B4,u88b4.svg,,,draft,2661–2680,castle.png,,, 
襖,NA,2671,17,H,sliding_door,sliding door,sliding_door,,,heisig_extra,heisig_extra,K2676,2676,6,134,16,U8956,u8956.svg,,,draft,2661–2680,castle.png,,, 
笙,NA,2672,11,H,panpipe,panpipe,chinese_panpipe,,,heisig_extra,heisig_extra,K2677,2677,6,134,17,U7B19,u7b19.svg,,,draft,2661–2680,castle.png,,, 
筏,NA,2673,12,H,raft,raft,raft,,,heisig_extra,heisig_extra,K2678,2678,6,134,18,U7B4F,u7b4f.svg,,,draft,2661–2680,castle.png,,, 
簾,NA,2674,19,H,bamboo_blinds,bamboo blinds,bamboo_blinds,,,heisig_extra,heisig_extra,K2679,2679,6,134,19,U7C3E,u7c3e.svg,,,draft,2661–2680,castle.png,,, 
箪,NA,2675,15,H,rattan_box,rattan box,rattan_box,,,heisig_extra,heisig_extra,K2680,2680,6,134,20,U7BAA,u7baa.svg,,,draft,2661–2680,castle.png,,, 
竿,NA,2676,9,H,pole,pole,pole,,,heisig_extra,heisig_extra,K2681,2681,6,135,1,U7AFF,u7aff.svg,,,draft,2681–2700,koi.png,,, 
箆,NA,2677,14,H,spatula,spatula,spatula,,,heisig_extra,heisig_extra,K2682,2682,6,135,2,U7B86,u7b86.svg,,,draft,2681–2700,koi.png,,, 
箔,NA,2678,14,H,foil,foil,foil,,,heisig_extra,heisig_extra,K2683,2683,6,135,3,U7B94,u7b94.svg,,,draft,2681–2700,koi.png,,, 
笥,NA,2679,11,H,wardrobe,wardrobe,wardrobe,,,heisig_extra,heisig_extra,K2684,2684,6,135,4,U7B25,u7b25.svg,,,draft,2681–2700,koi.png,,, 
箭,NA,2680,15,H,arrow_shaft,arrow shaft,arrow_shaft,,,heisig_extra,heisig_extra,K2685,2685,6,135,5,U7BAD,u7bad.svg,,,draft,2681–2700,koi.png,,, 
筑,NA,2681,12,H,ancient_harp,ancient harp,ancient_harp,,,heisig_extra,heisig_extra,K2686,2686,6,135,6,U7B51,u7b51.svg,,,draft,2681–2700,koi.png,,, 
篠,NA,2682,17,H,slender_bamboo,slender bamboo,slender_bamboo,,,heisig_extra,heisig_extra,K2687,2687,6,135,7,U7BE0,u7be0.svg,,,draft,2681–2700,koi.png,,, 
纂,NA,2683,20,H,redaction,redaction,redaction,,,heisig_extra,heisig_extra,K2688,2688,6,135,8,U7E82,u7e82.svg,,,draft,2681–2700,koi.png,,, 
竺,NA,2684,8,H,bamboo_cane,bamboo cane,bamboo_cane,,,heisig_extra,heisig_extra,K2689,2689,6,135,9,U7AFA,u7afa.svg,,,draft,2681–2700,koi.png,,, 
箕,NA,2685,14,H,winnowing_fan,winnowing fan,winnowing_fan,,,heisig_extra,heisig_extra,K2690,2690,6,135,10,U7B95,u7b95.svg,,,draft,2681–2700,koi.png,,, 
笈,NA,2686,9,H,backpack,backpack,backpack,,,heisig_extra,heisig_extra,K2691,2691,6,135,11,U7B08,u7b08.svg,,,draft,2681–2700,koi.png,,, 
篇,NA,2687,15,H,livraison,livraison,livraison,,,heisig_extra,heisig_extra,K2692,2692,6,135,12,U7BC7,u7bc7.svg,,,draft,2681–2700,koi.png,,, 
筈,NA,2688,12,H,should,should,should,,,heisig_extra,heisig_extra,K2693,2693,6,135,13,U7B48,u7b48.svg,,,draft,2681–2700,koi.png,,, 
簸,NA,2689,19,H,winnow,winnow,winnow,,,heisig_extra,heisig_extra,K2694,2694,6,135,14,U7C38,u7c38.svg,,,draft,2681–2700,koi.png,,, 
粕,NA,2690,11,H,settlings,settlings,settlings,,,heisig_extra,heisig_extra,K2695,2695,6,135,15,U7C95,u7c95.svg,,,draft,2681–2700,koi.png,,, 
糟,NA,2691,17,H,lees,lees,lees,,,heisig_extra,heisig_extra,K2696,2696,6,135,16,U7CDF,u7cdf.svg,,,draft,2681–2700,koi.png,,, 
糊,NA,2692,15,H,paste,paste,paste,,,heisig_extra,heisig_extra,K2697,2697,6,135,17,U7CCA,u7cca.svg,,,draft,2681–2700,koi.png,,, 
籾,NA,2693,9,H,unhulled_rice,unhulled rice,unhulled_rice,,,heisig_extra,heisig_extra,K2698,2698,6,135,18,U7C7E,u7c7e.svg,,,draft,2681–2700,koi.png,,, 
糠,NA,2694,17,H,rice_bran,rice bran,rice_bran,,,heisig_extra,heisig_extra,K2699,2699,6,135,19,U7CE0,u7ce0.svg,,,draft,2681–2700,koi.png,,, 
糞,NA,2695,17,H,excrement,excrement,excrement,,,heisig_extra,heisig_extra,K2700,2700,6,135,20,U7CDE,u7cde.svg,,,draft,2681–2700,koi.png,,, 
粟,NA,2696,12,H,foxtail,foxtail millet,foxtail,,,heisig_extra,heisig_extra,K2701,2701,6,136,1,U7C9F,u7c9f.svg,,,draft,2701–2720,kujira.png,,, 
繋,NA,2697,17,H,link,link up,link,,,heisig_extra,heisig_extra,K2702,2702,6,136,2,U7E4B,u7e4b.svg,,,draft,2701–2720,kujira.png,,, 
綸,NA,2698,14,H,twine,twine,twine,,,heisig_extra,heisig_extra,K2703,2703,6,136,3,U7DB8,u7db8.svg,,,draft,2701–2720,kujira.png,,, 
絨,NA,2699,12,H,carpet_yarn,carpet yarn,carpet_yarn,,,heisig_extra,heisig_extra,K2704,2704,6,136,4,U7D68,u7d68.svg,,,draft,2701–2720,kujira.png,,, 
絆,NA,2700,11,H,ties,ties,ties,,,heisig_extra,heisig_extra,K2705,2705,6,136,5,U7D46,u7d46.svg,,,draft,2701–2720,kujira.png,,, 
緋,NA,2701,14,H,scarlet,scarlet,scarlet,,,heisig_extra,heisig_extra,K2706,2706,6,136,6,U7DCB,u7dcb.svg,,,draft,2701–2720,kujira.png,,, 
綜,NA,2702,14,H,synthesis,synthesis,synthesis,,,heisig_extra,heisig_extra,K2707,2707,6,136,7,U7D9C,u7d9c.svg,,,draft,2701–2720,kujira.png,,, 
紐,NA,2703,10,H,string,string,string,,,heisig_extra,heisig_extra,K2708,2708,6,136,8,U7D10,u7d10.svg,,,draft,2701–2720,kujira.png,,, 
紘,NA,2704,10,H,chinstrap,chinstrap,chinstrap,,,heisig_extra,heisig_extra,K2709,2709,6,136,9,U7D18,u7d18.svg,,,draft,2701–2720,kujira.png,,, 
纏,NA,2705,21,H,summarize,summarize,summarize,,,heisig_extra,heisig_extra,K2710,2710,6,136,10,U7E8F,u7e8f.svg,,,draft,2701–2720,kujira.png,,, 
絢,NA,2706,12,H,gorgeous,gorgeous,gorgeous,,,heisig_extra,heisig_extra,K2711,2711,6,136,11,U7D62,u7d62.svg,,,draft,2701–2720,kujira.png,,, 
繍,NA,2707,17,H,embroidery,embroidery,embroidery,,,heisig_extra,heisig_extra,K2712,2712,6,136,12,U7E4D,u7e4d.svg,,,draft,2701–2720,kujira.png,,, 
紬,NA,2708,11,H,pongee,pongee,pongee,,,heisig_extra,heisig_extra,K2713,2713,6,136,13,U7D2C,u7d2c.svg,,,draft,2701–2720,kujira.png,,, 
綺,NA,2709,14,H,ornate,ornate,ornate,,,heisig_extra,heisig_extra,K2714,2714,6,136,14,U7DBA,u7dba.svg,,,draft,2701–2720,kujira.png,,, 
綾,NA,2710,14,H,weave,weave,weave,,,heisig_extra,heisig_extra,K2715,2715,6,136,15,U7DBE,u7dbe.svg,,,draft,2701–2720,kujira.png,,, 
絃,NA,2711,11,H,catgut,catgut,catgut,,,heisig_extra,heisig_extra,K2716,2716,6,136,16,U7D43,u7d43.svg,,,draft,2701–2720,kujira.png,,, 
縞,NA,2712,16,H,stripe,stripe,stripe,,,heisig_extra,heisig_extra,K2717,2717,6,136,17,U7E1E,u7e1e.svg,,,draft,2701–2720,kujira.png,,, 
綬,NA,2713,14,H,gimp,gimp,gimp,,,heisig_extra,heisig_extra,K2718,2718,6,136,18,U7DAC,u7dac.svg,,,draft,2701–2720,kujira.png,,, 
紗,NA,2714,10,H,gossamer,gossamer,gossamer,,,heisig_extra,heisig_extra,K2719,2719,6,136,19,U7D17,u7d17.svg,,,draft,2701–2720,kujira.png,,, 
舵,NA,2715,11,H,rudder,rudder,rudder,,,heisig_extra,heisig_extra,K2720,2720,6,136,20,U8235,u8235.svg,,,draft,2701–2720,kujira.png,,, 
聯,NA,2716,17,H,strung_together,strung together,strung_together,,,heisig_extra,heisig_extra,K2721,2721,6,137,1,U806F,u806f.svg,,,draft,2721–2740,mountain.png,,, 
聡,NA,2717,14,H,attentive,attentive,attentive,,,heisig_extra,heisig_extra,K2722,2722,6,137,2,U8061,u8061.svg,,,draft,2721–2740,mountain.png,,, 
聘,NA,2718,13,H,summons,summons,summons,,,heisig_extra,heisig_extra,K2723,2723,6,137,3,U8058,u8058.svg,,,draft,2721–2740,mountain.png,,, 
耽,NA,2719,10,H,addiction,addiction,addiction,,,heisig_extra,heisig_extra,K2724,2724,6,137,4,U803D,u803d.svg,,,draft,2721–2740,mountain.png,,, 
耶,NA,2720,9,H,exclamation,exclamation,exclamation,,,heisig_extra,heisig_extra,K2725,2725,6,137,5,U8036,u8036.svg,,,draft,2721–2740,mountain.png,,, 
蚤,NA,2721,10,H,flea,flea,flea,,,heisig_extra,heisig_extra,K2726,2726,6,137,6,U86A4,u86a4.svg,,,draft,2721–2740,mountain.png,,, 
蟹,NA,2722,19,H,crab,crab,crab,,,heisig_extra,heisig_extra,K2727,2727,6,137,7,U87F9,u87f9.svg,,,draft,2721–2740,mountain.png,,, 
蛋,NA,2723,11,H,protein,protein,protein,,,heisig_extra,heisig_extra,K2728,2728,6,137,8,U86CB,u86cb.svg,,,draft,2721–2740,mountain.png,,, 
蟄,NA,2724,17,H,hibernation,hibernation,hibernation,,,heisig_extra,heisig_extra,K2729,2729,6,137,9,U87C4,u87c4.svg,,,draft,2721–2740,mountain.png,,, 
蝿,NA,2725,15,H,housefly,housefly,housefly,,,heisig_extra,heisig_extra,K2730,2730,6,137,10,U877F,u877f.svg,,,draft,2721–2740,mountain.png,,, 
蟻,NA,2726,19,H,ant,ant,ant,,,heisig_extra,heisig_extra,K2731,2731,6,137,11,U87FB,u87fb.svg,,,draft,2721–2740,mountain.png,,, 
蝋,NA,2727,14,H,wax,wax,wax,,,heisig_extra,heisig_extra,K2732,2732,6,137,12,U874B,u874b.svg,,,draft,2721–2740,mountain.png,,, 
蝦,NA,2728,15,H,shrimp,shrimp,shrimp,,,heisig_extra,heisig_extra,K2733,2733,6,137,13,U8766,u8766.svg,,,draft,2721–2740,mountain.png,,, 
蛸,NA,2729,13,H,octopus,octopus,octopus,,,heisig_extra,heisig_extra,K2734,2734,6,137,14,U86F8,u86f8.svg,,,draft,2721–2740,mountain.png,,, 
螺,NA,2730,17,H,screw,screw,screw,,,heisig_extra,heisig_extra,K2735,2735,6,137,15,U87BA,u87ba.svg,,,draft,2721–2740,mountain.png,,, 
蝉,NA,2731,15,H,cicada,cicada,cicada,,,heisig_extra,heisig_extra,K2736,2736,6,137,16,U8749,u8749.svg,,,draft,2721–2740,mountain.png,,, 
蛙,NA,2732,12,H,frog,frog,frog,,,heisig_extra,heisig_extra,K2737,2737,6,137,17,U86D9,u86d9.svg,,,draft,2721–2740,mountain.png,,, 
蛾,NA,2733,13,H,moth,moth,moth,,,heisig_extra,heisig_extra,K2738,2738,6,137,18,U86FE,u86fe.svg,,,draft,2721–2740,mountain.png,,, 
蛤,NA,2734,12,H,clam,clam,clam,,,heisig_extra,heisig_extra,K2739,2739,6,137,19,U86E4,u86e4.svg,,,draft,2721–2740,mountain.png,,, 
蛭,NA,2735,12,H,leech,leech,leech,,,heisig_extra,heisig_extra,K2740,2740,6,137,20,U86ED,u86ed.svg,,,draft,2721–2740,mountain.png,,, 
蛎,NA,2736,11,H,oyster,oyster,oyster,,,heisig_extra,heisig_extra,K2741,2741,6,138,1,U86CE,u86ce.svg,,,draft,2741–2760,tree.png,,, 
罫,NA,2737,13,H,ruled_lines,ruled lines,ruled_lines,,,heisig_extra,heisig_extra,K2742,2742,6,138,2,U7F6B,u7f6b.svg,,,draft,2741–2760,tree.png,,, 
袈,NA,2738,11,H,stole,stole,stole,,,heisig_extra,heisig_extra,K2743,2743,6,138,3,U8888,u8888.svg,,,draft,2741–2760,tree.png,,, 
裟,NA,2739,13,H,monks_sash,monk's sash,monks_sash,,,heisig_extra,heisig_extra,K2744,2744,6,138,4,U88DF,u88df.svg,,,draft,2741–2760,tree.png,,, 
截,NA,2740,14,H,incision,incision,incision,,,heisig_extra,heisig_extra,K2745,2745,6,138,5,U622A,u622a.svg,,,draft,2741–2760,tree.png,,, 
哉,NA,2741,9,H,alas,alas,alas,One of the first words you learn in Kdramas: アイゴー 「아이고~~」,,heisig_extra,heisig_extra,K2746,2746,6,138,6,U54C9,u54c9.svg,,,draft,2741–2760,tree.png,,, 
詢,NA,2742,13,H,counsel,counsel,counsel,,,heisig_extra,heisig_extra,K2747,2747,6,138,7,U8A62,u8a62.svg,,,draft,2741–2760,tree.png,,, 
諄,NA,2743,15,H,polite,polite,polite,,,heisig_extra,heisig_extra,K2748,2748,6,138,8,U8AC4,u8ac4.svg,,,draft,2741–2760,tree.png,,, 
讐,NA,2744,23,H,vendetta,vendetta,vendetta,,,heisig_extra,heisig_extra,K2749,2749,6,138,9,U8B90,u8b90.svg,,,draft,2741–2760,tree.png,,, 
諌,NA,2745,15,H,remonstrate,remonstrate,remonstrate,,,heisig_extra,heisig_extra,K2750,2750,6,138,10,U8ACC,u8acc.svg,,,draft,2741–2760,tree.png,,, 
諒,NA,2746,15,H,verify,verify,verify,,,heisig_extra,heisig_extra,K2751,2751,6,138,11,U8AD2,u8ad2.svg,,,draft,2741–2760,tree.png,,, 
讃,NA,2747,22,H,compliment,compliment,compliment,,,heisig_extra,heisig_extra,K2752,2752,6,138,12,U8B83,u8b83.svg,,,draft,2741–2760,tree.png,,, 
訊,NA,2748,10,H,query,query,query,,,heisig_extra,heisig_extra,K2753,2753,6,138,13,U8A0A,u8a0a.svg,,,draft,2741–2760,tree.png,,, 
訣,NA,2749,11,H,split_up,split up,split_up,,,heisig_extra,heisig_extra,K2754,2754,6,138,14,U8A23,u8a23.svg,,,draft,2741–2760,tree.png,,, 
詫,NA,2750,13,H,apologize,apologize,apologize,,,heisig_extra,heisig_extra,K2755,2755,6,138,15,U8A6B,u8a6b.svg,,,draft,2741–2760,tree.png,,, 
誼,NA,2751,15,H,familiarity,familiarity,familiarity,,,heisig_extra,heisig_extra,K2756,2756,6,138,16,U8ABC,u8abc.svg,,,draft,2741–2760,tree.png,,, 
謬,NA,2752,18,H,fallible,fallible,fallible,,,heisig_extra,heisig_extra,K2757,2757,6,138,17,U8B2C,u8b2c.svg,,,draft,2741–2760,tree.png,,, 
訝,NA,2753,12,H,wary,wary,wary,,,heisig_extra,heisig_extra,K2758,2758,6,138,18,U8A1D,u8a1d.svg,,,draft,2741–2760,tree.png,,, 
諺,NA,2754,16,H,proverb,proverb,proverb,,,heisig_extra,heisig_extra,K2759,2759,6,138,19,U8AFA,u8afa.svg,,,draft,2741–2760,tree.png,,, 
誹,NA,2755,15,H,slander,slander,slander,,,heisig_extra,heisig_extra,K2760,2760,6,138,20,U8AB9,u8ab9.svg,,,draft,2741–2760,tree.png,,, 
謂,NA,2756,16,H,socalled,so-called,socalled,,,heisig_extra,heisig_extra,K2761,2761,6,139,1,U8B02,u8b02.svg,,,draft,2761–2780,bamboo.png,,, 
諜,NA,2757,16,H,secret_agent,secret agent,secret_agent,,,heisig_extra,heisig_extra,K2762,2762,6,139,2,U8ADC,u8adc.svg,,,draft,2761–2780,bamboo.png,,, 
註,NA,2758,12,H,footnote,footnote,footnote,,,heisig_extra,heisig_extra,K2763,2763,6,139,3,U8A3B,u8a3b.svg,,,draft,2761–2780,bamboo.png,,, 
譬,NA,2759,20,H,parable,parable,parable,,,heisig_extra,heisig_extra,K2764,2764,6,139,4,U8B6C,u8b6c.svg,,,draft,2761–2780,bamboo.png,,, 
轟,NA,2760,21,H,rumble,rumble,rumble,,,heisig_extra,heisig_extra,K2765,2765,6,139,5,U8F5F,u8f5f.svg,,,draft,2761–2780,bamboo.png,,, 
輔,NA,2761,14,H,reinforce,reinforce,reinforce,,,heisig_extra,heisig_extra,K2766,2766,6,139,6,U8F14,u8f14.svg,,,draft,2761–2780,bamboo.png,,, 
輻,NA,2762,16,H,spoke,spoke,spoke,,,heisig_extra,heisig_extra,K2767,2767,6,139,7,U8F3B,u8f3b.svg,,,draft,2761–2780,bamboo.png,,, 
輯,NA,2763,16,H,assemble,assemble,assemble,,,heisig_extra,heisig_extra,K2768,2768,6,139,8,U8F2F,u8f2f.svg,,,draft,2761–2780,bamboo.png,,, 
豹,NA,2764,10,H,panther,panther,panther,,,heisig_extra,heisig_extra,K2769,2769,6,139,9,U8C79,u8c79.svg,,,draft,2761–2780,bamboo.png,,, 
賎,NA,2765,13,H,despicable,despicable,despicable,,,heisig_extra,heisig_extra,K2770,2770,6,139,10,U8CCE,u8cce.svg,,,draft,2761–2780,bamboo.png,,, 
貰,NA,2766,12,H,get,get,get,,,heisig_extra,heisig_extra,K2771,2771,6,139,11,U8CB0,u8cb0.svg,,,draft,2761–2780,bamboo.png,,, 
賑,NA,2767,14,H,bustling,bustling,bustling,,,heisig_extra,heisig_extra,K2772,2772,6,139,12,U8CD1,u8cd1.svg,,,draft,2761–2780,bamboo.png,,, 
贖,NA,2768,22,H,expiate,expiate,expiate,,,heisig_extra,heisig_extra,K2773,2773,6,139,13,U8D16,u8d16.svg,,,draft,2761–2780,bamboo.png,,, 
躓,NA,2769,22,H,stumble,stumble,stumble,,,heisig_extra,heisig_extra,K2774,2774,6,139,14,U8E93,u8e93.svg,,,draft,2761–2780,bamboo.png,,, 
蹄,NA,2770,16,H,hoof,hoof,hoof,,,heisig_extra,heisig_extra,K2775,2775,6,139,15,U8E44,u8e44.svg,,,draft,2761–2780,bamboo.png,,, 
蹟,NA,2771,18,H,vestiges,vestiges,vestiges,,,heisig_extra,heisig_extra,K2776,2776,6,139,16,U8E5F,u8e5f.svg,,,draft,2761–2780,bamboo.png,,, 
跨,NA,2772,13,H,straddle,straddle,straddle,,,heisig_extra,heisig_extra,K2777,2777,6,139,17,U8DE8,u8de8.svg,,,draft,2761–2780,bamboo.png,,, 
跪,NA,2773,13,H,kneel,kneel,kneel,,,heisig_extra,heisig_extra,K2778,2778,6,139,18,U8DEA,u8dea.svg,,,draft,2761–2780,bamboo.png,,, 
醤,NA,2774,17,H,soy,soy sauce,soy,,,heisig_extra,heisig_extra,K2779,2779,6,139,19,U91A4,u91a4.svg,,,draft,2761–2780,bamboo.png,,, 
醍,NA,2775,16,H,whey,whey,whey,,,heisig_extra,heisig_extra,K2780,2780,6,139,20,U918D,u918d.svg,,,draft,2761–2780,bamboo.png,,, 
醐,NA,2776,16,H,ghee,ghee,ghee,,,heisig_extra,heisig_extra,K2781,2781,6,140,1,U9190,u9190.svg,,,draft,2781–2800,castle.png,,, 
醇,NA,2777,15,H,strong_sake,strong sake,strong_sake,,,heisig_extra,heisig_extra,K2782,2782,6,140,2,U9187,u9187.svg,,,draft,2781–2800,castle.png,,, 
麹,NA,2778,15,H,malt,malt,malt,,,heisig_extra,heisig_extra,K2783,2783,6,140,3,U9EB9,u9eb9.svg,,,draft,2781–2800,castle.png,,, 
釦,NA,2779,11,H,button,button,button,,,heisig_extra,heisig_extra,K2784,2784,6,140,4,U91E6,u91e6.svg,,,draft,2781–2800,castle.png,,, 
銚,NA,2780,14,H,keg,keg,keg,,,heisig_extra,heisig_extra,K2785,2785,6,140,5,U929A,u929a.svg,,,draft,2781–2800,castle.png,,, 
鋤,NA,2781,15,H,plow,plow,plow,,,heisig_extra,heisig_extra,K2786,2786,6,140,6,U92E4,u92e4.svg,,,draft,2781–2800,castle.png,,, 
鋸,NA,2782,16,H,hand_saw,hand saw,hand_saw,,,heisig_extra,heisig_extra,K2787,2787,6,140,7,U92F8,u92f8.svg,,,draft,2781–2800,castle.png,,, 
錐,NA,2783,16,H,awl,awl,awl,,,heisig_extra,heisig_extra,K2788,2788,6,140,8,U9310,u9310.svg,,,draft,2781–2800,castle.png,,, 
鍬,NA,2784,17,H,hoe,hoe,hoe,,,heisig_extra,heisig_extra,K2789,2789,6,140,9,U936C,u936c.svg,,,draft,2781–2800,castle.png,,, 
鋲,NA,2785,15,H,rivet,rivet,rivet,,,heisig_extra,heisig_extra,K2790,2790,6,140,10,U92F2,u92f2.svg,,,draft,2781–2800,castle.png,,, 
錫,NA,2786,16,H,tin,tin,tin,,,heisig_extra,heisig_extra,K2791,2791,6,140,11,U932B,u932b.svg,,,draft,2781–2800,castle.png,,, 
錨,NA,2787,16,H,anchor,anchor,anchor,,,heisig_extra,heisig_extra,K2792,2792,6,140,12,U9328,u9328.svg,,,draft,2781–2800,castle.png,,, 
釘,NA,2788,10,H,nail,nail,nail,,,heisig_extra,heisig_extra,K2793,2793,6,140,13,U91D8,u91d8.svg,,,draft,2781–2800,castle.png,,, 
鑓,NA,2789,21,H,javelin,javelin,javelin,,,heisig_extra,heisig_extra,K2794,2794,6,140,14,U9453,u9453.svg,,,draft,2781–2800,castle.png,,, 
鋒,NA,2790,15,H,swords,sword’s point,swords,,,heisig_extra,heisig_extra,K2795,2795,6,140,15,U92D2,u92d2.svg,,,draft,2781–2800,castle.png,,, 
鎚,NA,2791,17,H,hammer,hammer,hammer,,,heisig_extra,heisig_extra,K2796,2796,6,140,16,U939A,u939a.svg,,,draft,2781–2800,castle.png,,, 
鉦,NA,2792,13,H,carillion,carillion,carillion,,,heisig_extra,heisig_extra,K2797,2797,6,140,17,U9266,u9266.svg,,,draft,2781–2800,castle.png,,, 
錆,NA,2793,16,H,rust,rust,rust,,,heisig_extra,heisig_extra,K2798,2798,6,140,18,U9306,u9306.svg,,,draft,2781–2800,castle.png,,, 
鍾,NA,2794,17,H,cluster,cluster,cluster,,,heisig_extra,heisig_extra,K2799,2799,6,140,19,U937E,u937e.svg,,,draft,2781–2800,castle.png,,, 
鋏,NA,2795,15,H,scissors,scissors,scissors,,,heisig_extra,heisig_extra,K2800,2800,6,140,20,U92CF,u92cf.svg,,,draft,2781–2800,castle.png,,, 
閃,NA,2796,10,H,flash,flash,flash,,,heisig_extra,heisig_extra,K2801,2801,6,141,1,U9583,u9583.svg,,,draft,2801–2820,koi.png,,, 
悶,NA,2797,12,H,agony,agony,agony,,,heisig_extra,heisig_extra,K2802,2802,6,141,2,U60B6,u60b6.svg,,,draft,2801–2820,koi.png,,, 
閤,NA,2798,14,H,sidegate,side gate,side_gate,,,heisig_extra,heisig_extra,K2803,2803,6,141,3,U95A4,u95a4.svg,,,draft,2801–2820,koi.png,,, 
雫,NA,2799,11,H,trickle,trickle,trickle,,,heisig_extra,heisig_extra,K2804,2804,6,141,4,U96EB,u96eb.svg,,,draft,2801–2820,koi.png,,, 
霞,NA,2800,17,H,haze,haze,haze,,,heisig_extra,heisig_extra,K2805,2805,6,141,5,U971E,u971e.svg,,,draft,2801–2820,koi.png,,, 
翰,NA,2801,16,H,quill,quill,quill,,,heisig_extra,heisig_extra,K2806,2806,6,141,6,U7FF0,u7ff0.svg,,,draft,2801–2820,koi.png,,, 
斡,NA,2802,14,H,auspices,auspices,auspices,,,heisig_extra,heisig_extra,K2807,2807,6,141,7,U65A1,u65a1.svg,,,draft,2801–2820,koi.png,,, 
鞍,NA,2803,15,H,saddle,saddle,saddle,,,heisig_extra,heisig_extra,K2808,2808,6,141,8,U978D,u978d.svg,,,draft,2801–2820,koi.png,,, 
鞭,NA,2804,18,H,whip,whip,whip,,,heisig_extra,heisig_extra,K2809,2809,6,141,9,U97AD,u97ad.svg,,,draft,2801–2820,koi.png,,, 
鞘,NA,2805,16,H,saddle_straps,saddle straps,saddle_straps,,,heisig_extra,heisig_extra,K2810,2810,6,141,10,U9798,u9798.svg,,,draft,2801–2820,koi.png,,, 
鞄,NA,2806,14,H,briefcase,briefcase,briefcase,,,heisig_extra,heisig_extra,K2811,2811,6,141,11,U9784,u9784.svg,,,draft,2801–2820,koi.png,,, 
靭,NA,2807,12,H,pliable,pliable,pliable,,,heisig_extra,heisig_extra,K2812,2812,6,141,12,U976D,u976d.svg,,,draft,2801–2820,koi.png,,, 
鞠,NA,2808,17,H,terminate,terminate,terminate,,,heisig_extra,heisig_extra,K2813,2813,6,141,13,U97A0,u97a0.svg,,,draft,2801–2820,koi.png,,, 
顛,NA,2809,19,H,overturn,overturn,overturn,,,heisig_extra,heisig_extra,K2814,2814,6,141,14,U985B,u985b.svg,,,draft,2801–2820,koi.png,,, 
穎,NA,2810,16,H,brush,brush tip,brush,,,heisig_extra,heisig_extra,K2815,2815,6,141,15,U7A4E,u7a4e.svg,,,draft,2801–2820,koi.png,,, 
頗,NA,2811,14,H,exceedingly,exceedingly,exceedingly,,,heisig_extra,heisig_extra,K2816,2816,6,141,16,U9817,u9817.svg,,,draft,2801–2820,koi.png,,, 
頌,NA,2812,13,H,accolade,accolade,accolade,,,heisig_extra,heisig_extra,K2817,2817,6,141,17,U980C,u980c.svg,,,draft,2801–2820,koi.png,,, 
頚,NA,2813,14,H,neckandthroat,neck and throat,neck_and_throat,,,heisig_extra,heisig_extra,K2818,2818,6,141,18,U981A,u981a.svg,,,draft,2801–2820,koi.png,,, 
餐,NA,2814,16,H,repast,repast,repast,,,heisig_extra,heisig_extra,K2819,2819,6,141,19,U9910,u9910.svg,,,draft,2801–2820,koi.png,,, 
饗,NA,2815,22,H,feast,feast,feast,,,heisig_extra,heisig_extra,K2820,2820,6,141,20,U9957,u9957.svg,,,draft,2801–2820,koi.png,,, 
蝕,NA,2816,14,H,eclipse,eclipse,eclipse,,,heisig_extra,heisig_extra,K2821,2821,6,142,1,U8755,u8755.svg,,,draft,2821–2840,kujira.png,,, 
飴,NA,2817,13,H,sweets,sweets,sweets,,,heisig_extra,heisig_extra,K2822,2822,6,142,2,U98F4,u98f4.svg,,,draft,2821–2840,kujira.png,,, 
駕,NA,2818,15,H,stretcher,stretcher,stretcher,,,heisig_extra,heisig_extra,K2823,2823,6,142,3,U99D5,u99d5.svg,,,draft,2821–2840,kujira.png,,, 
騨,NA,2819,19,H,piebald,piebald,piebald,,,heisig_extra,heisig_extra,K2824,2824,6,142,4,U9A28,u9a28.svg,,,draft,2821–2840,kujira.png,,, 
馳,NA,2820,13,H,rush,rush,rush,,,heisig_extra,heisig_extra,K2825,2825,6,142,5,U99B3,u99b3.svg,,,draft,2821–2840,kujira.png,,, 
騙,NA,2821,19,H,cheat,cheat,cheat,,,heisig_extra,heisig_extra,K2826,2826,6,142,6,U9A19,u9a19.svg,,,draft,2821–2840,kujira.png,,, 
馴,NA,2822,13,H,tame,tame,tame,,,heisig_extra,heisig_extra,K2827,2827,6,142,7,U99B4,u99b4.svg,,,draft,2821–2840,kujira.png,,, 
駁,NA,2823,14,H,rebuttal,rebuttal,rebuttal,,,heisig_extra,heisig_extra,K2828,2828,6,142,8,U99C1,u99c1.svg,,,draft,2821–2840,kujira.png,,, 
駈,NA,2824,15,H,gallop,gallop,gallop,,,heisig_extra,heisig_extra,K2829,2829,6,142,9,U99C8,u99c8.svg,,,draft,2821–2840,kujira.png,,, 
驢,NA,2825,26,H,donkey,donkey,donkey,,,heisig_extra,heisig_extra,K2830,2830,6,142,10,U9A62,u9a62.svg,,,draft,2821–2840,kujira.png,,, 
鰻,NA,2826,22,H,eel,eel,eel,,,heisig_extra,heisig_extra,K2831,2831,6,142,11,U9C3B,u9c3b.svg,,,draft,2821–2840,kujira.png,,, 
鯛,NA,2827,19,H,seabream,sea bream,sea_bream,,,heisig_extra,heisig_extra,K2832,2832,6,142,12,U9BDB,u9bdb.svg,,,draft,2821–2840,kujira.png,,, 
鰯,NA,2828,21,H,sardine,sardine,sardine,,,heisig_extra,heisig_extra,K2833,2833,6,142,13,U9C2F,u9c2f.svg,,,draft,2821–2840,kujira.png,,, 
鱒,NA,2829,23,H,trout,trout,trout,,,heisig_extra,heisig_extra,K2834,2834,6,142,14,U9C52,u9c52.svg,,,draft,2821–2840,kujira.png,,, 
鮭,NA,2830,17,H,salmon,salmon,salmon,,,heisig_extra,heisig_extra,K2835,2835,6,142,15,U9BAD,u9bad.svg,,,draft,2821–2840,kujira.png,,, 
鮪,NA,2831,17,H,tuna,tuna,tuna,,,heisig_extra,heisig_extra,K2836,2836,6,142,16,U9BAA,u9baa.svg,,,draft,2821–2840,kujira.png,,, 
鮎,NA,2832,16,H,smelt,smelt,sweet,,,heisig_extra,heisig_extra,K2837,2837,6,142,17,U9B8E,u9b8e.svg,,,draft,2821–2840,kujira.png,,, 
鯵,NA,2833,19,H,horsemackerel,horse mackerel,horse_mackeral,,,heisig_extra,heisig_extra,K2838,2838,6,142,18,U9BF5,u9bf5.svg,,,draft,2821–2840,kujira.png,,, 
鱈,NA,2834,22,H,cod,cod,cod,,,heisig_extra,heisig_extra,K2839,2839,6,142,19,U9C48,u9c48.svg,,,draft,2821–2840,kujira.png,,, 
鯖,NA,2835,19,H,mackerel,mackerel,mackerel,,,heisig_extra,heisig_extra,K2840,2840,6,142,20,U9BD6,u9bd6.svg,,,draft,2821–2840,kujira.png,,, 
鮫,NA,2836,17,H,shark,shark,shark,,,heisig_extra,heisig_extra,K2841,2841,6,143,1,U9BAB,u9bab.svg,,,draft,2841–2860,mountain.png,,, 
鰹,NA,2837,23,H,bonito,bonito,bonito,,,heisig_extra,heisig_extra,K2842,2842,6,143,2,U9C39,u9c39.svg,,,draft,2841–2860,mountain.png,,, 
鰍,NA,2838,20,H,bullhead,bullhead,bullhead,,,heisig_extra,heisig_extra,K2843,2843,6,143,3,U9C0D,u9c0d.svg,,,draft,2841–2860,mountain.png,,, 
鰐,NA,2839,20,H,alligator,alligator,alligator,,,heisig_extra,heisig_extra,K2844,2844,6,143,4,U9C10,u9c10.svg,,,draft,2841–2860,mountain.png,,, 
鮒,NA,2840,16,H,crucian,crucian,crucian,,,heisig_extra,heisig_extra,K2845,2845,6,143,5,U9B92,u9b92.svg,,,draft,2841–2860,mountain.png,,, 
鮨,NA,2841,17,H,sushi,sushi,sushi,,,heisig_extra,heisig_extra,K2846,2846,6,143,6,U9BA8,u9ba8.svg,,,draft,2841–2860,mountain.png,,, 
鰭,NA,2842,21,H,fish_fin,fish fin,fish_fin,,,heisig_extra,heisig_extra,K2847,2847,6,143,7,U9C2D,u9c2d.svg,,,draft,2841–2860,mountain.png,,, 
鴎,NA,2843,15,H,seagull,seagull,seagull,,,heisig_extra,heisig_extra,K2848,2848,6,143,8,U9D0E,u9d0e.svg,,,draft,2841–2860,mountain.png,,, 
鵬,NA,2844,19,H,roc,roc,roc,,,heisig_extra,heisig_extra,K2849,2849,6,143,9,U9D6C,u9d6c.svg,,,draft,2841–2860,mountain.png,,, 
鸚,NA,2845,28,H,parakeet,parakeet,parakeet,,,heisig_extra,heisig_extra,K2850,2850,6,143,10,U9E1A,u9e1a.svg,,,draft,2841–2860,mountain.png,,, 
鵡,NA,2846,19,H,parrot,parrot,parrot,,,heisig_extra,heisig_extra,K2851,2851,6,143,11,U9D61,u9d61.svg,,,draft,2841–2860,mountain.png,,, 
鵜,NA,2847,18,H,cormorant,cormorant,cormorant,,,heisig_extra,heisig_extra,K2852,2852,6,143,12,U9D5C,u9d5c.svg,,,draft,2841–2860,mountain.png,,, 
鷺,NA,2848,24,H,heron,heron,heron,,,heisig_extra,heisig_extra,K2853,2853,6,143,13,U9DFA,u9dfa.svg,,,draft,2841–2860,mountain.png,,, 
鷲,NA,2849,23,H,eagle,eagle,eagle,,,heisig_extra,heisig_extra,K2854,2854,6,143,14,U9DF2,u9df2.svg,,,draft,2841–2860,mountain.png,,, 
鴨,NA,2850,16,H,wildduck,wild duck,wild_duck,,,heisig_extra,heisig_extra,K2855,2855,6,143,15,U9D28,u9d28.svg,,,draft,2841–2860,mountain.png,,, 
鳶,NA,2851,14,H,blackkite,black kite,black_kite,,,heisig_extra,heisig_extra,K2856,2856,6,143,16,U9CF6,u9cf6.svg,,,draft,2841–2860,mountain.png,,, 
梟,NA,2852,11,H,owl,owl,owl,,,heisig_extra,heisig_extra,K2857,2857,6,143,17,U689F,u689f.svg,,,draft,2841–2860,mountain.png,,, 
塵,NA,2853,14,H,dust,dust,dust,,,heisig_extra,heisig_extra,K2858,2858,6,143,18,U5875,u5875.svg,,,draft,2841–2860,mountain.png,,, 
麒,NA,2854,19,H,giraffe,giraffe,giraffe,,,heisig_extra,heisig_extra,K2859,2859,6,143,19,U9E92,u9e92.svg,,,draft,2841–2860,mountain.png,,, 
舅,NA,2855,13,H,fatherinlaw,father-in-law,fatherinlaw,,,heisig_extra,heisig_extra,K2860,2860,6,143,20,U8205,u8205.svg,,,draft,2841–2860,mountain.png,,, 
鼠,NA,2856,13,H,mouse,mouse,mouse,,,heisig_extra,heisig_extra,K2861,2861,6,144,1,U9F20,u9f20.svg,,,draft,2861–2880,tree.png,,, 
鑿,NA,2857,28,H,bore,bore,bore,,,heisig_extra,heisig_extra,K2862,2862,6,144,2,U947F,u947f.svg,,,draft,2861–2880,tree.png,,, 
艘,NA,2858,16,H,small_craft,small craft,small_craft,,,heisig_extra,heisig_extra,K2863,2863,6,144,3,U8258,u8258.svg,,,draft,2861–2880,tree.png,,, 
瞑,NA,2859,15,H,close_eyes,close the eyes,close_eyes,,,heisig_extra,heisig_extra,K2864,2864,6,144,4,U7791,u7791.svg,,,draft,2861–2880,tree.png,,, 
暝,NA,2860,14,H,murky,murky,murky,,,heisig_extra,heisig_extra,K2865,2865,6,144,5,U669D,u669d.svg,,,draft,2861–2880,tree.png,,, 
坐,NA,2861,7,H,sitting,sitting,sitting,,,heisig_extra,heisig_extra,K2866,2866,6,144,6,U5750,u5750.svg,,,draft,2861–2880,tree.png,,, 
朔,NA,2862,10,H,first_day,first day,first_day_of_the_month,,,heisig_extra,heisig_extra,K2867,2867,6,144,7,U6714,u6714.svg,,,draft,2861–2880,tree.png,,, 
曳,NA,2863,6,H,tow,tow,tow,,,heisig_extra,heisig_extra,K2868,2868,6,144,8,U66F3,u66f3.svg,,,draft,2861–2880,tree.png,,, 
洩,NA,2864,9,H,dribble,dribble out,dribble,,,heisig_extra,heisig_extra,K2869,2869,6,144,9,U6D29,u6d29.svg,,,draft,2861–2880,tree.png,,, 
彗,NA,2865,11,H,comet,comet,comet,,,heisig_extra,heisig_extra,K2870,2870,6,144,10,U5F57,u5f57.svg,,,draft,2861–2880,tree.png,,, 
慧,NA,2866,15,H,astute,astute,astute,,,heisig_extra,heisig_extra,K2871,2871,6,144,11,U6167,u6167.svg,,,draft,2861–2880,tree.png,,, 
爾,NA,2867,14,H,let,let it be,let,,,heisig_extra,heisig_extra,K2872,2872,6,144,12,U723E,u723e.svg,,,draft,2861–2880,tree.png,,, 
嘉,NA,2868,14,H,applaud,applaud,applaud,,,heisig_extra,heisig_extra,K2873,2873,6,144,13,U5609,u5609.svg,,,draft,2861–2880,tree.png,,, 
兇,NA,2869,6,H,evil,evil,evil,,,heisig_extra,heisig_extra,K2874,2874,6,144,14,U5147,u5147.svg,,,draft,2861–2880,tree.png,,, 
兜,NA,2870,11,H,helmet,helmet,helmet,,,heisig_extra,heisig_extra,K2875,2875,6,144,15,U515C,u515c.svg,,,draft,2861–2880,tree.png,,, 
靄,NA,2871,24,H,mist,mist,mist,,,heisig_extra,heisig_extra,K2876,2876,6,144,16,U9744,u9744.svg,,,draft,2861–2880,tree.png,,, 
劫,NA,2872,7,H,kalpa,kalpa,kalpa,,,heisig_extra,heisig_extra,K2877,2877,6,144,17,U52AB,u52ab.svg,,,draft,2861–2880,tree.png,,, 
歎,NA,2873,14,H,bemoan,bemoan,bemoan,,,heisig_extra,heisig_extra,K2878,2878,6,144,18,U6B4E,u6b4e.svg,,,draft,2861–2880,tree.png,,, 
輿,NA,2874,17,H,palanquin,palanquin,palanquin,,,heisig_extra,heisig_extra,K2879,2879,6,144,19,U8F3F,u8f3f.svg,,,draft,2861–2880,tree.png,,, 
歪,NA,2875,9,H,warped,warped,warped,,,heisig_extra,heisig_extra,K2880,2880,6,144,20,U6B6A,u6b6a.svg,,,draft,2861–2880,tree.png,,, 
翠,NA,2876,14,H,jade,jade green,jade,,,heisig_extra,heisig_extra,K2881,2881,6,145,1,U7FE0,u7fe0.svg,,,draft,2881–2900,bamboo.png,,, 
黛,NA,2877,16,H,blueblack,blue-black,blueblack,,,heisig_extra,heisig_extra,K2882,2882,6,145,2,U9EDB,u9edb.svg,,,draft,2881–2900,bamboo.png,,, 
鼎,NA,2878,13,H,tripod,tripod,tripod,,,heisig_extra,heisig_extra,K2883,2883,6,145,3,U9F0E,u9f0e.svg,,,draft,2881–2900,bamboo.png,,, 
鹵,NA,2879,11,H,rocksalt,rocksalt,rocksalt,,,heisig_extra,heisig_extra,K2884,2884,6,145,4,U9E75,u9e75.svg,,,draft,2881–2900,bamboo.png,,, 
鹸,NA,2880,19,H,lye,lye,lye,,,heisig_extra,heisig_extra,K2885,2885,6,145,5,U9E78,u9e78.svg,,,draft,2881–2900,bamboo.png,,, 
虔,NA,2881,10,H,reserved,reserved,reserved,,,heisig_extra,heisig_extra,K2886,2886,6,145,6,U8654,u8654.svg,,,draft,2881–2900,bamboo.png,,, 
燕,NA,2882,16,H,swallow,swallow,swallow,,,heisig_extra,heisig_extra,K2887,2887,6,145,7,U71D5,u71d5.svg,,,draft,2881–2900,bamboo.png,,, 
嘗,NA,2883,14,H,lick,lick,lick,,,heisig_extra,heisig_extra,K2888,2888,6,145,8,U5617,u5617.svg,,,draft,2881–2900,bamboo.png,,, 
殆,NA,2884,9,H,almost,almost,almost,,,heisig_extra,heisig_extra,K2889,2889,6,145,9,U6B86,u6b86.svg,,,draft,2881–2900,bamboo.png,,, 
牌,NA,2885,12,H,mahjong,mahjong tiles,mahjong,,,heisig_extra,heisig_extra,K2890,2890,6,145,10,U724C,u724c.svg,,,draft,2881–2900,bamboo.png,,, 
覗,NA,2886,12,H,peek,peek,peek,,,heisig_extra,heisig_extra,K2891,2891,6,145,11,U8997,u8997.svg,,,draft,2881–2900,bamboo.png,,, 
齟,NA,2887,20,H,disagree,disagree,disagree,,,heisig_extra,heisig_extra,K2892,2892,6,145,12,U9F5F,u9f5f.svg,,,draft,2881–2900,bamboo.png,,, 
齬,NA,2888,22,H,discord,discord,discord,,,heisig_extra,heisig_extra,K2893,2893,6,145,13,U9F6C,u9f6c.svg,,,draft,2881–2900,bamboo.png,,, 
秦,NA,2889,10,H,manchu,Manchu dynasty,manchu,,,heisig_extra,heisig_extra,K2894,2894,6,145,14,U79E6,u79e6.svg,,,draft,2881–2900,bamboo.png,,, 
雀,NA,2890,11,H,sparrow,sparrow,sparrow,,,heisig_extra,heisig_extra,K2895,2895,6,145,15,U96C0,u96c0.svg,,,draft,2881–2900,bamboo.png,,, 
隼,NA,2891,10,H,peregrine,peregrine falcon,peregrine,,,heisig_extra,heisig_extra,K2896,2896,6,145,16,U96BC,u96bc.svg,,,draft,2881–2900,bamboo.png,,, 
耀,NA,2892,20,H,shimmering,shimmering,shimmering,,,heisig_extra,heisig_extra,K2897,2897,6,145,17,U8000,u8000.svg,,,draft,2881–2900,bamboo.png,,, 
夷,NA,2893,6,H,ebisu,ebisu,ebisu,,,heisig_extra,heisig_extra,K2898,2898,6,145,18,U5937,u5937.svg,,,draft,2881–2900,bamboo.png,,, 
嚢,NA,2894,18,H,cyst,cyst,cyst,,,heisig_extra,heisig_extra,K2899,2899,6,145,19,U56A2,u56a2.svg,,,draft,2881–2900,bamboo.png,,, 
暢,NA,2895,14,H,carefree,carefree,carefree,,,heisig_extra,heisig_extra,K2900,2900,6,145,20,U66A2,u66a2.svg,,,draft,2881–2900,bamboo.png,,, 
廻,NA,2896,9,H,circling,circling,circling,,,heisig_extra,heisig_extra,K2901,2901,6,146,1,U5EFB,u5efb.svg,,,draft,2901–2920,castle.png,,, 
欣,NA,2897,8,H,elation,elation,elation,,,heisig_extra,heisig_extra,K2902,2902,6,146,2,U6B23,u6b23.svg,,,draft,2901–2920,castle.png,,, 
毅,NA,2898,15,H,stalwart,stalwart,stalwart,,,heisig_extra,heisig_extra,K2903,2903,6,146,3,U6BC5,u6bc5.svg,,,draft,2901–2920,castle.png,,, 
斯,NA,2899,12,H,this,this,this,,,heisig_extra,heisig_extra,K2904,2904,6,146,4,U65AF,u65af.svg,,,draft,2901–2920,castle.png,,, 
匙,NA,2900,11,H,wooden_spoon,wooden spoon,wooden_spoon,,,heisig_extra,heisig_extra,K2905,2905,6,146,5,U5319,u5319.svg,,,draft,2901–2920,castle.png,,, 
匡,NA,2901,6,H,set_straight,set straight,set_straight,,,heisig_extra,heisig_extra,K2906,2906,6,146,6,U5321,u5321.svg,,,draft,2901–2920,castle.png,,, 
肇,NA,2902,14,H,founding,founding,founding,,,heisig_extra,heisig_extra,K2907,2907,6,146,7,U8087,u8087.svg,,,draft,2901–2920,castle.png,,, 
麿,NA,2903,18,H,utamaro,Utamaro,utamaro,,,heisig_extra,heisig_extra,K2908,2908,6,146,8,U9EBF,u9ebf.svg,,,draft,2901–2920,castle.png,,, 
叢,NA,2904,18,H,conglomerate,conglomerate,conglomerate,,,heisig_extra,heisig_extra,K2909,2909,6,146,9,U53E2,u53e2.svg,,,draft,2901–2920,castle.png,,, 
肴,NA,2905,8,H,entreat,entreat,entreat,,,heisig_extra,heisig_extra,K2910,2910,6,146,10,U80B4,u80b4.svg,,,draft,2901–2920,castle.png,,, 
斐,NA,2906,12,H,symmetrical,symmetrical,symmetrically_patterned,,,heisig_extra,heisig_extra,K2911,2911,6,146,11,U6590,u6590.svg,,,draft,2901–2920,castle.png,,, 
卿,NA,2907,12,H,magistrate,magistrate,magistrate,,,heisig_extra,heisig_extra,K2912,2912,6,146,12,U537F,u537f.svg,,,draft,2901–2920,castle.png,,, 
翫,NA,2908,15,H,fiddle,fiddle,fiddle,,,heisig_extra,heisig_extra,K2913,2913,6,146,13,U7FEB,u7feb.svg,,,draft,2901–2920,castle.png,,, 
於,NA,2909,8,H,within,within,within,,,heisig_extra,heisig_extra,K2914,2914,6,146,14,U65BC,u65bc.svg,,,draft,2901–2920,castle.png,,, 
套,NA,2910,10,H,hackneyed,hackneyed,hackneyed,,,heisig_extra,heisig_extra,K2915,2915,6,146,15,U5957,u5957.svg,,,draft,2901–2920,castle.png,,, 
叛,NA,2911,9,H,rebellion,rebellion,rebellion,,,heisig_extra,heisig_extra,K2916,2916,6,146,16,U53DB,u53db.svg,,,draft,2901–2920,castle.png,,, 
尖,NA,2912,6,H,sharp_point,sharp point,sharp_point,,,heisig_extra,heisig_extra,K2917,2917,6,146,17,U5C16,u5c16.svg,,,draft,2901–2920,castle.png,,, 
壷,NA,2913,11,H,crock,crock,crock,,,heisig_extra,heisig_extra,K2918,2918,6,146,18,U58F7,u58f7.svg,,,draft,2901–2920,castle.png,,, 
叡,NA,2914,16,H,sapience,sapience,sapience,,,heisig_extra,heisig_extra,K2919,2919,6,146,19,U53E1,u53e1.svg,,,draft,2901–2920,castle.png,,, 
酋,NA,2915,9,H,chieftain,chieftain,chieftain,,,heisig_extra,heisig_extra,K2920,2920,6,146,20,U914B,u914b.svg,,,draft,2901–2920,castle.png,,, 
鴬,NA,2916,16,H,nightingale,nightingale,nightingale,,,heisig_extra,heisig_extra,K2921,2921,6,147,1,U9D2C,u9d2c.svg,,,draft,2921–2940,koi.png,,, 
赫,NA,2917,14,H,incandescent,incandescent,incandescent,,,heisig_extra,heisig_extra,K2922,2922,6,147,2,U8D6B,u8d6b.svg,,,draft,2921–2940,koi.png,,, 
臥,NA,2918,9,H,supinate,supinate,supinate,,,heisig_extra,heisig_extra,K2923,2923,6,147,3,U81E5,u81e5.svg,,,draft,2921–2940,koi.png,,, 
甥,NA,2919,12,H,nephew,nephew,nephew,,,heisig_extra,heisig_extra,K2924,2924,6,147,4,U7525,u7525.svg,,,draft,2921–2940,koi.png,,, 
瓢,NA,2920,17,H,gourd,gourd,gourd,,,heisig_extra,heisig_extra,K2925,2925,6,147,5,U74E2,u74e2.svg,,,draft,2921–2940,koi.png,,, 
琵,NA,2921,12,H,biwa,biwa,biwa,,,heisig_extra,heisig_extra,K2926,2926,6,147,6,U7435,u7435.svg,,,draft,2921–2940,koi.png,,, 
琶,NA,2922,12,H,lute,lute,lute,,,heisig_extra,heisig_extra,K2927,2927,6,147,7,U7436,u7436.svg,,,draft,2921–2940,koi.png,,, 
叉,NA,2923,3,H,forked,forked,forked,,,heisig_extra,heisig_extra,K2928,2928,6,147,8,U53C9,u53c9.svg,,,draft,2921–2940,koi.png,,, 
乖,NA,2924,8,H,disobey,disobey,disobey,,,heisig_extra,heisig_extra,K2929,2929,6,147,9,U4E56,u4e56.svg,,,draft,2921–2940,koi.png,,, 
畠,NA,2925,10,H,dryfield,dry field,dry_field,,,heisig_extra,heisig_extra,K2930,2930,6,147,10,U7560,u7560.svg,,,draft,2921–2940,koi.png,,, 
圃,NA,2926,10,H,vegetablepatch,vegetable patch,vegetable_patch,,,heisig_extra,heisig_extra,K2931,2931,6,147,11,U5703,u5703.svg,,,draft,2921–2940,koi.png,,, 
丞,NA,2927,6,H,helpinghand,helping hand,helping_hand,,,heisig_extra,heisig_extra,K2932,2932,6,147,12,U4E1E,u4e1e.svg,,,draft,2921–2940,koi.png,,, 
亮,NA,2928,9,H,translucent,translucent,translucent,,,heisig_extra,heisig_extra,K2933,2933,6,147,13,U4EAE,u4eae.svg,,,draft,2921–2940,koi.png,,, 
胤,NA,2929,9,H,bloodrelative,blood relative,blood_relative,,,heisig_extra,heisig_extra,K2934,2934,6,147,14,U80E4,u80e4.svg,,,draft,2921–2940,koi.png,,, 
疏,NA,2930,12,H,transcription,transcription,transcription,,,heisig_extra,heisig_extra,K2935,2935,6,147,15,U758F,u758f.svg,,,draft,2921–2940,koi.png,,, 
膏,NA,2931,14,H,ointment,ointment,ointment,,,heisig_extra,heisig_extra,K2936,2936,6,147,16,U818F,u818f.svg,,,draft,2921–2940,koi.png,,, 
魁,NA,2932,14,H,pioneer,pioneer,pioneer,,,heisig_extra,heisig_extra,K2937,2937,6,147,17,U9B41,u9b41.svg,,,draft,2921–2940,koi.png,,, 
馨,NA,2933,20,H,ambrosial,ambrosial,ambrosial,,,heisig_extra,heisig_extra,K2938,2938,6,147,18,U99A8,u99a8.svg,,,draft,2921–2940,koi.png,,, 
牒,NA,2934,13,H,label,label,label,,,heisig_extra,heisig_extra,K2939,2939,6,147,19,U7252,u7252.svg,,,draft,2921–2940,koi.png,,, 
瞥,NA,2935,17,H,glimpse,glimpse,glimpse,,,heisig_extra,heisig_extra,K2940,2940,6,147,20,U77A5,u77a5.svg,,,draft,2921–2940,koi.png,,, 
睾,NA,2936,14,H,testicle,testicle,testicle,,,heisig_extra,heisig_extra,K2941,2941,6,148,1,U777E,u777e.svg,,,draft,2941–2960,kujira.png,,, 
巫,NA,2937,7,H,sorceress,sorceress,sorceress,,,heisig_extra,heisig_extra,K2942,2942,6,148,2,U5DEB,u5deb.svg,,,draft,2941–2960,kujira.png,,, 
敦,NA,2938,12,H,empathetic,empathetic,empathetic,,,heisig_extra,heisig_extra,K2943,2943,6,148,3,U6566,u6566.svg,,,draft,2941–2960,kujira.png,,, 
奎,NA,2939,9,H,andromeda,Andromeda,andromeda,,,heisig_extra,heisig_extra,K2944,2944,6,148,4,U594E,u594e.svg,,,draft,2941–2960,kujira.png,,, 
翔,NA,2940,12,H,soar,soar,soar,,,heisig_extra,heisig_extra,K2945,2945,6,148,5,U7FD4,u7fd4.svg,,,draft,2941–2960,kujira.png,,, 
皓,NA,2941,12,H,beaming,beaming,beaming,,,heisig_extra,heisig_extra,K2946,2946,6,148,6,U7693,u7693.svg,,,draft,2941–2960,kujira.png,,, 
黎,NA,2942,15,H,tenebrous,tenebrous,tenebrous,,,heisig_extra,heisig_extra,K2947,2947,6,148,7,U9ECE,u9ece.svg,,,draft,2941–2960,kujira.png,,, 
赳,NA,2943,10,H,bold,bold,bold,,,heisig_extra,heisig_extra,K2948,2948,6,148,8,U8D73,u8d73.svg,,,draft,2941–2960,kujira.png,,, 
已,NA,2944,3,H,stopshort,stop short,stop_short,,,heisig_extra,heisig_extra,K2949,2949,6,148,9,U5DF2,u5df2.svg,,,draft,2941–2960,kujira.png,,, 
棘,NA,2945,12,H,thornbush,thornbush,thornbush,,,heisig_extra,heisig_extra,K2950,2950,6,148,10,U68D8,u68d8.svg,,,draft,2941–2960,kujira.png,,, 
祟,NA,2946,10,H,haunt,haunt,haunt,,,heisig_extra,heisig_extra,K2951,2951,6,148,11,U795F,u795f.svg,,,draft,2941–2960,kujira.png,,, 
甦,NA,2947,12,H,resuscitate,resuscitate,resuscitate,,,heisig_extra,heisig_extra,K2952,2952,6,148,12,U7526,u7526.svg,,,draft,2941–2960,kujira.png,,, 
剪,NA,2948,11,H,pruning,pruning,pruning,,,heisig_extra,heisig_extra,K2953,2953,6,148,13,U526A,u526a.svg,,,draft,2941–2960,kujira.png,,, 
躾,NA,2949,16,H,upbringing,upbringing,upbringing,,,heisig_extra,heisig_extra,K2954,2954,6,148,14,U8EBE,u8ebe.svg,,,draft,2941–2960,kujira.png,,, 
夥,NA,2950,14,H,plentiful,plentiful,plentiful,,,heisig_extra,heisig_extra,K2955,2955,6,148,15,U5925,u5925.svg,,,draft,2941–2960,kujira.png,,, 
鼾,NA,2951,17,H,snore,snore,snore,,,heisig_extra,heisig_extra,K2956,2956,6,148,16,U9F3E,u9f3e.svg,,,draft,2941–2960,kujira.png,,, 
陀,NA,2952,8,H,steeply,steeply inclined,steeply,,,heisig_extra,heisig_extra,K2957,2957,6,148,17,U9640,u9640.svg,,,draft,2941–2960,kujira.png,,, 
粁,NA,2953,9,H,kilometer,kilometer,kilometer,,,heisig_extra,heisig_extra,K2958,2958,6,148,18,U7C81,u7c81.svg,,,draft,2941–2960,kujira.png,,, 
糎,NA,2954,15,H,centimeter,centimeter,centimeter,,,heisig_extra,heisig_extra,K2959,2959,6,148,19,U7CCE,u7cce.svg,,,draft,2941–2960,kujira.png,,, 
粍,NA,2955,10,H,millimeter,millimeter,millimeter,,,heisig_extra,heisig_extra,K2960,2960,6,148,20,U7C8D,u7c8d.svg,,,draft,2941–2960,kujira.png,,, 
噸,NA,2956,16,H,ton,ton,ton,,,heisig_extra,heisig_extra,K2961,2961,6,149,1,U5678,u5678.svg,,,draft,2961–2980,mountain.png,,, 
哩,NA,2957,10,H,mile,mile,mile,,,heisig_extra,heisig_extra,K2962,2962,6,149,2,U54E9,u54e9.svg,,,draft,2961–2980,mountain.png,,, 
浬,NA,2958,10,H,nautical,nautical mile,nautical,,,heisig_extra,heisig_extra,K2963,2963,6,149,3,U6D6C,u6d6c.svg,,,draft,2961–2980,mountain.png,,, 
吋,NA,2959,6,H,inch,inch,inch,,,heisig_extra,heisig_extra,K2964,2964,6,149,4,U540B,u540b.svg,,,draft,2961–2980,mountain.png,,, 
呎,NA,2960,7,H,foot,foot,foot,,,heisig_extra,heisig_extra,K2965,2965,6,149,5,U544E,u544e.svg,,,draft,2961–2980,mountain.png,,, 
梵,NA,2961,11,H,brahman,brahman,brahman,,,heisig_extra,heisig_extra,K2966,2966,6,149,6,U68B5,u68b5.svg,,,draft,2961–2980,mountain.png,,, 
薩,NA,2962,17,H,bodhisattva,bodhisattva,bodhisattva,,,heisig_extra,heisig_extra,K2967,2967,6,149,7,U85A9,u85a9.svg,,,draft,2961–2980,mountain.png,,, 
菩,NA,2963,11,H,bo,bo tree,bo,,,heisig_extra,heisig_extra,K2968,2968,6,149,8,U83E9,u83e9.svg,,,draft,2961–2980,mountain.png,,, 
唖,NA,2964,10,H,babble,babble,babble,,,heisig_extra,heisig_extra,K2969,2969,6,149,9,U5516,u5516.svg,,,draft,2961–2980,mountain.png,,, 
牟,NA,2965,6,H,moo,moo,moo,,,heisig_extra,heisig_extra,K2970,2970,6,149,10,U725F,u725f.svg,,,draft,2961–2980,mountain.png,,, 
迦,NA,2966,8,H,sanskrit,Sanskrit ka,sanskrit,,,heisig_extra,heisig_extra,K2971,2971,6,149,11,U8FE6,u8fe6.svg,,,draft,2961–2980,mountain.png,,, 
珈,NA,2967,9,H,jeweled,jeweled hairpin,jeweled,,,heisig_extra,heisig_extra,K2972,2972,6,149,12,U73C8,u73c8.svg,,,draft,2961–2980,mountain.png,,, 
琲,NA,2968,12,H,beaded,beaded hairpin,beaded,,,heisig_extra,heisig_extra,K2973,2973,6,149,13,U7432,u7432.svg,,,draft,2961–2980,mountain.png,,, 
檜,NA,2969,17,H,japanese_cypress,Japanese cypress,japanese_cypress_(old),,,heisig_extra,heisig_extra,K2974,2974,6,149,14,U6A9C,u6a9c.svg,,,draft,2961–2980,mountain.png,,, 
轡,NA,2970,22,H,tinkling_bell,tinkling bell,tinkling_bell,,,heisig_extra,heisig_extra,K2975,2975,6,149,15,U8F61,u8f61.svg,,,draft,2961–2980,mountain.png,,, 
淵,NA,2971,12,H,abyss,abyss,abyss,,,heisig_extra,heisig_extra,K2976,2976,6,149,16,U6DF5,u6df5.svg,,,draft,2961–2980,mountain.png,,, 
伍,NA,2972,6,H,v,V,v,,,heisig_extra,heisig_extra,K2977,2977,6,149,17,U4F0D,u4f0d.svg,,,draft,2961–2980,mountain.png,,, 
什,NA,2973,4,H,x,X,x,,,heisig_extra,heisig_extra,K2978,2978,6,149,18,U4EC0,u4ec0.svg,,,draft,2961–2980,mountain.png,,, 
萬,NA,2974,12,H,oldtenthousand,ten thousand (old),old_ten_thousand,,,heisig_extra,heisig_extra,K2979,2979,6,149,19,U842C,u842c.svg,,,draft,2961–2980,mountain.png,,, 
邁,NA,2975,17,H,pass_through,pass through,pass,,,heisig_extra,heisig_extra,K2980,2980,6,149,20,U9081,u9081.svg,,,draft,2961–2980,mountain.png,,, 
燭,NA,2976,17,H,candlelight,candlelight,candlelight,,,heisig_extra,heisig_extra,K2981,2981,6,150,1,U71ED,u71ed.svg,,,draft,2981–3000,tree.png,,, 
逞,NA,2977,11,H,tough,tough,tough,,,heisig_extra,heisig_extra,K2982,2982,6,150,2,U901E,u901e.svg,,,draft,2981–3000,tree.png,,, 
燈,NA,2978,16,H,lamp_old,lamp (old),lamp_old,,,heisig_extra,heisig_extra,K2983,2983,6,150,3,U71C8,u71c8.svg,,,draft,2981–3000,tree.png,,, 
裡,NA,2979,12,H,back_old,back (old),back_old,,,heisig_extra,heisig_extra,K2984,2984,6,150,4,U88E1,u88e1.svg,,,draft,2981–3000,tree.png,,, 
薗,NA,2980,16,H,garden_name,garden name,garden_name,,,heisig_extra,heisig_extra,K2985,2985,6,150,5,U8597,u8597.svg,,,draft,2981–3000,tree.png,,, 
鋪,NA,2981,15,H,shopvariant,shop (variant),shop_variant,,,heisig_extra,heisig_extra,K2986,2986,6,150,6,U92EA,u92ea.svg,,,draft,2981–3000,tree.png,,, 
嶋,NA,2982,14,H,islandvariant,island (variant),island_variant,,,heisig_extra,heisig_extra,K2987,2987,6,150,7,U5D8B,u5d8b.svg,,,draft,2981–3000,tree.png,,, 
峯,NA,2983,10,H,summitvariant,summit (variant),summit_variant,,,heisig_extra,heisig_extra,K2988,2988,6,150,8,U5CEF,u5cef.svg,,,draft,2981–3000,tree.png,,, 
埜,NA,2984,11,H,plainsvariant,plains (variant),plains_variant,,,heisig_extra,heisig_extra,K2989,2989,6,150,9,U57DC,u57dc.svg,,,draft,2981–3000,tree.png,,, 
龍,NA,2985,16,H,dragon_old,dragon (old),dragon_old,,,heisig_extra,heisig_extra,K2990,2990,6,150,10,U9F8D,u9f8d.svg,,,draft,2981–3000,tree.png,,, 
寵,NA,2986,19,H,patronage,patronage,patronage,,,heisig_extra,heisig_extra,K2991,2991,6,150,11,U5BF5,u5bf5.svg,,,draft,2981–3000,tree.png,,, 
聾,NA,2987,22,H,deafness,deafness,deafness,,,heisig_extra,heisig_extra,K2992,2992,6,150,12,U807E,u807e.svg,,,draft,2981–3000,tree.png,,, 
慾,NA,2988,15,H,longing_old,longing (old),longing_old,,,heisig_extra,heisig_extra,K2993,2993,6,150,13,U617E,u617e.svg,,,draft,2981–3000,tree.png,,, 
嶽,NA,2989,17,H,point_old,Point (old),point_old,,,heisig_extra,heisig_extra,K2994,2994,6,150,14,U5DBD,u5dbd.svg,,,draft,2981–3000,tree.png,,, 
國,NA,2990,11,H,country_old,country (old),country_old,,,heisig_extra,heisig_extra,K2995,2995,6,150,15,U570B,u570b.svg,,,draft,2981–3000,tree.png,,, 
脛,NA,2991,11,H,shin,shin,shin,,,heisig_extra,heisig_extra,K2996,2996,6,150,16,U811B,u811b.svg,,,draft,2981–3000,tree.png,,, 
勁,NA,2992,9,H,formidable,formidable,formidable,,,heisig_extra,heisig_extra,K2997,2997,6,150,17,U52C1,u52c1.svg,,,draft,2981–3000,tree.png,,, 
祀,NA,2993,8,H,enshrine,enshrine,enshrine,,,heisig_extra,heisig_extra,K2998,2998,6,150,18,U7940,u7940.svg,,,draft,2981–3000,tree.png,,, 
祓,NA,2994,9,H,exorcism,exorcism,exorcism,,,heisig_extra,heisig_extra,K2999,2999,6,150,19,U7953,u7953.svg,,,draft,2981–3000,tree.png,,, 
躇,NA,2995,19,H,dither,dither,dither,,,heisig_extra,heisig_extra,K3000,3000,6,150,20,U8E87,u8e87.svg,,,draft,2981–3000,tree.png,,, 
壽,NA,2996,14,H,longevity_old,longevity (old),longevity_old,,,heisig_extra,heisig_extra,K3001,3001,7,151,1,U58FD,u58fd.svg,,,draft,3001–3020,bamboo.png,,, 
躊,NA,2997,21,H,hesitate,hesitate,hesitate,,,heisig_extra,heisig_extra,K3002,3002,7,151,2,U8E8A,u8e8a.svg,,,draft,3001–3020,bamboo.png,,, 
饅,NA,2998,20,H,bean_jam,bean jam,bean_jam,,,heisig_extra,heisig_extra,K3003,3003,7,151,3,U9945,u9945.svg,,,draft,3001–3020,bamboo.png,,, 
嘔,NA,2999,14,H,retch,retch,retch,,,heisig_extra,heisig_extra,K3004,3004,7,151,4,U5614,u5614.svg,,,draft,3001–3020,bamboo.png,,, 
鼈,NA,3000,25,H,snapping,snapping turtle,snapping,,,heisig_extra,heisig_extra,K3005,3005,7,151,5,U9F08,u9f08.svg,,,draft,3001–3020,bamboo.png,,, 
𠮟,830,,5,S,scold_old,scold_(old),scold_old,シツ,しか-る,joyo,K0830,830,2,42,10,U20B9F,20b9f.svg,,,draft,821–840,tree.png,,,, 
塡,1479,,13,S,fill,fill,fill_in,テン,,joyo,K1479,1479,3,74,19,U5861,05861.svg,,,draft,1461–1480,castle.png,,,, 
剝,1635,,10,S,peel,peel,peel,ハク,は-がす、は-ぐ、は-がれる、は-げる,joyo,K1635,1635,4,82,15,U525D,0525d.svg,,,draft,1621–1640,kujira.png,,,, 
頰,1874,,16,S,cheek_old,cheek old,cheek_old,,ほお,joyo,K1874,1874,4,94,14,U9830,09830.svg,,,draft,1861–1880,kujira.png,,,, 
籠,2124,,22,S,basket_variant,basket (variant),basket_variant,ロウ,かご、こ-もる,joyo,K2124,2124,5,107,4,U7C60,07c60.svg,,,draft,2121–2140,mountain.png,,,,
亙,NA,,6,,,,,,,,heisig_extra,K3006,3006,7,151,6,U4E99,u4e99.svg,,,draft,3001–3020,bamboo.png,,,
亨,NA,,7,,,,,,,,heisig_extra,K3007,3007,7,151,7,U4EA8,u4ea8.svg,,,draft,3001–3020,bamboo.png,,,
伶,NA,,7,,,,,,,,heisig_extra,K3008,3008,7,151,8,U4F36,u4f36.svg,,,draft,3001–3020,bamboo.png,,,
佑,NA,,7,,,,,,,,heisig_extra,K3009,3009,7,151,9,U4F51,u4f51.svg,,,draft,3001–3020,bamboo.png,,,
佼,NA,,8,,,,,,,,heisig_extra,K3010,3010,7,151,10,U4F7C,u4f7c.svg,,,draft,3001–3020,bamboo.png,,,
侑,NA,,8,,,,,,,,heisig_extra,K3011,3011,7,151,11,U4F91,u4f91.svg,,,draft,3001–3020,bamboo.png,,,
俣,NA,,9,,,,,,,,heisig_extra,K3012,3012,7,151,12,U4FE3,u4fe3.svg,,,draft,3001–3020,bamboo.png,,,
倖,NA,,10,,,,,,,,heisig_extra,K3013,3013,7,151,13,U5016,u5016.svg,,,draft,3001–3020,bamboo.png,,,
傭,NA,,13,,,,,,,,heisig_extra,K3014,3014,7,151,14,U50AD,u50ad.svg,,,draft,3001–3020,bamboo.png,,,
僻,NA,,15,,,,,,,,heisig_extra,K3015,3015,7,151,15,U50FB,u50fb.svg,,,draft,3001–3020,bamboo.png,,,
卜,NA,,2,,,,,,,,heisig_extra,K3016,3016,7,151,16,U535C,u535c.svg,,,draft,3001–3020,bamboo.png,,,
喬,NA,,12,,,,,,,,heisig_extra,K3017,3017,7,151,17,U55AC,u55ac.svg,,,draft,3001–3020,bamboo.png,,,
孟,NA,,8,,,,,,,,heisig_extra,K3018,3018,7,151,18,U5B5F,u5b5f.svg,,,draft,3001–3020,bamboo.png,,,
尭,NA,,8,,,,,,,,heisig_extra,K3019,3019,7,151,19,U5C2D,u5c2d.svg,,,draft,3001–3020,bamboo.png,,,
峨,NA,,10,,,,,,,,heisig_extra,K3020,3020,7,151,20,U5CE8,u5ce8.svg,,,draft,3001–3020,bamboo.png,,,
嵯,NA,,13,,,,,,,,heisig_extra,K3021,3021,7,152,1,U5D6F,u5d6f.svg,,,draft,3021–3040,castle.png,,,
巌,NA,,20,,,,,,,,heisig_extra,K3022,3022,7,152,2,U5DCC,u5dcc.svg,,,draft,3021–3040,castle.png,,,
巽,NA,,12,,,,,,,,heisig_extra,K3023,3023,7,152,3,U5DFD,u5dfd.svg,,,draft,3021–3040,castle.png,,,
彪,NA,,11,,,,,,,,heisig_extra,K3024,3024,7,152,4,U5F6A,u5f6a.svg,,,draft,3021–3040,castle.png,,,
掟,NA,,11,,,,,,,,heisig_extra,K3025,3025,7,152,5,U639F,u639f.svg,,,draft,3021–3040,castle.png,,,
掠,NA,,11,,,,,,,,heisig_extra,K3026,3026,7,152,6,U63A0,u63a0.svg,,,draft,3021–3040,castle.png,,,
撹,NA,,15,,,,,,,,heisig_extra,K3027,3027,7,152,7,U64B9,u64b9.svg,,,draft,3021–3040,castle.png,,,
梧,NA,,11,,,,,,,,heisig_extra,K3028,3028,7,152,8,U68A7,u68a7.svg,,,draft,3021–3040,castle.png,,,
欝,NA,,26,,,,,,,,heisig_extra,K3029,3029,7,152,9,U6B1D,u6b1d.svg,,,draft,3021–3040,castle.png,,,
欽,NA,,12,,,,,,,,heisig_extra,K3030,3030,7,152,10,U6B3D,u6b3d.svg,,,draft,3021–3040,castle.png,,,
煕,NA,,13,,,,,,,,heisig_extra,K3031,3031,7,152,11,U7155,u7155.svg,,,draft,3021–3040,castle.png,,,
熔,NA,,14,,,,,,,,heisig_extra,K3032,3032,7,152,12,U7194,u7194.svg,,,draft,3021–3040,castle.png,,,
珪,NA,,10,,,,,,,,heisig_extra,K3033,3033,7,152,13,U73EA,u73ea.svg,,,draft,3021–3040,castle.png,,,
瑶,NA,,13,,,,,,,,heisig_extra,K3034,3034,7,152,14,U7476,u7476.svg,,,draft,3021–3040,castle.png,,,
甫,NA,,7,,,,,,,,heisig_extra,K3035,3035,7,152,15,U752B,u752b.svg,,,draft,3021–3040,castle.png,,,
聚,NA,,14,,,,,,,,heisig_extra,K3036,3036,7,152,16,U805A,u805a.svg,,,draft,3021–3040,castle.png,,,
舘,NA,,16,,,,,,,,heisig_extra,K3037,3037,7,152,17,U8218,u8218.svg,,,draft,3021–3040,castle.png,,,
舜,NA,,13,,,,,,,,heisig_extra,K3038,3038,7,152,18,U821C,u821c.svg,,,draft,3021–3040,castle.png,,,
詑,NA,,12,,,,,,,,heisig_extra,K3039,3039,7,152,19,U8A51,u8a51.svg,,,draft,3021–3040,castle.png,,,
諏,NA,,15,,,,,,,,heisig_extra,K3040,3040,7,152,20,U8ACF,u8acf.svg,,,draft,3021–3040,castle.png,,,
躯,NA,,11,,,,,,,,heisig_extra,K3041,3041,7,153,1,U8EAF,u8eaf.svg,,,draft,3041–3060,koi.png,,,
郁,NA,,9,,,,,,,,heisig_extra,K3042,3042,7,153,2,U90C1,u90c1.svg,,,draft,3041–3060,koi.png,,,
鏑,NA,,19,,,,,,,,heisig_extra,K3043,3043,7,153,3,U93D1,u93d1.svg,,,draft,3041–3060,koi.png,,,
戌,NA,,,,,,,,,,,,,,,,,,,,,,,,,
