kanji,heisig_number,heisig_keyword,components,primitive_count
一,1,one,
二,2,two,
三,3,three,
四,4,four,pent in; human legs
五,5,five,
六,6,six,top hat; animal legs
七,7,seven,diced
八,8,eight,
九,9,nine,baseball
十,10,ten,needle
口,11,mouth,
日,12,day,sun
月,13,month,moon; flesh; part of the body
田,14,rice field,brains
目,15,eye,
古,16,old,tombstone; gravestone; church; ten; needle; mouth
吾,17,I,five; mouth
冒,18,risk,sun; day; eye
朋,19,companion,moon; month; flesh; part of the body
明,20,bright,sun; day; moon; month; flesh; part of the body
唱,21,chant,mouth; prosperous; sun; day; tongue wagging
晶,22,sparkle,day; sun
品,23,goods,mouth
呂,24,spine,mouth; drop
昌,25,prosperous,sun; day
早,26,early,sunflower; sun; day; ten; needle
旭,27,rising sun,nine; baseball; sun; day
世,28,generation,ten; twenty
胃,29,stomach,rice field; brains; moon; month; flesh; part of the body
旦,30,nightbreak,sun; one; floor
胆,31,gall bladder,gallbladder; moon; month; flesh; part of the body; nightbreak; sun; day; one; floor
亘,32,span,one; ceiling; sun; day; one; floor
凹,33,concave,
凸,34,convex,
旧,35,olden times,stick; sun; day
自,36,oneself,drop; eye
白,37,white,drop; sun; day
百,38,hundred,one; ceiling; white; dove
中,39,in,stick; mouth
千,40,thousand,drop; ten; needle
舌,41,tongue,thousand; drop; ten; needle; mouth
升,42,measuring box,thousand; drop; ten; needle
昇,43,rise up,sun; day; measuring box; thousand; drop; ten; needle
丸,44,round,drop; nine; baseball
寸,45,measurement,glue; drop; ten with a hook
肘,46,elbow,moon; month; flesh; part of the body; glue
専,47,specialty,ten; needle; rice field; brains; glue
博,48,Dr.,ten; needle; acupuncturist; specialty; drop; ten; needle; rice field; brains; glue
占,49,fortune-telling,magic wand; augury; divining rod; mouth
上,50,above,magic wand; augury; divining rod; one; floor
下,51,below,one; ceiling; magic wand; augury; divining rod
卓,52,eminent,magic wand; augury; divinging rod; sunflower; sun; day; ten; needle
朝,53,morning,mist; ten; needle; early; sun; day; moon; month; flesh; part of the body
嘲,54,derision,mouth; morning; mist; ten; needle; early; sun; day; moon; month; flesh; part of the body
只,55,only,mouth; animal legs; eight
貝,56,shellfish,clam; oyster; eye; animal legs; eight
唄,57,pop song,mouth; shellfish; clam; oyster; eye; animal legs; eight
貞,58,upright,magic wand; augury; divining rod; shellfish; clam; oyster; eye; animal legs; eight
員,59,employee,mouth; shellfish; clam; oyster; eye; animal legs; eight
貼,60,post a bill,shellfish; clam; oyster; eye; animal legs; eight; fortune-telling; magic wand; augury; mouth
見,61,see,eye; human legs
児,62,newborn babe,olden times; stick; sun; day; human legs
元,63,beginning,two; human legs
頁,64,page,one; ceiling; drop; shellfish; clam; oyster; eye; animal legs; eight
頑,65,stubborn,beginning; two; human legs; head; page; one; ceiling; drop; shellfish; clam; oyster; eye; animal legs; eight
凡,66,mediocre,drop; wind
負,67,defeat,bound up; shellfish; clam; oyster; eye; animal legs; eight
万,68,ten thousand,one; ceiling; bound up
句,69,phrase,bound up; mouth
肌,70,texture,moon; month; flesh; part of the body; wind
旬,71,decameron,bound up; sun; day
勺,72,ladle,bound up; drop
的,73,bull's eye,bull’s eye; white; dove; ladle; bound up; drop
首,74,neck,horns; nose; one; ceiling; drop; eye
乙,75,fish guts,fishguts; fishhook
乱,76,riot,tongue; thousand; drop; ten; needle; mouth; fishhook
直,77,straightaway,ten; needle; eye; fishhook
具,78,tool,eye; one; animal legs; eight
真,79,true,ten; needle; eye; tool; one; animal legs; eight
工,80,craft,artificial
左,81,left,by one’s side; craft
右,82,right,by one’s side; mouth
有,83,possess,by one’s side; moon; month; flesh; part of the body
賄,84,bribe,shellfish; clam; oyster; eye; animal legs; eight; possess; by one’s side; moon; month; flesh; part of the body
貢,85,tribute,craft; shellfish; clam; oyster; eye; animal legs; eight
項,86,paragraph,craft; head; page; one; ceiling; drop; shellfish; clam; oyster; eye; animal legs; eight
刀,87,sword,dagger
刃,88,blade,drop; sword; dagger
切,89,cut,seven; diced; sword; dagger
召,90,seduce,sword; dagger; mouth
昭,91,shining,sun; day; seduce; summon; sword; dagger; mouth
則,92,rule,shellfish; clam; oyster; eye; animal legs; eight; sword; sabre; saber
副,93,vice-,wealth; one; ceiling; mouth; rice field; brains; sword; sabre; saber
別,94,separate,mouth; bound up; sword; sabre; saber
丁,95,street,nail; spike
町,96,village,rice field; brains; street; nail; spike
可,97,can,mouth; street; street; nail; spike
頂,98,place on the head,street; nail; spike; head; page; one; ceiling; drop; shellfish; clam; oyster; eye; animal legs; eight
子,99,child,
孔,100,cavity,child; fishhook
了,101,complete,child with arms wrapped up
女,102,woman,
好,103,fond,woman; child
如,104,likeness,woman; mouth
母,105,mama,mother; breasts
貫,106,pierce,mama; mother; breasts; oyster; shellfish; clam; oyster; eye; animal legs; eight
兄,107,elder brother,teenager; mouth; human legs
呪,108,curse,mouth; elder brother; teenager; mouth; human legs
克,109,overcome,ten; needle; elder brother; teenager; mouth; human legs
小,110,little,small
少,111,few,little; small; drop
大,112,large,St. Bernard
多,113,many,evening
夕,114,evening,
汐,115,eventide,water; water droplets; water pistol; evening
外,116,outside,evening; magic wand; augury
名,117,name,evening; mouth
石,118,stone,cliff; mouth
肖,119,resemblance,spark; candle; small; little; moon; month; flesh; part of the body
硝,120,nitrate,stone; rock; resemblance; spark; candle; small; little; moon; month; flesh; part of the body
砕,121,smash,stone; rock; ninety; nine; baseball; ten; needle
砂,122,sand,stone; rock; few
妬,123,jealous,woman; stone; rock
削,124,plane,resemblance; spark; candle; small; little; moon; month; flesh; part of the body; sword; sabre; saber
光,125,ray,small; little; human legs
太,126,plump,large; St. Bernard; drop
器,127,utensil,mouth; large; St. Bernard
臭,128,stinking,nose; drop; eye; large; St. Bernard
嗅,129,sniff,
妙,130,exquisite,woman; few
省,131,focus,few; eye
厚,132,thick,cliff; sun; day; child
奇,133,strange,large; St. Bernard; can; mouth; street; nail; spike
川,134,stream,flood
州,135,state,stream; flood; drops
順,136,obey,stream; flood; head; page; one; ceiling; drop; shellfish; clam; oyster; eye; animal legs; eight
水,137,water,
氷,138,icicle,drop; water
永,139,eternity,drop; water
泉,140,spring,white; dove; water
腺,141,gland,moon; month; flesh; part of the body; spring; white; dove; water
原,142,meadow,cliff; spring; white; dove; small; little
願,143,petition,meadow; cliff; white; dove; small; little; head; page; one; ceiling; drop; shellfish; clam; oyster; eye; animal legs; eight
泳,144,swim,water; water droplets; water pistol; eternity
沼,145,marsh,water; water droplets; water pistol; summon; seduce; sword; dagger; mouth
沖,146,open sea,water; water droplets; water pistol; in; stick; mouth
汎,147,pan-,water; water droplets; water pistol; mediocre; wind; drop
江,148,creek,water; water droplets; water pistol; craft
汰,149,cleanse,water; water droplets; water pistol; plump; large; St. Bernard; drop
汁,150,soup,water; water droplets; water pistol; ten; needle
沙,151,grains of sand,water; water droplets; water pistol; few
潮,152,tide,water; water droplets; water pistol; morning; mist; ten; needle; early; sun; day; moon; month; flesh; part of the body
源,153,source,water; water droplets; water pistol; meadow; cliff; sun; day; small; little
活,154,lively,water; water droplets; water pistol; tongue; drop; old; tombstone; gravestone; church; ten; needle; mouth
消,155,extinguish,water; water droplets; water pistol; resemblance; spark; candle; small; little; moon; month; flesh; part of the body
況,156,but of course,water; water droplets; water pistol; elder brother; teenager; mouth; human legs
河,157,river,water; water droplets; water pistol; can; street; nail; spike; mouth
泊,158,overnight,water; water droplets; water pistol; white; dove
湖,159,lake,water; water droplets; water pistol; uncivilized; zombie; old; tombstone; gravestone; church; ten; needle; mouth; moon; month; flesh; part of the body
測,160,fathom,water; water droplets; water pistol; rule; shellfish; clam; oyster; eye; animal legs; eight; sword; sabre; saber
土,161,soil,dirt; ground
吐,162,spit,mouth; soil; dirt; ground
圧,163,pressure,cliff; soil; dirt; ground
埼,164,cape,soil; dirt; ground; strange; large; St. Bernard; street; nail; spike; mouth
垣,165,hedge,soil; dirt; ground; span; one; ceiling; sun; day; one; floor; one
填,166,inlay,
圭,167,squared jewel,square jewel; ivy; soil; dirt; ground
封,168,seal,ivy; square jewel; soil; dirt; ground; glue
涯,169,horizon,water; water droplets; water pistol; cliff; ivy; square jewel; soil; dirt; ground
寺,170,Buddhist temple,buddhist temple; soil; dirt; ground; glue
時,171,time,sun; day; Buddhist temple; soil; dirt; ground; glue
均,172,level,soil; dirt; ground; ladle; drop
火,173,fire,
炎,174,inflammation,fire
煩,175,anxiety,fire; head; page; one; ceiling; drop; shellfish; clam; oyster; eye; animal legs; eight
淡,176,thin,water; water droplets; water pistol; inflammation; fire
灯,177,lamp,fire; street; nail; spike
畑,178,farm,fire; rice field; brains
災,179,disaster,stream; flood; fire
灰,180,ashes,cliff; fire
点,181,spot,fortune-telling; magic wand; augury; mouth; oven-fire; barbecue
照,182,illuminate,shining; sun; day; summon; seduce; sword; dagger; mouth; oven-fire; barbecue
魚,183,fish,bound up; rice field; brains; oven-fire; barbecue
漁,184,fishing,water; water droplets; water pistol; fish; bound up; rice field; brains; oven-fire; barbecue
里,185,ri,computer; rice field; brains; soil; dirt; ground
黒,186,black,computer; oven-fire; barbecue
墨,187,black ink,black; computer; oven-fire; barbecue
鯉,188,carp,fish; bound up; rice field; brains; oven-fire; barbecue; computer
量,189,quantity,nightbreak; sun; day; one; floor; computer
厘,190,rin,cliff; computer
埋,191,bury,soil; dirt; ground; computer
同,192,same,monks; hood; one; mouth
洞,193,den,water; water droplets; water pistol; same; monks; hood; one; mouth
胴,194,trunk,moon; month; flesh; part of the body; same; monks; hood; one; mouth
向,195,yonder,alien; drop; helmet; hood; mouth
尚,196,esteem,small; little; alien; glass canopy; hood; mouth
字,197,character,house; child
守,198,guard,house; glue
完,199,perfect,house; beginning; two; human legs
宣,200,proclaim,house; span; one; ceiling; sun; day; one; floor; one
宵,201,wee hours,house; resemblance; spark; candle; small; little; moon; month; flesh; part of the body
安,202,relax,house; woman
宴,203,banquet,relax; house; sun; day; tongue wagging; woman
寄,204,draw near,house; strange; large; St. Bernard; can; street; nail; spike; mouth
富,205,wealth,house; one; ceiling; mouth; rice field; brains
貯,206,savings,shellfish; clam; oyster; eye; animal legs; eight; house; street; nail; spike
木,207,tree,wood
林,208,grove,tree; wood
森,209,forest,tree; wood
桂,210,Japanese Judas-tree,Japanese Judas tree; tree; wood; ivy; square jewel; soil; dirt; ground
柏,211,oak,tree; wood; white; dove
枠,212,frame,tree; wood; ninety; nine; baseball; ten; needle
梢,213,treetops,tree; wood; resemblance; spark; candle; small; little; moon; month; flesh; part of the body
棚,214,shelf,tree; wood; companion; moon; month; flesh; part of the body; flesh
杏,215,apricot,tree; wood; mouth
桐,216,paulownia,tree; wood; same; monks; hood; one; mouth
植,217,plant,tree; wood; straightaway; ten; needle; eye; fishhook
椅,218,chair,tree; wood; strange; large; St. Bernard; street; nail; spike; mouth
枯,219,wither,tree; wood; old; tombstone; gravestone; church; ten; needle; mouth
朴,220,crude,tree; wood; magic wand; augury
村,221,town,tree; wood; measure; glue
相,222,inter-,tree; wood; eye
机,223,desk,tree; wood; wind
本,224,book,tree; wood; one
札,225,tag,tree; wood; fishhook
暦,226,calendar,cliff; grove; tree; wood; sun; day
案,227,plan,relax; house; woman; tree; wood
燥,228,parch,fire; furniture; wooden goods; mouth; tree; wood
未,229,not yet,tree; wood; one
末,230,extremity,tree; wood; one
昧,231,obscure,sun; not yet; one; tree; wood
沫,232,splash,water; water droplets; water pistol; extremity; one; tree; wood
味,233,flavor,mouth; not yet; one; tree; wood
妹,234,younger sister,woman; not yet; one; tree; wood
朱,235,vermilion,vermillion; drop; not yet; one; tree; wood
株,236,stocks,tree; wood; vermillion; drop; not yet; one; tree; wood
若,237,young,flowers; right; by one’s side; mouth
草,238,grass,flowers; sunflower; early; sun; day; ten; needle
苦,239,suffering,flowers; old; tombstone; gravestone; church; ten; needle; mouth
苛,240,bullying,flowers; can; mouth; street; street; nail; spike
寛,241,tolerant,house; flowers; look; see; telescope; eye; human legs
薄,242,dilute,flowers; water; water droplets; water pistol; acupuncturist; specialty; drop; ten; needle; rice field; brains; glue
葉,243,leaf,flowers; Tarzan; generation; tree; wood
模,244,imitation,tree; wood; graveyard; flowers; sun; day; large; St. Bernard
漠,245,vague,water; water droplets; water pistol; graveyard; flowers; sun; day; large; St. Bernard
墓,246,grave,graveyard; flowers; sun; day; large; St. Bernard; soil; dirt; ground
暮,247,livelihood,graveyard; flowers; sun; day; large; St. Bernard
膜,248,membrane,moon; month; flesh; part of the body; graveyard; flowers; sun; day; large; St. Bernard
苗,249,seedling,flowers; rice field; brains
兆,250,portent,turtle
桃,251,peach tree,tree; wood; portent; turtle
眺,252,stare,eye; portent; turtle
犬,253,dog,large; St. Bernard; drop
状,254,status quo,turtle; chihuahua; dog; large; drop
黙,255,silence,black; computer; chihuahua; dog; large; drop; oven-fire; barbecue
然,256,sort of thing,moon; crescent moon; month; flesh; part of the body; chihuahua; dog; large; drop; oven-fire; barbecue
荻,257,reed,flowers; pack of wild dogs; fire
狩,258,hunt,pack of wild dogs; guard; house; glue
猫,259,cat,pack of wild dogs; seedlings; flowers; rice field; brains
牛,260,cow,
特,261,special,cow; Buddhist temple; soil; dirt; ground; glue
告,262,revelation,cow; mouth
先,263,before,cow; human legs
洗,264,wash,water; water droplets; water pistol; before; cow; human legs
介,265,jammed in,umbrella; stick; walking cane
界,266,world,rice field; brains; jammed in; umbrella; stick; cane
茶,267,tea,flowers; umbrella; wooden pole
脊,268,spinal column,I Ching; Master Po; umbrella; moon; month; flesh; part of the body
合,269,fit,meeting; umbrella; one; mouth
塔,270,pagoda,soil; dirt; ground; flowers; fit; meeting; umbrella; one; mouth
王,271,king,jewel; ball
玉,272,jewel,king; ball; earring; drop
宝,273,treasure,house; king; jewel; ball; earring; drop
珠,274,pearl,king; jewel; ball; vermillion; drop; not yet; one; tree; wood
現,275,present,king; jewel; ball; see; telescope; eye; human legs
玩,276,toy,king; jewel; ball; beginning; two; human legs
狂,277,lunatic,pack of wild dogs; king; jewel; ball
旺,278,effulgent,sun; day; king; jewel; ball
皇,279,emperor,white; dove; king; jewel; ball
呈,280,display,mouth; king; jewel; ball
全,281,whole,umbrella; king; jewel; ball
栓,282,plug,tree; wood; whole; umbrella; king; jewel; ball
理,283,logic,king; jewel; ball; computer
主,284,lord,drop; king; jewel; ball
注,285,pour,water; water droplets; water pistol; candlestick; lord; drop; king; jewel; ball
柱,286,pillar,tree; wood; candlestick; lord; drop; king; jewel; ball
金,287,gold,metal; umbrella; drop; king; jewel; ball
銑,288,pig iron,pig-iron; metal; gold; before; cow; human legs
鉢,289,bowl,metal; gold; origin; book; tree; wood; one
銅,290,copper,metal; gold; same; monks; hood; one; mouth
釣,291,angling,metal; gold; ladle; bound up; drop
針,292,needle,metal; gold; ten
銘,293,inscription,metal; gold; name; evening; mouth
鎮,294,tranquillize,tranquilize; metal; gold; true; truth; ten; needle; eye; tool; animal legs; eight
道,295,road-way,neck; horns; drop; eye; road
導,296,guidance,neck; horns; drop; eye; road; glue
辻,297,crossing,cross; ten; needle; road
迅,298,swift,fishhook; cross; ten; needle; road
造,299,create,revelation; cow; mouth; road
迫,300,urge,white; dove; road
逃,301,escape,turtle; portent; road
辺,302,environs,dagger; sword; road
巡,303,patrol,deluge; stream; flood; road
車,304,car,sun; ten; needle
連,305,take along,car; road
軌,306,rut,car; nine; baseball
輸,307,transport,car; meeting of butchers; umbrella; one; moon; month; flesh; part of the body; sword; sabre; saber
喩,308,metaphor,
前,309,in front,horns; butcher; moon; month; flesh; part of the body; sword; sabre; saber
煎,310,roast,in front; horns; butcher; moon; month; flesh; part of the body; sword; sabre; saber; oven-fire; barbecue
各,311,each,walking legs; mouth
格,312,status,tree; wood; each; walking legs; mouth
賂,313,graft,shellfish; clam; oyster; eye; animal legs; eight; each; walking legs; mouth
略,314,abbreviation,rice field; brains; each; walking legs; mouth
客,315,guest,house; each; walking legs; mouth
額,316,forehead,guest; house; each; walking legs; mouth; head; page; one; ceiling; drop; shellfish; clam; oyster; eye; animal legs; eight
夏,317,summer,one; ceiling; drop; eye; walking legs
処,318,dispose,walking legs; wind
条,319,twig,walking legs; tree; wood
落,320,fall,flowers; water; water droplets; water pistol; each; walking legs; mouth
冗,321,superfluous,crown; weathercock; wind
冥,322,Hades,hades; crown; sun; day; six
軍,323,army,chariot; crown; vehicle; car
輝,324,radiance,ray; small; little; human legs; army; chariot; crown; vehicle; car
運,325,carry,army; chariot; crown; vehicle; car; road
冠,326,crown,beginning; two; human legs; glue
夢,327,dream,flowers; eye; cross-eyed; net; crown; evening
坑,328,pit,soil; dirt; ground; whirlwind; top hat; wind
高,329,tall,top hat; mouth; alien; hood; mouth
享,330,receive,tall; top hat; mouth; children
塾,331,cram school,receive; tall; top hat; mouth; child; children; round; nine; baseball; drop; soil; dirt; ground
熟,332,mellow,receive; tall; top hat; mouth; child; children; round; nine; baseball; drop; oven-fire; barbecue
亭,333,pavilion,tall; top hat; mouth; crown; street; nail; spike
京,334,capital,tall; top hat; mouth; small; little
涼,335,refreshing,water droplets; water pistol capital; tall; top hat; mouth; small; little
景,336,scenery,sun; day; capital; tall; top hat; mouth; small; little
鯨,337,whale,fish; bound up; rice field; brains; oven-fire; barbecue; capital; tall; top hat; mouth; small; little
舎,338,cottage,umbrella; earthenware jar; lidded crock; soil; dirt; ground; mouth
周,339,circumference,glass hood; earthenware jar; lidded crock; soil; dirt; ground; mouth
週,340,week,circumference; running track; earthenware jar; lidded crock; soil; dirt; ground; mouth; road
士,341,gentleman,samurai
吉,342,good luck,samurai; mouth
壮,343,robust,turtle; samurai
荘,344,villa,flowers; robust; turtle; samurai
売,345,sell,samurai; paper punch; Miss World; crown; human legs
学,346,study,schoolhouse; owl; crown; child
覚,347,memorize,schoolhouse; owl; crown; see; telescope; eye; human legs
栄,348,flourish,schoolhouse; owl; crown; tree; wood
書,349,write,brush; tongue wagging; sun; day
津,350,haven,water; water droplets; water pistol; brush
牧,351,breed,cow; taskmaster
攻,352,aggression,craft; taskmaster
敗,353,failure,shellfish; clam; oyster; eye; animal legs; eight; taskmaster
枚,354,a sheet of,sheet of…; tree; wood; taskmaster
故,355,happenstance,old; tombstone; gravestone; church; ten; needle; mouth; taskmaster
敬,356,awe,flowers; phrase; bound up; mouth; taskmaster
言,357,say,words; keitai; mouth
警,358,admonish,awe; flowers; phrase; bound up; mouth; taskmaster; say; words; keitai; mouth
計,359,plot,say; words; keitai; mouth; ten; needle
詮,360,elucidate,say; words; keitai; mouth; whole; umbrella; king; jewel; ball
獄,361,prison,pack of wild dogs; say; words; keitai; mouth; chihuahua; dog; large; drop
訂,362,revise,say; words; keitai; mouth; street; nail; spike
訃,363,obituary,
討,364,chastise,say; words; keitai; mouth; glue
訓,365,instruction,say; words; keitai; mouth; stream; flood
詔,366,imperial edict,say; words; keitai; mouth; summon; seduce; sword; dagger; mouth
詰,367,packed,say; words; keitai; mouth; aerosol; good luck; samurai; mouth
話,368,tale,say; words; keitai; mouth; tongue; thousand; mouth
詠,369,recitation,say; words; keitai; mouth; eternity; drop; water
詩,370,poem,say; words; keitai; mouth; Buddhist temple; soil; dirt; ground; glue
語,371,word,say; words; keitai; mouth; I; five; mouth
読,372,read,say; words; keitai; mouth; sell; sale; samurai; paper punch; Miss World; crown; human legs
調,373,tune,say; words; keitai; mouth; circumference; running track; soil; dirt; ground; mouth
談,374,discuss,say; words; keitai; mouth; inflammation; fire
諾,375,consent,say; words; keitai; mouth; young; flowers; by one’s side; mouth
諭,376,rebuke,say; words; keitai; mouth; meeting of butchers; moon; month; flesh; part of the body; sword; sabre; saber
式,377,style,arrow; craft
試,378,test,say; words; keitai; mouth; style; arrow; craft
弐,379,II (two),II; two; arrows; quiver
域,380,range,soil; dirt; ground; pope; fiesta; mouth; one; floor
賊,381,burglar,shellfish; clam; oyster; eye; animal legs; eight; ten; needle; fiesta
栽,382,plantation,Thanksgiving; harvest festival; ten; needle; fiesta; tree; wood
載,383,load,Thanksgiving; harvest festival; ten; needle; fiesta; car; vehicle
茂,384,overgrown,flowers; parade
戚,385,relatives,half-uncle; above; small; little; parade
成,386,turn into,parade; sword; dagger
城,387,castle,soil; dirt; ground; turn into; parade; sword; dagger
誠,388,sincerity,say; words; keitai; mouth; turn into; sword; dagger; parade
威,389,intimidate,march; women; woman
滅,390,destroy,water; water droplets; water pistol; march; fire
減,391,dwindle,water; water droplets; water pistol; march; mouth
蔑,392,revile,flowers; eye; cross-eyed; net; march
桟,393,scaffold,tree; wood; float; fiesta
銭,394,coin,metal; gold; float; fiesta
浅,395,shallow,water; water droplets; water pistol; float; fiesta
止,396,stop,footprint
歩,397,walk,stop; footprint; few
渉,398,ford,water; water droplets; water pistol; walk; stop; footprint; few
頻,399,repeatedly,walk; stop; footprint; few; head; page; one; ceiling; drop; shellfish; clam; oyster; eye; animal legs; eight
肯,400,agreement,stop; footprint; moon; month; flesh; part of the body
企,401,undertake,umbrella; stop; footprint
歴,402,curriculum,cliff; grove; tree; wood; stop; footprint
武,403,warrior,one; arrow; stop; footprint
賦,404,levy,shellfish; clam; oyster; eye; animal legs; eight; warrior; one; stop; footprint; arrow
正,405,correct,one; ceiling; stop; footprint
証,406,evidence,say; words; keitai; mouth; correct; one; ceiling; stop; footprint
政,407,politics,correct; one; ceiling; stop; footprint; taskmaster
定,408,determine,house; mend
錠,409,lock,metal; gold; determine; determined; house; mend
走,410,run,soil; dirt; ground; mend
超,411,transcend,run; soil; dirt; ground; mend; summon; seduce; sword; dagger; mouth
赴,412,proceed,run; soil; dirt; ground; mend; magic wand; augury
越,413,surpass,run; soil; dirt; ground; mend; parade
是,414,just so,sun; day; mend
題,415,topic,just so; sun; day; mend; head; page; one; ceiling; drop; shellfish; clam; oyster; eye; animal legs; eight
堤,416,dike,soil; dirt; ground; just so; sun; day; mend
建,417,build,brush; stretch
鍵,418,key,metal; gold; build; brush; stretch
延,419,prolong,drop; stop; footprint; stretch
誕,420,nativity,say; words; keitai; mouth; prolonged; drop; stop; footprint; stretch
礎,421,cornerstone,stone; rock; grove; tree; wood; zoo; critters
婿,422,bridegroom,woman; zoo; critters; moon; month; flesh; part of the body
衣,423,garment,top hat; scarf; cloth; clothes; clothing
裁,424,tailor,Thanksgiving; harvest festival; ten; needle; fiesta; top hat; scarf; cloth; clothes; clothing; garment
装,425,attire,turtle; samurai; top hat; scarf; cloth; clothes; clothing; garment
裏,426,back,top hat; scarf; computer
壊,427,demolition,soil; dirt; ground; poltergeist; BernaE; ten; needle; eye; cross-eyed; net; top hat; scarf; cloth; clothes; clothing; garment
哀,428,pathetic,top hat; scarf; mouth
遠,429,distant,earthenware jar; lidded crock; soil; dirt; ground; mouth; scarf; road
猿,430,monkey,pack of wild dogs; earthenware jar; lidded crock; soil; dirt; ground; mouth; scarf
初,431,first time,cloak; sword; dagger
巾,432,towel,
布,433,linen,by one’s side; towel
帆,434,sail,towel; mediocre; drop; wind
幅,435,hanging scroll,towel; wealth; one; ceiling; mouth; rice field; brains
帽,436,cap,towel; risk; sun; day; eye
幕,437,curtain,graveyard; flowers; sun; day; large; St. Bernard; towel
幌,438,canopy,towel; limpid; sun; day; ray; small; little; human legs
錦,439,brocade,metal; gold; napkin; white; dove; towel
市,440,market,top hat; towel
柿,441,persimmon,tree; wood; market; top hat; towel
姉,442,elder sister,woman; market; top hat; towel
肺,443,lungs,moon; month; flesh; part of the body; market; top hat; towel
帯,444,sash,buckle; apron; crown; towel
滞,445,stagnate,water; water droplets; water pistol; sash; buckle; apron; crown; towel
刺,446,thorn,tree; wood; belt; sword; sabre; saber
制,447,system,cow; belt; sword; sabre; saber
製,448,made in...,made in…; system; cow; belt; sword; sabre; saber; hat; scarf; cloth; clothes; clothing; garment
転,449,revolve,car; rising cloud; two; elbow; wall
芸,450,technique,flowers; rising cloud; two; elbow; wall
雨,451,rain,weather
雲,452,cloud,rain; weather; rising cloud; two; elbow; wall
曇,453,cloudy weather,sun; day; cloud; rain; weather; rising cloud; two; elbow; wall
雷,454,thunder,rain; weather; rice field; brains
霜,455,frost,rain; weather; inter; Inter Milan; tree; wood; eye
冬,456,winter,walking legs; ice
天,457,heavens,one; ceiling; large
妖,458,bewitched,woman; sapling
沃,459,irrigate,water; water droplets; water pistol; sapling
橋,460,bridge,tree; wood; angel; heavens; mouth; hood; mouth
嬌,461,attractive,woman; angel; heavens; mouth; hood; mouth
立,462,stand up,vase
泣,463,cry,water; water droplets; water pistol; vase; stand up
章,464,badge,vase; stand up; sunflower; early; sun; day; ten; needle
競,465,vie,vase; stand up; elder brother; teenager; mouth; human legs
帝,466,sovereign,vase; stand up; apron; crown; towel
諦,467,renunciation,say; words; keitai; mouth; sovereign; vase; stand up; apron; crown; towel
童,468,juvenile,vase; stand up; computer
瞳,469,pupil,eye; juvenile; vase; stand up; computer
鐘,470,bell,metal; gold; juvenile; vase; stand up; computer
商,471,make a deal,vase; stand up; alien; hood; human legs; mouth
嫡,472,legitimate wife,woman; antique; vase; stand up; hood; old; tombstone; gravestone; church; ten; needle; mouth
適,473,suitable,antique; vase; stand up; hood; old; tombstone; gravestone; church; ten; needle; mouth; road
滴,474,drip,water; water droplets; water pistol; antique; vase; stand up; hood; old; tombstone; gravestone; church; ten; needle; mouth
敵,475,enemy,antique; vase; stand up; hood; old; tombstone; gravestone; church; ten; needle; mouth; taskmaster
匕,476,spoon,sitting on the ground
叱,477,scold,mouth; diced; seven; spoon; sitting on the ground
匂,478,aroma,bound up; spoon; sitting on the ground
頃,479,about that time,spoon; sitting on the ground; head; page; one; ceiling; drop; shellfish; clam; oyster; eye; animal legs; eight
北,480,north,spoon; sitting on the ground
背,481,stature,north; spoon; sitting on the ground; moon; month; flesh; part of the body
比,482,compare,spoon; sitting on the ground
昆,483,descendants,sun; day; compare; spoon; sitting on the ground
皆,484,all,compare; spoon; sitting on the ground; white; dove
楷,485,block letters,
諧,486,orderliness,
混,487,mix,water; water droplets; water pistol; descendants; sun; day; compare; spoon; sitting on the ground
渇,488,thirst,water; water droplets; water pistol; mexican bandit; muchacho; siesta; sun; day; aroma; bound up; spoon; sitting on the ground
謁,489,audience,say; words; keitai; mouth; mexican bandit; muchacho; siesta; sun; day; aroma; bound up; spoon; sitting on the ground
褐,490,brown,cloak; mexican bandit; muchacho; siesta; sun; day; aroma; bound up; spoon; sitting on the ground
喝,491,hoarse,mouth; mexican bandit; muchacho; siesta; sun; day; aroma; bound up; spoon; sitting on the ground
葛,492,kudzu,flowers; mexican bandit; muchacho; siesta; sun; day; aroma; bound up; spoon; sitting on the ground
旨,493,delicious,spoon; sitting on the ground; sun; day
脂,494,fat,moon; month; flesh; part of the body; delicious; spoon; sun; day
詣,495,visit a shrine,say; words; keitai; mouth; delicious; spoon; sitting on the ground; sun; day
壱,496,I (one),1 (one); samurai; crown; spoon; sitting on the ground
毎,497,every,reclining; lying down; mother
敏,498,cleverness,every; reclining; lying down; mother; breasts; taskmaster
梅,499,plum,tree; wood; every; reclining; lying down; mother; breasts
海,500,sea,water; water droplets; water pistol; every; reclining; lying down; mother; breasts
乞,501,beg,reclining; lying down; fishhook
乾,502,drought,mist; ten; needle; early; sun; day; beg; reclining; lying down; fishhook
腹,503,abdomen,moon; month; flesh; part of the body; fold back; double back; reclining; lying down; sun; day; walking legs
複,504,duplicate,cloak; fold back; double back; reclining; lying down; sun; day; walking legs
欠,505,lack,yawn
吹,506,blow,mouth; lack; yawn
炊,507,cook,fire; lack; yawn
歌,508,song,cancan; can; mouth; street; nail; spike; lack; yawn
軟,509,soft,car; lack; yawn
次,510,next,ice; lack; yawn
茨,511,briar,flowers; next; ice; lack; yawn
資,512,assets,next; ice; lack; yawn; shellfish; clam; oyster; eye; animal legs; eight
姿,513,figure,next; ice; lack; yawn; woman
諮,514,consult with,say; words; keitai; mouth; next; ice; lack; yawn; mouth
賠,515,compensation,shellfish; clam; oyster; eye; animal legs; eight; muzzle; vase; stand up; mouth
培,516,cultivate,soil; dirt; ground; muzzle; vase; stand up; mouth
剖,517,divide,muzzle; vase; stand up; mouth; sword; sabre; saber
音,518,sound,vase; stand up; sun; day; tongue wagging
暗,519,darkness,sun; day; sound; vase; stand up; sun; day
韻,520,rhyme,sound; vase; stand up; sun; day; employee; mouth; shellfish; clam; oyster; eye; animal legs; eight
識,521,discriminating,say; words; keitai; mouth; kazoo; sound; vase; stand up; sun; day; fiesta
鏡,522,mirror,metal; gold; vase; stand up; sun; day; human legs
境,523,boundary,soil; dirt; ground; mirror; vase; stand up; sun; day; human legs
亡,524,deceased,perish; top hat; fishhook
盲,525,blind,deceased; perish; top hat; fishhook; eye
妄,526,delusion,deceased; perish; top hat; fishhook; woman
荒,527,laid waste,wreath; flowers; deceased; perish; top hat; fishhook; stream; flood
望,528,ambition,deceased; perish; top hat; fishhook; moon; month; flesh; part of the body; king; jewel; ball
方,529,direction,compass
妨,530,disturb,compass; direction; woman
坊,531,boy,soil; dirt; ground; compass; direction
芳,532,perfumed,perfume; flowers; compass; direction
肪,533,obese,moon; month; flesh; part of the body; compass; direction
訪,534,call on,say; words; keitai; mouth; compass; direction
放,535,set free,compass; direction; taskmaster
激,536,violent,water; water droplets; water pistol; white; dove; compass; direction; taskmaster
脱,537,undress,moon; month; flesh; part of the body; devil; horns; elder brother; teenager; mouth; human legs
説,538,explanation,rumor; say; words; keitai; mouth; devil; horns; elder brother; teenager; mouth; human legs
鋭,539,pointed,metal; gold; devil; horns; elder brother; teenager; mouth; human legs
曽,540,formerly,increase; horns; rice field; brains; sun; day
増,541,increase,soil; dirt; ground; formerly; horns; rice field; brains; sun; day
贈,542,presents,shellfish; clam; oyster; eye; animal legs; eight; increase; formerly; horns; rice field; brains; sun; day
東,543,east,sun; day; tree; wood
棟,544,ridgepole,tree; wood; east; tree; wood; sun; day
凍,545,frozen,ice; east; tree; wood; sun; day
妊,546,pregnancy,woman; porter; drop; samurai
廷,547,courts,porter; drop; samurai; stretch
染,548,dye,water; water droplets; water pistol; nine; baseball; tree; wood
燃,549,burn,fire; sort of thing; moon; crescent moon; month; flesh; part of the body; chihuahua; dog; large; drop; oven-fire; barbecue
賓,550,V.I.P.,house; one; ceiling; few; shellfish; clam; oyster; eye; animal legs; eight
歳,551,year-end,year end; stop; footprint; one; little; small; march
県,552,prefecture,eye; fishhook; small; little
栃,553,horse chestnut,tree; wood; Wimbledon; cliff; ten thousand; one; bound up
地,554,ground,soil; dirt; scorpion
池,555,pond,water; water droplets; water pistol; scorpion
虫,556,insect,in; stick; mouth
蛍,557,lightning bug,lightning-bug; schoolhouse; owl; crown; insect
蛇,558,snake,insect; wind chimes; house; spoon; sitting on the ground
虹,559,rainbow,insect; craft
蝶,560,butterfly,insect; Tarzan; generation; tree; wood
独,561,single,pack of wild dogs; insect
蚕,562,silkworm,heavens; insect
風,563,wind,gnats; drop; insect
己,564,self,snake
起,565,rouse,run; soil; dirt; ground; mend; snake; self
妃,566,queen,woman; snake; self
改,567,reformation,snake; self; taskmaster
記,568,scribe,say; words; keitai; mouth; snake; self
包,569,wrap,bound up; snake; self
胞,570,placenta,moon; month; flesh; part of the body; wrap; bound up; snake; self
砲,571,cannon,stone; rock; wrap; bound up; snake; self
泡,572,bubble,water; water droplets; water pistol; wrap; bound up; snake; self
亀,573,tortoise,bound up; eels; sun; day
電,574,electricity,rain; weather; eel; sun; day
竜,575,dragon,vase; stand up; eel; sun; day
滝,576,waterfall,water; water droplets; water pistol; dragon; vase; stand up; eel; sun; day
豚,577,pork,moon; month; flesh; part of the body; sow; pig
逐,578,pursue,sow; pig; road
遂,579,consummate,horns; sow; pig; road
家,580,house,sow; pig
嫁,581,marry into,woman; house; sow; pig
豪,582,overpowering,tall; top hat; mouth; crown; sow; pig
腸,583,intestines,moon; month; flesh; part of the body; piggy bank; sun; day; piglets
場,584,location,soil; dirt; ground; piggy bank; sun; day; piglets
湯,585,hot water,water; water droplets; water pistol; piggy bank; sun; day; piglets
羊,586,sheep,horns
美,587,beauty,sheep; large; St. Bernard
洋,588,ocean,water; water droplets; water pistol; sheep
詳,589,detailed,say; words; keitai; mouth; sheep
鮮,590,fresh,fish; bound up; rice field; brains; oven-fire; barbecue; sheep
達,591,accomplished,soil; dirt; ground; sheep; road
羨,592,envious,sheep; water; water droplets; water pistol; lack; yawn
差,593,distinction,wool; sheep; craft
着,594,don,wool; sheep; eye
唯,595,solely,mouth; turkey
堆,596,piled high,soil; dirt; ground; turkey
椎,597,sweet oak,tree; wood; turkey
誰,598,who?,who; say; words; keitai; mouth; turkey
焦,599,char,turkey; oven-fire; barbecue
礁,600,reef,stone; rock; char; turkey; oven-fire; barbecue
集,601,gather,turkey; tree; wood
准,602,quasi-,ice; turkey
進,603,advance,turkey; road
雑,604,miscellaneous,nine; baseball; tree; wood; turkey
雌,605,female,Prince; this here; stop; footprint; spoon; sitting on the ground; turkey
準,606,semi-,water; water droplets; water pistol; turkey; ten; needle
奮,607,stirred up,large; St. Bernard; turkey; rice field; brains
奪,608,rob,large; St. Bernard; turkey; glue
確,609,assurance,stone; rock; turkeyhouse; house; turkey
午,610,noon,horse; pantomime horse; sign of the horse
許,611,permit,say; words; keitai; mouth; horse; pantomime horse; noon; sign of the horse
歓,612,delight,pegasus; horse; pantomime horse; noon; sign of the horse; turkey; lack; yawn
権,613,authority,tree; wood; pegasus; horse; pantomime horse; noon; sign of the horse; turkey
観,614,outlook,pegasus; horse; pantomime horse; noon; sign of the horse; turkey; see; telescope; eye; human legs
羽,615,feathers,wings
習,616,learn,feathers; wings; white; dove
翌,617,the following,feathers; wings; vase; stand up
曜,618,weekday,sun; day; futon; feathers; wings; turkey
濯,619,laundry,water; water droplets; water pistol; futon; feathers; wings; turkey
曰,620,sayeth,pent in; one
困,621,quandary,pent in; tree; wood
固,622,harden,pent in; old; tombstone; gravestone; church; ten; needle; mouth
錮,623,weld,
国,624,country,pent in; king; jewel; ball; earring; drop
団,625,group,pent in; glue
因,626,cause,pent in; large; St. Bernard
姻,627,matrimony,woman; cause; pent in; large; St. Bernard
咽,628,windpipe,mouth; cause; pent in; large; St. Bernard
園,629,park,pent in; earthenware jar; lidded crock; soil; dirt; ground; mouth; scarf
回,630,-times,times; pent in; mouth
壇,631,podium,soil; dirt; ground; Churchill; top hat; -times; pent in; mouth; nightbreak; sun; day; one; floor
店,632,store,cave; fortune-telling; magic wand; augury; mouth
庫,633,warehouse,cave; car
庭,634,courtyard,cave; courts; porter; drop; samurai; stretch
庁,635,government office,cave; street; nail; spike
床,636,bed,cave; tree; wood
麻,637,hemp,cave; grove; tree; wood
磨,638,grind,hemp; cave; grove; tree; wood; stone; rock
心,639,heart,drops; fishhook
忘,640,forget,perish; deceased; top hat; fishhook; heart
恣,641,selfish,
忍,642,endure,blade; sword; dagger; drop; heart
認,643,acknowledge,say; words; keitai; mouth; endure; blade; sword; dagger; drop; heart
忌,644,mourning,snake; self; heart
志,645,intention,samurai; heart
誌,646,document,say; words; keitai; mouth; intention; samurai; heart
芯,647,wick,flowers; heart
忠,648,loyalty,in; stick; mouth; heart
串,649,shish kebab,kebab; in; stick; mouth
患,650,afflicted,kebab; in; stick; mouth; heart
思,651,think,rice field; brains; heart
恩,652,grace,cause; pent in; large; St. Bernard; heart
応,653,apply,cave; heart
意,654,idea,sound; vase; stand up; sun; day; heart
臆,655,cowardice,moon; month; flesh; part of the body; idea; sound; vase; stand up; sun; day; heart
想,656,concept,inter milan; inter; tree; wood; eye; heart
息,657,breath,nose; drop; eye; heart
憩,658,recess,tongue; thousand; mouth; nose; drop; eye; heart
恵,659,favor,ten; needle; rice field; brains; heart
恐,660,fear,barge; craft; mediocre; drop; wind; heart
惑,661,beguile,a; pope; fiesta; mouth; one; floor; heart
感,662,emotion,march; mouth; heart
憂,663,melancholy,summer; head; page; crown; heart; walking legs
寡,664,widow,house; head; page; animal legs; eight; sword; dagger
忙,665,busy,Freud; state of mind; deceased; perish; top hat; fishhook
悦,666,ecstasy,Freud; state of mind; devil; horns; elder brother; teenager; mouth; human legs
恒,667,constancy,Freud; state of mind; span; one; ceiling; sun; day; one; floor; one
悼,668,lament,Freud; state of mind; eminent; magic wand; augury; sun; day; ten; needle
悟,669,enlightenment,Freud; state of mind; I; five; mouth
怖,670,dreadful,Freud; state of mind; linen; by one’s side; towel
慌,671,disconcerted,Freud; state of mind; laid waste; wreath; flowers; deceased; perish; top hat; fishhook; stream; flood
悔,672,repent,Freud; state of mind; every; reclining; lying down; mother; breasts
憎,673,hate,Freud; state of mind; increase; formerly; horns; rice field; brains; sun; day
慣,674,accustomed,Freud; state of mind; pierce; mother; breasts; shellfish; clam; oyster; eye; animal legs; eight
愉,675,pleasure,Freud; state of mind; meeting; umbrella; butchers; moon; month; flesh; part of the body; sword; sabre; saber
惰,676,lazy,Freud; state of mind; left-handed; left; by one’s side; craft; moon; month; flesh; part of the body
慎,677,humility,Freud; state of mind; true; truth; ten; needle; eye; tool; animal legs; eight
憾,678,remorse,Freud; state of mind; emotion; march; mouth; heart
憶,679,recollection,Freud; state of mind; idea; sound; vase; stand up; sun; day; heart
惧,680,disquieting,
憧,681,yearn,Freud; state of mind; juvenile; vase; stand up; computer
憬,682,hanker,
慕,683,pining,graveyard; flowers; sun; day; large; St. Bernard; valentine
添,684,annexed,water; water droplets; water pistol; heavens; valentine
必,685,invariably,heart; stick; drop; fishhook
泌,686,ooze,water; water droplets; water pistol; invariably; heart; stick; drop; fishhook
手,687,hand,
看,688,watch over,hand; eye
摩,689,chafe,hemp; cave; grove; tree; wood; hand
我,690,ego,hand; fiesta
義,691,righteousness,sheep; ego; hand; fiesta
議,692,deliberation,say; words; keitai; mouth; righteousness; sheep; ego; hand; fiesta
犠,693,sacrifice,cow; righteousness; sheep; ego; hand; fiesta
抹,694,rub,finger; fingers; extremity; one; tree; wood
拭,695,wipe,finger; fingers; style; arrow; craft
拉,696,yank,
抱,697,embrace,finger; fingers; wrap; bound up; snake; self
搭,698,board,finger; fingers; flowers; fit; meeting; umbrella; one; mouth
抄,699,extract,finger; fingers; few
抗,700,confront,finger; fingers; whirlwind; top hat; wind
批,701,criticism,finger; fingers; compare; spoon; sitting on the ground
招,702,beckon,finger; fingers; summon; seduce; sword; dagger; mouth
拓,703,clear the land,finger; fingers; stone; rock
拍,704,clap,finger; fingers; white; dove
打,705,strike,finger; fingers; street; nail; spike
拘,706,arrest,finger; fingers; phrase; bound up; mouth
捨,707,discard,finger; fingers; cottage; little-thatch; umbrella; lidded crock; earthenware jar; soil; dirt; ground; mouth
拐,708,kidnap,finger; fingers; mouth; sword; dagger
摘,709,pinch,finger; fingers; antique; vase; stand up; hood; old; tombstone; gravestone; church; ten; needle; mouth
挑,710,challenge,finger; fingers; turtle; portent
指,711,finger,fingers; delicious; spoon; sitting on the ground; sun; day
持,712,hold,finger; fingers; Buddhist temple; soil; dirt; ground; glue
拶,713,imminent,finger; fingers; stream; flood; evening
括,714,fasten,finger; fingers; tongue; thousand; mouth
揮,715,brandish,finger; fingers; army; chariot; crown; car; vehicle
推,716,conjecture,finger; fingers; turkey
揚,717,hoist,finger; fingers; piggy bank; sun; day; piglets
提,718,propose,finger; fingers; just so; sun; day; mend
損,719,damage,finger; fingers; employee; mouth; shellfish; clam; oyster; eye; animal legs; eight
拾,720,pick up,finger; fingers; fit; meeting; umbrella; one; mouth
担,721,shouldering,finger; fingers; nightbreak; sun; day; one; floor
拠,722,foothold,finger; fingers; dispose; walking legs; wind
描,723,sketch,finger; fingers; seedlings; flowers; rice field; brains
操,724,maneuver,finger; fingers; wooden goods; furniture; goods; mouth; tree; wood
接,725,touch,finger; fingers; concubine; vase; stand up; woman
掲,726,put up a notice,put up (a notice); finger; fingers; mexican bandit; muchacho; siesta; sun; day; aroma; bound up; spoon; sitting on the ground
掛,727,hang,finger; fingers; ivy; square jewel; soil; dirt; ground; magic wand; augury
捗,728,make headway,finger; fingers; walk; stop; footprint; few
研,729,polish,stone; rock; two hands
戒,730,commandment,two hands; fiesta
弄,731,tinker with,king; jewel; ball; two hands
械,732,contraption,tree; wood; commandments; two hands; fiesta
鼻,733,nose,drop; eye; rice field; brains; two hands
刑,734,punish,two hands; sword; sabre; saber
型,735,mould,punish; two hands; sword; sabre; saber; soil; dirt; ground
才,736,genius,genie
財,737,property,shellfish; clam; oyster; eye; animal legs; eight; genie
材,738,lumber,tree; wood; genie
存,739,suppose,genie; child
在,740,exist,genie; soil; dirt; ground
乃,741,from,fist
携,742,portable,finger; fingers; turkey; fist; from
及,743,reach out,fist; from; drop
吸,744,suck,mouth; reach out
扱,745,handle,finger; fingers; reach out
丈,746,length,stick; tucked under the arm
史,747,history,mouth; tucked under the arm
吏,748,officer,history; length; stick; one; mouth; tucked under the arm
更,749,grow late,Ameratasu; one; ceiling; sun; tucked under the arm
硬,750,stiff,stone; rock; grow late; Ameratasu; one; ceiling; sun; tucked under the arm
梗,751,spiny,tree; wood; grow late; Ameratasu; one; ceiling; sun; tucked under the arm
又,752,or again,crotch
双,753,pair,crotch
桑,754,mulberry,crotch; tree; wood
隻,755,vessels,turkey; crotch
護,756,safeguard,say; words; keitai; mouth; radio caroline; flowers; vessels; turkey; crotch
獲,757,seize,pack of wild dogs; radio caroline; flowers; vessels; turkey; crotch
奴,758,guy,woman; crotch
怒,759,angry,guy; woman; crotch; heart
友,760,friend,by one’s side; crotch
抜,761,slip out,finger; fingers; friend; woman; crotch
投,762,throw,finger; fingers; cruise missile; missile; wind; crotch
没,763,drown,water; water droplets; water pistol; cruise missile; missile; wind; crotch
股,764,thigh,moon; month; flesh; part of the body; cruise missile; missile; wind; crotch
設,765,establishment,say; words; keitai; mouth; cruise missile; missile; wind; crotch
撃,766,beat,tank; car; cruise missile; missile; wind; crotch; hand
殻,767,husk,samurai; superfluous; crown; wind; cruise missile; missile; wind; crotch
支,768,branch,ten; needle; crotch
技,769,skill,finger; fingers; branch; ten; needle; crotch
枝,770,bough,tree; wood; branch; ten; needle; crotch
肢,771,limb,moon; month; flesh; part of the body; branch; ten; needle; crotch
茎,772,stalk,flowers; spool; clod; toilet paper; crotch; soil; dirt; ground
怪,773,suspicious,Freud; state of mind; spool; clod; toilet paper; crotch; soil; dirt; ground
軽,774,lightly,car; spool; clod; toilet paper; crotch; soil; dirt; ground
叔,775,uncle,above; small; little; crotch
督,776,coach,uncle; above; small; little; crotch; eye
寂,777,loneliness,house; uncle; above; small; little; crotch
淑,778,graceful,water; water droplets; water pistol; uncle; above; small; little; crotch
反,779,anti-,demonstation; cliff; crotch
坂,780,slope,soil; dirt; ground; anti-; demonstration; cliff; crotch
板,781,plank,tree; wood; anti-; demonstration; cliff; crotch
返,782,return,anti-; demonstration; cliff; crotch; road
販,783,marketing,shellfish; clam; oyster; eye; animal legs; eight; anti-; demonstration; cliff; crotch
爪,784,claw,vulture
妥,785,gentle,claw; vulture; woman
乳,786,milk,fledgling; claw; vulture; child; fishhook
浮,787,floating,water; water droplets; water pistol; fledgling; claw; vulture; child
淫,788,lewd,water; water droplets; water pistol; claw; vulture; porter; drop; samurai
将,789,leader,turtle; claw; vulture; glue
奨,790,exhort,leader; turtle; claw; vulture; glue; large; St. Bernard
采,791,grab,claw; vulture; tree; wood
採,792,pick,finger; fingers; grab; claw; vulture; tree; wood
菜,793,vegetable,flowers; grab; claw; vulture; tree; wood
受,794,accept,birdhouse; birdcage; claw; vulture; crown; crotch
授,795,impart,finger; fingers; accept; birdhouse; birdcage; claw; vulture; crown; crotch
愛,796,love,birdhouse; birdcage; claw; vulture; crown; love birds; heart; walking legs
曖,797,unclear,sun; love; birdhouse; birdcage; claw; vulture; crown; love birds; heart; walking legs
払,798,pay,finger; fingers; elbow
広,799,wide,cave; elbow
勾,800,hooked,bound up; elbow
拡,801,broaden,finger; fingers; wide; cave; elbow
鉱,802,mineral,metal; gold; wide; cave; elbow
弁,803,valve,elbow; two hands
雄,804,male,Yamanote; by one’s side; elbow; turkey
台,805,pedestal,elbow; mouth
怠,806,neglect,pedestal; elbow; mouth; heart
治,807,reign,water; water droplets; water pistol; pedestal; elbow; mouth
冶,808,metallurgy,ice; pedestal; elbow; mouth
始,809,commence,woman; pedestal; elbow; mouth
胎,810,womb,moon; month; flesh; part of the body; pedestal; elbow; mouth
窓,811,window,hole; house; human legs; elbow; heart
去,812,gone,soil; dirt; ground; elbow
法,813,method,water; water droplets; water pistol; gone; soil; dirt; ground; elbow
会,814,meeting,one; wall; umbrella; rising cloud; two; elbow; wall
至,815,climax,wall; one; ceiling; elbow; soil; dirt; ground
室,816,room,house; climax; wall; one; ceiling; elbow; soil; dirt; ground
到,817,arrival,climax; wall; one; ceiling; elbow; soil; dirt; ground; sword; sabre; saber
致,818,doth,climax; wall; one; ceiling; elbow; soil; dirt; ground; taskmaster
互,819,mutually,one; ceiling; one; floor
棄,820,abandon,infant; toddler; top hat; elbow; buckle; tree; wood
育,821,bring up,infant; toddler; top hat; elbow; moon; month; flesh; part of the body
撤,822,remove,finger; fingers; borstal; bring up; infant; toddler; top hat; elbow; moon; month; flesh; part of the body; taskmaster
充,823,allot,infant; toddler; top hat; elbow; human legs
銃,824,gun,metal; gold; allot; infant; toddler; top hat; elbow; human legs
硫,825,sulfur,sulphur; stone; rock; lifebelt; infant; toddler; top hat; elbow; stream; flood
流,826,current,water; water droplets; water pistol; lifebelt; infant; toddler; top hat; elbow; stream; flood
允,827,license,elbow; human legs
唆,828,tempt,mouth; streetwalker; Ministry of silly walks; John Cleese; license; elbow; human legs; walking legs
出,829,exit,
山,830,mountain,
拙,831,bungling,finger; fingers; exit
岩,832,boulder,mountain; stone; rock
炭,833,charcoal,mountain; ashes; cliff; fire
岐,834,branch off,mountain; branch; ten; needle; crotch
峠,835,mountain pass,mountain; above; below
崩,836,crumble,mountain; companion; moon; month; flesh; part of the body
密,837,secrecy,house; invariably; heart; mountain
蜜,838,honey,house; invariably; heart; insect
嵐,839,storm,mountain; wind; gnats; drop; insect
崎,840,promontory,mountain; strange; large; St. Bernard; can; street; nail; spike; mouth
崖,841,bluffs,mountain; cliff; ivy; square jewel; soil; dirt; ground
入,842,enter,
込,843,crowded,enter; road
分,844,part,eight; sword; dagger
貧,845,poverty,part; eight; sword; dagger; shellfish; clam; oyster; eye; animal legs; eight
頒,846,partition,part; eight; sword; dagger; head; page; one; ceiling; drop; shellfish; clam; oyster; eye; animal legs; eight
公,847,public,eight; elbow
松,848,pine tree,tree; wood; public; eight; elbows
翁,849,venerable old man,public; eight; elbows; feathers; wings
訟,850,sue,say; words; keitai; mouth; public; eight; elbows
谷,851,valley,eight; umbrella; mouth
浴,852,bathe,water; water droplets; water pistol; valley; eight; umbrella; mouth
容,853,contain,house; valley; eight; umbrella; mouth
溶,854,melt,water; water droplets; water pistol; contents; contain; house; valley; animal legs; eight; umbrella; mouth
欲,855,longing,valley; eight; umbrella; mouth; lack; yawn
裕,856,abundant,cloak; valley; eight; umbrella; mouth
鉛,857,lead (metal),lead; metal; gold; gully; eight; mouth
沿,858,run alongside,water; water droplets; water pistol; gully; eight; mouth
賞,859,prize,outhouse; small; little; crown; mouth; shellfish; clam; oyster; eye; animal legs; eight
党,860,party,outhouse; small; little; crown; mouth; human legs
堂,861,hall,outhouse; small; little; crown; mouth; soil; dirt; ground
常,862,usual,outhouse; small; little; crown; mouth; towel
裳,863,skirt,outhouse; small; little; crown; mouth; cloth; clothes; clothing; garment
掌,864,manipulate,outhouse; small; little; crown; mouth; hand
皮,865,pelt,branch; ten; needle; crotch; hook
波,866,waves,water; water droplets; water pistol; pelt; branch; ten; needle; crotch; hook
婆,867,old woman,wave; water; water droplets; water pistol; pelt; branch; ten; needle; crotch; hook; woman
披,868,expose,finger; fingers; pelt; branch; ten; needle; crotch; hook
破,869,rend,stone; rock; pelt; branch; ten; needle; crotch; hook
被,870,incur,cloak; pelt; branch; ten; needle; crotch; hook
残,871,remainder,bones; one; ceiling; evening; float
殉,872,martyrdom,bones; one; ceiling; evening; decameron; bound up; sun; day
殊,873,particularly,bones; one; ceiling; evening; vermilion; drop; not yet; one; tree; wood
殖,874,augment,bones; one; ceiling; evening; straightaway; ten; needle; eye; fishhook
列,875,file,bones; one; ceiling; evening; sword; sabre; saber
裂,876,split,file; bones; one; ceiling; evening; sword; sabre; saber; cloth; clothes; clothing; garment
烈,877,ardent,file; bones; one; ceiling; evening; sword; sabre; saber; oven-fire; barbecue
死,878,death,bones; one; ceiling; evening; spoon; sitting on the ground
葬,879,interment,flowers; death; bones; one; ceiling; evening; spoon; sitting on the ground; two hands
瞬,880,wink,eye; Rose of Sharon; birdhouse; birdcage; claw; vulture; crown; sunglasses; dancing legs; ballerina; evening
耳,881,ear,
取,882,take,ear; crotch
趣,883,gist,run; soil; dirt; ground; mend; take; ear; crotch
最,884,utmost,sun; day; take; ear; crotch
撮,885,snapshot,finger; fingers; utmost; sun; day; take; ear; crotch
恥,886,shame,ear; heart
職,887,post,ear; kazoo; sound; vase; stand up; sun; day; fiesta
聖,888,holy,ear; mouth; king; jewel; ball
敢,889,daring,street; nail; spike; ear; taskmaster
聴,890,listen,ear; stethoscope; camel; ten; needle; eye; cross-eyed; net; heart
懐,891,pocket,Freud; state of mind; poltergeist; BernaE; ten; needle; eye; cross-eyed; net; top hat; scarf; cloth; clothes; clothing; garment
慢,892,ridicule,Freud; state of mind; mandala; sun; day; eye; cross-eyed; net; crotch
漫,893,loose,water; water droplets; water pistol; mandala; sun; day; eye; cross-eyed; net; crotch
買,894,buy,eye; cross-eyed; net; shellfish; clam; oyster; eye; animal legs; eight
置,895,placement,eye; cross-eyed; net; straightaway; ten; needle; eye; fishhook
罰,896,penalty,eye; cross-eyed; net; say; words; keitai; mouth; sword; sabre; saber
寧,897,rather,house; heart; eye; cross-eyed; net; street; nail; spike
濁,898,voiced,water; water droplets; water pistol; spider; eye; cross-eyed; net; bound up; insect
環,899,ring,king; jewel; ball; trampoline; eye; cross-eyed; net; one; ceiling; mouth; scarf
還,900,send back,trampoline; eye; cross-eyed; net; one; ceiling; mouth; scarf; road
夫,901,husband,one; large
扶,902,aid,finger; fingers; husband
渓,903,mountain stream,water; water droplets; water pistol; claw; vulture; husband
規,904,standard,husband; see; telescope; eye; human legs
替,905,exchange,husband; sun; day; tongue wagging
賛,906,approve,husband; shellfish; clam; oyster; eye; animal legs; eight
潜,907,submerge,water; water droplets; water pistol; exchange; husband; sun; day; tongue wagging
失,908,lose,drop; husband
鉄,909,iron,metal; gold; lose; drop; husband
迭,910,alternate,transfer; lose; drop; husband; road
臣,911,retainer,slave
姫,912,princess,woman; retainer; slave
蔵,913,storehouse,flowers; parade; retainer; slave
臓,914,entrails,moon; month; flesh; part of the body; storehouse; flowers; parade; retainer; slave
賢,915,intelligent,loincloth; retainer; slave; crotch; shellfish; clam; oyster; eye; animal legs; eight
腎,916,kidney,loincloth; retainer; slave; crotch; moon; month; flesh; part of the body
堅,917,strict,loincloth; retainer; slave; crotch; soil; dirt; ground
臨,918,look to,retainer; slave; reclining; lying down; goods; mouth
覧,919,perusal,retainer; slave; reclining; lying down; one; floor; look; see; telescope; eye; human legs
巨,920,gigantic,Fafner
拒,921,repel,finger; fingers; gigantic; Fafner
力,922,power,muscle; arnold
男,923,man,rice field; brains; power; muscle; arnold
労,924,labor,schoolhouse; owl; crown; power; muscle; arnold
募,925,recruit,graveyard; flowers; sun; day; large; St. Bernard; power; muscle; arnold
劣,926,inferiority,few; power; muscle; arnold
功,927,achievement,craft; powered; power; muscle; arnold
勧,928,persuade,pegasus; horse; pantomime horse; noon; sign of the horse; turkey; power; muscle; arnold
努,929,toil,guy; woman; crotch; power; muscle; arnold
勃,930,uprising,bishop; cross; ten; needle; crown; child; power; muscle; arnold
励,931,encourage,Wimbledon; cliff; ten thousand; power; muscle; arnold
加,932,add,power; muscle; arnold; mouth
賀,933,congratulations,add; power; muscle; arnold; mouth; shellfish; clam; oyster; eye; animal legs; eight
架,934,erect,add; power; muscle; arnold; mouth; tree; wood
脇,935,armpit,moon; month; flesh; part of the body; triceps; power; muscle; arnold
脅,936,threaten,triceps; power; muscle; arnold; moon; month; flesh; part of the body
協,937,co-,ten; needle; triceps; power; muscle; arnold
行,938,going,boulevard
律,939,rhythm,Nelson; column; going; line; brush
復,940,restore,Nelson; column; going; line; fold back; double back; reclining; lying down; sun; day; walking legs
得,941,gain,Nelson; column; going; line; bill posters; nightbreak; sun; day; one; floor; glue
従,942,accompany,Nelson; column; going; line; horns; mend
徒,943,junior,Nelson; column; going; line; run; soil; dirt; ground; mend
待,944,wait,Nelson; column; going; line; Buddhist temple; soil; dirt; ground; glue
往,945,journey,Nelson; column; going; line; candlestick; lord; drop; king; jewel; ball
征,946,subjugate,Nelson; column; going; line; correct; one; ceiling; stop; footprint
径,947,diameter,Nelson; column; going; line; spool; clod; toilet paper; crotch; soil; dirt; ground
彼,948,he,Nelson; column; going; line; pelt; branch; ten; needle; crotch; hook
役,949,duty,Nelson; column; going; line; cruise missile; missile; wind; crotch
徳,950,benevolence,Nelson; column; going; line; stethoscope; camel; ten; needle; eye; cross-eyed; net; heart
徹,951,penetrate,Nelson; column; going; line; borstal; bring up; infant; toddler; top hat; elbow; moon; month; flesh; part of the body; taskmaster
徴,952,indications,sherpa; Nelson; column; going; line; mountain; king; jewel; ball; taskmaster
懲,953,penal,indications; sherpa; Nelson; column; going; line; mountain; king; jewel; ball; taskmaster; heart
微,954,delicate,sherpa; Nelson; column; going; line; mountain; one; ceiling; human legs; taskmaster
街,955,boulevard,going; ivy; square jewel; soil; dirt; ground
桁,956,girder,tree; wood; going
衡,957,equilibrium,boulevard; going; bound up; rice field; brains; large; St. Bernard
稿,958,draft,wheat; cereal; tall; top hat; mouth; hood; mouth
稼,959,earnings,wheat; cereal; house; sow; pig
程,960,extent,wheat; cereal; display; mouth; king; jewel; ball
税,961,tax,wheat; cereal; devil; horns; elder brother; teenager; mouth; human legs
稚,962,immature,wheat; cereal; turkey
和,963,harmony,wheat; cereal; mouth
移,964,shift,wheat; cereal; many; evening
秒,965,second,wheat; cereal; few
秋,966,autumn,wheat; cereal; fire
愁,967,distress,autumn; wheat; cereal; fire; heart
私,968,private,wheat; cereal; elbow
秩,969,regularity,wheat; cereal; lose; drop; husband
秘,970,secret,wheat; cereal; invariably; heart; drop
称,971,appellation,wheat; cereal; hammock; reclining; lying down; small; little
利,972,profit,wheat; cereal; sword; sabre; saber
梨,973,pear tree,profit; wheat; cereal; sword; sabre; saber; tree; wood
穫,974,harvest,wheat; cereal; radio caroline; flowers; vessels; turkey; crotch
穂,975,ear of a plant,ear (of a plant); wheat; cereal; favour; favor; ten; needle; rice field; brains; heart
稲,976,rice plant,wheat; cereal; claw; vulture; old days; olden times; stick; sun; day
香,977,incense,wheat; cereal; sun; day
季,978,seasons,wheat; cereal; child
委,979,committee,wheat; cereal; woman
秀,980,excel,wheat; cereal; fist; from
透,981,transparent,excel; wheat; cereal; fist; from; road
誘,982,entice,say; words; keitai; mouth; excel; wheat; cereal; fist; from
稽,983,training,wheat; cereal; understandably; chihuahua with one human leg; delicious; spoon; sitting on the ground; sun; day
穀,984,cereals,samurai; crown; wheat; cereal; cruise missile; missile; wind; crotch
菌,985,germ,flowers; pent in; wheat; cereal
萎,986,numb,flowers; committee; wheat; cereal; woman
米,987,rice,
粉,988,flour,rice; part; eight; sword; dagger
粘,989,sticky,rice; fortune-telling; magic wand; augury; mouth
粒,990,grains,rice; vase; stand up
粧,991,cosmetics,rice; shire; cave; soil; dirt; ground
迷,992,astray,rice; road
粋,993,chic,rice; ninety; nine; baseball; ten; needle
謎,994,riddle,say; words; keitai; mouth; astray; rice; road
糧,995,provisions,rice; quantity; nightbreak; sun; day; one; floor; computer
菊,996,chrysanthemum,flowers; rice cooker; bound up; rice
奥,997,core,drop; pent in; rice; large; St. Bernard
数,998,number,rice; woman; taskmaster
楼,999,watchtower,tree; wood; rice; woman
類,1000,sort,rice; large; St. Bernard; head; page; one; ceiling; drop; shellfish; clam; oyster; eye; animal legs; eight
漆,1001,lacquer,water; water droplets; water pistol; tree; wood; umbrella; grains of rice
膝,1002,knee,moon; month; flesh; part of the body; tree; wood; umbrella; grains of rice
様,1003,Esq.,tree; wood; sheep; grains of rice
求,1004,request,arrow; grains of rice
球,1005,ball,king; jewel; request; arrow; grains of rice
救,1006,salvation,request; arrow; grains of rice; taskmaster
竹,1007,bamboo,
笑,1008,laugh,bamboo; heavens
笠,1009,bamboo hat,bamboo; vase; stand up
笹,1010,bamboo grass,bamboo; generation
箋,1011,stationery,
筋,1012,muscle,bamboo; moon; month; flesh; part of the body; power; arnold
箱,1013,box,bamboo; inter; Inter Milan; tree; wood; eye
筆,1014,writing brush,bamboo; brush
筒,1015,cylinder,bamboo; same; monks; hood; one; mouth
等,1016,etc.,bamboo; Buddhist temple; soil; dirt; ground; glue
算,1017,calculate,bamboo; eye; two hands
答,1018,solution,bamboo; fit; meeting; umbrella; one; mouth
策,1019,scheme,bamboo; tree; wood; belt
簿,1020,register,bamboo; water; water droplets; water pistol; acupuncturist; specialty; drop; ten; needle; rice field; brains; glue
築,1021,fabricate,bamboo; barge; craft; mediocre; wind; drop; tree; wood
篭,1022,basket,
人,1023,person,
佐,1024,assistant,person; left; by one’s side; craft
侶,1025,partner,person; spine; mouth; drop; mouth
但,1026,however,person; nightbreak; sun; day; one; floor
住,1027,dwell,person; candlestick; lord; drop; king; jewel; ball
位,1028,rank,person; vase; stand up
仲,1029,go-between,person; in; stick; mouth
体,1030,body,person; origin; book; tree; wood; one
悠,1031,remote,permanence; person; stick; fred astaire; taskmaster; heart
件,1032,affair,person; cow
仕,1033,attend,person; samurai
他,1034,other,person; scorpion
伏,1035,prostrated,person; chihuahua; dog; large; drop
伝,1036,transmit,person; rising cloud; two; elbow; wall
仏,1037,Buddha,buddha; person; elbow
休,1038,rest,person; tree; wood
仮,1039,provisional,sham; person; anti-; demonstration; cliff; crotch
伎,1040,performing artist,person; branch; ten; needle; crotch
伯,1041,chief,person; white; dove
俗,1042,vulgar,person; valley; eight; umbrella; mouth
信,1043,faith,person; say; words; keitai; mouth
佳,1044,excellent,person; ivy; square jewel; soil; dirt; ground
依,1045,reliant,person; cloth; clothes; clothing; garment
例,1046,example,person; file; bones; one; ceiling; evening; sword; sabre; saber
個,1047,individual,person; harden; pent in; old; tombstone; gravestone; church; ten; needle; mouth
健,1048,healthy,person; build; brush; stretch
側,1049,side,person; rule; shellfish; clam; oyster; eye; animal legs; eight; sword; sabre; saber
侍,1050,waiter,person; Buddhist temple; soil; dirt; ground; glue
停,1051,halt,person; pavilion; tall; top hat; mouth; crown; street; nail; spike
値,1052,price,person; straightaway; ten; needle; eye; fishhook
倣,1053,emulate,person; set free; compass; direction; taskmaster
傲,1054,arrogance,
倒,1055,overthrow,person; arrival; climax; wall; one; ceiling; elbow; soil; dirt; ground; sword; sabre; saber
偵,1056,spy,person; upright; magic wand; augury; shellfish; clam; oyster; eye; animal legs; eight
僧,1057,Buddhist priest,buddhist priest; person; increase; formerly; horns; rice field; brains; sun; day
億,1058,hundred million,person; idea; sound; vase; stand up; sun; day; heart
儀,1059,ceremony,person; righteousness; sheep; ego; hand; fiesta
償,1060,reparation,person; prize; outhouse; small; little; crown; mouth; shellfish; clam; oyster; eye; animal legs; eight
仙,1061,hermit,person; mountain
催,1062,sponsor,person; mountain; turkey
仁,1063,humanity,person; two
侮,1064,scorn,person; every; reclining; lying down; mother; breasts
使,1065,use,person; history; length; stick; mouth; tucked under the arm
便,1066,convenience,person; grow late; Ameratasu; one; ceiling; sun; tucked under the arm
倍,1067,double,person; muzzle; vase; stand up; mouth
優,1068,tenderness,person; melancholy; summer; head; page; crown; heart; walking legs
伐,1069,fell,person; fiesta
宿,1070,inn,house; person; hundred; one; ceiling; white; dove
傷,1071,wound,person; reclining; lying down; piggy bank; sun; day; piglets
保,1072,protect,person; dumbfounded; mouth; tree; wood
褒,1073,praise,top hat; protect; person; dumbfounded; mouth; tree; wood; scarf
傑,1074,greatness,person; sunglasses; dancing legs; ballerina; evening; tree; wood
付,1075,adhere,person; glue
符,1076,token,bamboo; adhere; sellotape; person; glue
府,1077,municipality,borough; cave; adhere; sellotape; person; glue
任,1078,responsibility,person; porter; drop; samurai
賃,1079,fare,responsibility; person; porter; drop; samurai; shellfish; clam; oyster; eye; animal legs; eight
代,1080,substitute,person; arrow
袋,1081,sack,substitute; person; arrow; garment
貸,1082,lend,substitute; person; arrow; shellfish; clam; oyster; eye; animal legs; eight
化,1083,change,person; spoon; sitting on the ground
花,1084,flower,flowers; change; person; spoon; sitting on the ground
貨,1085,freight,change; person; spoon; sitting on the ground; shellfish; clam; oyster; eye; animal legs; eight
傾,1086,lean,change; person; about that time; spoon; sitting on the ground; head; page; one; ceiling; drop; shellfish; clam; oyster; eye; animal legs; eight
何,1087,what,person; can; mouth; street; nail; spike
荷,1088,baggage,flowers; what; person; can; mouth; street; nail; spike
俊,1089,sagacious,person; streetwalker; Ministry of silly walks; John Cleese; license; elbow; human legs; walking legs
傍,1090,bystander,person; traffic cop; fez; vase; stand up; crown; compass; direction
俺,1091,myself,person; dachshund; large; St. Bernard; eel; sun; day
久,1092,long time,bound up; person; mummy
畝,1093,furrow,top hat; rice field; brains; long time; mummy; bound up; person
囚,1094,captured,pent in; person
内,1095,inside,person; belt
丙,1096,third class,one; ceiling; inside; person; belt
柄,1097,design,tree; wood; third class; one; ceiling; inside; person; belt
肉,1098,meat,person; inside; belt; person
腐,1099,rot,borough; municipality; cave; adhere; sellotape; person; glue; meat; inside; belt; person
座,1100,sit,squat; cave; shire; assembly line; person; soil; dirt; ground
挫,1101,sprain,finger; fingers; sitting in meditation; assembly line; person; soil; dirt; ground
卒,1102,graduate,top hat; assembly line; person; ten; needle
傘,1103,umbrella,assembly line; person; ten; needle
匁,1104,monme,bound up; tucked under the arm
以,1105,by means of,plow; drop; person
似,1106,similar,becoming; person; by means of; plow; drop; person
併,1107,join,person; puzzle; horns; two hands
瓦,1108,tile,one; ceiling; cane; stick; drop; fishhook; ice
瓶,1109,flower pot,puzzle; horns; two hands; tile; one; ceiling; cane; stick; drop; fishhook; ice
宮,1110,Shinto shrine,shinto shrine; house; spine; mouth; drop
営,1111,occupation,schoolhouse; owl; crown; spine; mouth; drop
善,1112,virtuous,sheep; horns; mouth
膳,1113,dining tray,moon; month; flesh; part of the body; virtuous; sheep; horns; mouth
年,1114,year,sign of the horse; sunglasses
夜,1115,night,top hat; person; walking legs; drop
液,1116,fluid,water; water droplets; water pistol; night; top hat; person; walking legs; drop
塚,1117,hillock,soil; dirt; ground; crown; pig; sow
幣,1118,cash,shredder; small; little; belt; taskmaster; towel
蔽,1119,cover over,flowers; shredder; small; little; belt; taskmaster
弊,1120,abuse,shredder; small; little; belt; taskmaster; two hands
喚,1121,yell,mouth; bound up; four; large; St. Bernard
換,1122,interchange,finger; fingers; bound up; four; large; St. Bernard
融,1123,dissolve,tripod; one; ceiling; mouth; hood; human legs; street; nail; spike; insect
施,1124,alms,banner; direction; compass; direction; reclining; lying down; scorpion
旋,1125,rotation,banner; direction; compass; direction; reclining; lying down; zoo; critters
遊,1126,play,banner; direction; compass; direction; reclining; lying down; child; road
旅,1127,trip,banner; direction; compass; direction; reclining; lying down; Carol in rags; person; rag
勿,1128,not,knot; piglet’s tail
物,1129,thing,cow; knot; piglet’s tail
易,1130,easy,sun; day; knot; piglet’s tail
賜,1131,grant,shellfish; clam; oyster; eye; animal legs; eight; easy; sun; day; knot; piglet’s tail
尿,1132,urine,flag; water
尼,1133,nun,flag; spoon; sitting on the ground
尻,1134,buttocks,flag; nine; baseball
泥,1135,mud,water; water droplets; water pistol; nun; flag; spoon; sitting on the ground
塀,1136,fence,soil; dirt; ground; folding screen; flag; puzzle; horns; two hands
履,1137,footgear,flag; restore; Nelson; column; going; line; fold back; double back; reclining; lying down; sun; day; walking legs
屋,1138,roof,flag; climax; wall; one; ceiling; elbow; soil; dirt; ground
握,1139,grip,finger; fingers; roof; flag climax; wall; one; ceiling; elbow; soil; dirt; ground
屈,1140,yield,flag; exit
掘,1141,dig,finger; fingers; yield; flag; exit
堀,1142,ditch,moat; soil; dirt; ground; yield; flag; exit
居,1143,reside,flag; old; tombstone; gravestone; church; ten; needle; mouth
据,1144,set,finger; fingers; reside; flag; old; tombstone; gravestone; church; ten; needle; mouth
裾,1145,hem,cloak; reside; flag; old; tombstone; gravestone; church; ten; needle; mouth
層,1146,stratum,flag; increase; formerly; horns; rice field; brains; sun; day
局,1147,bureau,flag; phrase; bound up; mouth
遅,1148,slow,flag; sheep; road
漏,1149,leak,water; water droplets; water pistol; flag; rain; weather
刷,1150,printing,flag; towel; sword; sabre; saber
尺,1151,shaku,flag; stick
尽,1152,exhaust,shaku-hachi; flag; stick; ice
沢,1153,swamp,water; water droplets; water pistol; shaku-hachi; flag; stick
訳,1154,translate,say; words; keitai; mouth; shaku-hachi; flag; stick
択,1155,choose,finger; fingers; shaku-hachi; flag; stick
昼,1156,daytime,shaku-hachi; flag; stick; nightbreak; sun; day; one; floor
戸,1157,door,one; flag
肩,1158,shoulder,door; one; ceiling; flag; moon; month; flesh; part of the body
房,1159,tassel,door; one; ceiling; flag; compass; direction
扇,1160,fan,door; one; ceiling; flag; feathers; wings
炉,1161,hearth,hearth-fire; door; one; ceiling; flag
戻,1162,re-,door; one; ceiling; flag; large; St. Bernard
涙,1163,tears,water; water droplets; water pistol; re-; door; one; ceiling; flag; large; St. Bernard
雇,1164,employ,door; one; ceiling; flag; turkey
顧,1165,look back,employ; door; one; ceiling; flag; turkey; head; page; one; ceiling; drop; shellfish; clam; oyster; eye; animal legs; eight
啓,1166,disclose,bouncer; door; one; ceiling; flag; taskmaster; mouth
示,1167,show,altar; two; small
礼,1168,salutation,salute; altar; fishhook
祥,1169,auspicious,altar; sheep
祝,1170,celebrate,altar; elder brother; teenager; mouth; human legs
福,1171,blessing,altar; wealth; one; ceiling; mouth; rice field; brains
祉,1172,welfare,altar; stop; footprint
社,1173,company,altar; soil; dirt; ground
視,1174,inspection,altar; see; telescope; eye; human legs
奈,1175,Nara,nara; large; St. Bernard; altar; show; two; small
尉,1176,military officer,flag; altar; show; two; small; glue
慰,1177,consolation,military officer; flag; altar; show; two; small; glue; heart
款,1178,goodwill,samurai; altar; show; two; small; lack; yawn
禁,1179,prohibition,grove; tree; wood; altar; show; two; small
襟,1180,collar,cloak; prohibition; grove; tree; wood; altar; show; two; small
宗,1181,religion,house; altar; show; two; small
崇,1182,adore,mountain; religion; house; altar; show; two; small
祭,1183,ritual,moon; month; flesh; part of the body; crotch; altar; show; two; small
察,1184,guess,house; ritual; moon; month; flesh; part of the body; crotch; altar; show; two; small
擦,1185,grate,finger; fingers; guess; house; ritual; moon; month; flesh; part of the body; crotch; altar; show; two; small
由,1186,wherefore,sprout; shoot
抽,1187,pluck,finger; fingers; sprout; shoot
油,1188,oil,water; water droplets; water pistol; sprout; shoot
袖,1189,sleeve,cloak; sprout; shoot
宙,1190,mid-air,house; sprout; shoot
届,1191,deliver,flag; sprout; shoot
笛,1192,flute,bamboo; sprout; shoot
軸,1193,axis,car; sprout; shoot
甲,1194,armor,armour; roots
押,1195,push,finger; fingers; armour; armor; roots
岬,1196,headland,mountain; armour; armor; roots
挿,1197,insert,finger; fingers; thousand; armour; armor; roots
申,1198,speaketh,monkey; sun; day; stick
伸,1199,expand,person; monkey; sun; day; stick
神,1200,gods,altar; monkey; sun; day; stick
捜,1201,search,finger; fingers; Buddha’s hand; monkey; sun; day; stick; crotch
果,1202,fruit,rice field; brains; tree; wood
菓,1203,confectionary,flowers; fruit; rice field; brains; tree; wood
課,1204,chapter,say; words; keitai; mouth; fruit; rice field; brains; tree; wood
裸,1205,naked,cloak; fruit; rice field; brains; tree; wood
斤,1206,ax,axe
析,1207,chop,tree; wood; axe
所,1208,place,door; one; ceiling; flag; axe
祈,1209,pray,altar; axe
近,1210,near,axe; road
折,1211,fold,finger; fingers; axe
哲,1212,philosophy,fold; finger; fingers; axe; mouth
逝,1213,departed,fold; finger; fingers; axe; road
誓,1214,vow,fold; finger; fingers; axe; say; words; keitai; mouth
斬,1215,chop off,executioner; car; axe
暫,1216,temporarily,executioner; chop off; car; axe; sun; day
漸,1217,steadily,water; water droplets; water pistol; executioner; chop off; car; axe
断,1218,severance,fishhook; rice; axe
質,1219,substance,axe; shellfish; clam; oyster; eye; animal legs; eight
斥,1220,reject,axe; drop
訴,1221,accusation,say; words; keitai; mouth; reject; axe; drop
昨,1222,yesterday,sun; day; saw
詐,1223,lie,say; words; keitai; mouth; saw
作,1224,make,person; saw
雪,1225,snow,rain; weather; broom
録,1226,record,metal; gold; dustpan; broom; grains of rice
剥,1227,peel off,
尋,1228,inquire,broom; craft; mouth; glue
急,1229,hurry,bound up; broom; heart
穏,1230,calm,wheat; cereal; hideaway; claw; vulture; broom; heart
侵,1231,encroach,person; French maid; tickle; broom; crown; crotch
浸,1232,immersed,water; water droplets; water pistol; French maid; tickle; broom; crown; crotch
寝,1233,lie down,house; turtle; French maid; tickle; broom; crown; crotch
婦,1234,lady,woman; feather duster; broom; apron; crown; towel
掃,1235,sweep,finger; fingers; feather duster; broom; apron; crown; towel
当,1236,hit,small; broom
彙,1237,glossary,broken broom; mutual; crown; fruit; rice field; brains; tree; wood; broom*
争,1238,contend,bound up; rake
浄,1239,clean,water; water droplets; water pistol; contend; bound up; rake
事,1240,matter,one; ceiling; mouth; rake
唐,1241,T'ang,T’ang; cave; rake; mouth
糖,1242,sugar,rice; T’ang; cave; rake; mouth
康,1243,sane,ease; cave; sieve; rake; grains of rice
逮,1244,apprehend,sieve; rake; grains of rice; road
伊,1245,Italy,italy; person; mop
君,1246,old boy,mop; mouth
群,1247,flock,old boy; mop; mouth; sheep
耐,1248,-proof,comb; glue
需,1249,demand,rain; weather; comb
儒,1250,Confucian,confucian; person; demand; rain; weather; comb
端,1251,edge,vase; stand up; pick-axe; mountain; comb
両,1252,both,street; nail; spike; belt; shovel
満,1253,full,water; water droplets; water pistol; flowers; both; street; nail; spike; belt; shovel
画,1254,brush-stroke,one; ceiling; sprout; shoot; shovel
歯,1255,tooth,stop; footprint; bag of rice; shovel
曲,1256,bend,rice field; brains; stick
曹,1257,cadet,one; bend; sun; day
遭,1258,encounter,cadet; one; bend; sun; day; road
漕,1259,rowing,water; water droplets; water pistol; cadet; one; bend; sun; day
槽,1260,vat,tree; wood; cadet; one; bend; sun; day
斗,1261,Big Dipper,big dipper; measuring cup; big dipper; The Plough; drop; ten; needle
料,1262,fee,rice; measuring cup; big dipper; The Plough; drop; ten; needle
科,1263,department,wheat; cereal; measuring cup; big dipper; The Plough; drop; ten; needle
図,1264,map,pent in; measuring cup; big dipper; The Plough; drop; ten; needle
用,1265,utilize,moon; month; flesh; part of the body; walking stick
庸,1266,comfortable,commonplace; cave; rake; screwdriver; utilise; utilize; moon; month; flesh; part of the body; walking stick
備,1267,equip,person; flowers; cliff; screwdriver; utilise; utilize; moon; month; flesh; part of the body; walking stick
昔,1268,once upon a time,salad; flowers; one; floor; sun; day
錯,1269,confused,metal; gold; once upon a time; storyteller; salad; sun; day
借,1270,borrow,person; once upon a time; storyteller; salad; sun; day
惜,1271,pity,Freud; state of mind; once upon a time; storyteller; salad; sun; day
措,1272,set aside,finger; fingers; once upon a time; storyteller; salad; sun; day
散,1273,scatter,salad; moon; month; flesh; part of the body; taskmaster
廿,1274,twenty,
庶,1275,commoner,caverns; cave; twenty; oven-fire; barbecue
遮,1276,intercept,commoner; caverns; cave; twenty; oven-fire; barbecue; road
席,1277,seat,caverns; cave; twenty; towel
度,1278,degrees,caverns; cave; twenty; crotch
渡,1279,transit,water; water droplets; water pistol; degrees; caverns; cave; twenty; crotch
奔,1280,bustle,large; St. Bernard; haystack; ten; needle
噴,1281,erupt,mouth; pitchfork; haystack; ten; needle; shellfish; clam; oyster; eye; animal legs; eight
墳,1282,tomb,soil; dirt; ground; pitchfork; haystack; ten; needle; shellfish; clam; oyster; eye; animal legs; eight
憤,1283,aroused,Freud; state of mind; pitchfork; haystack; ten; needle; shellfish; clam; oyster; eye; animal legs; eight
焼,1284,bake,hearth fire; lofty; strawman; wickerman; haystack; ten; needle; one; human legs
暁,1285,daybreak,sun; lofty; strawman; wickerman; haystack; ten; needle; one; human legs
半,1286,half,small; ten; needle
伴,1287,consort,person; half
畔,1288,paddy ridge,paddy-ridge; rice field; brains; half
判,1289,judgment,judgement; half; sword; sabre; saber
拳,1290,fist,quarter; hand
券,1291,ticket,quarter; sword; dagger
巻,1292,scroll,quarter; snake; self
圏,1293,sphere,pent in; scroll; quarter; snake; self
勝,1294,victory,edam; moon; month; flesh; part of the body; quarter; power; muscle; arnold
藤,1295,wisteria,flowers; edam; moon; month; flesh; part of the body; quarter; grains of rice
謄,1296,facsimilie,mimeograph; facsimile; edam; moon; month; flesh; part of the body; quarter; say; words; keitai; mouth
片,1297,one-sided,waiter with wine on tray
版,1298,printing block,one-sided; waiter with wine on tray; anti-; demonstration; cliff; crotch
之,1299,of,Zorro; building blocks; zig-zag
乏,1300,destitution,drop; of; Zorro; building blocks; zig-zag
芝,1301,turf,flowers; of; Zorro; building blocks; zig-zag
不,1302,negative,one; ceiling; person; drop
否,1303,negate,negative; mouth
杯,1304,cupfuls,tree; wood; negative
矢,1305,dart,drop; heavens
矯,1306,rectify,dart; drop; heavens; angel; heavens; mouth; hood; mouth
族,1307,tribe,banner; direction; compass; direction; reclining; lying down; dart; drop; heavens
知,1308,know,dart; drop; heavens; mouth
智,1309,wisdom,know; dart; drop; heavens; mouth; sun; day; tongue wagging
挨,1310,shove,finger; fingers; elbow; dart; drop; heavens
矛,1311,halberd,beforehand
柔,1312,tender,halberd; beforehand; tree; wood
務,1313,task,halberd; beforehand; taskmaster; power; muscle; arnold
霧,1314,fog,rain; weather; task; halberd; beforehand; taskmaster; power; muscle; arnold
班,1315,squad,sword; spear; cutlass; king; jewel; ball
帰,1316,homecoming,sword; spear; cutlass; feather duster; broom; apron; crown; towel
弓,1317,bow,
引,1318,pull,bow; stick
弔,1319,condolences,bow; walking stick
弘,1320,vast,bow; elbow
強,1321,strong,bow; elbow; insect
弥,1322,more and more,bow; hammock; reclining; lying down; small; little
弱,1323,weak,bow; ice
溺,1324,drowning,water; water droplets; water pistol; weak; bow; ice
沸,1325,seethe,water; water droplets; water pistol; dollar; bow; stick
費,1326,expense,dollar; bow; stick; shellfish; clam; oyster; eye; animal legs; eight
第,1327,No.,no.; bamboo; dollar; bow; stick
弟,1328,younger brother,horns; dollar; bow; stick
巧,1329,adroit,craft; snare
号,1330,nickname,mouth; snare
朽,1331,decay,tree; wood; snare
誇,1332,boast,say; words; keitai; mouth; Batman; large; St. Bernard; chandelier; one; ceiling; snare
顎,1333,chin,mousetrap; mouth; one; ceiling; snare; head; page; one; ceiling; drop; shellfish; clam; oyster; eye; animal legs; eight
汚,1334,dirty,water; water droplets; water pistol; snare; one; spike; stick
与,1335,bestow,slingshot; catapult; one
写,1336,copy,crown; bestow; slingshot; catapult; one
身,1337,somebody,nose
射,1338,shoot,somebody; nose; glue
謝,1339,apologize,say; words; keitai; mouth; shoot bang bang; somebody; nose; glue
老,1340,old man,soil; dirt; ground; spoon; sitting on the ground
考,1341,consider,old man; slingshot; catapult
孝,1342,filial piety,old man; child
教,1343,teach,filial piety; old man; child; taskmaster
拷,1344,torture,finger; fingers; consider; old man; slingshot; catapult
者,1345,someone,puppet; sooty; old man; sun; day
煮,1346,boil,someone; puppet; sooty; old man; sun; day; oven-fire; barbecue
著,1347,renowned,flowers; someone; puppet; sooty; old man; sun; day
箸,1348,chopsticks,bamboo; someone; puppet; sooty; old man; sun; day
署,1349,signature,eye; cross-eyed; net; someone; puppet; sooty; old man; sun; day
暑,1350,sultry,sun; day; someone; puppet; sooty; old man
諸,1351,various,say; words; keitai; mouth; someone; puppet; sooty; old man; sun; day
猪,1352,boar,pack of wild dogs; someone; puppet; sooty; old man; sun; day
渚,1353,strand,water; water droplets; water pistol; someone; puppet; sooty; old man; sun; day
賭,1354,gamble,shellfish; clam; oyster; eye; animal legs; eight; someone; puppet; sooty; old man; sun; day
峡,1355,gorge,mountain; scissors; husband; horns
狭,1356,cramped,pack of wild dogs; scissors; husband; horns
挟,1357,sandwiched,finger; fingers; scissors; husband; horns
頬,1358,cheek,
追,1359,chase,maestro; road
阜,1360,large hill,maestro; ten; needle
師,1361,expert,maestro; noren; one; ceiling; towel
帥,1362,commander,maestro; towel
官,1363,bureaucrat,house; maestro without baton
棺,1364,coffin,tree; wood; bureaucrat; house; maestro without baton
管,1365,pipe,bamboo; bureaucrat; house; maestro without baton
父,1366,father,
釜,1367,cauldron,father; metal; gold
交,1368,mingle,top hat; father
効,1369,merit,mingle; top hat; father; power; muscle; arnold
較,1370,contrast,car; mingle; top hat; father
校,1371,exam,tree; wood; mingle; top hat; father
足,1372,leg,mouth; mending; mend
促,1373,stimulate,person; leg; mouth; mending; mend
捉,1374,nab,finger; fingers; leg; mouth; mend
距,1375,long-distance,wooden leg; mouth; stop; footprint; giant
路,1376,path,wooden leg; mouth; stop; footprint; each; walking legs; mouth
露,1377,dew,rain; weather; path; wooden leg; mouth; stop; footprint; each; walking legs; mouth
跳,1378,hop,wooden leg; mouth; stop; footprint; portent; omen
躍,1379,leap,wooden leg; mouth; stop; footprint; futon; feathers; wings; turkey
践,1380,tread,wooden leg; mouth; stop; footprint; parade float
踏,1381,step,wooden leg; mouth; stop; footprint; wednesday; boots; water; sun; day
踪,1382,trail,
骨,1383,skeleton,joint; moon; month; flesh; part of the body
滑,1384,slippery,water; water droplets; water pistol; skeleton; joint; moon; month; flesh; part of the body
髄,1385,marrow,skeleton; joint; moon; month; flesh; part of the body; highwayman; possess; by one’s side; road
禍,1386,calamity,altar; jawbone; joint; hood; mouth
渦,1387,whirlpool,water; water droplets; water pistol; jawbone; joint; hood; mouth
鍋,1388,pot,metal; gold; jawbone; joint; hood; mouth
過,1389,overdo,jawbone; joint; hood; mouth; road
阪,1390,Heights,heights; pinnacle; parthenon; acropolis; anti-; demonstration; cliff; crotch
阿,1391,Africa,africa; pinnacle; parthenon; acropolis; can; mouth; street; nail; spike
際,1392,occasion,pinnacle; parthenon; acropolis; ritual; moon; month; flesh; part of the body; crotch; altar; show; two; small
障,1393,hinder,pinnacle; parthenon; acropolis; badge; vase; stand up; sunflower; early; sun; day; ten; needle
隙,1394,chink,pinnacle; parthenon; acropolis; small; little; sun; day; little
随,1395,follow,pinnacle; parthenon; acropolis; highwayman; possess; by one’s side; moon; month; flesh; part of the body; road
陪,1396,auxiliary,obeisance; pinnacle; parthenon; acropolis; muzzle; vase; stand up; mouth
陽,1397,sunshine,pinnacle; parthenon; acropolis; piggy bank; sun; day; piglets
陳,1398,line up,exhibit; pinnacle; parthenon; acropolis; east; tree; wood; sun; day
防,1399,ward off,pinnacle; parthenon; acropolis; compass; direction
附,1400,affixed,pinnacle; parthenon; acropolis; adhere; sellotape; person; glue
院,1401,Inst.,pinnacle; parthenon; acropolis; perfect; house; beginnings; two; human legs
陣,1402,camp,pinnacle; parthenon; acropolis; car
隊,1403,regiment,pinnacle; parthenon; acropolis; animal horns; sow; pig; wart hog; regimental mascot
墜,1404,crash,regiment; pinnacle; parthenon; acropolis; animal horns; sow; pig; wart hog; regimental mascot; soil; dirt; ground
降,1405,descend,pinnacle; parthenon; acropolis; walking legs; sunglasses with one lens missing; monocle
階,1406,story,storey; pinnacle; parthenon; acropolis; all; compare; spoon; sitting on the ground; white; dove
陛,1407,highness,pinnacle; parthenon; acropolis; compare; spoon; sitting on the ground; soil; dirt; ground
隣,1408,neighboring,neighbouring; pinnacle; parthenon; acropolis; shoeshine; rice; sunglasses; dancing legs; ballerina; evening
隔,1409,isolate,pinnacle; parthenon; acropolis; tripod; one; ceiling; mouth; hood; human legs; street; nail; spike
隠,1410,conceal,pinnacle; parthenon; acropolis; hideaway; claw; vulture; broom; heart
堕,1411,degenerate,pinnacle; parthenon; acropolis; possess; by one’s side; moon; month; flesh; part of the body; ground; soil; dirt; ground
陥,1412,collapse,pinnacle; parthenon; acropolis; straight-jacket; bound up; olden times; old days; stick; sun; day
穴,1413,hole,house; eight
空,1414,empty,hole; house; human legs; craft
控,1415,withdraw,finger; fingers; empty; sky; hole; house; human legs; craft
突,1416,stab,hole; house; human legs; large; St. Bernard
究,1417,research,hole; house; human legs; nine; baseball
窒,1418,plug up,hole; house; human legs; climax; wall; one; ceiling; elbow; soil; dirt; ground
窃,1419,stealth,hole; house; human legs; cut; seven; sword; dagger
窟,1420,cavern,hole; house; human legs; yield; flag; exit
窪,1421,depression,hole; house; human legs; water; water droplets; water pistol; ivy; square jewel; soil; dirt; ground
搾,1422,squeeze,finger; fingers; tight; hole; house; human legs; saw
窯,1423,kiln,hole; house; human legs; sheep; oven-fire; barbecue
窮,1424,hard up,hole; house; human legs; somebody; nose; bow
探,1425,grope,finger; fingers; paper punch; Miss World; hole; house; human legs; tree; wood
深,1426,deep,water; water droplets; water pistol; paper punch; Miss World; hole; house; human legs; tree; wood
丘,1427,hill,axe; one; floor
岳,1428,Point,point; hill; axe; one; floor; mountain
兵,1429,soldier,hill; axe; one; floor; animal legs; eight
浜,1430,seacoast,water; water droplets; water pistol; soldier; hill; axe; one; floor; animal legs; eight
糸,1431,thread,spiderman
織,1432,weave,thread; spiderman; kazoo; sound; vase; stand up; sun; day; fiesta
繕,1433,darning,thread; spiderman; virtuous; sheep; horns; mouth
縮,1434,shrink,thread; spiderman; inn; house; person; hundred; one; ceiling; white; dove
繁,1435,luxuriant,cleverness; reclining; lying down; mother; breasts; taskmaster; thread; spiderman
縦,1436,vertical,thread; spiderman; accompany; Nelson; column; going; line; horns; mend
緻,1437,fine,
線,1438,line,thread; spiderman; spring; white; dove; water
綻,1439,come apart at the seams,thread; spiderman; determine; determined; house; mend
締,1440,tighten,thread; spiderman; sovereign; vase; stand up; apron; crown; towel
維,1441,fiber,thread; spiderman; turkey
羅,1442,gauze,eye; cross-eyed; net; fibre; thread; spiderman; turkey
練,1443,practice,thread; spiderman; east; tree; wood; sun; day
緒,1444,thong,thread; spiderman; someone; puppet; sooty; old man; sun; day
続,1445,continue,thread; spiderman; sell; samurai; crown; human legs
絵,1446,picture,thread; spiderman; meeting; one; wall; umbrella; rising cloud; two; elbow; wall
統,1447,overall,thread; spiderman; allot; infant; toddler; top hat; elbow; human legs
絞,1448,strangle,thread; spiderman; mingle; top hat; father
給,1449,salary,thread; spiderman; fit; meeting; umbrella; one; mouth
絡,1450,entwine,thread; spiderman; each; walking legs; mouth
結,1451,tie,thread; spiderman; aerosol; samurai; mouth
終,1452,end,thread; spiderman; winter; walking legs; ice; drop
級,1453,class,thread; spiderman; reach out; outstretched hands
紀,1454,chronicle,thread; spiderman; snake; self
紅,1455,crimson,thread; spiderman; craft
納,1456,settlement,thread; spiderman; inside; person; belt
紡,1457,spinning,thread; spiderman; compass; direction
紛,1458,distract,thread; spiderman; part; eight; sword; dagger
紹,1459,introduce,thread; spiderman; summon; seduce; sword; dagger; mouth
経,1460,sutra,thread; spiderman; spool; clod; toilet paper; crotch; soil; dirt; ground
紳,1461,sire,thread; spiderman; monkey; sun; day; stick
約,1462,promise,thread; spiderman; ladle
細,1463,dainty,thread; spiderman; rice field; brains
累,1464,accumulate,rice field; brains; thread; spiderman
索,1465,cord,bishop; cross; ten; needle; crown; thread; spiderman
総,1466,general,thread; spiderman; public; eight; elbows; heart
綿,1467,cotton,thread; spiderman; napkin; white; dove; towel
絹,1468,silk,thread; spiderman; mouth; moon; month; flesh; part of the body
繰,1469,winding,thread; spiderman; furniture; goods; mouth; tree; wood
継,1470,inherit,thread; spiderman; rice; fishhook
緑,1471,green,thread; spiderman; dustpan; broom; grains of rice
縁,1472,affinity,thread; spiderman; broom; sow; pig
網,1473,netting,thread; spiderman; glass jar; hood; horns; one; deceased; perish; top hat; fishhook
緊,1474,tense,loincloth; retainer; slave; crotch; thread; spiderman
紫,1475,purple,Prince; this here; stop; footprint; spoon; sitting on the ground; thread; spiderman
縛,1476,truss,thread; spiderman; acupuncturist; specialty; drop; ten; needle; rice field; brains; glue
縄,1477,straw rope,thread; spiderman; eels; sun; day
幼,1478,infancy,cocoon; power; muscle; arnold
後,1479,behind,Nelson; column; going; line; cocoon; walking legs
幽,1480,faint,seclude; cocoon; mountain
幾,1481,how many,cocoon; person; fiesta
機,1482,mechanism,tree; wood; abacus; how many; cocoon; person; fiesta
畿,1483,capital suburbs,cocoon; rice field; brains; fiesta
玄,1484,mysterious,top hat; cocoon
畜,1485,livestock,mysterious; top hat; cocoon; rice field; brains
蓄,1486,amass,flowers; livestock; mysterious; top hat; cocoon; rice field; brains
弦,1487,bowstring,bow; mysterious; top hat; cocoon
擁,1488,hug,finger; fingers; mysterious; top hat; cocoon; turkey
滋,1489,nourishing,water; water droplets; water pistol; double-mysterious; mothballs; horns; one; cocoon
慈,1490,mercy,double-mysterious; mothballs; horns; one; cocoon; heart
磁,1491,magnet,stone; rock; double-mysterious; mothballs; horns; one; cocoon
系,1492,lineage,stick; drop; thread; spiderman
係,1493,person in charge,person; lineage; drop; thread; spiderman
孫,1494,grandchild,child; lineage; drop; thread; spiderman
懸,1495,suspend,prefecture; eye; fishhook; small; little; lineage; stick; drop; thread; spiderman; heart
遜,1496,modest,grandchild; child; lineage; drop; thread; spiderman; road
却,1497,instead,gone; soil; dirt; ground; elbow; stamp
脚,1498,shins,skids; moon; month; flesh; part of the body; instead; gone; soil; dirt; ground; elbow; stamp
卸,1499,wholesale,horseshoe; horse; pantomime horse; noon; sign of the horse; stop; footprint; stamp
御,1500,honorable,Nelson; column; going; line; wholesale; horseshoe; pantomime horse; noon; sign of the horse; stop; footprint; stamp
服,1501,clothing,moon; month; flesh; part of the body; underpants; stamp; crotch
命,1502,fate,fit; meeting; umbrella; one; mouth; stamp
令,1503,orders,meeting; chop-seal; hanko
零,1504,zero,rain; weather; orders; meeting; chop-seal; hanko
齢,1505,age,teeth; tooth; stop; footprint; rice; shovel; orders; meeting; chop-seal; hanko
冷,1506,cool,ice; orders; meeting; chop-seal; hanko
領,1507,jurisdiction,orders; meeting; chop-seal; hanko; head; page; one; ceiling; drop; shellfish; clam; oyster; eye; animal legs; eight
鈴,1508,small bell,metal; gold; orders; meeting; chop-seal; hanko
勇,1509,courage,chop-seal; hanko; male; rice field; brains; power; muscle; arnold
湧,1510,bubble up,water; water droplets; water pistol; courageous; courage; chop-seal; hanko; male; rice field; brains; power; muscle; arnold
通,1511,traffic,pogo stick; chop-seal; hanko; utilise; utilize; road
踊,1512,jump,wooden leg; mouth; stop; footprint; pogo stick; chop-seal; hanko; utilise; utilize
疑,1513,doubt,spoon; sitting on the ground; dart; drop; heavens; chop-seal; hanko; zoo; critters
擬,1514,mimic,finger; fingers; doubt; spoon; sitting on the ground; dart; drop; heavens; chop-seal; hanko; zoo; critters
凝,1515,congeal,ice; doubt; spoon; sitting on the ground; dart; drop; heavens; chop-seal; hanko; zoo; critters
範,1516,pattern,bamboo; car; fingerprint
犯,1517,crime,pack of wild dogs; fingerprint
氾,1518,widespread,water; water droplets; water pistol; fingerprint
厄,1519,unlucky,cliff; fingerprint
危,1520,dangerous,bound up; unlucky; cliff; fingerprint
宛,1521,address,house; mailbox; evening; fingerprint
腕,1522,arm,moon; month; flesh; part of the body; address; house; mailbox; evening; fingerprint
苑,1523,garden,flowers; mailbox; evening; fingerprint
怨,1524,grudge,mailbox; evening; fingerprint; heart
柳,1525,willow,tree; wood; blown eggs; sign of the hare; receipt; stamp
卵,1526,egg,sign of the hare; receipt; stamp; drops
留,1527,detain,receipt; sword; dagger; rice field; brains
瑠,1528,marine blue,king; jewel; ball; detain; receipt; dagger; sword; rice field; brains
貿,1529,trade,receipt; sword; dagger; shellfish; clam; oyster; eye; animal legs; eight
印,1530,stamp,staples
臼,1531,mortar,back to back staples
毀,1532,break,mortar; soil; dirt; ground; cruise missile; missile; wind; crotch
興,1533,entertain,staples; same; monks; hood; one; mouth; tool; animal legs; eight
酉,1534,sign of the bird,whiskey bottle; west; one
酒,1535,sake,water; water droplets; water pistol; whiskey bottle
酌,1536,bartending,whiskey bottle; ladle
酎,1537,hooch,whiskey bottle; glue
酵,1538,fermentation,whiskey bottle; filial piety; old man; child
酷,1539,cruel,whiskey bottle; revelation; cow; mouth
酬,1540,repay,whiskey bottle; state; stream; drop
酪,1541,dairy products,whiskey bottle; each; walking legs; mouth
酢,1542,vinegar,whiskey bottle; saw
酔,1543,drunk,whiskey bottle; ninety; nine; baseball; ten; needle
配,1544,distribute,whiskey bottle; snake; self
酸,1545,acid,whiskey bottle; streetwalker; Ministry of silly walks; John Cleese; license; elbow; human legs; walking legs
猶,1546,waver,furthermore; pack of wild dogs; chieftain; Molotov cocktail; animal horns; whiskey bottle
尊,1547,revered,chieftain; Molotov cocktail; animal horns; whiskey bottle; glue
豆,1548,beans,table; one; mouth
頭,1549,head,beans; table; one; mouth; page; one; ceiling; drop; shellfish; clam; oyster; eye; animal legs; eight
短,1550,short,dart; drop; heavens; beans; table; one; mouth
豊,1551,bountiful,bend; beans; table; one; mouth
鼓,1552,drum,samurai; beans; table; one; mouth; branch; ten; needle; crotch
喜,1553,rejoice,drum; samurai; beans; table; one; mouth; mouth
樹,1554,timber-trees,tree; wood; drum; samurai; beans; table; one; mouth; glue
皿,1555,dish,
血,1556,blood,drop; dish
盆,1557,basin,part; eight; sword; dagger; dish
盟,1558,alliance,bright; sun; day; moon; month; flesh; part of the body; dish
盗,1559,steal,next; ice; lack; yawn; dish
温,1560,warm,water; water droplets; water pistol; sun; day; dish
蓋,1561,lid,flowers; gone; soil; dirt; ground; elbow; dish
監,1562,oversee,retainer; slave; reclining; lying down; one; floor; dish
濫,1563,overflow,water; water droplets; water pistol; oversee; retainer; slave; reclining; lying down; one; floor; dish
鑑,1564,specimen,metal; gold; oversee; retainer; slave; reclining; lying down; one; floor; dish
藍,1565,indigo,flowers; oversee; retainer; slave; reclining; lying down; one; floor; dish
猛,1566,fierce,pack of wild dogs; child; dish
盛,1567,boom,turn into; dish
塩,1568,salt,soil; dirt; ground; reclining; lying down; mouth; dish
銀,1569,silver,metal; gold
恨,1570,resentment,regret; Freud; state of mind; silver
根,1571,root,tree; wood; silver
即,1572,instant,silver; stamp
爵,1573,baron,claw; vulture; net; eye; silver; glue
節,1574,node,bamboo; instant; silver; stamp
退,1575,retreat,road; silver
限,1576,limit,pinnacle; parthenon; acropolis; silver
眼,1577,eyeball,eye; silver
良,1578,good,drop; silver
朗,1579,melodious,halo; drop; silver; moon; month; flesh; part of the body
浪,1580,wandering,water; water droplets; water pistol; halo; drop; silver
娘,1581,daughter,woman; halo; drop; silver
食,1582,eat,food; umbrella; good; halo; drop; silver
飯,1583,meal,eat; food; umbrella; good; halo; drop; silver; anti-; demonstration; cliff; crotch
飲,1584,drink,eat; food; umbrella; good; halo; drop; silver; lack; yawn
飢,1585,hungry,eat; food; umbrella; good; halo; drop; silver; wind
餓,1586,starve,eat; food; umbrella; good; halo; drop; silver; ego; hand; fiesta
飾,1587,decorate,eat; food; umbrella; good; halo; drop; silver; reclining; lying down; towel
餌,1588,feed,eat; food; umbrella; good; halo; drop; silver; ear
館,1589,Bldg.,eat; food; umbrella; good; halo; drop; silver; bureaucrat; house; maestro without baton
餅,1590,mochi,eat; food; umbrella; good; halo; drop; silver; puzzle; horns; two hands
養,1591,foster,sheep; eat; food; umbrella; good; halo; drop; silver
飽,1592,sated,eat; food; umbrella; good; halo; drop; silver; wrap; bound up; snake; self
既,1593,previously,silver; waitress
概,1594,outline,roots; tree; wood; silver; waitress; previously
慨,1595,rue,regret; resentment; Freud; state of mind; silver; waitress; previously
平,1596,even,water-lily; lily pad
呼,1597,call,mouth; even; water-lily; lily pad; question mark
坪,1598,two-mat area,soil; dirt; ground; even; water-lily; lily pad
評,1599,evaluate,say; words; keitai; mouth; even; water-lily; lily pad
刈,1600,reap,sheaf; sword; sabre; saber
刹,1601,moment,sheaf; tree; wood; sword; sabre; saber
希,1602,hope,sheaf; linen; by one’s side; towel
凶,1603,villain,sheaf; shovel
胸,1604,bosom,moon; month; flesh; part of the body; bound up; villain; sheaf; shovel
離,1605,detach,sheik; top hat; villain; sheaf; shovel; belt; elbow; turkey
璃,1606,crystal,king; jewel; ball; sheik; top hat; villain; sheaf; shovel; belt; elbow
殺,1607,kill,sheaf; tree; wood; cruise missile; missile; wind; crotch
爽,1608,bracing,large; St. Bernard; sheaf
純,1609,genuine,thread; spiderman; earthworm; drop; shovel; fishhook
頓,1610,immediate,earthworm; drop; shovel; fishhook; head; page; one; ceiling; drop; shellfish; clam; oyster; eye; animal legs; eight
鈍,1611,dull,metal; gold; earthworm; drop; shovel; fishhook
辛,1612,spicy,stand up; vase; ten; needle
辞,1613,resign,tongue; thousand; mouth; spicy; stand up; vase; ten; needle
梓,1614,catalpa,tree; wood; spicy; stand up; vase; ten; needle
宰,1615,superintend,house; spicy; stand up; vase; ten; needle
壁,1616,wall,ketchup; flag; mouth; spicy; stand up; vase; ten; needle; soil; dirt; ground
璧,1617,holed gem,
避,1618,evade,ketchup; flag; mouth; spicy; stand up; vase; ten; needle; road
新,1619,new,red pepper; stand up; vase; tree; wood; axe
薪,1620,firewood,fuel; flowers; new; red pepper; stand up; vase; tree; wood; axe
親,1621,parent,red pepper; stand up; vase; tree; wood; see; telescope; eye; human legs
幸,1622,happiness,ten; needle; stand up; vase; ten; needle
執,1623,tenacious,happiness; ten; needle; stand up; vase; fat man; musashimaru; nine; baseball; drop
摯,1624,clasp,
報,1625,report,happiness; ten; needle; stand up; vase; underpants; stamp; crotch
叫,1626,shout,mouth; cornucopia
糾,1627,twist,thread; spiderman; cornucopia
収,1628,income,cornucopia; crotch
卑,1629,lowly,Wayne Slob; drop; rice field; brains; cornucopia; ten; needle
碑,1630,tombstone,stone; rock; lowly; Wayne Slob; drop; rice field; brains; cornucopia; ten; needle
陸,1631,land,pinnacle; parthenon; acropolis; mini-tractor; rice seedlings; soil; dirt; ground; human legs
睦,1632,intimate,eye; mini-tractor; rice seedlings; soil; dirt; ground; human legs
勢,1633,forces,mini-tractor; rice seedlings; soil; dirt; ground; human legs; fat man; musashimaru; round; nine; baseball; drop; power; muscle; arnold
熱,1634,heat,mini-tractor; rice seedlings; soil; dirt; ground; human legs; fat man; musashimaru; round; nine; baseball; drop; oven-fire; barbecue
菱,1635,diamond,flowers; Mao; soil; dirt; ground; human legs; walking legs
陵,1636,mausoleum,pinnacle; parthenon; acropolis; Mao; soil; dirt; ground; human legs; walking legs
亥,1637,sign of the hog,acorn; top hat
核,1638,nucleus,tree; wood; sign of the hog; acorn; top hat
刻,1639,engrave,sign of the hog; acorn; top hat; sword; sabre; saber
該,1640,above-stated,say; words; keitai; mouth; sign of the hog; acorn; top hat
骸,1641,remains,skeleton; joint; moon; month; flesh; part of the body; sign of the hog; acorn; top hat
劾,1642,censure,sign of the hog; acorn; top hat; power; muscle; arnold
述,1643,mention,resin; pole; road
術,1644,art,boulevard; going; resin; pole
寒,1645,cold,Baba Yaga’s hut; house; celery; animal legs; ice
塞,1646,block up,Baba Yaga’s hut; house; celery; animal legs; soil; dirt; ground
醸,1647,brew,whiskey bottle; grass skirt; top hat; eight; six; animal legs; celery; scarf
譲,1648,defer,say; words; keitai; mouth; grass skirt; top hat; eight; six; animal legs; celery; scarf
壌,1649,lot,soil; dirt; ground; grass skirt; top hat; eight; six; animal legs; celery; scarf
嬢,1650,lass,woman; grass skirt; top hat; eight; six; animal legs; celery; scarf
毒,1651,poison,grow up; mother; breasts
素,1652,elementary,grow up; thread; spiderman
麦,1653,barley,grow up; walking legs
青,1654,blue,grow up; moon; flesh
精,1655,refined,rice; blue; grow up; moon; flesh
請,1656,solicit,say; words; keitai; mouth; blue; grow up; moon; flesh
情,1657,feelings,Freud; state of mind; blue; grow up; moon; flesh
晴,1658,clear up,sun; day; blue; grow up; moon; flesh
清,1659,pure,water; water droplets; water pistol; blue; grow up; moon; flesh
静,1660,quiet,blue; grow up; moon; flesh; contend; bound up; rake
責,1661,blame,grow up; shellfish; clam; oyster; eye; animal legs; eight
績,1662,exploits,thread; spiderman; blame; grow up; shellfish; clam; oyster; eye; animal legs; eight
積,1663,volume,wheat; cereal; blame; grow up; shellfish; clam; oyster; eye; animal legs; eight
債,1664,bond,person; blame; grow up; shellfish; clam; oyster; eye; animal legs; eight
漬,1665,pickling,water; water droplets; water pistol; blame; grow up; shellfish; clam; oyster; eye; animal legs; eight
表,1666,surface,grow up; scarf
俵,1667,bag,person; surface; grow up; scarf
潔,1668,undefiled,water; water droplets; water pistol; flick knife; grow up; sword; dagger; thread; spiderman
契,1669,pledge,flick knife; grow up; dagger; large; St. Bernard
喫,1670,consume,mouth; pledge; flick knife; grow up; dagger; large; St. Bernard
害,1671,harm,mansion; house; grow up; mouth
轄,1672,control,car; harm; mansion; house; grow up; mouth
割,1673,proportion,harm; mansion; house; grow up; mouth; sword; sabre; saber
憲,1674,constitution,mansion; house; grow up; eye; cross-eyed; net; heart
生,1675,life,This is Your Life; cell; drop; grow up
星,1676,star,sun; day; life; This is Your Life; cell; drop; grow up
醒,1677,awakening,whiskey bottle; star; sun; day; life; This is Your Life; cell; drop; grow up
姓,1678,surname,woman; life; This is Your Life; cell; drop; grow up
性,1679,sex,Freud; state of mind; life; This is Your Life; cell; drop; grow up
牲,1680,animal sacrifice,cow; life; This is Your Life; cell; drop; grow up
産,1681,products,vase; stand up; cliff; life; This is Your Life; cell; drop; grow up
隆,1682,hump,pinnacle; parthenon; acropolis; walking legs; life; This is Your Life; cell; drop; grow up
峰,1683,summit,mountain; Segway; Macbeth; walking legs; bushes
蜂,1684,bee,insect; Segway; Macbeth; walking legs; bushes
縫,1685,sew,thread; spiderman; tryst; Segway; Macbeth; walking legs; bushes; road
拝,1686,worship,finger; fingers; one; ceiling; bushes
寿,1687,longevity,bushes; glue
鋳,1688,casting,metal; gold; longevity; bushes; glue
籍,1689,enroll,bamboo; christmas tree; wood; once upon a time; storyteller
春,1690,springtime,bonsai; sun; day
椿,1691,camellia,tree; wood; springtime; bonsai; sun; day
泰,1692,peaceful,bonsai; grains of rice
奏,1693,play music,bonsai; heavens
実,1694,reality,house; bonsai
奉,1695,dedicate,observance; bonsai; cornstalk
俸,1696,stipend,person; observance; dedicate; bonsai; cornstalk
棒,1697,rod,tree; wood; observance; dedicate; bonsai; cornstalk
謹,1698,discreet,say; words; keitai; mouth; cabbage; flowers; mouth; grow up
僅,1699,trifle,person; cabbage; flowers; mouth; grow up
勤,1700,diligence,cabbage; flowers; mouth; grow up; power; muscle; arnold
漢,1701,Sino-,sino; water; water droplets; water pistol; scarecrow; flowers; mouth; husband
嘆,1702,sigh,mouth; scarecrow; flowers; mouth; husband
難,1703,difficult,scarecrow; flowers; mouth; husband; turkey
華,1704,splendor,flowers; silage; ten; needle
垂,1705,droop,drop; silage; walking cane; stick; one; floor
唾,1706,saliva,mouth; droop; drop; silage; one; floor
睡,1707,drowsy,eye; droop; drop; silage; walking cane; stick; one; floor
錘,1708,spindle,metal; gold; droop; drop; silage; walking cane; stick; one; floor
乗,1709,ride,wheat; cereal; silage
剰,1710,surplus,ride; wheat; cereal; silage; sword; sabre; saber
今,1711,now,meeting; umbrella; one
含,1712,include,now; clock; mouth
貪,1713,covet,
吟,1714,versify,mouth; now; clock
念,1715,wish,now; clock; heart
捻,1716,wrench,finger; fingers; wish; wishbone; now; clock; heart
琴,1717,harp,king; jewel; ball; now; clock
陰,1718,shade,pinnacle; parthenon; acropolis; now; clock; rising cloud; two; elbow; wall
予,1719,beforehand,halberd with stroke missing
序,1720,preface,cave; beforehand
預,1721,deposit,beforehand; head; page; one; ceiling; drop; shellfish; clam; oyster; eye; animal legs; eight
野,1722,plains,computer; beforehand
兼,1723,concurrently,animal horns; rake; stick
嫌,1724,dislike,woman; concurrently; animal horns; rake
鎌,1725,sickle,metal; gold; concurrently; animal horns; rake
謙,1726,self-effacing,say; words; keitai; mouth; concurrently; animal horns; rake
廉,1727,bargain,cave; concurrently; animal horns; rake
西,1728,west,one; four
価,1729,value,person; old west
要,1730,need,old west; woman
腰,1731,loins,moon; month; flesh; part of the body; need; old west; woman
票,1732,ballot,old west; altar; show; two; small
漂,1733,drift,water; water droplets; water pistol; ballot; old west; altar; show; two; small
標,1734,signpost,tree; wood; ballot; old west; altar; show; two; small
栗,1735,chestnut,old west; tree; wood
慄,1736,shudder,
遷,1737,transition,old west; large; St. Bernard; snake; self; road
覆,1738,capsize,old west; restore; Nelson; column; going; line; fold back; double back; reclining; lying down; sun; day; walking legs
煙,1739,smoke,hearth fire; old west; soil; dirt; ground
南,1740,south,ten; needle; belt; happiness; ten; needle; stand up; vase
楠,1741,camphor tree,tree; wood; south; ten; needle; belt; happiness; ten; needle; stand up; vase
献,1742,offering,south; ten; needle; belt; happiness; ten; needle; stand up; vase; chihuahua; dog; large; drop
門,1743,gates,
問,1744,question,gates; mouth
閲,1745,review,gates; devil; horns; elder brother; teenager; mouth; human legs
閥,1746,clique,gates; fell; person; fiesta
間,1747,interval,gates; sun; day
闇,1748,pitch dark,gates; sound; vase; stand up; sun; day
簡,1749,simplicity,bamboo; interval; gates; sun; day
開,1750,open,gates; two hands
閉,1751,closed,gates; genie
閣,1752,tower,gates; each; walking legs; mouth
閑,1753,leisure,gates; tree; wood
聞,1754,hear,gates; ear
潤,1755,wet,water; water droplets; water pistol; intercalate; gates; king; jewel; ball
欄,1756,column,tree; wood; gates; east; tree; wood; sun; day
闘,1757,fight,gates; beans; table; one; mouth; glue
倉,1758,godown,meeting; single gate; umbrella; stable door; mouth
創,1759,genesis,godown; meeting; single gate; umbrella; stable door; mouth; sword; sabre; saber
非,1760,un-,jail cell; prison bars
俳,1761,haiku,person; un-; jail cell; prison bars
排,1762,repudiate,finger; fingers; un-; jail cell; prison bars
悲,1763,sad,un-; jail cell; prison bars; heart
罪,1764,guilt,eye; cross-eyed; net; un-; jail cell; prison bars
輩,1765,comrade,un-; jail cell; prison bars; car
扉,1766,front door,door; one; ceiling; flag; un-; jail cell; prison bars
侯,1767,marquis,person; key; dart; drop; heavens
喉,1768,throat,mouth; marquis; person; key; dart; drop; heavens
候,1769,climate,marquis; person; stick; fred astaire; key; dart; drop; heavens
決,1770,decide,water; water droplets; water pistol; guillotine; key; St. Bernard
快,1771,cheerful,Freud; state of mind; guillotine; key; St. Bernard
偉,1772,admirable,person; locket; stick; key; mouth; monocle; sunglasses with one lens missing
違,1773,difference,locket; stick; key; mouth; monocle; sunglasses with one lens missing; road
緯,1774,horizontal,thread; spiderman; locket; stick; key; mouth; monocle; sunglasses with one lens missing
衛,1775,defense,defence; boulevard; going; locket; stick; key; mouth; monocle; sunglasses with one lens missing
韓,1776,Korea,korea; mist; ten; needle; early; sun; day; locket; stick; key; mouth; monocle; sunglasses with one lens missing
干,1777,dry,clothesline
肝,1778,liver,moon; month; flesh; part of the body; dry; clothesline
刊,1779,publish,dry; clothesline; sword; sabre; saber
汗,1780,sweat,water; water droplets; water pistol; dry; clothesline
軒,1781,flats,car; dry; clothesline
岸,1782,beach,mountain; cliff; dry; clothesline
幹,1783,tree trunk,mist; ten; needle; early; sun; day; umbrella; dry; clothesline
芋,1784,potato,flowers
宇,1785,eaves,house; potato
余,1786,too much,umbrella; potato; small
除,1787,exclude,pinnacle; parthenon; acropolis; scales; too much; umbrella; potato; small
徐,1788,gradually,Nelson; column; going; line; scales; too much; umbrella; potato; small
叙,1789,confer,scales; too much; umbrella; potato; small; crotch
途,1790,route,scales; too much; umbrella; potato; small; road
斜,1791,diagonal,scales; too much; umbrella; potato; small; mmeasuring cup; big dipper; The Plough; drop; ten; needle
塗,1792,paint,water; water droplets; water pistol; scales; too much; umbrella; potato; small; soil; dirt; ground
束,1793,bundle,Chaplin; tree; wood; mouth
頼,1794,trust,bundle; Chaplin; tree; wood; mouth; head; page; one; ceiling; drop; shellfish; clam; oyster; eye; animal legs; eight
瀬,1795,rapids,water; water droplets; water pistol; trust; bundle; Chaplin; tree; wood; mouth; head; page; one; ceiling; drop; shellfish; clam; oyster; eye; animal legs; eight
勅,1796,imperial order,bundle; Chaplin; tree; wood; mouth; power; muscle; arnold
疎,1797,alienate,zoo; critters; stop; footprint; bundle; Chaplin; tree; wood; mouth
辣,1798,bitter,
速,1799,quick,bundle; Chaplin; tree; wood; mouth; road
整,1800,organize,organise; bundle; Chaplin; tree; wood; mouth; taskmaster; correct; one; ceiling; stop; footprint
剣,1801,saber,sabre; awl; fit; meeting; umbrella; mouth; person; sword; sabre
険,1802,precipitous,pinnacle; parthenon; acropolis; awl; fit; meeting; umbrella; mouth; person
検,1803,examination,tree; wood; awl; fit; meeting; umbrella; mouth; person
倹,1804,frugal,person; awl; fit; meeting; umbrella; mouth; person
重,1805,heavy,thousand; computer; rice field; brains; soil; dirt; ground
動,1806,move,heavy; thousand; ri; computer; power; muscle; arnold
腫,1807,tumor,tumour; moon; month; flesh; part of the body; heavy; thousand; ri; computer
勲,1808,meritorious deed,move; heavy; thousand; ri; computer; power; muscle; arnold; oven-fire; barbecue
働,1809,work,person; move; heavy; thousand; ri; computer; power; muscle; arnold
種,1810,species,wheat; cereal; heavy; thousand; ri; computer
衝,1811,collide,boulevard; going; heavy; thousand; ri; computer
薫,1812,fragrant,flowers; heavy; thousand; ri; computer; oven-fire; barbecue
病,1813,ill,sickness; hospital; third class; one; ceiling; inside
痴,1814,stupid,sickness; hospital; know; dart; drop; heavens; mouth
痘,1815,pox,sickness; hospital; beans; table; one; mouth
症,1816,symptoms,sickness; hospital; correct; one; ceiling; stop; footprint
瘍,1817,carbuncle,
痩,1818,lose weight,sickness; hospital; Buddha’s hand; monkey; sun; day; stick; crotch
疾,1819,rapidly,sickness; hospital; dart; drop; heavens
嫉,1820,envy,woman; rapidly; sickness; hospital; dart; drop; heavens
痢,1821,diarrhea,sickness; hospital; profit; wheat; cereal; sword; sabre; saber
痕,1822,scar,sickness; hospital; silver
疲,1823,tired,exhausted; sickness; hospital; pelt; branch; ten; needle; crotch; hook
疫,1824,epidemic,sickness; hospital; cruise missile; missile; wind; crotch
痛,1825,pain,sickness; hospital; pogo stick; chop-seal; hanko; utilise; utilize
癖,1826,mannerism,sickness; hospital; ketchup; flag; mouth; spicy; stand up; vase; ten; needle
匿,1827,hide,box; young; flowers; right; by one’s side; mouth
匠,1828,artisan,box; axe
医,1829,doctor,box; dart; drop; heavens
匹,1830,equal,box; human legs
区,1831,ward,box; sheaf
枢,1832,hinge,tree; wood; ward; box; sheaf
殴,1833,assault,ward; box; sheaf; missile; cruise missile; wind; crotch
欧,1834,Europe,europe; ward; box; sheaf; lack; yawn
抑,1835,repress,finger; fingers; stamp album; box; stamps
仰,1836,faceup,face up; person; stamp album; box; stamps
迎,1837,welcome,stamp album; box; stamps; road
登,1838,ascend,teepee; wigwam; beans; table; one; mouth
澄,1839,lucidity,water; water droplets; water pistol; ascend; teepee; wigwam; beans; table; one; mouth
発,1840,discharge,teepee; wigwam; two; human legs
廃,1841,abolish,cave; dicharge; teepee; wigwam; two; human legs
僚,1842,colleague,person; pup tent; large; St. Bernard; sun; day; small; little
瞭,1843,obvious,eye; pup tent; large; St. Bernard; sun; day; small; little
寮,1844,dormitory,house; pup tent; large; St. Bernard; sun; day; small; little
療,1845,heal,sickness; hospital; pup tent; large; St. Bernard; sun; day; small; little
彫,1846,carve,circumference; running track; glass hood; earthenware jar; lidded crock; soil; dirt; ground; mouth; shape
形,1847,shape,two hands
影,1848,shadow,scenery; sun; day; capital; tall; top hat; mouth; small; little; shape
杉,1849,cedar,tree; wood; shape
彩,1850,coloring,claw; vulture; grab; tree; wood; shape
彰,1851,patent,badge; vase; stand up; sunflower; early; sun; day; ten; needle; shape
彦,1852,lad,vase; stand up; cliff; shape
顔,1853,face,lad; vase; stand up; cliff; shape; head; page; one; ceiling; drop; shellfish; clam; oyster; eye; animal legs; eight
須,1854,ought,shape; head; page; one; ceiling; drop; shellfish; clam; oyster; eye; animal legs; eight
膨,1855,swell,moon; month; flesh; part of the body; drum; samurai; beans; table; one; mouth; shape
参,1856,visit,nonplussed; elbow; large; St. Bernard; shape
惨,1857,wretched,Freud; state of mind; nonplussed; visit; elbow; large; St. Bernard; shape
修,1858,discipline,person; stick; fred astaire; taskmaster; shape
珍,1859,rare,king; jewel; ball; parasol; umbrella; shape
診,1860,checkup,check up; say; words; keitai; mouth; parasol; umbrella; shape
文,1861,sentence,plaid; kilt; Billy Connolly
対,1862,vis-a-vis,sentence; plaid; kilt; Billy Connolly; glue
紋,1863,family crest,thread; spiderman; sentence; plaid; kilt; Billy Connolly
蚊,1864,mosquito,insect; sentence; sentence; plaid; kilt; Billy Connolly
斑,1865,speckled,king; jewel; ball; sentence; plaid; kilt; Billy Connolly
斉,1866,adjusted,sentence; plaid; kilt; Billy Connolly; two; fenceposts; cabers
剤,1867,dose,adjust; adjusted; sentence; plaid; kilt; Billy Connolly; two; fenceposts; cabers; sword; sabre; saber
済,1868,finish,water; water droplets; water pistol; adjust; adjusted; sentence; plaid; kilt; Billy Connolly; two; fenceposts; cabers
斎,1869,purification,sentence; plaid; kilt; Billy Connolly; fenceposts; cabers; altar; show; two; small
粛,1870,solemn,rake; fenceposts; cabers; rice
塁,1871,bases,rice field; brains; sparkler; soil; dirt; ground
楽,1872,music,white; dove; sparkler; tree; wood
薬,1873,medicine,flowers; music; white; dove; sparkler; tree; wood
率,1874,ratio,mysterious; question mark; top hat; cocoon; sparkler; ten; needle
渋,1875,astringent,water; water droplets; water pistol; stop; footprint; sparkler
摂,1876,vicarious,finger; fingers; ear; sparkler
央,1877,center,large; St. Bernard; box body
英,1878,England,flowers; centre; center; large; St. Bernard
映,1879,reflect,sun; day; centre; center; large; St. Bernard
赤,1880,red,soil; dirt; ground; sword; dagger; small
赦,1881,pardon,red; taskmaster
変,1882,unusual,apple; walking legs
跡,1883,tracks,wooden leg; mouth; stop; footprint; apple
蛮,1884,barbarian,apple; insect
恋,1885,romance,apple; heart
湾,1886,gulf,water; water droplets; water pistol; apple; bow
黄,1887,yellow,salad; sprout; shoot; animal legs; eight
横,1888,sideways,tree; wood; yellow; salad; sprout; shoot; animal legs; eight
把,1889,grasp,finger; fingers; mosaic
色,1890,color,bound up; mosaic
絶,1891,discontinue,thread; spiderman; colour; color; bound up; mosaic
艶,1892,glossy,bountiful; bend; beans; table; one; mouth; colour; color; bound up; mosaic
肥,1893,fertilizer,moon; month; flesh; part of the body; mosaic
甘,1894,sweet,wicker basket; picnic basket
紺,1895,navy blue,thread; spiderman; sweet; wicker basket; picnic basket
某,1896,so-and-so,sweet; wicker basket; picnic basket; tree; wood
謀,1897,conspire,say; words; keitai; mouth; so-and-so; sweet; wicker basket; picnic basket; tree; wood
媒,1898,mediator,woman; so-and-so; sweet; wicker basket; picnic basket; tree; wood
欺,1899,deceit,bushel basket; hamper; animal legs; eight; lack; yawn
棋,1900,chess piece,tree; wood; bushel basket; hamper; animal legs; eight
旗,1901,national flag,banner; compass; direction reclining; lying down; bushel basket; hamper; animal legs; eight
期,1902,period,bushel basket; hamper; animal legs; eight; moon; month; flesh; part of the body
碁,1903,Go,go; bushel basket; hamper; animal legs; eight; stone; rock
基,1904,fundamentals,bushel basket; hamper; animal legs; eight; soil; dirt; ground
甚,1905,tremendously,bushel basket; hamper; equal; human legs
勘,1906,intuition,tremendously; bushel basket; hamper; equal; human legs; power; muscle; arnold
堪,1907,withstand,soil; dirt; ground; tremendously; bushel basket; hamper; equal; human legs
貴,1908,precious,Takanohana; purse; in; one; floor; shellfish; clam; oyster; eye; animal legs; eight
遺,1909,bequeath,precious; Takanohana; purse; in; one; floor; shellfish; clam; oyster; eye; animal legs; eight; road
遣,1910,dispatch,purse; in; one; floor; maestro without baton; road
潰,1911,defile,water; water droplets; water pistol; precious; Takanohana; purse; in; one; floor; shellfish; clam; oyster; eye; animal legs; eight
舞,1912,dance,reclining; lying down; tub; sunglasses; dancing legs; ballerina; evening
無,1913,nothingness,reclining; lying down; tub; oven-fire; barbecue
組,1914,association,thread; spiderman; shelf; my bookshelves
粗,1915,coarse,rice; shelf; my bookshelves
租,1916,tariff,wheat; cereal; shelf; my bookshelves
狙,1917,aim at,pack of wild dogs; shelf; my bookshelves
祖,1918,ancestor,altar; shelf; my bookshelves
阻,1919,thwart,pinnacle; parthenon; acropolis; shelf; my bookshelves
査,1920,investigate,tree; wood; shelf; my bookshelves
助,1921,help,shelf; my bookshelves; power; muscle; arnold
宜,1922,best regards,house; shelf; my bookshelves
畳,1923,tatami mat,rice field; brains; crown; shelf; my bookshelves
並,1924,row,
普,1925,universal,row; sun; day
譜,1926,musical score,say; words; keitai; mouth; universal; row; sun; day
湿,1927,damp,water; water droplets; water pistol; sun; day; row
顕,1928,appear,sun; day; row; head; page; one; ceiling; drop; shellfish; clam; oyster; eye; animal legs; eight
繊,1929,slender,thread; spiderman; Thanksgiving; harvest festival; ten; needle; fiesta; row
霊,1930,spirits,rain; weather; two; row
業,1931,profession,business; upside down in a row; not yet; tree; wood
撲,1932,slap,finger; fingers; upside down in a row; husband
僕,1933,me,person; upside down in a row; husband
共,1934,together,salad; animal legs; eight
供,1935,submit,person; strung together; salad; animal legs; eight
異,1936,uncommon,rice field; brains; strung together; salad; animal legs; eight
翼,1937,wing,feathers; wings; uncommon; rice field; brains; strung together; salad; animal legs; eight
戴,1938,accept humbly,Thanksgiving; harvest festival; ten; needle; fiesta; uncommon; rice field; brains; strung together; salad; animal legs; eight
洪,1939,deluge,water; water droplets; water pistol; strung together; salad; animal legs; eight
港,1940,harbor,deluge; water; water droplets; water pistol; scene; strung together; salad; animal legs; eight; snake; self
暴,1941,outburst,sun; day; strung together; salad; animal legs; eight; grains of rice
爆,1942,bomb,fire; outburst; strung together; salad; animal legs; eight; grains of rice
恭,1943,respect,strung together; salad; animal legs; eight; valentine
選,1944,elect,southeast; snake; self; strung together; salad; animal legs; eight; road
殿,1945,Mr.,Mr; flag; strung together; salad; animal legs; eight; cruise missile; missile; wind; crotch
井,1946,well,
丼,1947,donburi,well; drop
囲,1948,surround,pent in; well
耕,1949,till,christmas tree; well
亜,1950,Asia,roman two; mouth
悪,1951,bad,Asia; roman two; mouth; heart
円,1952,circle,yen
角,1953,angle,bound up; glass canopy; hood; walking cane; stick; two
触,1954,contact,angle; bound up; glass canopy; hood; walking cane; stick; two; insect
解,1955,unravel,angle; bound up; glass canopy; hood; walking cane; stick; two; sword; dagger; cow
再,1956,again,king; jewel; ball; belt
講,1957,lecture,say; words; keitai; mouth; funnel; cone; celery; again
購,1958,subscription,shellfish; clam; oyster; eye; animal legs; eight; funnel; cone; celery; again
構,1959,posture,tree; wood; funnel; cone; celery; again
溝,1960,gutter,water; water droplets; water pistol; funnel; cone; celery; again
論,1961,argument,say; words; keitai; mouth; post-it note; meeting; scrapbook; glass canopy; hood; flowers
倫,1962,ethics,person; post-it note; meeting; scrapbook; glass canopy; hood; flowers
輪,1963,wheel,car; post-it note; meeting; scrapbook; glass canopy; hood; flowers
偏,1964,partial,person; fishfinger; door; one; ceiling; flag; scrapbook; glass canopy; hood; flowers
遍,1965,everywhere,fishfinger; door; one; ceiling; flag; scrapbook; glass canopy; hood; flowers; road
編,1966,compilation,thread; spiderman; fishfinger; door; one; ceiling; flag; scrapbook; glass canopy; hood; flowers
冊,1967,tome,
柵,1968,palisade,tree; wood; tome
典,1969,code,bend; tool
氏,1970,family name,drop; fishhook
紙,1971,paper,thread; spiderman; family name
婚,1972,marriage,woman; dusk; family name; day
低,1973,lower,person; calling card; family name; one; floor
抵,1974,resist,finger; fingers; calling card; family name; one; floor
底,1975,bottom,cave; calling card; family name; one; floor
民,1976,people,mouth; family name
眠,1977,sleep,eye; people; mouth; family name
捕,1978,catch,finger; fingers; dog-tag; arrowhead; screwdriver; utilize; utilise
哺,1979,suckle,
浦,1980,bay,water; water droplets; water pistol; dog-tag; arrowhead; screwdriver; utilize; utilise
蒲,1981,bullrush,bulrush; flowers; bay; water; water droplets; water pistol; dog-tag; arrowhead; screwdriver; utilize; utilise
舗,1982,shop,cottage; little-thatch; umbrella; earthenware jar; lidded crock; soil; dirt; ground; mouth; dog-tag; arrowhead; screwdriver; utilize; utilise
補,1983,supplement,cloak; dog-tag; arrowhead; screwdriver; utilize; utilise
邸,1984,residence,calling card; family name; one; floor; city walls
郭,1985,enclosure,receive; tall; top hat; mouth; child; children; city walls
郡,1986,county,old boy; mop; mouth; city walls
郊,1987,outskirts,mingle; top hat; father; city walls
部,1988,section,muzzle; vase; stand up; mouth; city walls
都,1989,metropolis,someone; puppet; sooty; old man; sun; day; city walls
郵,1990,mail,droop; silage; city walls
邦,1991,home country,bushes; city walls
那,1992,interrogative,sword; dagger; two; city walls
郷,1993,hometown,home town; cocoon; silver; city walls
響,1994,echo,home town; cocoon; silver; city walls; sound; vase; stand up; sun; day; tongue wagging
郎,1995,son,halo; good; drop; silver; city walls
廊,1996,corridor,cave; son; halo; good; drop; silver; city walls
盾,1997,shield,drag; ten; needle; eye
循,1998,sequential,Nelson; column; going; line; shield; drag; ten; needle; eye
派,1999,faction,water; water droplets; water pistol; caveman; drag; person; rag
脈,2000,vein,moon; month; flesh; part of the body; caveman; drag; person; rag
衆,2001,masses,blood; drop; dish; Carol in rags person; rag
逓,2002,parcel post,drag; cornstalk; belt; road
段,2003,grade,staple gun; cruise missile; missile; wind; crotch
鍛,2004,forge,metal; gold; grade; staple gun; cruise missile; missile; wind; crotch
后,2005,empress,drag; one; ceiling; mouth
幻,2006,phantasm,cocoon; clothes hanger; coat hanger
司,2007,director,clothes hanger; coat hanger; one; mouth
伺,2008,pay respects,person; director; Ken Russel; clothes hanger; coat hanger; one; mouth
詞,2009,parts of speech,part of speech; say; words; keitai; mouth; director; Ken Russel; clothes hanger; coat hanger; one; mouth
飼,2010,domesticate,eat; food; umbrella; good; halo; drop; silver; director; Ken Russel; clothes hanger; coat hanger; one; mouth
嗣,2011,heir,mouth; scrapbook; glass canopy; hood; flowers; director; Ken Russel; clothes hanger; coat hanger; one; mouth
舟,2012,boat,
舶,2013,liner,boat; white; dove
航,2014,navigate,boat; whirlwind; top hat; wind
舷,2015,gunwale,boat; mysterious; top hat; cocoon
般,2016,carrier,boat; cruise missile; missile; wind; crotch
盤,2017,tray,carrier; boat; cruise missile; missile; wind; crotch; dish
搬,2018,conveyor,finger; fingers; carrier; boat; cruise missile; missile; wind; crotch
船,2019,ship,boat; gully; eight; mouth
艦,2020,warship,boat; oversee; retainer; slave; reclining; lying down; one; floor; dish
艇,2021,rowboat,boat; courts; porter; drop; samurai; stretch
瓜,2022,melon,claw; vulture; elbow
弧,2023,arc,bow; melon; claw; vulture; elbow
孤,2024,orphan,child; melon; claw; vulture; elbow
繭,2025,cocoon,flowers; hood; stick; thread; spiderman; insect
益,2026,benefit,animal horns; one; floor; animal legs; eight; dish
暇,2027,spare time,sun; day; hobby; staples; mouth; box; crotch
敷,2028,spread,arrowhead; rice field; brains; compass; direction; taskmaster
来,2029,come,not yet; animal horns
気,2030,spirit,landed fish; reclining; lying down; one; floor; fishhook; sheaf
汽,2031,vapor,water; water droplets; water pistol; landed fish; reclining; lying down; one; floor; fishhook
飛,2032,fly,hook; propeller; measuring box; thousand; needles
沈,2033,sink,water; water droplets; water pistol; garter; crown; human legs
枕,2034,pillow,tree; wood; garter; crown; human legs
妻,2035,wife,ten; needle; rake; woman
凄,2036,nifty,ice; wife; ten; needle; rake; woman
衰,2037,decline,pathetic; stick; top hat; scarf; mouth
衷,2038,inmost,ten; needle; mouth; scarf
面,2039,mask,hundred; one; ceiling; drop; pent in; eye
麺,2040,noodles,barley; grow up; walking legs; mask; hundred; one; ceiling; drop; pent in; eye
革,2041,leather,flowers; car; mouth; ten; needle
靴,2042,shoes,leather; flowers; car; mouth; ten; needle; change; person; spoon; sitting on the ground
覇,2043,hegemony,old west; leather; flowers; car; mouth; ten; needle; moon; month; flesh; part of the body
声,2044,voice,samurai; flag; stick
眉,2045,eyebrow,flag; stick; eye
呉,2046,give,mouth; chair; tool; animal legs
娯,2047,recreation,woman; give; mouth; chair; tool; animal legs
誤,2048,mistake,say; words; keitai; mouth; give; mouth; chair; tool; animal legs
蒸,2049,steam,flowers; helping hand; complete; water; one; floor; oven-fire; barbecue
承,2050,acquiesce,water; complete; three
函,2051,bin,snare; sparkler; shovel
極,2052,poles,decay; tree; wood; snare; mouth; crotch; one; floor
牙,2053,tusk,
芽,2054,bud,flowers; tusk
邪,2055,wicked,tusk; city walls
雅,2056,gracious,tusk; turkey
釈,2057,interpretation,animal tracks; drop; rice; shaku-hachi; flag; stick
番,2058,turn,dice; animal tracks; drop; rice; rice field; brains
審,2059,hearing,house; dice; animal tracks; drop; rice; rice field; brains
翻,2060,flip,dice; animal tracks; drop; rice; rice field; brains; feathers; wings
藩,2061,clan,flowers; water; water droplets; water pistol; dice; animal tracks; drop; rice; rice field; brains
毛,2062,fur,
耗,2063,decrease,christmas tree; fur
尾,2064,tail,flag; fur
宅,2065,home,house; lock of hair
託,2066,consign,say; words; keitai; mouth; lock of hair
為,2067,do,so; strange building; tail feathers
偽,2068,falsehood,person; do; so; strange building; tail feathers
畏,2069,apprehensive,rice field; brains; hairpin; safety-pin
長,2070,long,hair; hairpin; safety-pin
張,2071,lengthen,bow; long
帳,2072,notebook,towel; long
脹,2073,dilate,moon; month; flesh; part of the body; long
髪,2074,hair of the head,hairstyle; hair; shape; friend
展,2075,unfold,flag; salad; hairpin; safety-pin
喪,2076,miss,soil; dirt; ground; mouth; hairpin; safety-pin
巣,2077,nest,owl; fruit; rice field; brains; tree; wood
単,2078,simple,owl; rice field; brains; ten; needle
戦,2079,war,simple; owl; rice field; brains; ten; needle; fiesta
禅,2080,Zen,zen; altar; simple; owl; rice field; brains; ten; needle
弾,2081,bullet,bow; simple; owl; rice field; brains; ten; needle
桜,2082,cherry tree,tree; wood; owl; woman
獣,2083,animal,owl; rice field; brains; one; mouth; chihuahua; dog; large; drop
脳,2084,brain,moon; month; flesh; part of the body; owl; villain; sheaf; shovel
悩,2085,trouble,Freud; state of mind; owl; villain; sheaf; shovel
厳,2086,stern,owl; cliff; daring; spike; ear; taskmaster
鎖,2087,chain,metal; gold; small; shellfish; clam; oyster; eye; animal legs; eight
挙,2088,raise,owl; tool; hand
誉,2089,reputation,owl; tool; say; words; keitai; mouth
猟,2090,game hunting,pack of wild dogs; anemometer; owl; wind; cornstalk
鳥,2091,bird,white; dove; one; tail feathers
鳴,2092,chirp,mouth; bird
鶴,2093,crane,turkey house; bird
烏,2094,crow,drop; mouth; one; tail feathers
蔦,2095,vine,flowers; bird
鳩,2096,pigeon,nine; baseball; bird
鶏,2097,chicken,claw; vulture; husband; bird
島,2098,island,bird; mountain
暖,2099,warmth,sun; day; migrating ducks; claw; vulture; one; friend
媛,2100,beautiful woman,woman; migrating ducks; claw; vulture; one; friend
援,2101,abet,finger; fingers; migrating ducks; claw; vulture; one; friend
緩,2102,slacken,thread; spiderman; migrating ducks; claw; vulture; one; friend
属,2103,belong,flag; gnats; drop; insect; belt
嘱,2104,entrust,mouth; belong; flag; gnats; drop; insect; belt
偶,2105,accidentally,person; talking cricket; brains; insect; belt
遇,2106,interview,talking cricket; brains; insect; belt; road
愚,2107,foolish,talking cricket; brains; insect; belt; heart
隅,2108,corner,pinnacle; parthenon; acropolis; talking cricket; brains; insect; belt
逆,2109,inverted,mountain goat; horns; mountain; road
塑,2110,model,first day of the month; mountain goat; horns; mountain; moon; month; flesh; part of the body; soil; dirt; ground
遡,2111,go upstream,first day of the month; mountain goat; horns; mountain; moon; month; flesh; part of the body; road
岡,2112,Mount,mount; glass canopy; hood; mountain goat; horns; mountain
鋼,2113,steel,metal; gold; mount
綱,2114,hawser,thread; spiderman; mount
剛,2115,sturdy,mount; sword; sabre; saber
缶,2116,tin can,noon; sign of the horse; shovel
陶,2117,pottery,pinnacle; parthenon; acropolis; bound up; tin can; noon; sign of the horse; shovel
揺,2118,swing,finger; fingers; condor; claw; vulture; king; mountain
謡,2119,Noh chanting,noh chanting; say; words; keitai; mouth; condor; claw; vulture; king; mountain
鬱,2120,gloom,
就,2121,concerning,capital; tall; top hat; mouth; small; little; understandably; chihuahua with one human leg
蹴,2122,kick,wooden leg; mouth; stop; footprint; concerning; capital; tall; top hat; mouth; small; little; understandably; chihuahua with one human leg
懇,2123,sociable,skunk; silver; heart
墾,2124,groundbreaking,skunk; silver; soil; dirt; ground
貌,2125,countenance,skunk; badger; white; dove; human legs
免,2126,excuse,village stocks; rabbit; bound up; human legs
逸,2127,elude,deviate; village stocks; rabbit; bound up; human legs; road
晩,2128,nightfall,sun; day; village stocks; rabbit; bound up; human legs
勉,2129,exertion,village stocks; rabbit; bound up; human legs; power; muscle; arnold
象,2130,elephant,colour; color; bound up; sow; pig
像,2131,statue,person; elephant; colour; color; bound up; sow; pig
馬,2132,horse,team of horses
駒,2133,pony,team of horses; phrase; bound up; mouth
験,2134,verification,team of horses; awl; fit; meeting; umbrella; mouth; person
騎,2135,equestrian,team of horses; strange; large; St. Bernard; street; nail; spike; mouth
駐,2136,parking,stop-over; team of horses; candlestick; lord; drop; king; jewel; ball
駆,2137,drive,team of horses; ward; box; sheaf
駅,2138,station,team of horses; shaku-hachi; flag; stick
騒,2139,boisterous,team of horses; crotch; insect
駄,2140,burdensome,team of horses; plump; large; St. Bernard; drop
驚,2141,wonder,awe; flowers; phrase; bound up; mouth; taskmaster; team of horses
篤,2142,fervent,bamboo; team of horses
罵,2143,insult,eye; cross-eyed; net; team of horses
騰,2144,inflation,edam; moon; month; flesh; part of the body; quarter; team of horses
虎,2145,tiger,magic wand; augury; cliff; hook; diced; seven; human legs
虜,2146,captive,tiger; male; rice field; brains; power; muscle; arnold
膚,2147,skin,tiger; stomach; rice field; brains; moon; month; flesh; part of the body
虚,2148,void,tiger; row
戯,2149,frolic,void; tiger; row; fiesta
虞,2150,uneasiness,tiger; give; mouth; chair; tool
慮,2151,prudence,tiger; think; rice field; brains; heart
劇,2152,drama,tiger; sow; pig; sword; sabre; saber
虐,2153,tyrannize,tiger; one; box
鹿,2154,deer,cave; antlers; compare; spoon; sitting on the ground
麓,2155,foot of a mountain,grove; tree; wood; deer; cave; antlers; compare; spoon; sitting on the ground
薦,2156,recommend,flowers; deer; cave; antlers; slingshot; catapult; tail feathers
慶,2157,jubilation,deer; cave; antlers; crown; heart; walking legs
麗,2158,lovely,one; ceiling; mediocre; deer; cave; antlers; compare
熊,2159,bear,ability; elbow; moon; month; flesh; part of the body; spoon; sitting on the ground; oven-fire; barbecue
能,2160,ability,elbow; moon; month; flesh; part of the body; spoon; sitting on the ground
態,2161,attitude,ability; elbow; moon; month; flesh; part of the body; spoon; sitting on the ground; heart
寅,2162,sign of the tiger,house; caterpillar; one; ceiling; sprout; shoot; animal legs; eight
演,2163,performance,water; water droplets; water pistol; sign of the tiger; house; caterpillar; one; ceiling; sprout; shoot; animal legs; eight
辰,2164,sign of the dragon,cliff; two; hairpin; safety-pin
辱,2165,embarrass,sign of the dragon; cliff; two; hairpin; safety-pin; glue
震,2166,quake,rain; weather; sign of the dragon; cliff; two; hairpin; safety-pin
振,2167,shake,finger; fingers; sign of the dragon; cliff; two; hairpin; safety-pin
娠,2168,with child,woman; sign of the dragon; cliff; two; hairpin; safety-pin
唇,2169,lips,sign of the dragon; cliff; two; hairpin; safety-pin; mouth
農,2170,agriculture,bend; sign of the dragon; cliff; two; hairpin; safety-pin
濃,2171,concentrated,water; water droplets; water pistol; agriculture; bend; sign of the dragon; cliff; two; hairpin; safety-pin
送,2172,send off,escort; golden calf; horns; heavens; road
関,2173,connection,gates; golden calf; horns; heavens
咲,2174,blossom,mouth; golden calf; horns; heavens
鬼,2175,ghost,oni; drop; brains; rice field; human legs; elbow
醜,2176,ugly,whiskey bottle; ghost; oni; drop; brains; rice field; human legs; elbow
魂,2177,soul,rising cloud; two; elbow; wall; ghost; oni; drop; brains; rice field; human legs; elbow
魔,2178,witch,hemp; cliff; grove; tree; wood; ghost; oni; drop; brains; rice field; human legs; elbow
魅,2179,fascination,ghost; oni; drop; brains; rice field; human legs; elbow; not yet; one; tree; wood
塊,2180,clod,soil; dirt; ground; ghost; oni; drop; brains; rice field; human legs; elbow
襲,2181,attack,old dragon; vase; stand up; moon; month; flesh; part of the body; slingshot; catapult; snake; self; three; cloth; clothes; clothing; garment; dragon*
嚇,2182,upbraid,menacing; mouth; incandescent; red
朕,2183,majestic plural,moon; month; flesh; part of the body; golden calf; horns; heavens
雰,2184,atmosphere,rain; weather; part
箇,2185,item,bamboo; harden; pent in; old; tombstone; gravestone; church; ten; needle; mouth
錬,2186,tempering,metal; gold; east; tree; wood; sun; day
遵,2187,abide by,revered; Mother Teresa; chieftain; Molotov cocktail; animal horns; whiskey bottle; glue; road
罷,2188,quit,eye; cross-eyed; net; ability; elbow; moon; month; flesh; part of the body; spoon; sitting on the ground
屯,2189,barracks,earthworm; drop; shovel; fishhook
且,2190,moreover,shelf; my bookshelves
藻,2191,seaweed,flowers; water; water droplets; water pistol; furniture; goods; mouth; tree; wood
隷,2192,slave,samurai; altar; show; two; small; sieve; rake; grains of rice
癒,2193,healing,sickness; hospital; in the nick of time; meeting of butchers; moon; month; flesh; part of the body; sword; sabre; saber; heart
璽,2194,imperial seal,let it be; noren; one; ceiling; eight; towel; stitching; patchwork quilt; jewel; earring
潟,2195,lagoon,water; water droplets; water pistol; mortar; tail feathers
丹,2196,cinnabar,rust colored; ship´s funnel
丑,2197,sign of the cow,dagger; two
羞,2198,humiliate,
卯,2199,sign of the hare,blown eggs
巳,2200,sign of the snake,mosaic with bit missing
此,2201,this here,
柴,2202,brushwood,
些,2203,whit,
砦,2204,fort,
髭,2205,beard,
禽,2206,fowl,
檎,2207,apple,
憐,2208,sympathize with,
燐,2209,phosphorus,
麟,2210,camelopard,
鱗,2211,scaled,
奄,2212,encompassing,
庵,2213,hermitage,
掩,2214,shrouded,
悛,2215,make amends,
駿,2216,steed,
峻,2217,steep,
竣,2218,complete a job,
犀,2219,rhinoceros,
皐,2220,lunar month,
畷,2221,rice-field footpath,
綴,2222,mend,
鎧,2223,suit of armor,
凱,2224,triumph,
呑,2225,quaff,
韮,2226,leek,
籤,2227,lottery,
懺,2228,penitential,
芻,2229,hay,
雛,2230,chick,
趨,2231,scurry,
尤,2232,understandably,
厖,2233,immense,
或,2234,a  (a certain),
兎,2235,rabbit,
也,2236,est,
巴,2237,comma-design,
疋,2238,critters,
菫,2239,violet,
曼,2240,mandala,
云,2241,quote,
莫,2242,shalt,
而,2243,and then,
倭,2244,Yamato,
侠,2245,chivalry,
倦,2246,fed up,
俄,2247,abrupt,
佃,2248,work a field,
仔,2249,animal offspring,
仇,2250,foe,
伽,2251,look after,
儲,2252,make a profit,
僑,2253,emigrant,
倶,2254,mate,
侃,2255,forthright,
偲,2256,memorial,
侭,2257,as is,
脩,2258,dried meat,
倅,2259,my son,
做,2260,make do,
冴,2261,sharp,
凋,2262,wilt,
凌,2263,pull through,
凛,2264,stately,
凧,2265,kite,
凪,2266,lull,
夙,2267,earlybird,
鳳,2268,phoenix,
剽,2269,menace,
劉,2270,slaughter,
剃,2271,shave,
厭,2272,despondent,
雁,2273,wild goose,
贋,2274,counterfeit,
厨,2275,kitchen,
仄,2276,insinuate,
哨,2277,scout,
咎,2278,reprehend,
囁,2279,whisper,
喋,2280,chatter,
嘩,2281,quarrel,
噂,2282,gossip,
咳,2283,cough,
喧,2284,clamor,
叩,2285,bash,
嘘,2286,fib,
啄,2287,peck at,
吠,2288,barking,
吊,2289,dangle,
噛,2290,chew,
叶,2291,within my ability,
吻,2292,sides of the mouth,
吃,2293,stammer,
噺,2294,spin a tale,
噌,2295,miso,
邑,2296,city walls,
呆,2297,dumbfounded,
喰,2298,ingest,
埴,2299,clay,
坤,2300,authochthonous,
壕,2301,dugout,
垢,2302,blemish,
坦,2303,flat,
埠,2304,wharf,
堰,2305,dam,
堵,2306,railing,
嬰,2307,suckling infant,
姦,2308,violate,
婢,2309,handmaiden,
婉,2310,well finished,
娼,2311,harlot,
妓,2312,courtesan,
娃,2313,fair,
姪,2314,niece,
嬬,2315,mistress,
姥,2316,aged woman,
姑,2317,mother-in-law,
姐,2318,young miss,
嬉,2319,overjoyed,
孕,2320,expecting,
孜,2321,assiduous,
宥,2322,soothe,
寓,2323,imply,
宏,2324,extensive,
牢,2325,jail,
宋,2326,Sung dynasty,
宍,2327,venison,
屠,2328,butchering,
屁,2329,fart,
屑,2330,rubbish,
屡,2331,frequently,
屍,2332,corpse,
屏,2333,folding screen,
嵩,2334,high-reaching,
崚,2335,rugged mountains,
嶺,2336,mountaintop,
嵌,2337,fit into,
帖,2338,quire,
幡,2339,banner,
幟,2340,pennant,
庖,2341,cleaver,
廓,2342,licensed quarters,
庇,2343,overhang,
鷹,2344,hawk,
庄,2345,shire,
廟,2346,tomb sanctuary,
彊,2347,strengthen,
弛,2348,loosen,
粥,2349,rice gruel,
挽,2350,lathe,
撞,2351,bump into,
扮,2352,disguise,
捏,2353,fabrication,
掴,2354,clutch,
捺,2355,impress,
掻,2356,scratch,
撰,2357,assortment,
揃,2358,muster,
捌,2359,deal with,
按,2360,press down on,
播,2361,disseminate,
揖,2362,collect,
托,2363,receptacle,
捧,2364,devote,
撚,2365,twirl,
挺,2366,counter for tools,
擾,2367,commotion,
撫,2368,petting,
撒,2369,sprinkle,
擢,2370,outstanding,
摺,2371,rubbing,
捷,2372,spoils,
抉,2373,gouge out,
怯,2374,wince,
惟,2375,ponder,
惚,2376,infatuation,
怜,2377,quickwitted,
惇,2378,considerate,
恰,2379,as if,
恢,2380,enlarge,
悌,2381,respect for elders,
澪,2382,canal,
洸,2383,glistening,
滉,2384,bounding main,
漱,2385,gargle,
洲,2386,continent,
洵,2387,swirling waters,
滲,2388,seep,
洒,2389,rinse,
沐,2390,douse,
泪,2391,teardrops,
渾,2392,gushing,
涜,2393,blaspheme,
梁,2394,roofbeam,
澱,2395,sediment,
洛,2396,old Kyoto,
汝,2397,thou,
漉,2398,filter,
瀕,2399,on the verge of,
濠,2400,moat,
溌,2401,spray,
湊,2402,port,
淋,2403,solitude,
浩,2404,abounding,
汀,2405,water’s edge,
鴻,2406,large goose,
潅,2407,souse,
溢,2408,brimming,
湛,2409,inundate,
淳,2410,immaculate,
渥,2411,moisten,
灘,2412,rough seas,
汲,2413,draw water,
瀞,2414,river pool,
溜,2415,cumulation,
渕,2416,abyss,
沌,2417,chaos,
濾,2418,strainer,
濡,2419,drench,
淀,2420,eddy,
涅,2421,black soil,
斧,2422,hatchet,
爺,2423,grandpa,
猾,2424,sly,
猥,2425,indecent,
狡,2426,cunning,
狸,2427,racoon dog,
狼,2428,wolf,
狽,2429,flustered,
狗,2430,pup,
狐,2431,fox,
狛,2432,a-un,
獅,2433,lion,
狒,2434,baboon,
莨,2435,tobacco,
茉,2436,jasmine,
莉,2437,hawthorn,
苺,2438,strawberry,
萩,2439,bush clover,
藝,2440,technique (old),
薙,2441,trim,
蓑,2442,straw raincoat,
苔,2443,moss,
蕩,2444,prodigal,
蔓,2445,tendril,
蓮,2446,lotus,
芙,2447,lotus flower,
蓉,2448,lotus blossom,
蘭,2449,orchid,
芦,2450,hollow reed,
薯,2451,yam,
菖,2452,iris,
蕉,2453,banana,
蕎,2454,buckwheat,
蕗,2455,butterbur,
茄,2456,eggplant,
蔭,2457,behind the scenes,
蓬,2458,wormwood,
芥,2459,mustard,
萌,2460,germinate,
葡,2461,grape,
萄,2462,grape vine,
蘇,2463,resurrect,
蕃,2464,grow wild,
苓,2465,cocklebur,
菰,2466,rush mat,
蒙,2467,darken,
茅,2468,grassy reed,
芭,2469,plantain,
苅,2470,mow,
葱,2471,onion,
葵,2472,hollyhock,
葺,2473,shingling,
蕊,2474,stamen,
茸,2475,mushroom,
蒔,2476,sowing,
芹,2477,parsley,
苫,2478,thatching,
蒼,2479,pale blue,
藁,2480,straw,
蕪,2481,turnip,
藷,2482,sweet potato,
薮,2483,quack,
蒜,2484,garlic,
蕨,2485,bracken,
蔚,2486,grow plentiful,
茜,2487,madder red,
莞,2488,candle rush,
蒐,2489,collector,
菅,2490,sedge,
葦,2491,ditch reed,
迪,2492,Way,
辿,2493,track down,
這,2494,crawl,
迂,2495,detour,
遁,2496,shirk,
逢,2497,tryst,
遥,2498,far off,
遼,2499,faraway,
逼,2500,pressing,
迄,2501,until,
逗,2502,standstill,
鄭,2503,courtesy,
隕,2504,falling,
隈,2505,nook,
憑,2506,possessed,
惹,2507,attract,
悉,2508,without exception,
忽,2509,instantaneously,
惣,2510,firstborn son,
愈,2511,in the nick of time,
恕,2512,sensitive,
昴,2513,overarching,
晋,2514,progress,
晟,2515,aglow,
暈,2516,halo,
暉,2517,glitter,
旱,2518,dry weather,
晏,2519,clear skies,
晨,2520,morrow,
晒,2521,bleaching,
晃,2522,limpid,
曝,2523,air out,
曙,2524,dawn,
昂,2525,elevate,
昏,2526,dusk,
晦,2527,last day of the month,
膿,2528,pus,
腑,2529,viscera,
胱,2530,bladder,
胚,2531,embryo,
肛,2532,anus,
脆,2533,fragile,
肋,2534,rib,
腔,2535,body cavity,
肱,2536,armrest,
胡,2537,uncivilized,
楓,2538,maple tree,
楊,2539,purple willow,
椋,2540,Oriental elm,
榛,2541,hazel,
櫛,2542,comb,
槌,2543,wooden hammer,
樵,2544,mallet,
梯,2545,ladder,
柑,2546,citrus tree,
杭,2547,picket,
柊,2548,holly,
柚,2549,citron,
椀,2550,wooden bowl,
栂,2551,hemlock,
柾,2552,spindle tree,
榊,2553,sacred tree,
樫,2554,evergreen oak,
槙,2555,black pine,
楢,2556,Japanese oak,
橘,2557,mandarin orange,
桧,2558,Japanese cypress,
棲,2559,roost,
栖,2560,nestle,
桔,2561,bellflower,
杜,2562,temple grove,
杷,2563,grain rake,
梶,2564,oar,
杵,2565,wooden pestle,
杖,2566,cane,
樽,2567,barrel,
櫓,2568,turret,
橿,2569,sturdy oak,
杓,2570,wooden ladle,
李,2571,damson,
棉,2572,raw cotton,
楯,2573,escutcheon,
榎,2574,hackberry,
樺,2575,birch,
槍,2576,lance,
柘,2577,wild mulberry,
梱,2578,bale,
枇,2579,loquat,
樋,2580,downspout,
橇,2581,sled,
槃,2582,enjoyment,
栞,2583,bookmark,
椰,2584,coconut tree,
檀,2585,sandalwood,
樗,2586,sumac,
槻,2587,zelkova,
椙,2588,cryptomeria,
彬,2589,copious,
桶,2590,bucket,
楕,2591,ellipse,
樒,2592,star-anise,
毬,2593,furball,
燿,2594,twinkle,
燎,2595,watchfire,
炬,2596,torch,
焚,2597,kindle,
灸,2598,moxa,
煽,2599,fanning,
煤,2600,soot,
煉,2601,firing,
燦,2602,dazzling,
灼,2603,refulgent,
烙,2604,branding,
焔,2605,flames,
烹,2606,stew,
牽,2607,tug,
牝,2608,female animal,
牡,2609,male animal,
琳,2610,chime,
琉,2611,lapis lazuli,
瑳,2612,burnish,
琢,2613,hone,
珊,2614,coral,
瑚,2615,coral reef,
瑞,2616,fortunate,
玖,2617,jet,
瑛,2618,crystal stone,
玲,2619,tinkling,
畢,2620,lastly,
畦,2621,paddy-field ridge,
痒,2622,itch,
痰,2623,phlegm,
疹,2624,measles,
痔,2625,hemorrhoids,
癌,2626,cancer,
痺,2627,paralysis,
眸,2628,apple of the eye,
眩,2629,dizzy,
雉,2630,pheasant,
矩,2631,carpenter’s square,
磐,2632,crag,
碇,2633,grapnel,
碧,2634,blue-green,
硯,2635,inkstone,
砥,2636,grindstone,
碗,2637,teacup,
碍,2638,obstacle,
碩,2639,illustrious,
磯,2640,rocky beach,
砺,2641,whetstone,
碓,2642,mill,
禦,2643,fend off,
祷,2644,beseech,
祐,2645,ancestral tablet,
祇,2646,local god,
祢,2647,ancestral shrine,
禄,2648,salarium,
禎,2649,felicitation,
秤,2650,balancing scales,
黍,2651,millet,
禿,2652,bald,
稔,2653,bear fruit,
稗,2654,crabgrass,
穣,2655,bumper crop,
稜,2656,imperial authority,
稀,2657,sparse,
穆,2658,obeisant,
窺,2659,peep,
窄,2660,tight,
穿,2661,drill,
竃,2662,kitchen stove,
竪,2663,longness,
颯,2664,rustling,
站,2665,outpost,
靖,2666,repose,
妾,2667,concubine,
衿,2668,lapel,
袷,2669,lined kimono,
袴,2670,pleated skirt,
襖,2671,sliding door,
笙,2672,Chinese panpipe,
筏,2673,raft,
簾,2674,bamboo blinds,
箪,2675,rattan box,
竿,2676,pole,
箆,2677,spatula,
箔,2678,foil,
笥,2679,wardrobe,
箭,2680,arrow shaft,
筑,2681,ancient harp,
篠,2682,slender bamboo,
纂,2683,redaction,
竺,2684,bamboo cane,
箕,2685,winnowing fan,
笈,2686,backpack,
篇,2687,livraison,
筈,2688,should,
簸,2689,winnow,
粕,2690,settlings,
糟,2691,lees,
糊,2692,paste,
籾,2693,unhulled rice,
糠,2694,rice bran,
糞,2695,excrement,
粟,2696,foxtail millet,
繋,2697,link up,
綸,2698,twine,
絨,2699,carpet yarn,
絆,2700,ties,
緋,2701,scarlet,
綜,2702,synthesis,
紐,2703,string,
紘,2704,chinstrap,
纏,2705,summarize,
絢,2706,gorgeous,
繍,2707,embroidery,
紬,2708,pongee,
綺,2709,ornate,
綾,2710,damask,
絃,2711,catgut,
縞,2712,stripe,
綬,2713,gimp,
紗,2714,gossamer,
舵,2715,rudder,
聯,2716,strung together,
聡,2717,attentive,
聘,2718,summons,
耽,2719,addiction,
耶,2720,exclamation,
蚤,2721,flea,
蟹,2722,crab,
蛋,2723,protein,
蟄,2724,hibernation,
蝿,2725,housefly,
蟻,2726,ant,
蝋,2727,wax,
蝦,2728,shrimp,
蛸,2729,octopus,
螺,2730,screw,
蝉,2731,cicada,
蛙,2732,frog,
蛾,2733,moth,
蛤,2734,clam,
蛭,2735,leech,
蛎,2736,oyster,
罫,2737,ruled lines,
袈,2738,stole,
裟,2739,monk’s sash,
截,2740,incision,
哉,2741,I wonder,
詢,2742,counsel,
諄,2743,polite,
讐,2744,vendetta,
諌,2745,remonstrate,
諒,2746,verify,
讃,2747,compliment,
訊,2748,query,
訣,2749,split up,
詫,2750,beg another’s pardon,
誼,2751,familiarity,
謬,2752,fallible,
訝,2753,wary,
諺,2754,proverb,
誹,2755,slander,
謂,2756,so-called,
諜,2757,secret agent,
註,2758,footnote,
譬,2759,parable,
轟,2760,rumble,
輔,2761,reinforce,
輻,2762,spoke,
輯,2763,assemble,
豹,2764,panther,
賎,2765,despicable,
貰,2766,get,
賑,2767,bustling,
贖,2768,expiate,
躓,2769,stumble,
蹄,2770,hoof,
蹟,2771,vestiges,
跨,2772,straddle,
跪,2773,kneel,
醤,2774,soy sauce,
醍,2775,whey,
醐,2776,ghee,
醇,2777,strong sake,
麹,2778,malt,
釦,2779,button,
銚,2780,keg,
鋤,2781,plow,
鋸,2782,hand saw,
錐,2783,awl,
鍬,2784,hoe,
鋲,2785,rivet,
錫,2786,tin,
錨,2787,anchor,
釘,2788,nail,
鑓,2789,javelin,
鋒,2790,sword’s point,
鎚,2791,hammer,
鉦,2792,carillion,
錆,2793,rust,
鍾,2794,cluster,
鋏,2795,scissors,
閃,2796,flash,
悶,2797,agony,
閤,2798,side gate,
雫,2799,trickle,
霞,2800,haze,
翰,2801,quill,
斡,2802,auspices,
鞍,2803,saddle,
鞭,2804,whip,
鞘,2805,saddle straps,
鞄,2806,briefcase,
靭,2807,pliable,
鞠,2808,terminate,
顛,2809,overturn,
穎,2810,brush tip,
頗,2811,exceedingly,
頌,2812,accolade,
頚,2813,neck and throat,
餐,2814,repast,
饗,2815,feast,
蝕,2816,eclipse,
飴,2817,sweets,
駕,2818,stretcher,
騨,2819,piebald,
馳,2820,rush,
騙,2821,cheat,
馴,2822,tame,
駁,2823,rebuttal,
駈,2824,gallop,
驢,2825,donkey,
鰻,2826,eel,
鯛,2827,sea bream,
鰯,2828,sardine,
鱒,2829,trout,
鮭,2830,salmon,
鮪,2831,tuna,
鮎,2832,sweet smelt,
鯵,2833,horse mackerel,
鱈,2834,cod,
鯖,2835,mackerel,
鮫,2836,shark,
鰹,2837,bonito,
鰍,2838,bullhead,
鰐,2839,alligator,
鮒,2840,crucian carp,
鮨,2841,sushi,
鰭,2842,fish fin,
鴎,2843,seagull,
鵬,2844,roc,
鸚,2845,parakeet,
鵡,2846,parrot,
鵜,2847,cormorant,
鷺,2848,heron,
鷲,2849,eagle,
鴨,2850,wild duck,
鳶,2851,black kite,
梟,2852,owl,
塵,2853,dust,
麒,2854,giraffe,
舅,2855,father-in-law,
鼠,2856,mouse,
鑿,2857,bore,
艘,2858,small craft,
瞑,2859,close the eyes,
暝,2860,murky,
坐,2861,sitting in meditation,
朔,2862,first day of the month,
曳,2863,tow,
洩,2864,dribble out,
彗,2865,comet,
慧,2866,astute,
爾,2867,let it be,
嘉,2868,applaud,
兇,2869,evil,
兜,2870,helmet,
靄,2871,mist,
劫,2872,kalpa,
歎,2873,bemoan,
輿,2874,palanquin,
歪,2875,warped,
翠,2876,jade green,
黛,2877,blue-black,
鼎,2878,tripod,
鹵,2879,rocksalt,
鹸,2880,lye,
虔,2881,reserved,
燕,2882,swallow,
嘗,2883,lick,
殆,2884,almost,
牌,2885,mahjong tiles,
覗,2886,peek,
齟,2887,disagree,
齬,2888,discord,
秦,2889,Manchu dynasty,
雀,2890,sparrow,
隼,2891,peregrine falcon,
耀,2892,shimmering,
夷,2893,ebisu,
嚢,2894,cyst,
暢,2895,carefree,
廻,2896,circling,
欣,2897,elation,
毅,2898,stalwart,
斯,2899,this,
匙,2900,wooden spoon,
匡,2901,set straight,
肇,2902,founding,
麿,2903,Utamaro,
叢,2904,conglomerate,
肴,2905,entreat,
斐,2906,symmetrically patterned,
卿,2907,magistrate,
翫,2908,fiddle with,
於,2909,within,
套,2910,hackneyed,
叛,2911,rebellion,
尖,2912,sharp point,
壷,2913,crock,
叡,2914,sapience,
酋,2915,chieftain,
鴬,2916,nightingale,
赫,2917,incandescent,
臥,2918,supinate,
甥,2919,nephew,
瓢,2920,gourd,
琵,2921,biwa,
琶,2922,lute,
叉,2923,forked,
乖,2924,disobey,
畠,2925,dry field,
圃,2926,vegetable patch,
丞,2927,helping hand,
亮,2928,translucent,
胤,2929,blood relative,
疏,2930,transcription,
膏,2931,ointment,
魁,2932,pioneer,
馨,2933,ambrosial,
牒,2934,label,
瞥,2935,glimpse,
睾,2936,testicle,
巫,2937,sorceress,
敦,2938,empathetic,
奎,2939,Andromeda,
翔,2940,soar,
皓,2941,beaming,
黎,2942,tenebrous,
赳,2943,bold,
已,2944,stop short,
棘,2945,thornbush,
祟,2946,haunt,
甦,2947,resuscitate,
剪,2948,pruning,
躾,2949,upbringing,
夥,2950,plentiful,
鼾,2951,snore,
陀,2952,steeply inclined,
粁,2953,kilometer,
糎,2954,centimeter,
粍,2955,millimeter,
噸,2956,ton,
哩,2957,mile,
浬,2958,nautical mile,
吋,2959,inch,
呎,2960,foot,
梵,2961,brahman,
薩,2962,bodhisattva,
菩,2963,bo tree,
唖,2964,babble,
牟,2965,moo,
迦,2966,Sanskrit ka,
珈,2967,jeweled hairpin,
琲,2968,beaded hairpin,
檜,2969,Japanese cypress (old),
轡,2970,tinkling bell,
淵,2971,abyss (old),
伍,2972,V,
什,2973,X,
萬,2974,ten thousand (old),
邁,2975,pass through,
燭,2976,candlelight,
逞,2977,tough,
燈,2978,lamp (old),
裡,2979,back (old),
薗,2980,park (alternate),
鋪,2981,shop (alternate),
嶋,2982,island (alternate),
峯,2983,summit (alternate),
埜,2984,plains (old),
龍,2985,dragon (old),
寵,2986,patronage,
聾,2987,deafness,
慾,2988,longing (old),
嶽,2989,Point (old),
國,2990,country (old),
脛,2991,shin,
勁,2992,formidable,
祀,2993,enshrine,
祓,2994,exorcism,
躇,2995,dither,
壽,2996,longevity (old),
躊,2997,hesitate,
饅,2998,bean jam,
嘔,2999,retch,
鼈,3000,snapping turtle,
亙,,,
亨,,,
伶,,,
佑,,,
佼,,,
侑,,,
俣,,,
倖,,,
傭,,,
僻,,,
卜,,,
喬,,,
孟,,,
尭,,,
峨,,,
嵯,,,
巌,,,
巽,,,
彪,,,
掟,,,
掠,,,
撹,,,
梧,,,
欝,,,
欽,,,
煕,,,
熔,,,
珪,,,
瑶,,,
甫,,,
籠,,,
聚,,,
舘,,,
舜,,,
詑,,,
諏,,,
躯,,,
郁,,,
鏑,,,
