kanji,joyo_index,heisig_number,strokes,grade,jlpt,slug,keyword_id,keyword,on_reading,kun_readings,category,k_code,joyo_rank,radical,radical_index,stroke_group,unicode,svg_file,reserved1,reserved2,status,lesson_start,lesson_end,book_number,image,display_keyword,frequency_rank,kml_primitives,cluster_components,collapse_to
一,41,1,1,1,N5,one,one,one,イチ,ひと-,joyo,K0041,41,1,3,1,U4E00,04e00.svg,,,draft,41–60,koi.png,,,,9,一,one,一
二,1577,2,2,1,N5,two,two,two,ニ,ふた,joyo,K1577,1577,4,79,17,U4E8C,04e8c.svg,,,draft,1561–1580,bamboo.png,,,,163,一|一,one|one,二
三,744,3,3,1,N5,three,three,three,サン,み,joyo,K0744,744,2,38,4,U4E09,04e09.svg,,,draft,741–760,castle.png,,,,114,一|一|一,one|one|one,三
四,767,4,5,1,N5,four,four,four,シ,よ,joyo,K0767,767,2,39,7,U56DB,056db.svg,,,draft,761–780,koi.png,,,,411,口|儿,mouth|legs,四
五,576,5,4,1,N5,five,five,five,ゴ,いつ,joyo,K0576,576,2,29,16,U4E94,04e94.svg,,,draft,561–580,mountain.png,,,,3031,五,five,五
六,2125,6,4,1,N5,six,six,six,ロク,む,joyo,K2125,2125,5,107,5,U516D,0516d.svg,,,draft,2121–2140,mountain.png,,,,743,亠|八,lid|eight,六
七,829,7,2,1,N5,seven,seven,seven,シチ,なな,joyo,K0829,829,2,42,9,U4E03,04e03.svg,,,draft,821–840,tree.png,,,,777,七,seven,七
八,1647,8,2,1,N5,eight,eight,eight,ハチ,や,joyo,K1647,1647,4,83,7,U516B,0516b.svg,,,draft,1641–1660,mountain.png,,,,465,八,eight,八
九,359,9,2,1,N5,nine,nine,nine,キュウ,ここの,joyo,K0359,359,1,18,19,U4E5D,04e5d.svg,,,draft,341–360,tree.png,,,,642,九,nine,九
十,907,10,2,1,N5,ten,ten,ten,ジュウ,とお,joyo,K0907,907,2,46,7,U5341,05341.svg,,,draft,901–920,kujira.png,,,,387,十,ten,十
口,587,11,3,1,N5,mouth,mouth,mouth,コウ,くち,joyo,K0587,587,2,30,7,U53E3,053e3.svg,,,draft,581–600,tree.png,,,,195,口,mouth,口
日,1583,12,4,1,N5,sun,sun,sun,ニチ,ひ,joyo,K1583,1583,4,80,3,U65E5,065e5.svg,,,draft,1581–1600,castle.png,,,,2,日,sun,日
月,513,13,4,1,N5,moon,moon,moon,ゲツ,つき,joyo,K0513,513,2,26,13,U6708,06708.svg,,,draft,501–520,castle.png,,,,3,月,moon,月
田,1480,14,5,1,N4,field,field,field,デン,た,joyo,K1480,1480,3,74,20,U7530,07530.svg,,,draft,1461–1480,castle.png,,,,29,田,field,田
目,1947,15,5,1,N5,eye,eye,eye,モク,め,joyo,K1947,1947,4,98,7,U76EE,076ee.svg,,,draft,1941–1960,castle.png,,,,49,目,eye,目
古,559,16,5,2,N5,old,old,old,コ,ふる-い,joyo,K0559,559,2,28,19,U53E4,053e4.svg,,,draft,541–560,kujira.png,,,,254,十|口,ten|mouth,古
吾,NA,17,7,H,N1,I,I,I,ゴ,われ,heisig_extra,K2137,2137,5,107,17,U543E,0543e.svg,,,draft,2121–2140,mountain.png,,,,1220,五|口,five|mouth,吾
冒,1862,18,9,S,N1,risk,risk,risk,ボウ,おか-す,joyo,K1862,1862,4,94,2,U5192,05192.svg,,,draft,1861–1880,kujira.png,,,,1181,日|目,day|eye,冒
朋,NA,19,8,2,N1,companion,companion,companion,ホウ,とも|なかま,joyo,K1928,1928,4,97,8,U670B,0670b.svg,,,draft,1921–1940,bamboo.png,,,,97,月|月,moon|moon,朋
明,476,20,8,2,N4,bright,bright,bright,メイ,あ-かり,joyo,K1928,1928,4,97,8,U660E,0660e.svg,,,draft,1921–1940,bamboo.png,,,,97,日|月,day|moon,明
昌,NA,25,8,H,N1,prosperous,prosperous,prosperous,ショウ,さかん,heisig_extra,K2139,2139,5,107,19,U660C,0660c.svg,,,draft,2121–2140,mountain.png,,,,1138,日|日,day|day,昌
唱,981,21,11,4,N1,chant,chant,chant,ショウ,とな-える,joyo,K0981,981,2,50,1,U5531,05531.svg,,,draft,981–1000,castle.png,,,,992,口|日|日,mouth|day|day,唱
晶,989,22,12,S,N1,sparkle,sparkle,sparkle,ショウ,,joyo,K0989,989,2,50,9,U6676,06676.svg,,,draft,981–1000,castle.png,,,,1370,日|日|日,day|day|day,晶
品,1729,23,9,3,N4,goods,goods,goods,ヒン,しな,joyo,K1729,1729,4,87,9,U54C1,054c1.svg,,,draft,1721–1740,koi.png,,,,138,口|口|口,mouth|mouth|mouth,品
呂,2110,24,7,S,N1,spine,spine,spine,ロ,せぼね,joyo,K2110,2110,5,106,10,U5442,05442.svg,,,draft,2101–2120,kujira.png,,,,1316,口|丶|口,mouth|drop|mouth,呂
早,1219,26,6,1,N4,early,early,early,ソウ,はや-い,joyo,K1219,1219,3,61,19,U65E9,065e9.svg,,,draft,1201–1220,bamboo.png,,,,652,日|十,day|ten,早
旭,NA,27,6,H,N1,rising_sun,rising_sun,rising_sun,キョク,あさひ,heisig_extra,K2140,2140,5,107,20,U65ED,065ed.svg,,,draft,2121–2140,mountain.png,,,,1301,九|日,nine|day,旭
世,1105,28,5,3,N4,generation,generation,generation,セイ,よ,joyo,K1105,1105,3,56,5,U4E16,04e16.svg,,,draft,1101–1120,castle.png,,,,91,十|十|一,ten|ten|one,世
胃,25,29,9,6,N3,stomach,stomach,stomach,イ,,joyo,K0025,25,1,2,5,U80C3,080c3.svg,,,draft,21–40,castle.png,,,,2118,田|月,field|moon,胃
旦,1334,30,5,S,N1,dawn,dawn,dawn,タン,あき-らか,joyo,K1334,1334,3,67,14,U65E6,065e6.svg,,,draft,1321–1340,bamboo.png,,,,1670,日|一,day|one,旦
胆,1338,31,9,S,N1,gallbladder,gallbladder,gallbladder,タン,きも,joyo,K1338,1338,3,67,18,U80C6,080c6.svg,,,draft,1321–1340,bamboo.png,,,,1979,月|旦,moon|dawn,胆
亘,NA,32,6,H,N1,span,span,span,コウ,わた-る,heisig_extra,K2141,2141,5,108,1,U4E98,04e98.svg,,,draft,2141–2160,tree.png,,,,2040,一|日|一,one|day|one,亘
凹,106,33,5,S,N1,concave,concave,concave,オウ,くぼ-む,joyo,K0106,106,1,6,6,U51F9,051f9.svg,,,draft,101–120,tree.png,,,,2512,concave,concave,凹
凸,1558,34,5,S,N1,convex,convex,convex,トツ,でこ,joyo,K1558,1558,4,78,18,U51F8,051f8.svg,,,draft,1541–1560,tree.png,,,,2430,convex,convex,凸
旧,364,35,5,5,N3,olden_times,olden_times,olden_times,キュウ,ふる-い,joyo,K0364,364,1,19,4,U65E7,065e7.svg,,,draft,361–380,bamboo.png,,,,426,丨|日,line|day,旧
自,811,36,6,2,N4,oneself,oneself,oneself,ジ,みずか-ら,joyo,K0811,811,2,41,11,U81EA,081ea.svg,,,draft,801–820,mountain.png,,,,60,丶|目,drop|eye,自
白,1630,37,5,1,N5,white,white,white,ハク,しろ,joyo,K1630,1630,4,82,10,U767D,0767d.svg,,,draft,1621–1640,kujira.png,,,,351,丶|日,drop|day,白
百,1716,38,6,1,N5,hundred,hundred,hundred,ヒャク,もも,joyo,K1716,1716,4,86,16,U767E,0767e.svg,,,draft,1701–1720,castle.png,,,,718,一|白,one|white,百
中,1376,39,4,1,N5,middle,middle,middle,チュウ,なか,joyo,K1376,1376,3,69,16,U4E2D,04e2d.svg,,,draft,1361–1380,koi.png,,,,8,口|丨,mouth|line,中
千,1166,40,3,1,N5,thousand,thousand,thousand,セン,ち,joyo,K1166,1166,3,59,6,U5343,05343.svg,,,draft,1161–1180,mountain.png,,, ,374,千,thousand (as unit),千
舌,1164,41,6,6,N1,tongue,tongue,tongue,ゼツ,した,joyo,K1164,1164,3,59,4,U820C,0820c.svg,,,draft,1161–1180,mountain.png,,,,1822,千|口,thousand|mouth,舌
升,960,42,4,S,N1,measuring_box,measuring_box,measuring_box,ショウ,ます,joyo,K0960,960,2,48,20,U5347,05347.svg,,,draft,941–960,tree.png,,,,2439,丶|十|十,drop|ten|ten,升
昇,970,43,8,S,N2,rise,rise,rise,ショウ,のぼ-る,joyo,K0970,970,2,49,10,U6607,06607.svg,,,draft,961–980,bamboo.png,,,,793,日|升,day|measuring_box,昇
丸,292,44,3,2,N3,round,round,round,ガン,まる,joyo,K0292,292,1,15,12,U4E38,04e38.svg,,,draft,281–300,koi.png,,,,632,丶|九,drop|nine,丸
寸,1101,45,3,6,N1,measurement,measurement,measurement,スン,,joyo,K1101,1101,3,56,1,U5BF8,05bf8.svg,,,draft,1101–1120,castle.png,,,,1737,十|丶|乙,ten|drop|hook,寸
肘,1710,46,7,S,,elbow,elbow,elbow,チュウ,ひじ,joyo,K1710,1710,4,86,10,U8098,08098.svg,,,draft,1701–1720,castle.png,,,,2301,月|寸,moon|measurement,肘
専,1172,47,9,6,N3,specialty,specialty,specialty,セン,もっぱ-ら,joyo,K1172,1172,3,59,12,U5C02,05c02.svg,,,draft,1161–1180,mountain.png,,,,445,十|田|寸,ten|field|measurement,専
博,1637,48,12,4,N1,knowledgeable,knowledgeable,knowledgeable,ハク,,joyo,K1637,1637,4,82,17,U535A,0535a.svg,,,draft,1621–1640,kujira.png,,,,485,十|専,ten|specialty,博
占,1169,49,5,S,N2,fortune_telling,fortune_telling,fortune_telling,セン,し-める,joyo,K1169,1169,3,59,9,U5360,05360.svg,,,draft,1161–1180,mountain.png,,,,938,卜|口,divination|mouth,占
上,1009,50,3,1,N5,up,up,up,ジョウ,うえ,joyo,K1009,1009,3,51,9,U4E0A,04e0a.svg,,,draft,1001–1020,koi.png,,,,19,卜|一,divination|one,上
下,131,51,3,1,N5,below,below,below,カ,した,joyo,K0131,131,1,7,11,U4E0B,04e0b.svg,,,draft,121–140,bamboo.png,,,,68,一|卜,one|divination,下
卓,1321,52,8,S,N1,eminent,eminent,eminent,タク,,joyo,K1321,1321,3,67,1,U5353,05353.svg,,,draft,1321–1340,bamboo.png,,,,1334,卜|早,divination|early,卓
朝,1406,53,12,2,N4,morning,morning,morning,チョウ,あさ,joyo,K1406,1406,3,71,6,U671D,0671d.svg,,,draft,1401–1420,mountain.png,,,,290,十|早|月,ten|early|moon,朝
嘲,1412,54,15,S,,derision,derision,derision,チョウ,あざけ-る,joyo,K1412,1412,3,71,12,U5632,05632.svg,,,draft,1401–1420,mountain.png,,,,2641,口|朝,mouth|morning,嘲
只,NA,55,5,H,N1,only,only,only,シ,ただ,heisig_extra,K2142,2142,5,108,2,U53EA,053ea.svg,,,draft,2141–2160,tree.png,,,,2314,口|八,mouth|eight,只
貝,196,56,7,1,N3,shellfish,shellfish,shellfish,バイ,かい,joyo,K0196,196,1,10,16,U8C9D,08c9d.svg,,,draft,181–200,kujira.png,,,,1576,目|八,eye|eight,貝
唄,62,57,10,S,N1,pop_song,pop_song,pop_song,バイ,うた,joyo,K0062,62,1,4,2,U5504,05504.svg,,,draft,61–80,kujira.png,,,,1661,口|貝,mouth|shellfish,唄
貞,1446,58,9,S,N1,virtue,virtue,virtue,テイ,ただし-い,joyo,K1446,1446,3,73,6,U8C9E,08c9e.svg,,,draft,1441–1460,bamboo.png,,,,3041,卜|貝,divination|shellfish,貞
員,51,59,10,3,N4,employee,employee,employee,イン,,joyo,K0051,51,1,3,11,U54E1,054e1.svg,,,draft,41–60,koi.png,,,,125,口|貝,mouth|shellfish,員
貼,1407,60,12,S,,post_a_bill,post_a_bill,post_a_bill,テン,は-る,joyo,K1407,1407,3,71,7,U8CBC,08cbc.svg,,,draft,1401–1420,mountain.png,,,,1960,貝|占,shellfish|fortune_telling,貼
見,516,61,7,1,N5,see,see,see,ケン,み-る,joyo,K0516,516,2,26,16,U898B,0898b.svg,,,draft,501–520,castle.png,,,,3040,目|儿,eye|legs,見
児,813,62,7,4,N3,newborn,newborn,newborn,ジ,こ,joyo,K0813,813,2,41,13,U5150,05150.svg,,,draft,801–820,mountain.png,,,,636,一|見,one|see,児
元,545,63,4,2,N4,beginning,beginning,beginning,ゲン,もと,joyo,K0545,545,2,28,5,U5143,05143.svg,,,draft,541–560,kujira.png,,,,134,二|儿,two|legs,元
頁,NA,64,9,H,,page,page,page,ケツ,ぺえじ,heisig_extra,K2143,2143,5,108,3,U9801,09801.svg,,,draft,2141–2160,tree.png,,,,3042,頁,page,頁
頑,298,65,13,S,N1,stubborn,stubborn,stubborn,ガン,かたく-な,joyo,K0298,298,1,15,18,U9811,09811.svg,,,draft,281–300,koi.png,,,,3043,元|頁,beginning|page,頑
凡,1889,66,3,S,N1,mediocre,mediocre,mediocre,ボン,およ-そ,joyo,K1889,1889,4,95,9,U51E1,051e1.svg,,,draft,1881–1900,mountain.png,,,,3033,几|丶,frame|drop,凡
負,1747,67,9,3,N3,defeat,defeat,defeat,フ,ま-ける,joyo,K1747,1747,4,88,7,U8CA0,08ca0.svg,,,draft,1741–1760,kujira.png,,,,671,⺈|貝,bound|shellfish,負
万,1906,68,3,2,N5,ten_thousand,ten_thousand,ten_thousand,マン,よろず,joyo,K1906,1906,4,96,6,U4E07,04e07.svg,,,draft,1901–1920,tree.png,,,,353,一|勹,one|wrap,万
句,446,69,5,5,N1,phrase,phrase,phrase,ク,,joyo,K0446,446,1,23,6,U53E5,053e5.svg,,,draft,441–460,mountain.png,,,,3035,,,句
肌,1646,70,6,S,N2,texture,texture,texture,キ,はだ,joyo,K1646,1646,4,83,6,U808C,0808c.svg,,,draft,1641–1660,mountain.png,,,,3039,月|几,moon|frame,肌
旬,932,71,6,S,N1,ten_days,ten_days,ten_days,ジュン,,joyo,K0932,932,2,47,12,U65EC,065ec.svg,,,draft,921–940,mountain.png,,,,1344,勹|口,wrap|mouth,旬
勺,NA,72,3,H,N1,ladle,ladle,ladle,シャク,,heisig_extra,K2144,2144,5,108,4,U52FA,052fa.svg,,,draft,2141–2160,tree.png,,, ,3034,勹|丶,wrap|drop,勺
的,1460,73,8,4,N3,bulls_eye,bulls_eye,bulls_eye,テキ,まと,joyo,K1460,1460,3,73,20,U7684,07684.svg,,,draft,1441–1460,bamboo.png,,,,55,白|勺,white|ladle,的
首,869,74,9,2,N4,neck,neck,neck,シュ,くび,joyo,K0869,869,2,44,9,U9996,09996.svg,,,draft,861–880,castle.png,,,,3044,首,neck,首
乙,124,75,1,S,N1,hook,hook,hook,オツ,おと-,joyo,K0124,124,1,7,4,U4E59,04e59.svg,,,draft,121–140,bamboo.png,,,,1387,乙,hook,乙
乱,2029,76,7,6,N3,riot,riot,riot,ラン,みだ-れる,joyo,K2029,2029,5,102,9,U4E71,04e71.svg,,,draft,2021–2040,tree.png,,,,784,舌|乙,tongue|hook,乱
直,1418,77,8,2,N3,straightaway,straightaway,straightaway,チョク,ただ-ちに,joyo,K1418,1418,3,71,18,U76F4,076f4.svg,,,draft,1401–1420,mountain.png,,,,294,十|目,ten|eye,直
具,449,78,8,3,N3,tool,tool,tool,グ,そな-える,joyo,K0449,449,1,23,9,U5177,05177.svg,,,draft,441–460,mountain.png,,,,825,目|一|八,eye|one|eight,具
真,1056,79,10,3,N4,true,true,true,シン,ま,joyo,K1056,1056,3,53,16,U771F,0771f.svg,,,draft,1041–1060,mountain.png,,,,281,十|具,ten|tool,真
工,588,80,3,2,N4,craft,craft,craft,コウ,,joyo,K0588,588,2,30,8,U5DE5,05de5.svg,,,draft,581–600,tree.png,,,,193,工,craft,工
左,682,81,5,1,N5,left,left,left,サ,ひだり,joyo,K0682,682,2,35,2,U5DE6,05de6.svg,,,draft,681–700,mountain.png,,,,657,工,craft,左
右,58,82,5,1,N5,right,right,right,ウ,みぎ,joyo,K0058,58,1,3,18,U53F3,053f3.svg,,,draft,41–60,koi.png,,,,650,口,mouth,右
有,1972,83,6,3,N4,possess,possess,possess,ユウ,あ-る,joyo,K1972,1972,4,99,12,U6709,06709.svg,,,draft,1961–1980,koi.png,,,,212,月,moon,有
賄,2131,84,13,S,N1,bribe,bribe,bribe,ワイ,まかな-う,joyo,K2131,2131,5,107,11,U8CC4,08cc4.svg,,,draft,2121–2140,mountain.png,,,,2197,貝|有,shellfish|possess,賄
貢,626,85,10,S,N1,tribute,tribute,tribute,コウ,みつ-ぐ,joyo,K0626,626,2,32,6,U8CA2,08ca2.svg,,,draft,621–640,castle.png,,,,1229,工|貝,craft|shellfish,貢
項,638,86,12,S,N1,paragraph,paragraph,paragraph,コウ,うなじ,joyo,K0638,638,2,32,18,U9805,09805.svg,,,draft,621–640,castle.png,,,,308,工|頁,craft|page,項
刀,1498,87,2,2,N1,sword,sword,sword,トウ,かたな,joyo,K1498,1498,3,75,18,U5200,05200.svg,,,draft,1481–1500,koi.png,,,,1099,刀,sword,刀
刃,1071,88,3,S,N1,blade,blade,blade,ジン,は,joyo,K1071,1071,3,54,11,U5203,05203.svg,,,draft,1061–1080,tree.png,,,,1718,刀|丶,sword|drop,刃
切,1154,89,4,2,N4,cut,cut,cut,セツ,き-る,joyo,K1154,1154,3,58,14,U5207,05207.svg,,,draft,1141–1160,kujira.png,,,,439,七|刀,seven|sword,切
召,962,90,5,S,N2,seduce,seduce,seduce,ショウ,め-す,joyo,K0962,962,2,49,2,U53EC,053ec.svg,,,draft,961–980,bamboo.png,,,,1516,刀|口,sword|mouth,召
昭,973,91,9,3,N1,shining,shining,shining,ショウ,,joyo,K0973,973,2,49,13,U662D,0662d.svg,,,draft,961–980,bamboo.png,,,,177,日|召,day|seduce,昭
則,1265,92,9,5,N3,rule,rule,rule,ソク,のっと-る,joyo,K1265,1265,3,64,5,U5247,05247.svg,,,draft,1261–1280,kujira.png,,,,854,貝|刂,shellfish|blade,則
副,1767,93,11,4,N3,vice,vice,vice,フク,,joyo,K1767,1767,4,89,7,U526F,0526f.svg,,,draft,1761–1780,mountain.png,,,,818,一|口|田|刂,one|mouth|field|blade,副
別,1805,94,7,4,N4,separate,separate,separate,ベツ,わか-れる,joyo,K1805,1805,4,91,5,U5225,05225.svg,,,draft,1801–1820,bamboo.png,,,,236,口|刀|刂,mouth|sword|blade,別
丁,1392,95,2,3,N1,street,street,street,チョウ,ひのと,joyo,K1392,1392,3,70,12,U4E01,04e01.svg,,,draft,1381–1400,kujira.png,,,,599,一|乙,one|hook,丁
町,1396,96,7,1,N4,town,town,town,チョウ,まち,joyo,K1396,1396,3,70,16,U753A,0753a.svg,,,draft,1381–1400,kujira.png,,,,93,田|丁,field|street,町
可,135,97,5,5,N3,possible,possible,possible,カ,-べ-き,joyo,K0135,135,1,7,15,U53EF,053ef.svg,,,draft,121–140,bamboo.png,,,,307,丁|口,street|mouth,可
頂,1404,98,11,6,N3,top,top,top,チョウ,いただ-く,joyo,K1404,1404,3,71,4,U9802,09802.svg,,,draft,1401–1420,mountain.png,,,,1312,丁|頁,street|page,頂
子,760,99,3,1,N5,child,child,child,シ,こ,joyo,K0760,760,2,38,20,U5B50,05b50.svg,,,draft,741–760,castle.png,,,,18,子,child,子
孔,591,100,4,S,N1,cavity,cavity,cavity,コウ,あな,joyo,K0591,591,2,30,11,U5B54,05b54.svg,,,draft,581–600,tree.png,,,,1838,子|乙,rat_zodiac|hook,孔
了,2060,101,2,S,N2,finish,finish,finish,リョウ,,joyo,K2060,2060,5,103,20,U4E86,04e86.svg,,,draft,2041–2060,bamboo.png,,,,539,,,了
女,952,102,3,1,N5,woman,woman,woman,ジョ,おんな,joyo,K0952,952,2,48,12,U5973,05973.svg,,,draft,941–960,tree.png,,,,92,女,woman,女
好,600,103,6,4,N4,fond_of,fond_of,fond_of,コウ,この-む,joyo,K0600,600,2,30,20,U597D,0597d.svg,,,draft,581–600,tree.png,,,,497,女|子,woman|rat_zodiac,好
如,953,104,6,S,N1,likeness,likeness,likeness,ジョ,ごと-し,joyo,K0953,953,2,48,13,U5982,05982.svg,,,draft,941–960,tree.png,,,,1261,女|口,woman|mouth,如
母,1823,105,5,2,N5,mother,mother,mother,ボ,はは,joyo,K1823,1823,4,92,3,U6BCD,06bcd.svg,,,draft,1821–1840,castle.png,,,,458,女|丶,woman|drop,母
貫,262,106,11,S,N1,pierce,pierce,pierce,カン,つらぬ-く,joyo,K0262,262,1,14,2,U8CAB,08cab.svg,,,draft,261–280,castle.png,,,,1149,毌|貝,pierce|shellfish,貫
兄,469,107,5,2,N4,older_brother,older_brother,older_brother,ケイ,あに,joyo,K0469,469,1,24,9,U5144,05144.svg,,,draft,461–480,tree.png,,,,756,口|儿,mouth|legs,兄
呪,878,108,8,S,,curse,curse,curse,ジュ,まじな-う,joyo,K0878,878,2,44,18,U546A,0546a.svg,,,draft,861–880,castle.png,,,,1593,口|兄,mouth|older_brother,呪
克,657,109,7,S,N1,overcome,overcome,overcome,コク,か-つ,joyo,K0657,657,2,33,17,U514B,0514b.svg,,,draft,641–660,koi.png,,,,1393,十|兄,ten|older brother,克
小,959,110,3,1,N5,small,small,small,ショウ,ちい-さい,joyo,K0959,959,2,48,19,U5C0F,05c0f.svg,,,draft,941–960,tree.png,,,,58,小,small,小
少,961,111,4,2,N5,few,few,few,ショウ,すく-ない,joyo,K0961,961,2,49,1,U5C11,05c11.svg,,,draft,961–980,bamboo.png,,,,270,小|丶,small|drop,少
大,1312,112,3,1,N5,large,large,large,ダイ,おお-,joyo,K1312,1312,3,66,12,U5927,05927.svg,,,draft,1301–1320,tree.png,,,,4,,large,大
夕,1138,114,3,1,N4,evening,evening,evening,セキ,ゆう,joyo,K1138,1138,3,57,18,U5915,05915.svg,,,draft,1121–1140,koi.png,,,,1189,夕,evening,夕
多,1285,113,6,2,N5,many,many,many,タ,おお-い,joyo,K1285,1285,3,65,5,U591A,0591a.svg,,,draft,1281–1300,mountain.png,,,,131,夕|夕,evening,多
汐,NA,115,6,H,N1,eventide,eventide,eventide,セキ,しお,heisig_extra,K2145,2145,5,108,5,U6C50,06c50.svg,,,draft,2141–2160,tree.png,,,,2111,氵|夕,water|evening,汐
外,197,116,5,2,N5,outside,outside,outside,ガイ,そと,joyo,K0197,197,1,10,17,U5916,05916.svg,,,draft,181–200,kujira.png,,,,74,夕,evening,外
名,1926,117,6,1,N5,name,name,name,メイ,な,joyo,K1926,1926,4,97,6,U540D,0540d.svg,,,draft,1921–1940,bamboo.png,,,,33,evening|口,evening|mouth,名
石,1140,118,5,1,N3,stone,stone,stone,セキ,いし,joyo,K1140,1140,3,57,20,U77F3,077f3.svg,,,draft,1121–1140,koi.png,,,,250,cliff|口,cliff|mouth,石
肖,966,119,7,S,N1,resemblance,resemblance,resemblance,ショウ,あやか-る,joyo,K0966,966,2,49,6,U8096,08096.svg,,,draft,961–980,bamboo.png,,,,1940,小|月,small(top)|moon,肖
硝,992,120,12,S,N1,nitrate,nitrate,nitrate,ショウ,,joyo,K0992,992,2,50,12,U785D,0785d.svg,,,draft,981–1000,castle.png,,,,2354,石|小|月,stone|resemblance|moon,硝
砕,698,121,9,S,N1,smash,smash,smash,サイ,くだ-く,joyo,K0698,698,2,35,18,U7815,07815.svg,,,draft,681–700,mountain.png,,,,1880,石|ball|十,stone|ball|ten,砕
砂,686,122,9,6,N3,sand,sand,sand,サ,すな,joyo,K0686,686,2,35,6,U7802,07802.svg,,,draft,681–700,mountain.png,,,,1012,石,stone,砂
妬,1486,123,8,S,,jealousy,jealousy,jealousy,ト,ねた-む,joyo,K1486,1486,3,75,6,U59AC,059ac.svg,,,draft,1481–1500,koi.png,,,,2178,女|石,woman|stone,妬
削,724,124,9,S,N1,plane,plane,plane,サク,けず-る,joyo,K0724,724,2,37,4,U524A,0524a.svg,,,draft,721–740,bamboo.png,,,,1279,小|月,small(top)|moon,削
光,597,125,6,2,N4,ray,ray,ray,コウ,ひか-る,joyo,K0597,597,2,30,17,U5149,05149.svg,,,draft,581–600,tree.png,,,,293,小|儿,small(top)|legs,光
太,1293,126,4,2,N4,plump,plump,plump,タイ,ふと-い,joyo,K1293,1293,3,65,13,U592A,0592a.svg,,,draft,1281–1300,mountain.png,,,,231,大|丶,large|drop,太
器,334,127,15,4,N3,utensil,utensil,utensil,キ,うつわ,joyo,K0334,334,1,17,14,U5668,05668.svg,,,draft,321–340,mountain.png,,,,431,口|口|口|口|大,mouth|mouth|mouth|mouth|large,器
臭,892,128,9,S,N1,stinking,stinking,stinking,シュウ,くさ-い,joyo,K0892,892,2,45,12,U81ED,081ed.svg,,,draft,881–900,koi.png,,,,1917,自|大,nose|large,臭
嗅,379,129,13,S,,sniff,sniff,sniff,キュウ,か-ぐ,joyo,K0379,379,1,19,19,U55C5,055c5.svg,,,draft,361–380,bamboo.png,,,,2592,臭|口,stinking|mouth,嗅
妙,1917,130,7,S,N1,exquisite,exquisite,exquisite,ミョウ,たえ,joyo,K1917,1917,4,96,17,U5999,05999.svg,,,draft,1901–1920,tree.png,,,,1358,女|少,woman|few,妙
省,1120,131,9,4,N3,government_ministry,government_ministry,government_ministry,セイ,かえり-みる,joyo,K1120,1120,3,56,20,U7701,07701.svg,,,draft,1101–1120,castle.png,,,,533,少|目,few|eye,省
厚,614,132,9,5,N3,thick,thick,thick,コウ,あつ-い,joyo,K0614,614,2,31,14,U539A,0539a.svg,,,draft,601–620,bamboo.png,,,,1020,厂|日|子,cliff|day|child,厚
奇,310,133,8,S,N1,strange,strange,strange,キ,く-しき,joyo,K0310,310,1,16,10,U5947,05947.svg,,,draft,301–320,kujira.png,,,,1071,大|可,large|possible,奇
川,1167,134,3,1,N5,river,river,river,セン,かわ,joyo,K1167,1167,3,59,7,U5DDD,05ddd.svg,,,draft,1161–1180,mountain.png,,,,52,川,river,川
州,885,135,6,3,N3,state,state,state,シュウ,す,joyo,K0885,885,2,45,5,U5DDE,05dde.svg,,,draft,881–900,koi.png,,,,208,川|丶|丶|丶,river|drop|drop|drop,州
順,939,136,12,4,N3,follow,follow,follow,ジュン,,joyo,K0939,939,2,47,19,U9806,09806.svg,,,draft,921–940,mountain.png,,,,775,川|頁,river|page,順
水,1081,137,4,1,N5,water,water,water,スイ,みず,joyo,K1081,1081,3,55,1,U6C34,06c34.svg,,,draft,1081–1100,bamboo.png,,,,136,水,water,水
氷,1717,138,5,3,N3,ice,ice,ice,ヒョウ,こおり,joyo,K1717,1717,4,86,17,U6C37,06c37.svg,,,draft,1701–1720,castle.png,,,,1287,冫|水,ice|water,氷
永,68,139,5,5,N3,eternity,eternity,eternity,エイ,なが-い,joyo,K0068,68,1,4,8,U6C38,06c38.svg,,,draft,61–80,kujira.png,,,,606,丶|水,drop|water,永
泉,1173,140,9,6,N3,spring,spring,spring,セン,いずみ,joyo,K1173,1173,3,59,13,U6CC9,06cc9.svg,,,draft,1161–1180,mountain.png,,,,596,白|水,white|water,泉
腺,1184,141,13,S,,gland,gland,gland,セン,,joyo,K1184,1184,3,60,4,U817A,0817a.svg,,,draft,1181–1200,tree.png,,,,2059,月|泉,moon|spring,腺
原,551,142,10,2,N3,meadow,meadow,meadow,ゲン,はら,joyo,K0551,551,2,28,11,U539F,0539f.svg,,,draft,541–560,kujira.png,,,,103,厂|泉,cliff|spring,原
願,300,143,19,4,N3,petition,petition,petition,ガン,ねが-う,joyo,K0300,300,1,15,20,U9858,09858.svg,,,draft,281–300,koi.png,,,,1005,原|頁,meadow|page,願  
泳,69,144,8,3,N3,swim,swim,swim,エイ,およ-ぐ,joyo,K0069,69,1,4,9,U6CF3,06cf3.svg,,,draft,61–80,kujira.png,,,,1579,氵|永,water|eternity,泳
沼,972,145,8,S,N1,marsh,marsh,marsh,ショウ,ぬま,joyo,K0972,972,2,49,12,U6CBC,06cbc.svg,,,draft,961–980,bamboo.png,,,,968,氵|刀|口,water|sword|mouth,沼
沖,1379,146,7,4,N1,open_sea,open_sea,open_sea,チュウ,おき,joyo,K1379,1379,3,69,19,U6C96,06c96.svg,,,draft,1361–1380,koi.png,,,,873,氵|中,water|middle,沖
汎,1660,147,6,S,,general,general,general,ハン,ただよ-う,joyo,K1660,1660,4,83,20,U6C4E,06c4e.svg,,,draft,1641–1660,mountain.png,,,,2029,水|凡,water|mediocre,汎
江,601,148,6,S,N1,creek,creek,creek,コウ,え,joyo,K0601,601,2,31,1,U6C5F,06c5f.svg,,,draft,601–620,bamboo.png,,,,362,氵|工,water|craft,江
汰,1286,149,7,S,N1,cleanse,cleanse,cleanse,タ,おご-る,joyo,K1286,1286,3,65,6,U6C70,06c70.svg,,,draft,1281–1300,mountain.png,,,,2209,氵|丶,water|drop,汰
汁,908,150,5,S,N1,soup,soup,soup,ジュウ,しる,joyo,K0908,908,2,46,8,U6C41,06c41.svg,,,draft,901–920,kujira.png,,,,1969,氵|十,water|ten,汁
沙,684,151,7,S,N1,grains_of_sand,grains_of_sand,grains_of_sand,サ,すな,joyo,K0684,684,2,35,4,U6C99,06c99.svg,,,draft,681–700,mountain.png,,,,1239,氵|少,water|few,沙
潮,1413,152,15,6,N1,tide,tide,tide,チョウ,しお,joyo,K1413,1413,3,71,13,U6F6E,06f6e.svg,,,draft,1401–1420,mountain.png,,,,1081,氵|朝,water|morning,潮
源,555,153,13,6,N1,source,source,source,ゲン,みなもと,joyo,K0555,555,2,28,15,U6E90,06e90.svg,,,draft,541–560,kujira.png,,,,635,氵|原,water|meadow,源
活,234,154,9,2,N3,lively,lively,lively,カツ,い-きる,joyo,K0234,234,1,12,14,U6D3B,06d3b.svg,,,draft,221–240,tree.png,,,,175,氵|舌,water|tongue,活
消,976,155,10,3,N3,extinguish,extinguish,extinguish,ショウ,き-える,joyo,K0976,976,2,49,16,U6D88,06d88.svg,,,draft,961–980,bamboo.png,,,,547,水|肖,water|resemblance,消
況,402,156,8,S,N2,condition,condition,condition,キョウ,まし-て,joyo,K0402,402,1,21,2,U6CC1,06cc1.svg,,,draft,401–420,koi.png,,,,830,氵|兄,water|mouth|legs,況
河,142,157,8,5,N3,large_river,large_river,large_river,カ,かわ,joyo,K0142,142,1,8,2,U6CB3,06cb3.svg,,,draft,141–160,castle.png,,,,405,氵|口,water|mouth,河
泊,1633,158,8,S,N2,overnight,overnight,overnight,ハク,と-まる,joyo,K1633,1633,4,82,13,U6CCA,06cca.svg,,,draft,1621–1640,kujira.png,,,,1390,氵|白,water|white,泊
湖,570,159,12,3,N3,lake,lake,lake,コ,みずうみ,joyo,K0570,570,2,29,10,U6E56,06e56.svg,,,draft,561–580,mountain.png,,,,937,氵|十|口|月,water|ten|mouth|moon,湖
測,1270,160,12,5,N3,fathom,fathom,fathom,ソク,はか-る,joyo,K1270,1270,3,64,10,U6E2C,06e2c.svg,,,draft,1261–1280,kujira.png,,,,856,氵|則,water|rule,測
土,1493,161,3,1,N5,soil,soil,soil,ド,つち,joyo,K1493,1493,3,75,13,U571F,0571f.svg,,,draft,1481–1500,koi.png,,,,316,ground,ground,土
吐,1485,162,6,S,N1,spit,spit,spit,ト,は-く,joyo,K1485,1485,3,75,5,U5410,05410.svg,,,draft,1481–1500,koi.png,,,,1761,口|土,mouth|soil,吐
圧,8,163,5,5,N3,pressure,pressure,pressure,アツ,お-す,joyo,K0008,8,1,1,8,U5727,05727.svg,,,draft,1–20,bamboo.png,,,,799,厂|土,cliff|soil,圧
埼,716,164,11,4,,cape,cape,cape,キ,さき,joyo,K0716,716,2,36,16,U57FC,057fc.svg,,,draft,701–720,tree.png,,,,1038,土|口,soil|mouth,埼
垣,208,165,9,S,N1,hedge,hedge,hedge,エン,かき,joyo,K0208,208,1,11,8,U57A3,057a3.svg,,,draft,201–220,mountain.png,,,,1282,土|一|日,soil|one|day,垣
填,NA,166,13,H,,inlay,inlay,inlay,テン,は-まる,heisig_extra,K2146,2146,5,108,6,U586B,0586b.svg,,,draft,2141–2160,tree.png,,,,2129,,,填
圭,NA,167,6,H,N1,jade,jade,jade,ケイ,,heisig_extra,K2147,2147,5,108,7,U572D,0572d.svg,,,draft,2141–2160,tree.png,,,,1518,土,soil,圭
封,1763,168,9,S,N2,seal,seal,seal,フウ,,joyo,K1763,1763,4,89,3,U5C01,05c01.svg,,,draft,1761–1780,mountain.png,,,,1101,土,soil,封
涯,201,169,11,S,N1,horizon,horizon,horizon,ガイ,はて,joyo,K0201,201,1,11,1,U6DAF,06daf.svg,,,draft,201–220,mountain.png,,,,1205,氵|厂|圭,water|cliff|jade,涯
寺,808,170,6,2,N3,temple,temple,temple,ジ,てら,joyo,K0808,808,2,41,8,U5BFA,05bfa.svg,,,draft,801–820,mountain.png,,,,335,土,soil,寺
時,818,171,10,2,N5,time,time,time,ジ,とき,joyo,K0818,818,2,41,18,U6642,06642.svg,,,draft,801–820,mountain.png,,,,17,日|土,day|soil,時
均,430,172,7,5,N3,level,level,level,キン,なら-す,joyo,K0430,430,1,22,10,U5747,05747.svg,,,draft,421–440,kujira.png,,,,1053,土|勹|丶,soil|wrap|drop,均
火,133,173,4,1,N5,fire,fire,fire,カ,ひ,joyo,K0133,133,1,7,13,U706B,0706b.svg,,,draft,121–140,bamboo.png,,,,528,fire,fire,火
炎,90,174,8,S,N1,inflammation,inflammation,inflammation,エン,ほのお,joyo,K0090,90,1,5,10,U708E,0708e.svg,,,draft,81–100,mountain.png,,,,1073,火|火,fire|fire,炎
煩,1674,175,13,S,N1,anxiety,anxiety,anxiety,ハン,わずら-う,joyo,K1674,1674,4,84,14,U7169,07169.svg,,,draft,1661–1680,tree.png,,,,2482,火|頁,fire|page,煩
淡,1340,176,11,S,N1,faint,faint,faint,タン,あわ-い,joyo,K1340,1340,3,67,20,U6DE1,06de1.svg,,,draft,1321–1340,bamboo.png,, ,,1517,氵|火,water|fire,淡
灯,1500,177,6,4,N3,lamp,lamp,lamp,トウ,ひ,joyo,K1500,1500,3,75,20,U706F,0706f.svg,,,draft,1481–1500,koi.png,,,,1285,火|丁,fire|street,灯
畑,1645,178,9,3,N3,farm,farm,farm,,はた,joyo,K1645,1645,4,83,5,U7551,07551.svg,,,draft,1641–1660,mountain.png,,,,1210,火|田,fire|field,畑
災,695,179,7,5,N1,disaster,disaster,disaster,サイ,わざわ-い,joyo,K0695,695,2,35,15,U707D,0707d.svg,,,draft,681–700,mountain.png,,,,833,巛|火,flood|fire,災
灰,174,180,6,6,N3,ashes,ashes,ashes,カイ,はい,joyo,K0174,174,1,9,14,U7070,07070.svg,,,draft,161–180,koi.png,,,,1609,厂|火,cliff|fire,灰
点,1475,181,9,2,N3,point,point,point,テン,つ-ける,joyo,K1475,1475,3,74,15,U70B9,070b9.svg,,,draft,1461–1480,castle.png,,,,162,占|灬,fortune|fire dots,点
照,999,182,13,4,N3,illuminate,illuminate,illuminate,ショウ,て-る,joyo,K0999,999,2,50,19,U7167,07167.svg,,,draft,981–1000,castle.png,,,,648,昭|灬,shining|fire dots,照
魚,391,183,11,2,N5,fish,fish,fish,ギョ,うお,joyo,K0391,391,1,20,11,U9B5A,09b5a.svg,,,draft,381–400,castle.png,,,,981,⺈|田|灬,bound|field|fire dots,魚
漁,393,184,14,4,N3,fishing,fishing,fishing,ギョ,あさ-る,joyo,K0393,393,1,20,13,U6F01,06f01.svg,,,draft,381–400,castle.png,,,,1299,氵|田,water|field,漁
里,2037,185,7,2,N1,home_village,home_village,home_village,リ,さと,joyo,K2037,2037,5,102,17,U91CC,091cc.svg,,,draft,2021–2040,tree.png,,,,594,田|土,field|soil,里
黒,662,186,11,2,N4,black,black,black,コク,くろ,joyo,K0662,662,2,34,2,U9ED2,09ed2.svg,,,draft,661–680,kujira.png,,,,490,里|灬,home_village|fire dots,黒
墨,1881,187,14,S,N1,black_ink,black_ink,black_ink,ボク,すみ,joyo,K1881,1881,4,95,1,U58A8,058a8.svg,,,draft,1881–1900,mountain.png,,,,1855,黒|土,black|soil,墨
鯉,NA,188,18,H,N1,carp,carp,carp,リ,こい,heisig_extra,K2148,2148,5,108,8,U9BC9,09bc9.svg,,,draft,2141–2160,tree.png,,,,2464,魚|里,fish|field,鯉
量,2067,189,12,4,N3,quantity,quantity,quantity,リョウ,はか-る,joyo,K2067,2067,5,104,7,U91CF,091cf.svg,,,draft,2061–2080,castle.png,,,,477,日|一,dawn|village,量
厘,2077,190,9,S,N1,thousandth,thousandth,thousandth,リン,,joyo,K2077,2077,5,104,17,U5398,05398.svg,,,draft,2061–2080,castle.png,,,,2795,厂|里,cliff|village,厘
埋,1899,191,10,S,N2,bury,bury,bury,マイ,う-める,joyo,K1899,1899,4,95,19,U57CB,057cb.svg,,,draft,1881–1900,mountain.png,,,,1272,土|里,soil|village,埋
同,1536,192,6,2,N4,same,same,same,ドウ,おな-じ,joyo,K1536,1536,4,77,16,U540C,0540c.svg,,,draft,1521–1540,mountain.png,,,,37,冂|一|口,box-frame|one|mouth,同
洞,1537,193,9,S,N1,den,den,den,ドウ,ほら,joyo,K1537,1537,4,77,17,U6D1E,06d1e.svg,,,draft,1521–1540,mountain.png,,,,1302,氵|一|口,water|same,洞
胴,1538,194,10,S,N1,trunk,trunk,trunk,ドウ,,joyo,K1538,1538,4,77,18,U80F4,080f4.svg,,,draft,1521–1540,mountain.png,,,,1799,月|一|口,moon|same,胴
向,598,195,6,3,N3,yonder,yonder,yonder,コウ,む-く,joyo,K0598,598,2,30,18,U5411,05411.svg,,,draft,581–600,tree.png,,,,260,丶|口,drop|same,向
尚,967,196,8,S,N1,esteem,esteem,esteem,ショウ,なお,joyo,K0967,967,2,49,7,U5C1A,05c1a.svg,,,draft,961–980,bamboo.png,,,,1211,小|口,small(top)|same,尚
字,807,197,6,1,N4,letter,letter,letter,ジ,あざ,joyo,K0807,807,2,41,7,U5B57,05b57.svg,,,draft,801–820,mountain.png,,,,358,子,rat_zodiac,字
守,865,198,6,3,N3,guard,guard,guard,シュ,まも-る,joyo,K0865,865,2,44,5,U5B88,05b88.svg,,,draft,861–880,castle.png,,,,537,宀|寸,roof|measurement,守
完,252,199,7,4,N3,complete,complete,complete,カン,,joyo,K0252,252,1,13,12,U5B8C,05b8c.svg,,,draft,241–260,bamboo.png,,,,451,宀|元,roof|beginnings,完
宣,1171,200,9,6,N1,proclaim,proclaim,proclaim,セン,のたま-う,joyo,K1171,1171,3,59,11,U5BA3,05ba3.svg,,,draft,1161–1180,mountain.png,,,,851,宀|亘,roof|span,宣
宵,974,201,10,S,N1,early_evening,early_evening,early_evening,ショウ,よい,joyo,K0974,974,2,49,14,U5BB5,05bb5.svg,,,draft,961–980,bamboo.png,,,,2448,宀|肖,roof|resemblance,宵
安,12,202,6,3,N5,relax,relax,relax,アン,やす-い,joyo,K0012,12,1,1,12,U5B89,05b89.svg,,,draft,1–20,bamboo.png,,,,274,宀|女,roof|woman,安
宴,92,203,10,S,N1,banquet,banquet,banquet,エン,うたげ,joyo,K0092,92,1,5,12,U5BB4,05bb4.svg,,,draft,81–100,mountain.png,,,,1953,宀|日|女,roof|day|woman,宴
寄,322,204,11,5,N3,draw_near,draw_near,draw_near,キ,よ-る,joyo,K0322,322,1,17,2,U5BC4,05bc4.svg,,,draft,321–340,mountain.png,,,,720,宀|奇,roof|strange,寄
富,1752,205,12,4,N3,wealth,wealth,wealth,フ,と-む,joyo,K1752,1752,4,88,12,U5BCC,05bcc.svg,,,draft,1741–1760,kujira.png,,,,534,宀|一|口|田,roof|one|mouth|field,富
貯,1391,206,12,5,N3,savings,savings,savings,チョ,た-める,joyo,K1391,1391,3,70,11,U8CAF,08caf.svg,,,draft,1381–1400,kujira.png,,,,1595,貝|目|legs|split,shellfish|roof|street,貯
木,1876,207,4,1,N5,tree,tree,tree,ボク,き,joyo,K1876,1876,4,94,16,U6728,06728.svg,,,draft,1861–1880,kujira.png,,,,148,tree,tree,木
林,2076,208,8,1,N4,woods,woods,woods,リン,はやし,joyo,K2076,2076,5,104,16,U6797,06797.svg,,,draft,2061–2080,castle.png,,,,495,木,tree,林
森,1061,209,12,1,N4,forest,forest,forest,シン,もり,joyo,K1061,1061,3,54,1,U68EE,068ee.svg,,,draft,1061–1080,tree.png,,,,432,木,tree,森
桂,NA,210,10,H,N1,judas_tree,judas_tree,judas_tree,ケイ,かつら,heisig_extra,K2149,2149,5,108,9,U6842,06842.svg,,,draft,2141–2160,tree.png,,,,1429,木|土,tree|soil,桂
柏,NA,211,9,H,,oak,oak,oak,ハク,かしわ,heisig_extra,K2150,2150,5,108,10,U67CF,067cf.svg,,,draft,2141–2160,tree.png,,,,1398,木,tree,柏
枠,2134,212,8,S,N1,frame,frame,frame,,わく,joyo,K2134,2134,5,107,14,U67A0,067a0.svg,,,draft,2121–2140,mountain.png,,,,1027,木|ball|十,tree|ball|ten,枠
梢,NA,213,11,H,N1,treetops,treetops,treetops,ショウ,こずえ,heisig_extra,K2151,2151,5,108,11,U68A2,068a2.svg,,,draft,2141–2160,tree.png,,,,2511,木|小|月,tree|resemblance,梢
棚,1331,214,12,S,N1,shelf,shelf,shelf,ホウ,たな,joyo,K1331,1331,3,67,11,U68DA,068da.svg,,,draft,1321–1340,bamboo.png,,,,1816,木|月,tree|companion,棚
杏,NA,215,7,H,N1,apricot,apricot,apricot,キョウ,あんず,heisig_extra,K2152,2152,5,108,12,U674F,0674f.svg,,,draft,2141–2160,tree.png,,,,1671,木|口,tree|mouth,杏
桐,NA,216,10,H,N1,paulownia_tree,paulownia_tree,paulownia_tree,トウ,きり,heisig_extra,K2153,2153,5,108,13,U6850,06850.svg,,,draft,2141–2160,tree.png,,,,1520,木|一|口,tree|one|mouth,桐
植,1032,217,12,3,N3,plant,plant,plant,ショク,う-える,joyo,K1032,1032,3,52,12,U690D,0690d.svg,,,draft,1021–1040,kujira.png,,,,710,木|十|目,tree|ten|eye,植
椅,31,218,12,S,,chair,chair,chair,イ,,joyo,K0031,31,1,2,11,U6905,06905.svg,,,draft,21–40,castle.png,,,,3038,木|口,tree|mouth,椅
枯,567,219,9,S,N2,wither,wither,wither,コ,か-れる,joyo,K0567,567,2,29,7,U67AF,067af.svg,,,draft,561–580,mountain.png,,,,2004,木|十|口,tree|ten|mouth,枯
朴,1877,220,6,S,N1,crude,crude,crude,ボク,ほう,joyo,K1877,1877,4,94,17,U6734,06734.svg,,,draft,1861–1880,kujira.png,,,,2058,木,tree,朴
村,1279,221,7,1,N4,village,village,village,ソン,むら,joyo,K1279,1279,3,64,19,U6751,06751.svg,,,draft,1261–1280,kujira.png,,,,96,木,tree,村
相,1223,222,9,3,N3,mutual,mutual,mutual,ソウ,あい-,joyo,K1223,1223,3,62,3,U76F8,076f8.svg,,,draft,1221–1240,castle.png,,,,252,木|目,tree|eye,相
机,304,223,6,6,N3,desk,desk,desk,キ,つくえ,joyo,K0304,304,1,16,4,U673A,0673a.svg,,,draft,301–320,kujira.png,,,,2424,木,tree,机
本,1886,224,5,1,N5,book,book,book,ホン,もと,joyo,K1886,1886,4,95,6,U672C,0672c.svg,,,draft,1881–1900,mountain.png,,,,6,木|一,tree|one,本
札,734,225,5,4,N3,tag,tag,tag,サツ,ふだ,joyo,K0734,734,2,37,14,U672D,0672d.svg,,,draft,721–740,bamboo.png,,,,905,木,tree,札
暦,2099,226,14,S,N1,calendar,calendar,calendar,レキ,こよみ,joyo,K2099,2099,5,105,19,U66A6,066a6.svg,,,draft,2081–2100,koi.png,,,,1148,3,3,暦
案,13,227,10,4,N3,plan,plan,plan,アン,つくえ,joyo,K0013,13,1,1,13,U6848,06848.svg,,,draft,1–20,bamboo.png,,,,674,女|木,woman|tree,案
燥,1250,228,17,S,N2,parch,parch,parch,ソウ,はしゃ-ぐ,joyo,K1250,1250,3,63,10,U71E5,071e5.svg,,,draft,1241–1260,koi.png,,,,1937,火|口|木,fire|mouth|tree,燥
未,1910,229,5,4,N3,not_yet,not_yet,not_yet,ミ,いま-だ,joyo,K1910,1910,4,96,10,U672A,0672a.svg,,,draft,1901–1920,tree.png,,,,589,木|一,tree|one,未
末,1904,230,5,4,N3,extremity,extremity,extremity,マツ,すえ,joyo,K1904,1904,4,96,4,U672B,0672b.svg,,,draft,1901–1920,tree.png,,,,545,木|一,tree|one,末
昧,1898,231,9,S,,obscure,obscure,obscure,マイ,くら-い,joyo,K1898,1898,4,95,18,U6627,06627.svg,,,draft,1881–1900,mountain.png,,,,1583,日|一|木,day|one|tree,昧
沫,NA,232,8,H,,splash,splash,splash,マツ,あわ,heisig_extra,K2154,2154,5,108,14,U6CAB,06cab.svg,,,draft,2141–2160,tree.png,,,,2807,水|一|木,water|one|tree,沫
味,1911,233,8,3,N4,flavor,flavor,flavor,ミ,あじ,joyo,K1911,1911,4,96,11,U5473,05473.svg,,,draft,1901–1920,tree.png,,,,448,口|一|木,mouth|one|tree,味
妹,1896,234,8,2,N4,younger_sister,younger_sister,younger_sister,マイ,いもうと,joyo,K1896,1896,4,95,16,U59B9,059b9.svg,,,draft,1881–1900,mountain.png,,,,926,女|一|木,woman|one|tree,妹
朱,866,235,6,S,N1,vermilion,vermilion,vermilion,シュ,あけ,joyo,K0866,866,2,44,6,U6731,06731.svg,,,draft,861–880,castle.png,,,,1476,丶|一|木,drop|one|tree,朱
株,243,236,10,6,N1,stocks,stocks,stocks,シュ,かぶ,joyo,K0243,243,1,13,3,U682A,0682a.svg,,,draft,241–260,bamboo.png,,,,392,木|丶|一,tree|drop|one,株
若,860,237,8,6,N3,young,young,young,ジャク,わか-い,joyo,K0860,860,2,43,20,U82E5,082e5.svg,,,draft,841–860,bamboo.png,,,,620,口,mouth,若
草,1225,238,9,1,N3,grass,grass,grass,ソウ,くさ,joyo,K1225,1225,3,62,5,U8349,08349.svg,,,draft,1221–1240,castle.png,,,,765,日|十,day|ten,草
苦,447,239,8,3,N3,suffering,suffering,suffering,ク,くる-しい,joyo,K0447,447,1,23,7,U82E6,082e6.svg,,,draft,441–460,mountain.png,,,,1019,十|口,ten|mouth,苦
苛,143,240,8,S,,bullying,bullying,bullying,カ,いじ-める,joyo,K0143,143,1,8,3,U82DB,082db.svg,,,draft,141–160,castle.png,,,,2396,口,mouth,苛
寛,273,241,13,S,N1,tolerant,tolerant,tolerant,カン,くつろ-ぐ,joyo,K0273,273,1,14,13,U5BDB,05bdb.svg,,,draft,261–280,castle.png,,,,1098,目|legs,eye|legs,寛
薄,1638,242,16,S,N2,dilute,dilute,dilute,ハク,うす-い,joyo,K1638,1638,4,82,18,U8584,08584.svg,,,draft,1621–1640,kujira.png,,,,1419,水|丶|十|田,water|drop|ten|field,薄
葉,2001,243,12,3,N3,leaf,leaf,leaf,ヨウ,は,joyo,K2001,2001,5,101,1,U8449,08449.svg,,,draft,2001–2020,mountain.png,,,,375,木,tree,葉
模,1940,244,14,6,N1,imitation,imitation,imitation,モ,,joyo,K1940,1940,4,97,20,U6A21,06a21.svg,,,draft,1921–1940,bamboo.png,,,,672,木|日,tree|day,模
漠,1640,245,13,S,N1,vague,vague,vague,バク,,joyo,K1640,1640,4,82,20,U6F20,06f20.svg,,,draft,1621–1640,kujira.png,,,,1924,水|日,water|day,漠
墓,1825,246,13,5,N1,grave,grave,grave,ボ,はか,joyo,K1825,1825,4,92,5,U5893,05893.svg,,,draft,1821–1840,castle.png,,,,1186,日|土,day|soil,墓
暮,1827,247,14,6,N3,livelihood,livelihood,livelihood,ボ,く-れる,joyo,K1827,1827,4,92,7,U66AE,066ae.svg,,,draft,1821–1840,castle.png,,,,1190,日,sun,暮
膜,1901,248,14,S,N1,membrane,membrane,membrane,マク,,joyo,K1901,1901,4,96,1,U819C,0819c.svg,,,draft,1901–1920,tree.png,,,,1587,月|日,moon|day,膜
苗,1724,249,8,S,N1,seedling,seedling,seedling,ビョウ,なえ,joyo,K1724,1724,4,87,4,U82D7,082d7.svg,,,draft,1721–1740,koi.png,,,,1639,田,field,苗
兆,1395,250,6,4,N3,portent,portent,portent,チョウ,きざ-す,joyo,K1395,1395,3,70,15,U5146,05146.svg,,,draft,1381–1400,kujira.png,,,,1785,,,兆
桃,1511,251,10,S,N1,peach_tree,peach_tree,peach_tree,トウ,もも,joyo,K1511,1511,4,76,11,U6843,06843.svg,,,draft,1501–1520,kujira.png,,,,1248,木,tree,桃
眺,1402,252,11,S,N1,stare,stare,stare,チョウ,なが-める,joyo,K1402,1402,3,71,2,U773A,0773a.svg,,,draft,1401–1420,mountain.png,,,,2315,目,eye,眺
犬,514,253,4,1,N4,dog,dog,dog,ケン,いぬ,joyo,K0514,514,2,26,14,U72AC,072ac.svg,,,draft,501–520,castle.png,,,,1030,丶,drop,犬
状,1013,254,7,5,N3,status_quo,status_quo,status_quo,ジョウ,,joyo,K1013,1013,3,51,13,U72B6,072b6.svg,,,draft,1001–1020,koi.png,,,,342,丶,drop,状
黙,1948,255,15,S,N1,silence,silence,silence,モク,だま-る,joyo,K1948,1948,4,98,8,U9ED9,09ed9.svg,,,draft,1941–1960,castle.png,,,,1692,丶,drop,黙
然,1199,256,12,4,N3,sort_of_thing,sort_of_thing,sort_of_thing,ゼン,しか,joyo,K1199,1199,3,60,19,U7136,07136.svg,,,draft,1181–1200,tree.png,,,,653,月|丶,moon|drop,然
荻,NA,257,10,H,,reed,reed,reed,テキ,おぎ,heisig_extra,K2155,2155,5,108,15,U837B,0837b.svg,,,draft,2141–2160,tree.png,,,,1915,火,fire,荻
狩,868,258,9,S,N1,hunt,hunt,hunt,シュ,か-る,joyo,K0868,868,2,44,8,U72E9,072e9.svg,,,draft,861–880,castle.png,,,,1392,,,狩
猫,1728,259,11,S,N2,cat,cat,cat,ビョウ,ねこ,joyo,K1728,1728,4,87,8,U732B,0732b.svg,,,draft,1721–1740,koi.png,,,,1290,田,field,猫
牛,381,260,4,2,N4,cow,cow,cow,ギュウ,うし,joyo,K0381,381,1,20,1,U725B,0725b.svg,,,draft,381–400,castle.png,,,,1178,,,牛
特,1549,261,10,4,N4,special,special,special,トク,,joyo,K1549,1549,4,78,9,U7279,07279.svg,,,draft,1541–1560,tree.png,,,,141,土,soil,特
告,658,262,7,5,N3,revelation,revelation,revelation,コク,つ-げる,joyo,K0658,658,2,33,18,U544A,0544a.svg,,,draft,641–660,koi.png,,,,504,口,mouth,告
先,1170,263,6,1,N5,previous,previous,previous,セン,さき,joyo,K1170,1170,3,59,10,U5148,05148.svg,,,draft,1161–1180,mountain.png,,,,341,legs,legs,先
洗,1175,264,9,6,N4,wash,wash,wash,セン,あら-う,joyo,K1175,1175,3,59,15,U6D17,06d17.svg,,,draft,1161–1180,mountain.png,,,,1339,水|legs,water|legs,洗
介,172,265,4,S,N2,jammed_in,jammed_in,jammed_in,カイ,,joyo,K0172,172,1,9,12,U4ECB,04ecb.svg,,,draft,161–180,koi.png,,,,483,,,介
界,183,266,9,3,N4,world,world,world,カイ,,joyo,K0183,183,1,10,3,U754C,0754c.svg,,,draft,181–200,kujira.png,,,,180,田,field,界
茶,1373,267,9,2,N4,tea,tea,tea,チャ,,joyo,K1373,1373,3,69,13,U8336,08336.svg,,,draft,1361–1380,koi.png,,,,1003,,,茶
脊,1145,268,10,S,,stature,stature,stature,セキ,せ,joyo,K1145,1145,3,58,5,U810A,0810a.svg,,,draft,1141–1160,kujira.png,,,,2122,月,moon,脊
合,652,269,6,2,N4,fit,fit,fit,ゴウ,あ-う,joyo,K0652,652,2,33,12,U5408,05408.svg,,,draft,641–660,koi.png,,,,25,一|口,one|mouth,合
塔,1518,270,12,S,N2,pagoda,pagoda,pagoda,トウ,,joyo,K1518,1518,4,76,18,U5854,05854.svg,,,draft,1501–1520,kujira.png,,,,1127,土|一|口,soil|one|mouth,塔
王,105,271,4,1,N3,king,king,king,オウ,,joyo,K0105,105,1,6,5,U738B,0738b.svg,,,draft,101–120,tree.png,,,,168,ball,ball,王
玉,427,272,5,1,N3,ball,ball,ball,ギョク,たま,joyo,K0427,427,1,22,7,U7389,07389.svg,,,draft,421–440,kujira.png,,,,627,ball|丶,ball|drop,玉
宝,1834,273,8,6,N3,treasure,treasure,treasure,ホウ,たから,joyo,K1834,1834,4,92,14,U5B9D,05b9d.svg,,,draft,1821–1840,castle.png,,,,638,ball|丶,ball|drop,宝
珠,871,274,10,S,N1,pearl,pearl,pearl,シュ,たま,joyo,K0871,871,2,44,11,U73E0,073e0.svg,,,draft,861–880,castle.png,,,,1522,ball|丶|一|木,ball|drop|one|tree,珠
現,552,275,11,5,N3,present,present,present,ゲン,あらわ-れる,joyo,K0552,552,2,28,12,U73FE,073fe.svg,,,draft,541–560,kujira.png,,,,76,ball|目|legs,ball|eye|legs,現
玩,296,276,8,S,,toy_with,toy_with,toy_with,ガン,もちあそ-ぶ,joyo,K0296,296,1,15,16,U73A9,073a9.svg,,,draft,281–300,koi.png,,,,1973,ball|一|legs,ball|one|legs,玩
狂,397,277,7,S,N1,lunatic,lunatic,lunatic,キョウ,くる-う,joyo,K0397,397,1,20,17,U72C2,072c2.svg,,,draft,381–400,castle.png,,,,1463,ball,ball,狂
旺,111,278,8,S,N1,flourishing,flourishing,flourishing,オウ,さかん,joyo,K0111,111,1,6,11,U65FA,065fa.svg,,,draft,101–120,tree.png,,,,2213,日|ball,day|ball,旺
皇,617,279,9,6,N1,emperor,emperor,emperor,コウ,,joyo,K0617,617,2,31,17,U7687,07687.svg,,,draft,601–620,bamboo.png,,,,557,ball,ball,皇
呈,1438,280,7,S,N1,display,display,display,テイ,,joyo,K1438,1438,3,72,18,U5448,05448.svg,,,draft,1421–1440,tree.png,,,,1792,口|ball,mouth|ball,呈
全,1196,281,6,3,N3,whole,whole,whole,ゼン,まった-く,joyo,K1196,1196,3,60,16,U5168,05168.svg,,,draft,1181–1200,tree.png,,,,77,ball,ball,全
栓,1178,282,10,S,N1,plug,plug,plug,セン,,joyo,K1178,1178,3,59,18,U6813,06813.svg,,,draft,1161–1180,mountain.png,,,,2420,木|ball,tree|ball,栓
理,2038,283,11,2,N4,logic,logic,logic,リ,ことわり,joyo,K2038,2038,5,102,18,U7406,07406.svg,,,draft,2021–2040,tree.png,,,,115,ball,ball,理
主,864,284,5,3,N4,master,master,master,シュ,ぬし,joyo,K0864,864,2,44,4,U4E3B,04e3b.svg,,,draft,861–880,castle.png,,,,65,丶|ball,drop|ball,主
注,1383,285,8,3,N4,pour,pour,pour,チュウ,そそ-ぐ,joyo,K1383,1383,3,70,3,U6CE8,06ce8.svg,,,draft,1381–1400,kujira.png,,,,159,水|丶|ball,water|drop|ball,注
柱,1385,286,9,3,N3,pillar,pillar,pillar,チュウ,はしら,joyo,K1385,1385,3,70,5,U67F1,067f1.svg,,,draft,1381–1400,kujira.png,,,,1449,木|丶|ball,tree|drop|ball,柱
金,432,287,8,1,N5,gold,gold,gold,キン,かね,joyo,K0432,432,1,22,12,U91D1,091d1.svg,,,draft,421–440,kujira.png,,,,152,metal|丶|ball,metal|drop|ball,金
銑,NA,288,14,H,N1,pig_iron,pig_iron,pig_iron,セン,,heisig_extra,K2156,2156,5,108,16,U9291,09291.svg,,,draft,2141–2160,tree.png,,,,2872,金|legs,gold|legs,銑
鉢,1648,289,13,S,N1,bowl,bowl,bowl,ハチ,,joyo,K1648,1648,4,83,8,U9262,09262.svg,,,draft,1641–1660,mountain.png,,,,2110,金|木|一,gold|tree|one,鉢
銅,1544,290,14,5,N3,copper,copper,copper,ドウ,あかがね,joyo,K1544,1544,4,78,4,U9285,09285.svg,,,draft,1541–1560,tree.png,,,,1314,金|一|口,gold|one|mouth,銅
釣,1403,291,11,S,N1,angling,angling,angling,チョウ,つ-る,joyo,K1403,1403,3,71,3,U91E3,091e3.svg,,,draft,1401–1420,mountain.png,,,,1615,金|丶,gold|drop,釣
針,1057,292,10,6,N3,needle,needle,needle,シン,はり,joyo,K1057,1057,3,53,17,U91DD,091dd.svg,,,draft,1041–1060,mountain.png,,,,1201,金|十,gold|ten,針
銘,1932,293,14,S,N1,inscription,inscription,inscription,メイ,,joyo,K1932,1932,4,97,12,U9298,09298.svg,,,draft,1921–1940,bamboo.png,,,,1470,金|evening|口,gold|evening|mouth,銘
鎮,1426,294,18,S,N1,tranquilize,tranquilize,tranquilize,チン,しず-める,joyo,K1426,1426,3,72,6,U93AE,093ae.svg,,,draft,1421–1440,tree.png,,,,1116,金|十|目|legs|split,gold|ten|eye|legs|split,鎮
道,1542,295,12,2,N5,road,road,road,ドウ,みち,joyo,K1542,1542,4,78,2,U9053,09053.svg,,,draft,1541–1560,tree.png,,,,41,horns|丶|目,horns|drop|eye,道
導,1545,296,15,5,N3,guidance,guidance,guidance,ドウ,みちび-く,joyo,K1545,1545,4,78,5,U5C0E,05c0e.svg,,,draft,1541–1560,tree.png,,,,466,horns|丶|目,horns|drop|eye,導
辻,NA,297,6,H,,crossing,crossing,crossing,,つじ,heisig_extra,K2157,2157,5,108,17,U8FBB,08fbb.svg,,,draft,2141–2160,tree.png,,,,1543,十,ten,辻
迅,1074,298,6,S,N1,swift,swift,swift,ジン,,joyo,K1074,1074,3,54,14,U8FC5,08fc5.svg,,,draft,1061–1080,tree.png,,,,2106,十,ten,迅
造,1254,299,10,5,N3,create,create,create,ゾウ,つく-る,joyo,K1254,1254,3,63,14,U9020,09020.svg,,,draft,1241–1260,koi.png,,,,257,口,mouth,造
迫,1634,300,8,S,N1,urge,urge,urge,ハク,せま-る,joyo,K1634,1634,4,82,14,U8FEB,08feb.svg,,,draft,1621–1640,kujira.png,,,,1203,,,迫
逃,1506,301,9,S,N2,escape,escape,escape,トウ,に-げる,joyo,K1506,1506,4,76,6,U9003,09003.svg,,,draft,1501–1520,kujira.png,,,,948,,,逃
辺,1808,302,5,4,N3,environs,environs,environs,ヘン,あた-り,joyo,K1808,1808,4,91,8,U8FBA,08fba.svg,,,draft,1801–1820,bamboo.png,,,,562,,,辺
巡,933,303,6,S,N1,patrol,patrol,patrol,ジュン,めぐ-る,joyo,K0933,933,2,47,13,U5DE1,05de1.svg,,,draft,921–940,mountain.png,,,,959,,,巡
車,843,304,7,1,N5,car,car,car,シャ,くるま,joyo,K0843,843,2,43,3,U8ECA,08eca.svg,,,draft,841–860,bamboo.png,,,,80,日|十,day|ten,車
連,2106,305,10,4,N3,take_along,take_along,take_along,レン,つら-なる,joyo,K2106,2106,5,106,6,U9023,09023.svg,,,draft,2101–2120,kujira.png,,,,70,,,連
軌,314,306,9,S,N1,rut,rut,rut,キ,,joyo,K0314,314,1,16,14,U8ECC,08ecc.svg,,,draft,301–320,kujira.png,,,,1124,ball,ball,軌
輸,1968,307,16,5,N3,transport,transport,transport,ユ,,joyo,K1968,1968,4,99,8,U8F38,08f38.svg,,,draft,1961–1980,koi.png,,,,782,一|月,one|moon,輸
喩,1965,308,12,S,,metaphor,metaphor,metaphor,ユ,たと-える,joyo,K1965,1965,4,99,5,U55A9,055a9.svg,,,draft,1961–1980,koi.png,,,,2406,,,喩
前,1197,309,9,2,N5,in_front,in_front,in_front,ゼン,まえ,joyo,K1197,1197,3,60,17,U524D,0524d.svg,,,draft,1181–1200,tree.png,,,,57,horns|月,horns|moon,前
煎,1182,310,13,S,,roast,roast,roast,セン,せん-じる,joyo,K1182,1182,3,60,2,U714E,0714e.svg,,,draft,1181–1200,tree.png,,,,2510,horns|月,horns|moon,煎
各,210,311,6,4,N3,each,each,each,カク,おのおの,joyo,K0210,210,1,11,10,U5404,05404.svg,,,draft,201–220,mountain.png,,,,377,口,mouth,各
格,214,312,10,5,N3,status,status,status,カク,,joyo,K0214,214,1,11,14,U683C,0683c.svg,,,draft,201–220,mountain.png,,,,318,木|口,tree|mouth,格
賂,2112,313,13,S,,graft,graft,graft,ロ,まいな-い,joyo,K2112,2112,5,106,12,U8CC2,08cc2.svg,,,draft,2101–2120,kujira.png,,,,2711,貝|目|legs|split|口,shellfish|eye|legs|split|mouth,賂
略,2048,314,11,5,N3,abbreviation,abbreviation,abbreviation,リャク,ほぼ,joyo,K2048,2048,5,103,8,U7565,07565.svg,,,draft,2041–2060,bamboo.png,,,,608,田|口,field|mouth,略
客,355,315,9,3,N3,guest,guest,guest,キャク,,joyo,K0355,355,1,18,15,U5BA2,05ba2.svg,,,draft,341–360,tree.png,,,,572,口,mouth,客
額,229,316,18,5,N3,amount,amount,amount,ガク,ひたい,joyo,K0229,229,1,12,9,U984D,0984d.svg,,,draft,221–240,tree.png,,,,975,口|一|丶|貝|目|legs|split,mouth|one|drop|shellfish|eye|legs|split,額
夏,146,317,10,2,N4,summer,summer,summer,カ,なつ,joyo,K0146,146,1,8,6,U590F,0590f.svg,,,draft,141–160,castle.png,,,,665,一|丶|目,one|drop|eye,夏
処,943,318,5,6,N3,dispose,dispose,dispose,ショ,ところ,joyo,K0943,943,2,48,3,U51E6,051e6.svg,,,draft,941–960,tree.png,,,,749,,,処
条,1012,319,7,5,N3,clause,clause,clause,ジョウ,えだ,joyo,K1012,1012,3,51,12,U6761,06761.svg,,,draft,1001–1020,koi.png,,,,421,木,tree,条
落,2026,320,12,3,N3,fall,fall,fall,ラク,お-ちる,joyo,K2026,2026,5,102,6,U843D,0843d.svg,,,draft,2021–2040,tree.png,,,,464,水|口,water|mouth,落
冗,1011,321,4,S,N1,superfluous,superfluous,superfluous,ジョウ,,joyo,K1011,1011,3,51,11,U5197,05197.svg,,,draft,1001–1020,koi.png,,,,2401,,,冗
冥,1930,322,10,S,,hades,hades,hades,メイ,くら-い,joyo,K1930,1930,4,97,10,U51A5,051a5.svg,,,draft,1921–1940,bamboo.png,,,,1951,日,sun,冥
軍,466,323,9,4,N3,army,army,army,グン,いくさ,joyo,K0466,466,1,24,6,U8ECD,08ecd.svg,,,draft,461–480,tree.png,,,,121,,,軍
輝,336,324,15,S,N1,radiance,radiance,radiance,キ,かがや-く,joyo,K0336,336,1,17,16,U8F1D,08f1d.svg,,,draft,321–340,mountain.png,,,,1107,小|legs,small|legs,輝
運,66,325,12,3,N4,carry,carry,carry,ウン,はこ-ぶ,joyo,K0066,66,1,4,6,U904B,0904b.svg,,,draft,61–80,kujira.png,,,,183,,,運
冠,255,326,9,S,N1,crown,crown,crown,カン,かんむり,joyo,K0255,255,1,13,15,U51A0,051a0.svg,,,draft,241–260,bamboo.png,,,,1167,一|legs,one|legs,冠
夢,1923,327,13,5,N3,dream,dream,dream,ム,ゆめ,joyo,K1923,1923,4,97,3,U5922,05922.svg,,,draft,1921–1940,bamboo.png,,,,863,目|evening,eye|evening,夢
坑,604,328,7,S,N1,pit,pit,pit,コウ,,joyo,K0604,604,2,31,4,U5751,05751.svg,,,draft,601–620,bamboo.png,,,,2017,土|lid,soil|lid,坑
高,628,329,10,2,N5,tall,tall,tall,コウ,たか-い,joyo,K0628,628,2,32,8,U9AD8,09ad8.svg,,,draft,621–640,castle.png,,,,40,lid|口,lid|mouth,高
享,399,330,8,S,N1,receive,receive,receive,キョウ,う-ける,joyo,K0399,399,1,20,19,U4EAB,04eab.svg,,,draft,381–400,castle.png,,,,1426,lid|口,lid|mouth,享
塾,924,331,14,S,N1,cram_school,cram_school,cram_school,ジュク,,joyo,K0924,924,2,47,4,U587E,0587e.svg,,,draft,921–940,mountain.png,,,,1313,lid|口|子|ball|丶|土,lid|mouth|rat_zodiac|ball|drop|soil,塾
熟,925,332,15,6,N1,ripe,ripe,ripe,ジュク,う-れる,joyo,K0925,925,2,47,5,U719F,0719f.svg,,,draft,921–940,mountain.png,,,,1508,lid|口|子|ball|丶,lid|mouth|rat_zodiac|ball|drop,熟
亭,1445,333,9,S,N1,pavilion,pavilion,pavilion,テイ,,joyo,K1445,1445,3,73,5,U4EAD,04ead.svg,,,draft,1441–1460,bamboo.png,,,,1414,lid|口,lid|mouth,亭
京,398,334,8,2,N4,capital,capital,capital,キョウ,みやこ,joyo,K0398,398,1,20,18,U4EAC,04eac.svg,,,draft,381–400,castle.png,,,,101,lid|口|小,lid|mouth|small,京
涼,2064,335,11,S,N2,refreshing,refreshing,refreshing,リョウ,すず-しい,joyo,K2064,2064,5,104,4,U6DBC,06dbc.svg,,,draft,2061–2080,castle.png,,,,1464,lid|口|小,lid|mouth|small,涼
景,486,336,12,4,N3,scenery,scenery,scenery,ケイ,,joyo,K0486,486,1,25,6,U666F,0666f.svg,,,draft,481–500,bamboo.png,,,,788,日|lid|口|小,day|lid|mouth|small,景
鯨,500,337,19,S,N1,whale,whale,whale,ゲイ,くじら,joyo,K0500,500,1,25,20,U9BE8,09be8.svg,,,draft,481–500,bamboo.png,,,,2104,田|lid|口|小,field|lid|mouth|small,鯨
舎,844,338,8,5,N1,cottage,cottage,cottage,シャ,やど-る,joyo,K0844,844,2,43,4,U820E,0820e.svg,,,draft,841–860,bamboo.png,,,,740,土|口,soil|mouth,舎
周,888,339,8,4,N3,circumference,circumference,circumference,シュウ,まわ-り,joyo,K0888,888,2,45,8,U5468,05468.svg,,,draft,881–900,koi.png,,,,373,土|口,soil|mouth,周
週,898,340,11,2,N5,week,week,week,シュウ,,joyo,K0898,898,2,45,18,U9031,09031.svg,,,draft,881–900,koi.png,,,,659,土|口,soil|mouth,週
士,759,341,3,5,N1,gentleman,gentleman,gentleman,シ,さむらい,joyo,K0759,759,2,38,19,U58EB,058eb.svg,,,draft,741–760,castle.png,,,,218,,,士
吉,351,342,6,S,N1,good_luck,good_luck,good_luck,キチ,よし,joyo,K0351,351,1,18,11,U5409,05409.svg,,,draft,341–360,tree.png,,,,355,口,mouth,吉
壮,1218,343,6,S,N1,robust,robust,robust,ソウ,さかん,joyo,K1218,1218,3,61,18,U58EE,058ee.svg,,,draft,1201–1220,bamboo.png,,,,1768,,,壮
荘,1224,344,9,S,N1,villa,villa,villa,ソウ,ほうき,joyo,K1224,1224,3,62,4,U8358,08358.svg,,,draft,1221–1240,castle.png,,,,1325,,,荘
売,1622,345,7,2,N4,sell,sell,sell,バイ,う-る,joyo,K1622,1622,4,82,2,U58F2,058f2.svg,,,draft,1621–1640,kujira.png,,,,153,legs,legs,売
学,226,346,8,1,N5,study,study,study,ガク,まな-ぶ,joyo,K0226,226,1,12,6,U5B66,05b66.svg,,,draft,221–240,tree.png,,,,5,子,rat_zodiac,学
覚,218,347,12,4,N3,memorize,memorize,memorize,カク,おぼ-える,joyo,K0218,218,1,11,18,U899A,0899a.svg,,,draft,201–220,mountain.png,,,,820,目|legs,eye|legs,覚
栄,72,348,9,4,N3,flourish,flourish,flourish,エイ,さか-える,joyo,K0072,72,1,4,12,U6804,06804.svg,,,draft,61–80,kujira.png,,,,847,木,tree,栄
書,946,349,10,2,N5,write,write,write,ショ,か-く,joyo,K0946,946,2,48,6,U66F8,066f8.svg,,,draft,941–960,tree.png,,,,111,1,1,書
津,1050,350,9,S,N1,haven,haven,haven,シン,つ,joyo,K1050,1050,3,53,10,U6D25,06d25.svg,,,draft,1041–1060,mountain.png,,,,400,水,water,津
牧,1878,351,8,4,N1,breed,breed,breed,ボク,まき,joyo,K1878,1878,4,94,18,U7267,07267.svg,,,draft,1861–1880,kujira.png,,,,993,,,牧
攻,607,352,7,S,N1,aggression,aggression,aggression,コウ,せ-める,joyo,K0607,607,2,31,7,U653B,0653b.svg,,,draft,601–620,bamboo.png,,,,408,,,攻
敗,1619,353,11,4,N3,failure,failure,failure,ハイ,やぶ-れる,joyo,K1619,1619,4,81,19,U6557,06557.svg,,,draft,1601–1620,koi.png,,,,493,貝|目|legs|split,shellfish|eye|legs|split,敗
枚,1897,354,8,6,N3,sheet_of,sheet_of,sheet_of,マイ,,joyo,K1897,1897,4,95,17,U679A,0679a.svg,,,draft,1881–1900,mountain.png,,,,791,木,tree,枚
故,566,355,9,5,N3,happenstance,happenstance,happenstance,コ,ゆえ,joyo,K0566,566,2,29,6,U6545,06545.svg,,,draft,561–580,mountain.png,,,,768,十|口,ten|mouth,故
敬,485,356,12,6,N3,awe,awe,awe,ケイ,うやま-う,joyo,K0485,485,1,25,5,U656C,0656c.svg,,,draft,481–500,bamboo.png,,,,1145,口,mouth,敬
言,548,357,7,2,N5,say,say,say,ゲン,い-う,joyo,K0548,548,2,28,8,U8A00,08a00.svg,,,draft,541–560,kujira.png,,,,194,口,mouth,言
警,496,358,19,6,N3,admonish,admonish,admonish,ケイ,いまし-める,joyo,K0496,496,1,25,16,U8B66,08b66.svg,,,draft,481–500,bamboo.png,,,,525,口,mouth,警
計,478,359,9,2,N4,plot,plot,plot,ケイ,はか-る,joyo,K0478,478,1,24,18,U8A08,08a08.svg,,,draft,461–480,tree.png,,,,259,口|十,mouth|ten,計
詮,1185,360,13,S,,elucidate,elucidate,elucidate,セン,せん-ずる,joyo,K1185,1185,3,60,5,U8A6E,08a6e.svg,,,draft,1181–1200,tree.png,,,,2555,口|ball,mouth|ball,詮
獄,665,361,14,S,N1,prison,prison,prison,ゴク,,joyo,K0665,665,2,34,5,U7344,07344.svg,,,draft,661–680,kujira.png,,,,1305,口|丶,mouth|drop,獄
訂,1448,362,9,S,N1,revise,revise,revise,テイ,ただ-す,joyo,K1448,1448,3,73,8,U8A02,08a02.svg,,,draft,1441–1460,bamboo.png,,,,1511,口,mouth,訂
訃,1746,363,9,S,,obituary,obituary,obituary,フ,しらせ,joyo,K1746,1746,4,88,6,U8A03,08a03.svg,,,draft,1741–1760,kujira.png,,,,2399,,,訃
討,1512,364,10,6,N1,chastise,chastise,chastise,トウ,う-つ,joyo,K1512,1512,4,76,12,U8A0E,08a0e.svg,,,draft,1501–1520,kujira.png,,,,1013,口,mouth,討
訓,463,365,10,4,N3,instruction,instruction,instruction,クン,おし-える,joyo,K0463,463,1,24,3,U8A13,08a13.svg,,,draft,461–480,tree.png,,,,1106,口,mouth,訓
詔,994,366,12,S,N1,imperial_edict,imperial_edict,imperial_edict,ショウ,みことのり,joyo,K0994,994,2,50,14,U8A54,08a54.svg,,,draft,981–1000,castle.png,,,,2445,口,mouth,詔
詰,353,367,13,S,N2,packed,packed,packed,キツ,つ-める,joyo,K0353,353,1,18,13,U8A70,08a70.svg,,,draft,341–360,tree.png,,,,1328,口,mouth,詰
話,2130,368,13,2,N5,talk,talk,talk,ワ,はな-す,joyo,K2130,2130,5,107,10,U8A71,08a71.svg,,,draft,2121–2140,mountain.png,,,,166,口,mouth,話
詠,74,369,12,S,N1,recitation,recitation,recitation,エイ,よ-む,joyo,K0074,74,1,4,14,U8A60,08a60.svg,,,draft,61–80,kujira.png,,,,2009,口|丶|水,mouth|drop|water,詠
詩,798,370,13,3,N1,poem,poem,poem,シ,うた,joyo,K0798,798,2,40,18,U8A69,08a69.svg,,,draft,781–800,kujira.png,,,,933,口|土,mouth|soil,詩
語,584,371,14,2,N5,language,language,language,ゴ,かた-る,joyo,K0584,584,2,30,4,U8A9E,08a9e.svg,,,draft,581–600,tree.png,,,,82,口|five,mouth|five,語
読,1556,372,14,2,N5,read,read,read,ドク,よ-む,joyo,K1556,1556,4,78,16,U8AAD,08aad.svg,,,draft,1541–1560,tree.png,,,,654,口|legs,mouth|legs,読
調,1415,373,15,3,N3,tune,tune,tune,チョウ,しら-べる,joyo,K1415,1415,3,71,15,U8ABF,08abf.svg,,,draft,1401–1420,mountain.png,,,,325,口|土,mouth|soil,調
談,1353,374,15,3,N3,discuss,discuss,discuss,ダン,,joyo,K1353,1353,3,68,13,U8AC7,08ac7.svg,,,draft,1341–1360,castle.png,,,,693,口|火,mouth|fire,談
諾,1325,375,15,S,N1,consent,consent,consent,ダク,,joyo,K1325,1325,3,67,5,U8AFE,08afe.svg,,,draft,1321–1340,bamboo.png,,,,2014,口,mouth,諾
諭,1967,376,16,S,N1,rebuke,rebuke,rebuke,ユ,さと-す,joyo,K1967,1967,4,99,7,U8AED,08aed.svg,,,draft,1961–1980,koi.png,,,,1736,口|月,mouth|moon,諭
式,826,377,6,3,N3,style,style,style,シキ,,joyo,K0826,826,2,42,6,U5F0F,05f0f.svg,,,draft,821–840,tree.png,,,,95,,,式
試,797,378,13,4,N4,test,test,test,シ,こころ-みる,joyo,K0797,797,2,40,17,U8A66,08a66.svg,,,draft,781–800,kujira.png,,,,334,口,mouth,試
弐,1579,379,6,S,N1,formal_two,formal_two,formal_two,ニ,ふた-つ,joyo,K1579,1579,4,79,19,U5F10,05f10.svg,,,draft,1561–1580,bamboo.png,,,,2332,一,one,弐
域,39,380,11,6,N3,range,range,range,イキ,,joyo,K0039,39,1,2,19,U57DF,057df.svg,,,draft,21–40,castle.png,,,,299,土|口|一,soil|mouth|one,域
賊,1274,381,13,S,N1,burglar,burglar,burglar,ゾク,,joyo,K1274,1274,3,64,14,U8CCA,08cca.svg,,,draft,1261–1280,kujira.png,,,,1513,貝|目|legs|split|十,shellfish|eye|legs|split|ten,賊
栽,700,382,10,S,N1,plantation,plantation,plantation,サイ,,joyo,K0700,700,2,35,20,U683D,0683d.svg,,,draft,681–700,mountain.png,,,,1602,十|木,ten|tree,栽
載,714,383,13,S,N1,load,load,load,サイ,の-せる,joyo,K0714,714,2,36,14,U8F09,08f09.svg,,,draft,701–720,tree.png,,,,399,十,ten,載
茂,1939,384,8,S,N1,overgrown,overgrown,overgrown,モ,しげ-る,joyo,K1939,1939,4,97,19,U8302,08302.svg,,,draft,1921–1940,bamboo.png,,,,1037,,,茂
戚,1148,385,11,S,,relatives,relatives,relatives,ソク,いた-む,joyo,K1148,1148,3,58,8,U621A,0621a.svg,,,draft,1141–1160,kujira.png,,,,2074,小,small,戚
成,1108,386,6,4,N3,become,become,become,セイ,な-る,joyo,K1108,1108,3,56,8,U6210,06210.svg,,,draft,1101–1120,castle.png,,,,35,,,成
城,1015,387,9,4,N3,castle,castle,castle,ジョウ,しろ,joyo,K1015,1015,3,51,15,U57CE,057ce.svg,,,draft,1001–1020,koi.png,,,,282,土,soil,城
誠,1129,388,13,6,N1,sincerity,sincerity,sincerity,セイ,まこと,joyo,K1129,1129,3,57,9,U8AA0,08aa0.svg,,,draft,1121–1140,koi.png,,,,1095,口,mouth,誠
威,22,389,9,S,N1,intimidate,intimidate,intimidate,イ,おど-す,joyo,K0022,22,1,2,2,U5A01,05a01.svg,,,draft,21–40,castle.png,,,,1209,女,woman,威
滅,1934,390,13,S,N1,destroy,destroy,destroy,メツ,ほろ-びる,joyo,K1934,1934,4,97,14,U6EC5,06ec5.svg,,,draft,1921–1940,bamboo.png,,,,836,水|火,water|fire,滅
減,554,391,12,5,N3,dwindle,dwindle,dwindle,ゲン,へ-る,joyo,K0554,554,2,28,14,U6E1B,06e1b.svg,,,draft,541–560,kujira.png,,,,794,水|口,water|mouth,減
蔑,1806,392,14,S,,disdain,disdain,disdain,ベツ,ないがしろ,joyo,K1806,1806,4,91,6,U8511,08511.svg,,,draft,1801–1820,bamboo.png,,,,2391,目,eye,蔑
桟,747,393,10,S,N1,scaffold,scaffold,scaffold,サン,かけはし,joyo,K0747,747,2,38,7,U685F,0685f.svg,,,draft,741–760,castle.png,,,,2345,木,tree,桟
銭,1188,394,14,6,N1,coin,coin,coin,セン,ぜに,joyo,K1188,1188,3,60,8,U92AD,092ad.svg,,,draft,1181–1200,tree.png,,,,1529,金,gold,銭
浅,1174,395,9,4,N3,shallow,shallow,shallow,セン,あさ-い,joyo,K1174,1174,3,59,14,U6D45,06d45.svg,,,draft,1161–1180,mountain.png,,,,987,水,water,浅
止,762,396,4,2,N4,stop,stop,stop,シ,と-まる,joyo,K0762,762,2,39,2,U6B62,06b62.svg,,,draft,761–780,koi.png,,,,320,,,止
歩,1817,397,8,2,N4,walk,walk,walk,ホ,ある-く,joyo,K1817,1817,4,91,17,U6B69,06b69.svg,,,draft,1801–1820,bamboo.png,,,,609,,,歩
渉,983,398,11,S,N1,ford,ford,ford,ショウ,わた-る,joyo,K0983,983,2,50,3,U6E09,06e09.svg,,,draft,981–1000,castle.png,,,,1234,水,water,渉
頻,1733,399,17,S,N1,repeatedly,repeatedly,repeatedly,ヒン,しき-りに,joyo,K1733,1733,4,87,13,U983B,0983b.svg,,,draft,1721–1740,koi.png,,,,1570,一|丶|貝|目|legs|split,one|drop|shellfish|eye|legs|split,頻
肯,612,400,8,S,N2,agreement,agreement,agreement,コウ,がえんじ-る,joyo,K0612,612,2,31,12,U80AF,080af.svg,,,draft,601–620,bamboo.png,,,,2255,月,moon,肯
企,301,401,6,S,N1,undertake,undertake,undertake,キ,くわだ-てる,joyo,K0301,301,1,16,1,U4F01,04f01.svg,,,draft,301–320,kujira.png,,,,480,,,企
歴,2100,402,14,5,N3,curriculum,curriculum,curriculum,レキ,,joyo,K2100,2100,5,105,20,U6B74,06b74.svg,,,draft,2081–2100,koi.png,,,,209,cliff|木,cliff|tree,歴
武,1760,403,8,5,N3,warrior,warrior,warrior,ブ,たけ,joyo,K1760,1760,4,88,20,U6B66,06b66.svg,,,draft,1741–1760,kujira.png,,,,300,一,one,武
賦,1757,404,15,S,N1,levy,levy,levy,フ,,joyo,K1757,1757,4,88,17,U8CE6,08ce6.svg,,,draft,1741–1760,kujira.png,,,,2322,貝|目|legs|split|一,shellfish|eye|legs|split|one,賦
正,1106,405,5,1,N4,correct,correct,correct,セイ,ただ-しい,joyo,K1106,1106,3,56,6,U6B63,06b63.svg,,,draft,1101–1120,castle.png,,,,144,一,one,正
証,995,406,12,5,N1,evidence,evidence,evidence,ショウ,あかし,joyo,K0995,995,2,50,15,U8A3C,08a3c.svg,,,draft,981–1000,castle.png,,,,639,口|一,mouth|one,証
政,1117,407,9,5,N3,politics,politics,politics,セイ,まつりごと,joyo,K1117,1117,3,56,17,U653F,0653f.svg,,,draft,1101–1120,castle.png,,,,151,一,one,政
定,1441,408,8,3,N3,determine,determine,determine,テイ,さだ-める,joyo,K1441,1441,3,73,1,U5B9A,05b9a.svg,,,draft,1441–1460,bamboo.png,,,,50,,,定
錠,1026,409,16,S,N1,lock,lock,lock,ジョウ,,joyo,K1026,1026,3,52,6,U9320,09320.svg,,,draft,1021–1040,kujira.png,,,,2198,金,gold,錠
走,1221,410,7,2,N4,run,run,run,ソウ,はし-る,joyo,K1221,1221,3,62,1,U8D70,08d70.svg,,,draft,1221–1240,castle.png,,,,514,土,soil,走
超,1408,411,12,S,N2,transcend,transcend,transcend,チョウ,こ-える,joyo,K1408,1408,3,71,8,U8D85,08d85.svg,,,draft,1401–1420,mountain.png,,,,673,土|口,soil|mouth,超
赴,1748,412,9,S,N1,proceed,proceed,proceed,フ,おもむ-く,joyo,K1748,1748,4,88,8,U8D74,08d74.svg,,,draft,1741–1760,kujira.png,,,,1668,土,soil,赴
越,84,413,12,S,N2,surpass,surpass,surpass,エツ,こ-す,joyo,K0084,84,1,5,4,U8D8A,08d8a.svg,,,draft,81–100,mountain.png,,,,625,土,soil,越
是,1103,414,9,S,N1,just_so,just_so,just_so,ゼ,これ,joyo,K1103,1103,3,56,3,U662F,0662f.svg,,,draft,1101–1120,castle.png,,,,1845,日,sun,是
題,1316,415,18,3,N4,topic,topic,topic,ダイ,,joyo,K1316,1316,3,66,16,U984C,0984c.svg,,,draft,1301–1320,tree.png,,,,331,日|一|丶|貝|目|legs|split,day|one|drop|shellfish|eye|legs|split,題
堤,1453,416,12,S,N1,dike,dike,dike,テイ,つつみ,joyo,K1453,1453,3,73,13,U5824,05824.svg,,,draft,1441–1460,bamboo.png,,,,1603,土|日,soil|day,堤
建,519,417,9,4,N4,build,build,build,ケン,た-てる,joyo,K0519,519,2,26,19,U5EFA,05efa.svg,,,draft,501–520,castle.png,,,,267,,,建
鍵,540,418,17,S,,key,key,key,ケン,かぎ,joyo,K0540,540,2,27,20,U9375,09375.svg,,,draft,521–540,koi.png,,,,1689,金,gold,鍵
延,88,419,8,6,N3,prolong,prolong,prolong,エン,の-びる,joyo,K0088,88,1,5,8,U5EF6,05ef6.svg,,,draft,81–100,mountain.png,,,,708,丶,drop,延
誕,1345,420,15,6,N1,nativity,nativity,nativity,タン,,joyo,K1345,1345,3,68,5,U8A95,08a95.svg,,,draft,1341–1360,castle.png,,,,951,口|丶,mouth|drop,誕
礎,1216,421,18,S,N1,cornerstone,cornerstone,cornerstone,ソ,いしずえ,joyo,K1216,1216,3,61,16,U790E,0790e.svg,,,draft,1201–1220,bamboo.png,,,,1224,石|木,stone|tree,礎
婿,1125,422,12,S,N1,bridegroom,bridegroom,bridegroom,セイ,むこ,joyo,K1125,1125,3,57,5,U5A7F,05a7f.svg,,,draft,1121–1140,koi.png,,,,2066,女|月,woman|moon,婿
衣,16,423,6,4,N3,garment,garment,garment,イ,ころも,joyo,K0016,16,1,1,16,U8863,08863.svg,,,draft,1–20,bamboo.png,,,,941,lid,lid,衣
裁,709,424,12,6,N1,judge,judge,judge,サイ,た-つ,joyo,K0709,709,2,36,9,U88C1,088c1.svg,,,draft,701–720,tree.png,,,,735,十|lid,ten|lid,裁
装,1241,425,12,6,N3,attire,attire,attire,ソウ,よそお-う,joyo,K1241,1241,3,63,1,U88C5,088c5.svg,,,draft,1241–1260,koi.png,,,,327,lid,lid,装
裏,2040,426,13,6,N3,reverse_side,reverse_side,reverse_side,リ,うら,joyo,K2040,2040,5,102,20,U88CF,088cf.svg,,,draft,2021–2040,tree.png,,,,913,lid,lid,裏
壊,193,427,16,S,N1,demolition,demolition,demolition,カイ,こわ-す,joyo,K0193,193,1,10,13,U58CA,058ca.svg,,,draft,181–200,kujira.png,,,,789,土|十|目|lid,soil|ten|eye|lid,壊
哀,2,428,9,S,N1,pathetic,pathetic,pathetic,アイ,あわ-れ,joyo,K0002,2,1,1,2,U54C0,054c0.svg,,,draft,1–20,bamboo.png,,,,1916,lid|口,lid|mouth,哀
遠,98,429,13,2,N4,far,far,far,エン,とお-い,joyo,K0098,98,1,5,18,U9060,09060.svg,,,draft,81–100,mountain.png,,,,712,土|口,soil|mouth,遠
猿,97,430,13,S,N1,monkey,monkey,monkey,エン,さる,joyo,K0097,97,1,5,17,U733F,0733f.svg,,,draft,81–100,mountain.png,,,,1567,土|口,soil|mouth,猿
初,944,431,7,4,N3,first_time,first_time,first_time,ショ,はじ-め,joyo,K0944,944,2,48,4,U521D,0521d.svg,,,draft,941–960,tree.png,,,,89,,,初
巾,428,432,3,S,,towel,towel,towel,キン,おお-い,joyo,K0428,428,1,22,8,U5DFE,05dfe.svg,,,draft,421–440,kujira.png,,,,2382,,,巾
布,1740,433,5,5,N3,linen,linen,linen,フ,ぬの,joyo,K1740,1740,4,87,20,U5E03,05e03.svg,,,draft,1721–1740,koi.png,,,,760,,,布
帆,1659,434,6,S,N1,sail,sail,sail,ハン,ほ,joyo,K1659,1659,4,83,19,U5E06,05e06.svg,,,draft,1641–1660,mountain.png,,,,1710,丶,drop,帆
幅,1768,435,12,S,N2,breadth,breadth,breadth,フク,はば,joyo,K1768,1768,4,89,8,U5E45,05e45.svg,,,draft,1761–1780,mountain.png,,,,891,一|口|田,one|mouth|field,幅
帽,1867,436,12,S,N2,cap,cap,cap,ボウ,ずきん,joyo,K1867,1867,4,94,7,U5E3D,05e3d.svg,,,draft,1861–1880,kujira.png,,,,1755,日|目,day|eye,帽
幕,1900,437,13,6,N1,curtain,curtain,curtain,マク,とばり,joyo,K1900,1900,4,95,20,U5E55,05e55.svg,,,draft,1881–1900,mountain.png,,,,717,日,sun,幕
幌,NA,438,13,H,,canopy,canopy,canopy,コウ,ほろ,heisig_extra,K2158,2158,5,108,18,U5E4C,05e4c.svg,,,draft,2141–2160,tree.png,,,,1119,日|小|legs,day|small|legs,幌
錦,440,439,16,S,N1,brocade,brocade,brocade,キン,にしき,joyo,K0440,440,1,22,20,U9326,09326.svg,,,draft,421–440,kujira.png,,,,1614,金,gold,錦
市,768,440,5,2,N4,market,market,market,シ,いち,joyo,K0768,768,2,39,8,U5E02,05e02.svg,,,draft,761–780,koi.png,,,,21,lid,lid,市
柿,209,441,9,S,,persimmon,persimmon,persimmon,シ,かき,joyo,K0209,209,1,11,9,U67FF,067ff.svg,,,draft,201–220,mountain.png,,,,1897,木|lid,tree|lid,柿
姉,780,442,8,2,N4,older_sister,older_sister,older_sister,シ,あね,joyo,K0780,780,2,39,20,U59C9,059c9.svg,,,draft,761–780,koi.png,,,,964,女|lid,woman|lid,姉
肺,1615,443,9,6,N1,lungs,lungs,lungs,ハイ,,joyo,K1615,1615,4,81,15,U80BA,080ba.svg,,,draft,1601–1620,koi.png,,,,1836,月|lid,moon|lid,肺
帯,1301,444,10,4,N3,sash,sash,sash,タイ,お-びる,joyo,K1301,1301,3,66,1,U5E2F,05e2f.svg,,,draft,1301–1320,tree.png,,,,586,,,帯
滞,1309,445,13,S,N1,stagnate,stagnate,stagnate,タイ,とどこお-る,joyo,K1309,1309,3,66,9,U6EDE,06ede.svg,,,draft,1301–1320,tree.png,,,,1458,水,water,滞
刺,778,446,8,S,N2,thorn,thorn,thorn,シ,さ-す,joyo,K0778,778,2,39,18,U523A,0523a.svg,,,draft,761–780,koi.png,,,,1173,木,tree,刺
制,1111,447,8,5,N3,control,control,control,セイ,,joyo,K1111,1111,3,56,11,U5236,05236.svg,,,draft,1101–1120,castle.png,,,,145,,,制
製,1131,448,14,5,N3,made_in,made_in,made_in,セイ,,joyo,K1131,1131,3,57,11,U88FD,088fd.svg,,,draft,1121–1140,koi.png,,,,261,,,製
転,1478,449,11,3,N4,revolve,revolve,revolve,テン,ころ-がる,joyo,K1478,1478,3,74,18,U8EE2,08ee2.svg,,,draft,1461–1480,castle.png,,,,286,一,one,転
芸,498,450,7,4,N3,art,art,art,ゲイ,う-える,joyo,K0498,498,1,25,18,U82B8,082b8.svg,,,draft,481–500,bamboo.png,,,,510,一,one,芸
雨,61,451,8,1,N5,rain,rain,rain,ウ,あめ,joyo,K0061,61,1,4,1,U96E8,096e8.svg,,,draft,61–80,kujira.png,,,,1065,,,雨
雲,67,452,12,2,N3,cloud,cloud,cloud,ウン,くも,joyo,K0067,67,1,4,7,U96F2,096f2.svg,,,draft,61–80,kujira.png,,,,908,一,one,雲
曇,1566,453,16,S,N2,cloudy_weather,cloudy_weather,cloudy_weather,ドン,くも-る,joyo,K1566,1566,4,79,6,U66C7,066c7.svg,,,draft,1561–1580,bamboo.png,,,,2190,日|一,day|one,曇
雷,2023,454,13,S,N1,thunder,thunder,thunder,ライ,かみなり,joyo,K2023,2023,5,102,3,U96F7,096f7.svg,,,draft,2021–2040,tree.png,,,,1110,田,field,雷
霜,1251,455,17,S,N1,frost,frost,frost,ソウ,しも,joyo,K1251,1251,3,63,11,U971C,0971c.svg,,,draft,1241–1260,koi.png,,,,2221,木|目,tree|eye,霜
冬,1499,456,5,2,N4,winter,winter,winter,トウ,ふゆ,joyo,K1499,1499,3,75,19,U51AC,051ac.svg,,,draft,1481–1500,koi.png,,,,1018,,,冬
天,1472,457,4,1,N5,heaven,heaven,heaven,テン,あまつ,joyo,K1472,1472,3,74,12,U5929,05929.svg,,,draft,1461–1480,castle.png,,,,198,一,one,天
妖,1994,458,7,S,,bewitched,bewitched,bewitched,ヨウ,あや-しい,joyo,K1994,1994,4,100,14,U5996,05996.svg,,,draft,1981–2000,kujira.png,,,,1226,女,woman,妖
沃,2014,459,7,S,,fertile,fertile,fertile,ヨウ,そそ-ぐ,,joyo,K2014,2014,5,101,U6C83,06c83.svg,06c83.svg,,,draft,2001–2020,mountain.png,,,2665,水,water,沃
橋,414,460,16,3,N3,bridge,bridge,bridge,キョウ,はし,joyo,K0414,414,1,21,14,U6A4B,06a4b.svg,,,draft,401–420,koi.png,,,,302,木|口,tree|mouth,橋
嬌,NA,461,15,H,,attractive,attractive,attractive,キョウ,なまめか-しい,heisig_extra,K2159,2159,5,108,19,U5B0C,05b0c.svg,,,draft,2141–2160,tree.png,,,,2863,女|口,woman|mouth,嬌
立,2045,462,5,1,N5,stand_up,stand_up,stand_up,リツ,た-つ,joyo,K2045,2045,5,103,5,U7ACB,07acb.svg,,,draft,2041–2060,bamboo.png,,,,46,,,立
泣,371,463,8,4,N3,cry,cry,cry,キュウ,な-く,joyo,K0371,371,1,19,11,U6CE3,06ce3.svg,,,draft,361–380,bamboo.png,,,,1649,水,water,泣
章,984,464,11,3,N3,chapter,chapter,chapter,ショウ,,joyo,K0984,984,2,50,4,U7AE0,07ae0.svg,,,draft,981–1000,castle.png,,,,558,日|十,day|ten,章
競,417,465,20,4,N3,compete,compete,compete,キョウ,きそ-う,joyo,K0417,417,1,21,17,U7AF6,07af6.svg,,,draft,401–420,koi.png,,,,449,口|legs,mouth|legs,競
帝,1447,466,9,S,N1,sovereign,sovereign,sovereign,テイ,みかど,joyo,K1447,1447,3,73,7,U5E1D,05e1d.svg,,,draft,1441–1460,bamboo.png,,,,550,,,帝
諦,1458,467,16,S,,renunciation,renunciation,renunciation,テイ,あきら-める,joyo,K1458,1458,3,73,18,U8AE6,08ae6.svg,,,draft,1441–1460,bamboo.png,,,,2115,口,mouth,諦
童,1541,468,12,3,N3,juvenile,juvenile,juvenile,ドウ,わらべ,joyo,K1541,1541,4,78,1,U7AE5,07ae5.svg,,,draft,1541–1560,tree.png,,,,1028,,,童
瞳,1546,469,17,S,N1,pupil,pupil,pupil,ドウ,ひとみ,joyo,K1546,1546,4,78,6,U77B3,077b3.svg,,,draft,1541–1560,tree.png,,,,1731,目,eye,瞳
鐘,1008,470,20,S,N1,bell,bell,bell,ショウ,かね,joyo,K1008,1008,3,51,8,U9418,09418.svg,,,draft,1001–1020,koi.png,,,,1738,金,gold,鐘
商,982,471,11,3,N3,deal,deal,deal,ショウ,あきな-う,joyo,K0982,982,2,50,2,U5546,05546.svg,,,draft,981–1000,castle.png,,,,434,legs|口,legs|mouth,商
嫡,1375,472,14,S,N1,legitimate_wife,legitimate_wife,legitimate_wife,チャク,,joyo,K1375,1375,3,69,15,U5AE1,05ae1.svg,,,draft,1361–1380,koi.png,,,,1947,女|十|口,woman|ten|mouth,嫡
適,1464,473,14,5,N3,suitable,suitable,suitable,テキ,かな-う,joyo,K1464,1464,3,74,4,U9069,09069.svg,,,draft,1461–1480,castle.png,,,,862,十|口,ten|mouth,適
滴,1463,474,14,S,N2,drip,drip,drip,テキ,しずく,joyo,K1463,1463,3,74,3,U6EF4,06ef4.svg,,,draft,1461–1480,castle.png,,,,2257,水|十|口,water|ten|mouth,滴
敵,1465,475,15,6,N1,enemy,enemy,enemy,テキ,かたき,joyo,K1465,1465,3,74,5,U6575,06575.svg,,,draft,1461–1480,castle.png,,,,773,十|口,ten|mouth,敵
匕,NA,476,2,H,,spoon,spoon,spoon,ヒ,さじ,heisig_extra,K2160,2160,5,108,20,U5315,05315.svg,,,draft,2141–2160,tree.png,,, ,3005,,,匕
叱,NA,477,5,H,,scold,scold,scold,シツ,しか-る,heisig_extra,K2161,2161,5,109,1,U53F1,053f1.svg,,,draft,2161–2180,bamboo.png,,, ,2199,口|cut,mouth|cut,叱
匂,1580,478,4,S,,scent,scent,scent,,にお-う,joyo,K1580,1580,4,79,20,U5302,05302.svg,,,draft,1561–1580,bamboo.png,,,,2308,,,匂
頃,669,479,11,S,,about_that_time,about_that_time,about_that_time,ケイ,ころ,joyo,K0669,669,2,34,9,U9803,09803.svg,,,draft,661–680,kujira.png,,,,624,一|丶|貝|目|legs|split,one|drop|shellfish|eye|legs|split,頃
北,1875,480,5,2,N5,north,north,north,ホク,きた,joyo,K1875,1875,4,94,15,U5317,05317.svg,,,draft,1861–1880,kujira.png,,,,116,,,北
背,1614,481,9,6,N3,back,back,back,ハイ,せ,joyo,K1614,1614,4,81,14,U80CC,080cc.svg,,,draft,1601–1620,koi.png,,,,811,月,moon,背
比,1683,482,4,5,N3,compare,compare,compare,ヒ,くら-べる,joyo,K1683,1683,4,85,3,U6BD4,06bd4.svg,,,draft,1681–1700,bamboo.png,,,,571,,,比
昆,672,483,8,S,N1,descendants,descendants,descendants,コン,,joyo,K0672,672,2,34,12,U6606,06606.svg,,,draft,661–680,kujira.png,,,,1714,日,sun,昆
皆,184,484,9,S,N2,everyone,everyone,everyone,カイ,みな,joyo,K0184,184,1,10,4,U7686,07686.svg,,,draft,181–200,kujira.png,,,,1552,,,皆
楷,190,485,13,S,,block_letters,block_letters,block_letters,カイ,,joyo,K0190,190,1,10,10,U6977,06977.svg,,,draft,181–200,kujira.png,,,,2883,,,楷
諧,195,486,16,S,,orderliness,orderliness,orderliness,カイ,かな-う,joyo,K0195,195,1,10,15,U8AE7,08ae7.svg,,,draft,181–200,kujira.png,,,,2658,,,諧
混,676,487,11,5,N3,mix,mix,mix,コン,ま-じる,joyo,K0676,676,2,34,16,U6DF7,06df7.svg,,,draft,661–680,kujira.png,,,,1004,水|日,water|day,混
渇,236,488,11,S,N1,thirst,thirst,thirst,カツ,かわ-く,joyo,K0236,236,1,12,16,U6E07,06e07.svg,,,draft,221–240,tree.png,,,,2398,水|日,water|day,渇
謁,85,489,15,S,N1,audience,audience,audience,エツ,,joyo,K0085,85,1,5,5,U8B01,08b01.svg,,,draft,81–100,mountain.png,,,,2500,口|日,mouth|day,謁
褐,240,490,13,S,N1,brown,brown,brown,カツ,,joyo,K0240,240,1,12,20,U8910,08910.svg,,,draft,221–240,tree.png,,,,1975,日,sun,褐
喝,235,491,11,S,N1,hoarse,hoarse,hoarse,カツ,,joyo,K0235,235,1,12,15,U559D,0559d.svg,,,draft,221–240,tree.png,,,,2412,口|日,mouth|day,喝
葛,238,492,12,S,,kudzu,kudzu,kudzu,カツ,つづら,joyo,K0238,238,1,12,18,U845B,0845b.svg,,,draft,221–240,tree.png,,,,1446,日,sun,葛
旨,770,493,6,S,N1,delicious,delicious,delicious,シ,むね,joyo,K0770,770,2,39,10,U65E8,065e8.svg,,,draft,761–780,koi.png,,,,1545,1,1,旨
脂,791,494,10,S,N2,fat,fat,fat,シ,あぶら,joyo,K0791,791,2,40,11,U8102,08102.svg,,,draft,781–800,kujira.png,,,,1656,3,3,脂
詣,491,495,13,S,,visit_shrine,visit_shrine,visit_shrine,ケイ,けい-する,joyo,K0491,491,1,25,11,U8A63,08a63.svg,,,draft,481–500,bamboo.png,,,,2154,2,2,詣
壱,42,496,7,S,N1,formal_one,formal_one,formal_one,イチ,ひとつ,joyo,K0042,42,1,3,2,U58F1,058f1.svg,,,draft,41–60,koi.png,,,,2139,,,壱
毎,1895,497,6,2,N5,every,every,every,マイ,ごと,joyo,K1895,1895,4,95,15,U6BCE,06bce.svg,,,draft,1881–1900,mountain.png,,,,660,女,woman,毎
敏,1734,498,10,S,N1,cleverness,cleverness,cleverness,ビン,さとい,joyo,K1734,1734,4,87,14,U654F,0654f.svg,,,draft,1721–1740,koi.png,,,,1236,女|体,woman|body,敏
梅,1624,499,10,4,N1,ume,ume,ume,バイ,うめ,joyo,K1624,1624,4,82,4,U6885,06885.svg,,,draft,1621–1640,kujira.png,,,,1105,木|女|体,tree|woman|body,梅
海,182,500,9,2,N4,sea,sea,sea,カイ,うみ,joyo,K0182,182,1,10,2,U6D77,06d77.svg,,,draft,181–200,kujira.png,,,,117,水|女|体,water|woman|body,海
乞,650,501,3,S,,beg,beg,beg,コツ,こ-う,joyo,K0650,650,2,33,10,U4E5E,04e5e.svg,,,draft,641–660,koi.png,,,,2331,,,乞
乾,259,502,11,S,N2,drought,drought,drought,カン,かわ-く,joyo,K0259,259,1,13,19,U4E7E,04e7e.svg,,,draft,241–260,bamboo.png,,,,1512,十|日,ten|day,乾
腹,1771,503,13,6,N3,abdomen,abdomen,abdomen,フク,はら,joyo,K1771,1771,4,89,11,U8179,08179.svg,,,draft,1761–1780,mountain.png,,,,1347,月|日,moon|day,腹
複,1772,504,14,5,N3,duplicate,duplicate,duplicate,フク,,joyo,K1772,1772,4,89,12,U8907,08907.svg,,,draft,1761–1780,mountain.png,,,,729,日,sun,複
欠,506,505,4,4,N3,lack,lack,lack,ケツ,か-ける,joyo,K0506,506,2,26,6,U6B20,06b20.svg,,,draft,501–520,castle.png,,,,1067,,,欠
吹,1082,506,7,S,N2,blow,blow,blow,スイ,ふ-く,joyo,K1082,1082,3,55,2,U5439,05439.svg,,,draft,1081–1100,bamboo.png,,,,915,口,mouth,吹
炊,1084,507,8,S,N1,cook,cook,cook,スイ,た-く,joyo,K1084,1084,3,55,4,U708A,0708a.svg,,,draft,1081–1100,bamboo.png,,,,2385,火,fire,炊
歌,159,508,14,2,N4,song,song,song,カ,うた,joyo,K0159,159,1,8,19,U6B4C,06b4c.svg,,,draft,141–160,castle.png,,,,222,口,mouth,歌
軟,1575,509,11,S,N2,soft,soft,soft,ナン,やわ-らか,joyo,K1575,1575,4,79,15,U8EDF,08edf.svg,,,draft,1561–1580,bamboo.png,,,,1642,,,軟
次,809,510,6,3,N3,next,next,next,ジ,つ-ぐ,joyo,K0809,809,2,41,9,U6B21,06b21.svg,,,draft,801–820,mountain.png,,,,211,,,次
茨,44,511,9,4,,briar,briar,briar,シ,いばら,joyo,K0044,44,1,3,4,U8328,08328.svg,,,draft,41–60,koi.png,,,,1269,,,茨
資,799,512,13,5,N3,assets,assets,assets,シ,,joyo,K0799,799,2,40,19,U8CC7,08cc7.svg,,,draft,781–800,kujira.png,,,,402,貝|目|legs|split,shellfish|eye|legs|split,資
姿,784,513,9,6,N1,figure,figure,figure,シ,すがた,joyo,K0784,784,2,40,4,U59FF,059ff.svg,,,draft,781–800,kujira.png,,,,770,女,woman,姿
諮,805,514,16,S,N1,consult_with,consult_with,consult_with,シ,はか-る,joyo,K0805,805,2,41,5,U8AEE,08aee.svg,,,draft,801–820,mountain.png,,,,2367,口,mouth,諮
賠,1629,515,15,S,N1,compensation,compensation,compensation,バイ,,joyo,K1629,1629,4,82,9,U8CE0,08ce0.svg,,,draft,1621–1640,kujira.png,,,,1888,貝|目|legs|split|口,shellfish|eye|legs|split|mouth,賠
培,1625,516,11,S,N1,cultivate,cultivate,cultivate,バイ,つちか-う,joyo,K1625,1625,4,82,5,U57F9,057f9.svg,,,draft,1621–1640,kujira.png,,,,1481,土|口,soil|mouth,培
剖,1863,517,10,S,N1,divide,divide,divide,ボウ,,joyo,K1863,1863,4,94,3,U5256,05256.svg,,,draft,1861–1880,kujira.png,,,,2247,口,mouth,剖
音,127,518,9,1,N4,sound,sound,sound,オン,おと,joyo,K0127,127,1,7,7,U97F3,097f3.svg,,,draft,121–140,bamboo.png,,,,202,日,sun,音
暗,14,519,13,3,N4,darkness,darkness,darkness,アン,くら-い,joyo,K0014,14,1,1,14,U6697,06697.svg,,,draft,1–20,bamboo.png,,,,994,1,1,暗
韻,57,520,19,S,N1,rhyme,rhyme,rhyme,イン,,joyo,K0057,57,1,3,17,U97FB,097fb.svg,,,draft,41–60,koi.png,,,,2158,日|口|貝|目|legs|split,day|mouth|shellfish|eye|legs|split,韻
識,827,521,19,5,N3,discriminating,discriminating,discriminating,シキ,し-る,joyo,K0827,827,2,42,7,U8B58,08b58.svg,,,draft,821–840,tree.png,,,,764,口|日,mouth|day,識
鏡,416,522,19,4,N1,mirror,mirror,mirror,キョウ,かがみ,joyo,K0416,416,1,21,16,U93E1,093e1.svg,,,draft,401–420,koi.png,,,,1177,金|日|legs,gold|day|legs,鏡
境,413,523,14,5,N3,boundary,boundary,boundary,キョウ,さかい,joyo,K0413,413,1,21,13,U5883,05883.svg,,,draft,401–420,koi.png,,,,587,土|日|legs,soil|day|legs,境
亡,1852,524,3,6,N3,deceased,deceased,deceased,ボウ,な-い,joyo,K1852,1852,4,93,12,U4EA1,04ea1.svg,,,draft,1841–1860,koi.png,,,,736,lid,lid,亡
盲,1943,525,8,S,N1,blind,blind,blind,モウ,めくら,joyo,K1943,1943,4,98,3,U76F2,076f2.svg,,,draft,1941–1960,castle.png,,,,2117,lid|目,lid|eye,盲
妄,1942,526,6,S,N1,delusion,delusion,delusion,モウ,みだ-りに,joyo,K1942,1942,4,98,2,U5984,05984.svg,,,draft,1941–1960,castle.png,,,,2043,lid|女,lid|woman,妄
荒,619,527,9,S,N2,laid_waste,laid_waste,laid_waste,コウ,あ-らす,joyo,K0619,619,2,31,19,U8352,08352.svg,,,draft,601–620,bamboo.png,,,,997,lid,lid,荒
望,1865,528,11,4,N3,ambition,ambition,ambition,ボウ,のぞ-む,joyo,K1865,1865,4,94,5,U671B,0671b.svg,,,draft,1861–1880,kujira.png,,,,714,lid|月|ball,lid|moon|ball,望
方,1829,529,4,2,N4,direction,direction,direction,ホウ,かた,joyo,K1829,1829,4,92,9,U65B9,065b9.svg,,,draft,1821–1840,castle.png,,,,84,,,方
妨,1856,530,7,S,N1,disturb,disturb,disturb,ボウ,さまた-げる,joyo,K1856,1856,4,93,16,U59A8,059a8.svg,,,draft,1841–1860,koi.png,,,,1705,女,woman,妨
坊,1855,531,7,S,N2,boy,boy,boy,ボウ,,joyo,K1855,1855,4,93,15,U574A,0574a.svg,,,draft,1841–1860,koi.png,,,,1311,土,soil,坊
芳,1831,532,7,S,N1,perfume,perfume,perfume,ホウ,かんば-しい,joyo,K1831,1831,4,92,11,U82B3,082b3.svg,,,draft,1821–1840,castle.png,,,,1260,,,芳
肪,1860,533,8,S,N1,obese,obese,obese,ボウ,,joyo,K1860,1860,4,93,20,U80AA,080aa.svg,,,draft,1841–1860,koi.png,,,,2217,月,moon,肪
訪,1845,534,11,6,N3,call_on,call_on,call_on,ホウ,おとず-れる,joyo,K1845,1845,4,93,5,U8A2A,08a2a.svg,,,draft,1841–1860,koi.png,,,,848,口,mouth,訪
放,1836,535,8,3,N3,release,release,release,ホウ,はな-す,joyo,K1836,1836,4,92,16,U653E,0653e.svg,,,draft,1821–1840,castle.png,,,,120,,,放
激,504,536,16,6,N1,violent,violent,violent,ゲキ,はげ-しい,joyo,K0504,504,2,26,4,U6FC0,06fc0.svg,,,draft,501–520,castle.png,,,,870,水,water,激
脱,1329,537,11,S,N1,undress,undress,undress,ダツ,ぬ-ぐ,joyo,K1329,1329,3,67,9,U8131,08131.svg,,,draft,1321–1340,bamboo.png,,,,840,月|horns|口|legs,moon|horns|mouth|legs,脱
説,1163,538,14,4,N4,theory,theory,theory,セツ,と-く,joyo,K1163,1163,3,59,3,U8AAC,08aac.svg,,,draft,1161–1180,mountain.png,,,,289,口|horns|legs,mouth|horns|legs,説
鋭,76,539,15,S,N2,pointed,pointed,pointed,エイ,するど-い,joyo,K0076,76,1,4,16,U92ED,092ed.svg,,,draft,61–80,kujira.png,,,,1715,金|horns|口|legs,gold|horns|mouth|legs,鋭
曽,1234,540,11,S,,formerly,formerly,formerly,ソウ,かつ,joyo,K1234,1234,3,62,14,U66FD,066fd.svg,,,draft,1221–1240,castle.png,,,,1460,3,3,曽
増,1256,541,14,5,N3,increase,increase,increase,ゾウ,ま-す,joyo,K1256,1256,3,63,16,U5897,05897.svg,,,draft,1241–1260,koi.png,,,,511,4,4,増
贈,1259,542,18,S,N2,presents,presents,presents,ゾウ,おく-る,joyo,K1259,1259,3,63,19,U8D08,08d08.svg,,,draft,1241–1260,koi.png,,,,1375,7,7,贈
東,1504,543,8,2,N5,east,east,east,トウ,ひがし,joyo,K1504,1504,4,76,4,U6771,06771.svg,,,draft,1501–1520,kujira.png,,,,31,日|木,day|tree,東
棟,1520,544,12,S,N1,ridgepole,ridgepole,ridgepole,トウ,むね,joyo,K1520,1520,4,76,20,U68DF,068df.svg,,,draft,1501–1520,kujira.png,,,,1345,2,2,棟
凍,1508,545,10,S,N2,frozen,frozen,frozen,トウ,こお-る,joyo,K1508,1508,4,76,8,U51CD,051cd.svg,,,draft,1501–1520,kujira.png,,,,1771,2,2,凍
妊,1588,546,7,S,N1,pregnancy,pregnancy,pregnancy,ニン,はら-む,joyo,K1588,1588,4,80,8,U598A,0598a.svg,,,draft,1581–1600,castle.png,,,,1696,女|丶,woman|drop,妊
廷,1439,547,7,S,N1,courts,courts,courts,テイ,,joyo,K1439,1439,3,72,19,U5EF7,05ef7.svg,,,draft,1421–1440,tree.png,,,,1442,丶,drop,廷
染,1176,548,9,6,N1,dye,dye,dye,セン,そ-める,joyo,K1176,1176,3,59,16,U67D3,067d3.svg,,,draft,1161–1180,mountain.png,,,,889,水|ball|木,water|ball|tree,染
燃,1597,549,16,5,N3,burn,burn,burn,ネン,も-える,joyo,K1597,1597,4,80,17,U71C3,071c3.svg,,,draft,1581–1600,castle.png,,,,1085,火|月|丶,fire|moon|drop,燃
賓,1732,550,15,S,N1,vip,vip,vip,ヒン,まろうど,joyo,K1732,1732,4,87,12,U8CD3,08cd3.svg,,,draft,1721–1740,koi.png,,,,2393,一|貝|目|legs|split,one|shellfish|eye|legs|split,賓
歳,713,551,13,S,N2,year_end,year_end,year_end,サイ,とし,joyo,K0713,713,2,36,13,U6B73,06b73.svg,,,draft,701–720,tree.png,,,,410,一|小,one|small,歳
県,521,552,9,3,N4,prefecture,prefecture,prefecture,ケン,か-ける,joyo,K0521,521,2,27,1,U770C,0770c.svg,,,draft,521–540,koi.png,,,,59,目|小,eye|small,県
栃,1557,553,9,4,,horse_chestnut,horse_chestnut,horse_chestnut,,とち,joyo,K1557,1557,4,78,17,U6803,06803.svg,,,draft,1541–1560,tree.png,,,,1363,木|cliff|一,tree|cliff|one,栃
地,1355,554,6,2,N4,ground,ground,ground,チ,,joyo,K1355,1355,3,68,15,U5730,05730.svg,,,draft,1341–1360,castle.png,,,,16,土,soil,地
池,1356,555,6,2,N4,pond,pond,pond,チ,いけ,joyo,K1356,1356,3,68,16,U6C60,06c60.svg,,,draft,1341–1360,castle.png,,,,663,水,water,池
虫,1378,556,6,1,N3,insect,insect,insect,チュウ,むし,joyo,K1378,1378,3,69,18,U866B,0866b.svg,,,draft,1361–1380,koi.png,,,,1121,口,mouth,虫
蛍,484,557,11,S,N1,lightning_bug,lightning_bug,lightning_bug,ケイ,ほたる,joyo,K0484,484,1,25,4,U86CD,086cd.svg,,,draft,481–500,bamboo.png,,,,2105,,,蛍
蛇,854,558,11,S,N1,snake,snake,snake,ジャ,へび,joyo,K0854,854,2,43,14,U86C7,086c7.svg,,,draft,841–860,bamboo.png,,,,1709,,,蛇
虹,1582,559,9,S,N1,rainbow,rainbow,rainbow,コウ,にじ,joyo,K1582,1582,4,80,2,U8679,08679.svg,,,draft,1581–1600,castle.png,,,,1757,,,虹
蝶,NA,560,15,H,N1,butterfly,butterfly,butterfly,チョウ,,heisig_extra,K2162,2162,5,109,2,U8776,08776.svg,,,draft,2161–2180,bamboo.png,,,,1883,木,tree,蝶
独,1555,561,9,5,N3,alone,alone,alone,ドク,ひと-り,joyo,K1555,1555,4,78,15,U72EC,072ec.svg,,,draft,1541–1560,tree.png,,,,470,,,独
蚕,748,562,10,6,N1,silkworm,silkworm,silkworm,サン,かいこ,joyo,K0748,748,2,38,8,U8695,08695.svg,,,draft,741–760,castle.png,,,,2236,,,蚕
風,1764,563,9,2,N4,wind,wind,wind,フウ,かぜ,joyo,K1764,1764,4,89,4,U98A8,098a8.svg,,,draft,1761–1780,mountain.png,,,,385,丶,drop,風
己,557,564,3,6,N1,self,self,self,コ,おのれ,joyo,K0557,557,2,28,17,U5DF1,05df1.svg,,,draft,541–560,kujira.png,,,,1128,,,己
起,317,565,10,3,N4,wake_up,wake_up,wake_up,キ,お-きる,joyo,K0317,317,1,16,17,U8D77,08d77.svg,,,draft,301–320,kujira.png,,,,361,土,soil,起
妃,1685,566,6,S,N1,queen,queen,queen,ヒ,きさき,joyo,K1685,1685,4,85,5,U5983,05983.svg,,,draft,1681–1700,bamboo.png,,,,1497,女,woman,妃
改,178,567,7,4,N3,reformation,reformation,reformation,カイ,あらた-める,joyo,K0178,178,1,9,18,U6539,06539.svg,,,draft,161–180,koi.png,,,,244,,,改
記,316,568,10,2,N3,scribe,scribe,scribe,キ,しる-す,joyo,K0316,316,1,16,16,U8A18,08a18.svg,,,draft,301–320,kujira.png,,,,104,口,mouth,記
包,1830,569,5,4,N3,wrap,wrap,wrap,ホウ,つつ-む,joyo,K1830,1830,4,92,10,U5305,05305.svg,,,draft,1821–1840,castle.png,,,,1182,,,包
胞,1839,570,9,S,N1,placenta,placenta,placenta,ホウ,,joyo,K1839,1839,4,92,19,U80DE,080de.svg,,,draft,1821–1840,castle.png,,,,1069,月,moon,胞
砲,1843,571,10,S,N1,cannon,cannon,cannon,ホウ,,joyo,K1843,1843,4,93,3,U7832,07832.svg,,,draft,1841–1860,koi.png,,,,797,石,stone,砲
泡,1838,572,8,S,N1,bubbles,bubbles,bubbles,ホウ,あわ,joyo,K1838,1838,4,92,18,U6CE1,06ce1.svg,,,draft,1821–1840,castle.png,,,,2172,水,water,泡
亀,324,573,11,S,N1,turtle,turtle,turtle,キ,かめ,joyo,K0324,324,1,17,4,U4E80,04e80.svg,,,draft,321–340,mountain.png,,,,1139,1,1,亀
電,1483,574,13,2,N5,electricity,electricity,electricity,デン,,joyo,K1483,1483,3,75,3,U96FB,096fb.svg,,,draft,1481–1500,koi.png,,,,171,1,1,電
竜,2052,575,10,S,N1,dragon,dragon,dragon,リュウ,たつ,joyo,K2052,2052,5,103,12,U7ADC,07adc.svg,,,draft,2041–2060,bamboo.png,,,,879,1,1,竜
滝,1317,576,13,S,N1,waterfall,waterfall,waterfall,ロウ,たき,joyo,K1317,1317,3,66,17,U6EDD,06edd.svg,,,draft,1301–1320,tree.png,,,,1206,2,2,滝
豚,1562,577,11,S,N1,pork,pork,pork,トン,ぶた,joyo,K1562,1562,4,79,2,U8C5A,08c5a.svg,,,draft,1561–1580,bamboo.png,,,,2018,月,moon,豚
逐,1368,578,10,S,N1,pursue,pursue,pursue,チク,,joyo,K1368,1368,3,69,8,U9010,09010.svg,,,draft,1361–1380,koi.png,,,,1376,,,逐
遂,1090,579,12,S,N1,consummate,consummate,consummate,スイ,と-げる,joyo,K1090,1090,3,55,10,U9042,09042.svg,,,draft,1081–1100,bamboo.png,,,,1427,horns,horns,遂
家,147,580,10,2,N4,house,house,house,カ,いえ,joyo,K0147,147,1,8,7,U5BB6,05bb6.svg,,,draft,141–160,castle.png,,,,67,,,家
嫁,154,581,13,S,N1,marry_into,marry_into,marry_into,カ,よめ,joyo,K0154,154,1,8,14,U5AC1,05ac1.svg,,,draft,141–160,castle.png,,,,1584,女,woman,嫁
豪,656,582,14,S,N1,overpowering,overpowering,overpowering,ゴウ,えら-い,joyo,K0656,656,2,33,16,U8C6A,08c6a.svg,,,draft,641–660,koi.png,,,,1131,lid|口,lid|mouth,豪
腸,1409,583,13,6,N1,intestines,intestines,intestines,チョウ,はらわた,joyo,K1409,1409,3,71,9,U8178,08178.svg,,,draft,1401–1420,mountain.png,,,,1850,月|日,moon|day,腸
場,1020,584,12,2,N4,location,location,location,ジョウ,ば,joyo,K1020,1020,3,51,20,U5834,05834.svg,,,draft,1001–1020,koi.png,,,,20,土|日,soil|day,場
湯,1521,585,12,3,N3,hot_water,hot_water,hot_water,トウ,ゆ,joyo,K1521,1521,4,77,1,U6E6F,06e6f.svg,,,draft,1521–1540,mountain.png,,,,1082,水|日,water|day,湯
羊,1993,586,6,3,N1,sheep,sheep,sheep,ヨウ,ひつじ,joyo,K1993,1993,4,100,13,U7F8A,07f8a.svg,,,draft,1981–2000,kujira.png,,,,1772,horns,horns,羊
美,1705,587,9,3,N3,beauty,beauty,beauty,ビ,うつく-しい,joyo,K1705,1705,4,86,5,U7F8E,07f8e.svg,,,draft,1701–1720,castle.png,,,,167,,,美
洋,1995,588,9,3,N4,ocean,ocean,ocean,ヨウ,,joyo,K1995,1995,4,100,15,U6D0B,06d0b.svg,,,draft,1981–2000,kujira.png,,,,474,水,water,洋
詳,1000,589,13,S,N1,detailed,detailed,detailed,ショウ,くわ-しい,joyo,K1000,1000,2,50,20,U8A73,08a73.svg,,,draft,981–1000,castle.png,,,,910,口,mouth,詳
鮮,1195,590,17,S,N1,fresh,fresh,fresh,セン,あざ-やか,joyo,K1195,1195,3,60,15,U9BAE,09bae.svg,,,draft,1181–1200,tree.png,,,,925,田,field,鮮
達,1328,591,12,4,N3,attain,attain,attain,タツ,-たち,joyo,K1328,1328,3,67,8,U9054,09054.svg,,,draft,1321–1340,bamboo.png,,,,356,土,soil,達
羨,1183,592,13,S,,envious,envious,envious,セン,うらや-む,joyo,K1183,1183,3,60,3,U7FA8,07fa8.svg,,,draft,1181–1200,tree.png,,,,2654,水,water,羨
差,688,593,10,4,N3,distinction,distinction,distinction,サ,さ-す,joyo,K0688,688,2,35,8,U5DEE,05dee.svg,,,draft,681–700,mountain.png,,,,588,,,差
着,1374,594,12,3,N4,wear,wear,wear,チャク,き-る,joyo,K1374,1374,3,69,14,U7740,07740.svg,,,draft,1361–1380,koi.png,,,,347,目,eye,着
唯,1970,595,11,S,N1,solely,solely,solely,ユイ,ただ,joyo,K1970,1970,4,99,10,U552F,0552f.svg,,,draft,1961–1980,koi.png,,,,1041,口,mouth,唯
堆,1303,596,11,S,,piled_high,piled_high,piled_high,タイ,うずたか-い,joyo,K1303,1303,3,66,3,U5806,05806.svg,,,draft,1301–1320,tree.png,,,,2077,土,soil,堆
椎,1428,597,12,S,N1,sweet_oak,sweet_oak,sweet_oak,ツイ,つち,joyo,K1428,1428,3,72,8,U690E,0690e.svg,,,draft,1421–1440,tree.png,,,,1624,木,tree,椎
誰,1332,598,15,S,,who,who,who,スイ,だれ,joyo,K1332,1332,3,67,12,U8AB0,08ab0.svg,,,draft,1321–1340,bamboo.png,,,,1273,口,mouth,誰
焦,991,599,12,S,N1,char,char,char,ショウ,こ-げる,joyo,K0991,991,2,50,11,U7126,07126.svg,,,draft,981–1000,castle.png,,,,1865,,,焦
礁,1007,600,17,S,N1,reef,reef,reef,ショウ,,joyo,K1007,1007,3,51,7,U7901,07901.svg,,,draft,1001–1020,koi.png,,,,1998,石,stone,礁
集,901,601,12,3,N4,gather,gather,gather,シュウ,あつ-まる,joyo,K0901,901,2,46,1,U96C6,096c6.svg,,,draft,901–920,kujira.png,,,,176,木,tree,集
准,935,602,10,S,N1,quasi,quasi,quasi,ジュン,,joyo,K0935,935,2,47,15,U51C6,051c6.svg,,,draft,921–940,mountain.png,,,,1660,,,准
進,1060,603,11,3,N4,advance,advance,advance,シン,すす-む,joyo,K1060,1060,3,53,20,U9032,09032.svg,,,draft,1041–1060,mountain.png,,,,235,,,進
雑,742,604,14,5,N3,miscellaneous,miscellaneous,miscellaneous,ザツ,まじ-える,joyo,K0742,742,2,38,2,U96D1,096d1.svg,,,draft,741–760,castle.png,,,,803,ball|木,ball|tree,雑
雌,802,605,14,S,N1,female,female,female,シ,め-,joyo,K0802,802,2,41,2,U96CC,096cc.svg,,,draft,801–820,mountain.png,,,,2011,,,雌
準,940,606,13,5,N3,conform,conform,conform,ジュン,じゅん-じる,joyo,K0940,940,2,47,20,U6E96,06e96.svg,,,draft,921–940,mountain.png,,,,498,水|十,water|ten,準
奮,1784,607,16,6,N1,stirred_up,stirred_up,stirred_up,フン,ふる-う,joyo,K1784,1784,4,90,4,U596E,0596e.svg,,,draft,1781–1800,tree.png,,,,1821,田,field,奮
奪,1330,608,14,S,N1,rob,rob,rob,ダツ,うば-う,joyo,K1330,1330,3,67,10,U596A,0596a.svg,,,draft,1321–1340,bamboo.png,,,,936,,,奪
確,222,609,15,5,N3,assurance,assurance,assurance,カク,たし-か,joyo,K0222,222,1,12,2,U78BA,078ba.svg,,,draft,221–240,tree.png,,,,553,石,stone,確
午,578,610,4,2,N5,noon,noon,noon,ゴ,うま,joyo,K0578,578,2,29,18,U5348,05348.svg,,,draft,561–580,mountain.png,,,,1154,,,午
許,389,611,11,5,N3,permit,permit,permit,キョ,ゆる-す,joyo,K0389,389,1,20,9,U8A31,08a31.svg,,,draft,381–400,castle.png,,,,817,口,mouth,許
歓,280,612,15,S,N1,delight,delight,delight,カン,よろこ-ぶ,joyo,K0280,280,1,14,20,U6B53,06b53.svg,,,draft,261–280,castle.png,,,,1892,,,歓
権,536,613,15,6,N3,rights,rights,rights,ケン,おもり,joyo,K0536,536,2,27,16,U6A29,06a29.svg,,,draft,521–540,koi.png,,,,275,木,tree,権
観,288,614,18,4,N3,observe,observe,observe,カン,み-る,joyo,K0288,288,1,15,8,U89B3,089b3.svg,,,draft,281–300,koi.png,,,,422,目|legs,eye|legs,観
羽,60,615,6,2,N3,feathers,feathers,feathers,ウ,は,joyo,K0060,60,1,3,20,U7FBD,07fbd.svg,,,draft,41–60,koi.png,,,,766,,,羽
習,897,616,11,3,N4,learn,learn,learn,シュウ,なら-う,joyo,K0897,897,2,45,17,U7FD2,07fd2.svg,,,draft,881–900,koi.png,,,,685,,,習
翌,2017,617,11,6,N3,following_day,following_day,following_day,ヨク,,joyo,K2017,2017,5,101,17,U7FCC,07fcc.svg,,,draft,2001–2020,mountain.png,,,,722,,,翌
曜,2012,618,18,2,N4,weekday,weekday,weekday,ヨウ,,joyo,K2012,2012,5,101,12,U66DC,066dc.svg,,,draft,2001–2020,mountain.png,,,,444,日,sun,曜
濯,1324,619,17,S,N2,laundry,laundry,laundry,タク,すす-ぐ,joyo,K1324,1324,3,67,4,U6FEF,06fef.svg,,,draft,1321–1340,bamboo.png,,,,2346,水,water,濯
曰,NA,620,4,H,,sayeth,sayeth,sayeth,エツ,いわ-く,heisig_extra,K2163,2163,5,109,3,U66F0,066f0.svg,,,draft,2161–2180,bamboo.png,,, ,1700,囗|一,enclosure|one,曰
困,671,621,7,6,N3,quandary,quandary,quandary,コン,こま-る,joyo,K0671,671,2,34,11,U56F0,056f0.svg,,,draft,661–680,kujira.png,,,,1219,囗|木,enclosure|tree,困
固,561,622,8,4,N3,hard,hard,hard,コ,かた-める,joyo,K0561,561,2,29,1,U56FA,056fa.svg,,,draft,561–580,mountain.png,,,,953,囗|十|口,enclosure|ten|mouth,固
錮,574,623,16,S,,weld,weld,weld,コ,ふさ-ぐ,joyo,K0574,574,2,29,14,U932E,0932e.svg,,,draft,561–580,mountain.png,,,,2812,,,錮
国,661,624,8,2,N5,country,country,country,コク,くに,joyo,K0661,661,2,34,1,U56FD,056fd.svg,,,draft,661–680,kujira.png,,,,11,囗|ball|丶,enclosure|ball|drop,国
団,1347,625,6,5,N3,group,group,group,ダン,かたまり,joyo,K1347,1347,3,68,7,U56E3,056e3.svg,,,draft,1341–1360,castle.png,,,,184,囗,enclosure,団
因,48,626,6,5,N3,reason,reason,reason,イン,よ-る,joyo,K0048,48,1,3,8,U56E0,056e0.svg,,,draft,41–60,koi.png,,,,835,囗,enclosure,因
姻,50,627,9,S,N1,matrimony,matrimony,matrimony,イン,,joyo,K0050,50,1,3,10,U59FB,059fb.svg,,,draft,41–60,koi.png,,,,2179,女|囗,woman|enclosure,姻
咽,49,628,9,S,,gullet,gullet,gullet,イン,むせ-ぶ,joyo,K0049,49,1,3,9,U54BD,054bd.svg,,,draft,41–60,koi.png,,,,2495,口|囗,mouth|enclosure,咽
園,95,629,13,2,N3,garden,garden,garden,エン,その,joyo,K0095,95,1,5,15,U5712,05712.svg,,,draft,81–100,mountain.png,,,,278,囗|土|口,enclosure|soil|mouth,園
回,173,630,6,2,N4,occurrences,occurrences,occurrences,カイ,まわ-る,joyo,K0173,173,1,9,13,U56DE,056de.svg,,,draft,161–180,koi.png,,,,78,囗|口,enclosure|mouth,回
壇,1354,631,16,S,N1,podium,podium,podium,ダン,,joyo,K1354,1354,3,68,14,U58C7,058c7.svg,,,draft,1341–1360,castle.png,,,,1717,土|lid|囗|口|日|一,soil|lid|enclosure|mouth|day|one,壇
店,1474,632,8,2,N5,store,store,store,テン,みせ,joyo,K1474,1474,3,74,14,U5E97,05e97.svg,,,draft,1461–1480,castle.png,,,,224,口,mouth,店
庫,569,633,10,3,N3,storage,storage,storage,コ,くら,joyo,K0569,569,2,29,9,U5EAB,05eab.svg,,,draft,561–580,mountain.png,,,,442,,,庫
庭,1449,634,10,3,N3,courtyard,courtyard,courtyard,テイ,にわ,joyo,K1449,1449,3,73,9,U5EAD,05ead.svg,,,draft,1441–1460,bamboo.png,,,,897,丶,drop,庭
庁,1394,635,5,6,N3,government_office,government_office,government_office,チョウ,やくしょ,joyo,K1394,1394,3,70,14,U5E81,05e81.svg,,,draft,1381–1400,kujira.png,,,,747,,,庁
床,964,636,7,S,N2,bed,bed,bed,ショウ,とこ,joyo,K0964,964,2,49,4,U5E8A,05e8a.svg,,,draft,961–980,bamboo.png,,,,1144,木,tree,床
麻,1891,637,11,S,N1,hemp,hemp,hemp,マ,あさ,joyo,K1891,1891,4,95,11,U9EBB,09ebb.svg,,,draft,1881–1900,mountain.png,,,,806,木,tree,麻
磨,1893,638,16,S,N2,grind,grind,grind,マ,みが-く,joyo,K1893,1893,4,95,13,U78E8,078e8.svg,,,draft,1881–1900,mountain.png,,,,1450,木|石,tree|stone,磨
心,1041,639,4,2,N4,heart,heart,heart,シン,こころ,joyo,K1041,1041,3,53,1,U5FC3,05fc3.svg,,,draft,1041–1060,mountain.png,,,,256,,,心
忘,1857,640,7,6,N3,forget,forget,forget,ボウ,わす-れる,joyo,K1857,1857,4,93,17,U5FD8,05fd8.svg,,,draft,1841–1860,koi.png,,,,1589,lid,lid,忘
恣,789,641,10,S,,selfish,selfish,selfish,シ,ほしいまま,joyo,K0789,789,2,40,9,U6063,06063.svg,,,draft,781–800,kujira.png,,,,2912,,,恣
忍,1589,642,7,S,N1,endure_silently,endure_silently,endure_silently,ニン,しの-ぶ,joyo,K1589,1589,4,80,9,U5FCD,05fcd.svg,,,draft,1581–1600,castle.png,,,,1231,丶,drop,忍
認,1590,643,14,6,N3,acknowledge,acknowledge,acknowledge,ニン,みと-める,joyo,K1590,1590,4,80,10,U8A8D,08a8d.svg,,,draft,1581–1600,castle.png,,,,371,口|丶,mouth|drop,認
忌,308,644,7,S,N1,mourning,mourning,mourning,キ,い-む,joyo,K0308,308,1,16,8,U5FCC,05fcc.svg,,,draft,301–320,kujira.png,,,,1819,,,忌
志,775,645,7,5,N3,intention,intention,intention,シ,こころざ-す,joyo,K0775,775,2,39,15,U5FD7,05fd7.svg,,,draft,761–780,koi.png,,,,535,,,志
誌,801,646,14,6,N3,document,document,document,シ,,joyo,K0801,801,2,41,1,U8A8C,08a8c.svg,,,draft,801–820,mountain.png,,,,614,口,mouth,誌
芯,1045,647,7,S,,core,core,core,シン,,joyo,K1045,1045,3,53,5,U82AF,082af.svg,,,draft,1041–1060,mountain.png,,,,2477,,,芯
忠,1381,648,8,6,N1,loyalty,loyalty,loyalty,チュウ,,joyo,K1381,1381,3,70,1,U5FE0,05fe0.svg,,,draft,1381–1400,kujira.png,,,,846,口,mouth,忠
串,456,649,7,S,,skewer,skewer,skewer,カン,くし,joyo,K0456,456,1,23,16,U4E32,04e32.svg,,,draft,441–460,mountain.png,,,,2028,口,mouth,串
患,261,650,11,S,N1,afflicted,afflicted,afflicted,カン,わずら-う,joyo,K0261,261,1,14,1,U60A3,060a3.svg,,,draft,261–280,castle.png,,,,1165,口,mouth,患
思,785,651,9,2,N4,think,think,think,シ,おも-う,joyo,K0785,785,2,40,5,U601D,0601d.svg,,,draft,781–800,kujira.png,,,,430,田,field,思
恩,128,652,10,6,N1,grace,grace,grace,オン,,joyo,K0128,128,1,7,8,U6069,06069.svg,,,draft,121–140,bamboo.png,,,,1482,囗,enclosure,恩
応,108,653,7,5,N3,respond,respond,respond,オウ,あた-る,joyo,K0108,108,1,6,8,U5FDC,05fdc.svg,,,draft,101–120,tree.png,,,,380,,,応
意,33,654,13,3,N4,idea,idea,idea,イ,,joyo,K0033,33,1,2,13,U610F,0610f.svg,,,draft,21–40,castle.png,,,,249,日,sun,意
臆,122,655,17,S,,cowardice,cowardice,cowardice,オク,むね,joyo,K0122,122,1,7,2,U81C6,081c6.svg,,,draft,121–140,bamboo.png,,,,2551,月|日,moon|day,臆
想,1243,656,13,3,N3,concept,concept,concept,ソウ,おも-う,joyo,K1243,1243,3,63,3,U60F3,060f3.svg,,,draft,1241–1260,koi.png,,,,565,木|目,tree|eye,想
息,1266,657,10,3,N3,breath,breath,breath,ソク,いき,joyo,K1266,1266,3,64,6,U606F,0606f.svg,,,draft,1261–1280,kujira.png,,,,779,鼻|丶|目,nose|drop|eye,息
憩,495,658,16,S,N1,recess,recess,recess,ケイ,いこ-い,joyo,K0495,495,1,25,15,U61A9,061a9.svg,,,draft,481–500,bamboo.png,,,,2102,口|鼻|丶|目,mouth|nose|drop|eye,憩
恵,479,659,10,S,N2,favor,favor,favor,ケイ,めぐ-む,joyo,K0479,479,1,24,19,U6075,06075.svg,,,draft,461–480,tree.png,,,,787,十|田,ten|field,恵
恐,406,660,10,S,N2,fear,fear,fear,キョウ,おそ-れる,joyo,K0406,406,1,21,6,U6050,06050.svg,,,draft,401–420,koi.png,,,,1079,丶,drop,恐
惑,2133,661,12,S,N1,beguile,beguile,beguile,ワク,まど-う,joyo,K2133,2133,5,107,13,U60D1,060d1.svg,,,draft,2121–2140,mountain.png,,,,977,口|一,mouth|one,惑
感,275,662,13,3,N3,feeling,feeling,feeling,カン,,joyo,K0275,275,1,14,15,U611F,0611f.svg,,,draft,261–280,castle.png,,,,486,口,mouth,感
憂,1983,663,15,S,N1,melancholy,melancholy,melancholy,ユウ,うれ-える,joyo,K1983,1983,4,100,3,U6182,06182.svg,,,draft,1981–2000,kujira.png,,,,2034,,,憂
寡,158,664,14,S,N1,widow,widow,widow,カ,,joyo,K0158,158,1,8,18,U5BE1,05be1.svg,,,draft,141–160,castle.png,,,,2499,legs|split,legs|split,寡
忙,1854,665,6,S,N2,busy,busy,busy,ボウ,いそが-しい,joyo,K1854,1854,4,93,14,U5FD9,05fd9.svg,,,draft,1841–1860,koi.png,,,,2241,lid,lid,忙
悦,83,666,10,S,N1,ecstasy,ecstasy,ecstasy,エツ,よろこ-ぶ,joyo,K0083,83,1,5,3,U60A6,060a6.svg,,,draft,81–100,mountain.png,,,,1887,horns|口|legs,horns|mouth|legs,悦
恒,615,667,9,S,N1,constancy,constancy,constancy,コウ,つね,joyo,K0615,615,2,31,15,U6052,06052.svg,,,draft,601–620,bamboo.png,,,,1349,一|日,one|day,恒
悼,1515,668,11,S,N1,lament,lament,lament,トウ,いた-む,joyo,K1515,1515,4,76,15,U60BC,060bc.svg,,,draft,1501–1520,kujira.png,,,,1992,日|十,day|ten,悼
悟,582,669,10,S,N1,enlightenment,enlightenment,enlightenment,ゴ,さと-る,joyo,K0582,582,2,30,2,U609F,0609f.svg,,,draft,581–600,tree.png,,,,1332,five|口,five|mouth,悟
怖,1743,670,8,S,N2,dreadful,dreadful,dreadful,フ,こわ-い,joyo,K1743,1743,4,88,3,U6016,06016.svg,,,draft,1741–1760,kujira.png,,,,1503,,,怖
慌,634,671,12,S,N1,disconcerted,disconcerted,disconcerted,コウ,あわ-てる,joyo,K0634,634,2,32,14,U614C,0614c.svg,,,draft,621–640,castle.png,,,,2205,lid,lid,慌
悔,181,672,9,S,N1,repent,repent,repent,カイ,く-いる,joyo,K0181,181,1,10,1,U6094,06094.svg,,,draft,181–200,kujira.png,,,,1982,女|体,woman|body,悔
憎,1257,673,14,S,N2,hate,hate,hate,ゾウ,にく-む,joyo,K1257,1257,3,63,17,U618E,0618e.svg,,,draft,1241–1260,koi.png,,,,1938,3,3,憎
慣,277,674,14,5,N3,accustomed,accustomed,accustomed,カン,な-れる,joyo,K0277,277,1,14,17,U6163,06163.svg,,,draft,261–280,castle.png,,,,1551,女|体|貝|目|legs|split,woman|body|shellfish|eye|legs|split,慣
愉,1966,675,12,S,N1,pleasure,pleasure,pleasure,ユ,たの-しい,joyo,K1966,1966,4,99,6,U6109,06109.svg,,,draft,1961–1980,koi.png,,,,2492,月,moon,愉
惰,1291,676,12,S,N1,lazy,lazy,lazy,ダ,,joyo,K1291,1291,3,65,11,U60F0,060f0.svg,,,draft,1281–1300,mountain.png,,,,2868,月,moon,惰
慎,1064,677,13,S,N1,humility,humility,humility,シン,つつし-む,joyo,K1064,1064,3,54,4,U614E,0614e.svg,,,draft,1061–1080,tree.png,,,,1468,十|目|legs|split,ten|eye|legs|split,慎
憾,283,678,16,S,N1,remorse,remorse,remorse,カン,うら-む,joyo,K0283,283,1,15,3,U61BE,061be.svg,,,draft,281–300,koi.png,,,,2823,口,mouth,憾
憶,121,679,16,S,N1,recollection,recollection,recollection,オク,,joyo,K0121,121,1,7,1,U61B6,061b6.svg,,,draft,121–140,bamboo.png,,,,1338,日,sun,憶
惧,450,680,11,S,,disquieting,disquieting,disquieting,ク,おそ-れる,joyo,K0450,450,1,23,10,U60E7,060e7.svg,,,draft,441–460,mountain.png,,,,2162,,,惧
憧,1003,681,15,S,N1,desire,desire,desire,ショウ,あこが-れる,joyo,K1003,1003,3,51,3,U61A7,061a7.svg,,,draft,1001–1020,koi.png,,,,1814,,,憧
憬,493,682,15,S,,long_for,long_for,long_for,ケイ,あこが-れる,joyo,K0493,493,1,25,13,U61AC,061ac.svg,,,draft,481–500,bamboo.png,,,,2878,,,憬
慕,1826,683,14,S,N1,pining,pining,pining,ボ,した-う,joyo,K1826,1826,4,92,6,U6155,06155.svg,,,draft,1821–1840,castle.png,,,,1716,日,sun,慕
添,1477,684,11,S,N1,annexed,annexed,annexed,テン,そ-える,joyo,K1477,1477,3,74,17,U6DFB,06dfb.svg,,,draft,1461–1480,castle.png,,,,1488,水,water,添
必,1712,685,5,4,N3,invariably,invariably,invariably,ヒツ,かなら-ず,joyo,K1712,1712,4,86,12,U5FC5,05fc5.svg,,,draft,1701–1720,castle.png,,,,542,丶,drop,必
泌,1713,686,8,S,N1,ooze,ooze,ooze,ヒツ,,joyo,K1713,1713,4,86,13,U6CCC,06ccc.svg,,,draft,1701–1720,castle.png,,,,2142,水|丶,water|drop,泌
手,863,687,4,1,N5,hand,hand,hand,シュ,て,joyo,K0863,863,2,44,3,U624B,0624b.svg,,,draft,861–880,castle.png,,,,44,,,手
看,257,688,9,6,N3,watch_over,watch_over,watch_over,カン,み-る,joyo,K0257,257,1,13,17,U770B,0770b.svg,,,draft,241–260,bamboo.png,,,,1254,目,eye,看
摩,1892,689,15,S,N1,chafe,chafe,chafe,マ,ま-する,joyo,K1892,1892,4,95,12,U6469,06469.svg,,,draft,1881–1900,mountain.png,,,,1006,木,tree,摩
我,166,690,7,6,N1,ego,ego,ego,ガ,われ,joyo,K0166,166,1,9,6,U6211,06211.svg,,,draft,161–180,koi.png,,,,1024,,,我
義,343,691,13,5,N1,righteousness,righteousness,righteousness,ギ,,joyo,K0343,343,1,18,3,U7FA9,07fa9.svg,,,draft,341–360,tree.png,,,,263,,,義
議,349,692,20,4,N3,deliberation,deliberation,deliberation,ギ,,joyo,K0349,349,1,18,9,U8B70,08b70.svg,,,draft,341–360,tree.png,,,,181,口,mouth,議
犠,348,693,17,S,N1,sacrifice,sacrifice,sacrifice,ギ,いけにえ,joyo,K0348,348,1,18,8,U72A0,072a0.svg,,,draft,341–360,tree.png,,,,1698,,,犠
抹,1905,694,8,S,N1,rub,rub,rub,マツ,,joyo,K1905,1905,4,96,5,U62B9,062b9.svg,,,draft,1901–1920,tree.png,,,,2008,一|木,one|tree,抹
拭,1030,695,9,S,,wipe,wipe,wipe,ショク,ぬぐ-う,joyo,K1030,1030,3,52,10,U62ED,062ed.svg,,,draft,1021–1040,kujira.png,,,,2584,,,拭
拉,2019,696,8,S,,yank,yank,yank,ラツ,らっ-する,joyo,K2019,2019,5,101,19,U62C9,062c9.svg,,,draft,2001–2020,mountain.png,,,,2019,,,拉
抱,1835,697,8,S,N2,embrace,embrace,embrace,ホウ,だ-く,joyo,K1835,1835,4,92,15,U62B1,062b1.svg,,,draft,1821–1840,castle.png,,,,1083,,,抱
搭,1519,698,12,S,N1,board,board,board,トウ,,joyo,K1519,1519,4,76,19,U642D,0642d.svg,,,draft,1501–1520,kujira.png,,,,881,一|口,one|mouth,搭
抄,965,699,7,S,N1,extract,extract,extract,ショウ,,joyo,K0965,965,2,49,5,U6284,06284.svg,,,draft,961–980,bamboo.png,,,,1945,,,抄
抗,606,700,7,S,N1,confront,confront,confront,コウ,あらが-う,joyo,K0606,606,2,31,6,U6297,06297.svg,,,draft,601–620,bamboo.png,,,,824,lid,lid,抗
批,1687,701,7,6,N3,criticism,criticism,criticism,ヒ,,joyo,K1687,1687,4,85,7,U6279,06279.svg,,,draft,1681–1700,bamboo.png,,,,976,,,批
招,968,702,8,5,N3,beckon,beckon,beckon,ショウ,まね-く,joyo,K0968,968,2,49,8,U62DB,062db.svg,,,draft,961–980,bamboo.png,,,,1112,口,mouth,招
拓,1322,703,8,S,N1,clear_land,clear_land,clear_land,タク,ひら-く,joyo,K1322,1322,3,67,2,U62D3,062d3.svg,,,draft,1321–1340,bamboo.png,,,,1126,石,stone,拓
拍,1632,704,8,S,N1,clap,clap,clap,ハク,,joyo,K1632,1632,4,82,12,U62CD,062cd.svg,,,draft,1621–1640,kujira.png,,,,1851,,,拍
打,1287,705,5,3,N3,strike,strike,strike,ダ,う-つ,joyo,K1287,1287,3,65,7,U6253,06253.svg,,,draft,1281–1300,mountain.png,,,,390,,,打
拘,611,706,8,S,N1,arrest,arrest,arrest,コウ,かか-わる,joyo,K0611,611,2,31,11,U62D8,062d8.svg,,,draft,601–620,bamboo.png,,,,1659,口,mouth,拘
捨,847,707,11,6,N3,discard,discard,discard,シャ,す-てる,joyo,K0847,847,2,43,7,U6368,06368.svg,,,draft,841–860,bamboo.png,,,,1441,土|口,soil|mouth,捨
拐,180,708,8,S,N1,kidnap,kidnap,kidnap,カイ,,joyo,K0180,180,1,9,20,U62D0,062d0.svg,,,draft,161–180,koi.png,,,,1985,口,mouth,拐
摘,1462,709,14,S,N1,pinch,pinch,pinch,テキ,つ-む,joyo,K1462,1462,3,74,2,U6458,06458.svg,,,draft,1461–1480,castle.png,,,,1185,十|口,ten|mouth,摘
挑,1398,710,9,S,N1,challenge,challenge,challenge,チョウ,いど-む,joyo,K1398,1398,3,70,18,U6311,06311.svg,,,draft,1381–1400,kujira.png,,,,1092,,,挑
指,786,711,9,3,N3,finger,finger,finger,シ,ゆび,joyo,K0786,786,2,40,6,U6307,06307.svg,,,draft,781–800,kujira.png,,,,205,1,1,指
持,817,712,9,3,N4,hold,hold,hold,ジ,も-つ,joyo,K0817,817,2,41,17,U6301,06301.svg,,,draft,801–820,mountain.png,,,,182,土,soil,持
拶,737,713,9,S,,imminent,imminent,imminent,サツ,せま-る,joyo,K0737,737,2,37,17,U62F6,062f6.svg,,,draft,721–740,bamboo.png,,,,2055,evening,evening,拶
括,233,714,9,S,N1,fasten,fasten,fasten,カツ,くく-る,joyo,K0233,233,1,12,13,U62EC,062ec.svg,,,draft,221–240,tree.png,,,,1307,口,mouth,括
揮,327,715,12,6,N1,brandish,brandish,brandish,キ,ふる-う,joyo,K0327,327,1,17,7,U63EE,063ee.svg,,,draft,321–340,mountain.png,,,,880,,,揮
推,1088,716,11,6,N1,infer,infer,infer,スイ,お-す,joyo,K1088,1088,3,55,8,U63A8,063a8.svg,,,draft,1081–1100,bamboo.png,,,,677,,,推
揚,1999,717,12,S,N1,hoist,hoist,hoist,ヨウ,あ-げる,joyo,K1999,1999,4,100,19,U63DA,063da.svg,,,draft,1981–2000,kujira.png,,,,1421,日,sun,揚
提,1454,718,12,5,N1,propose,propose,propose,テイ,さ-げる,joyo,K1454,1454,3,73,14,U63D0,063d0.svg,,,draft,1441–1460,bamboo.png,,,,488,日,sun,提
損,1282,719,13,5,N3,damage,damage,damage,ソン,そこ-なう,joyo,K1282,1282,3,65,2,U640D,0640d.svg,,,draft,1281–1300,mountain.png,,,,1100,口|貝|目|legs|split,mouth|shellfish|eye|legs|split,損
拾,890,720,9,3,N3,pick_up,pick_up,pick_up,シュウ,ひろ-う,joyo,K0890,890,2,45,10,U62FE,062fe.svg,,,draft,881–900,koi.png,,,,1839,一|口,one|mouth,拾
担,1335,721,8,6,N3,shouldering,shouldering,shouldering,タン,かつ-ぐ,joyo,K1335,1335,3,67,15,U62C5,062c5.svg,,,draft,1321–1340,bamboo.png,,,,404,日|一,day|one,担
拠,386,722,8,S,N1,foothold,foothold,foothold,キョ,よ-る,joyo,K0386,386,1,20,6,U62E0,062e0.svg,,,draft,381–400,castle.png,,,,796,,,拠
描,1727,723,11,S,N1,sketch,sketch,sketch,ビョウ,えが-く,joyo,K1727,1727,4,87,7,U63CF,063cf.svg,,,draft,1721–1740,koi.png,,,,692,田,field,描
操,1249,724,16,6,N3,maneuver,maneuver,maneuver,ソウ,みさお,joyo,K1249,1249,3,63,9,U64CD,064cd.svg,,,draft,1241–1260,koi.png,,,,823,口|木,mouth|tree,操
接,1158,725,11,5,N3,touch,touch,touch,セツ,つ-ぐ,joyo,K1158,1158,3,58,18,U63A5,063a5.svg,,,draft,1141–1160,kujira.png,,,,440,女,woman,接
掲,481,726,11,S,N1,put_up_notice,put_up_notice,put_up_notice,ケイ,かか-げる,joyo,K0481,481,1,25,1,U63B2,063b2.svg,,,draft,481–500,bamboo.png,,,,869,日,sun,掲
掛,231,727,11,S,N1,hang,hang,hang,カイ,か-ける,joyo,K0231,231,1,12,11,U639B,0639b.svg,,,draft,221–240,tree.png,,,,852,土,soil,掛
捗,1420,728,10,S,,make_headway,make_headway,make_headway,チョク,はかど-る,joyo,K1420,1420,3,71,20,U6357,06357.svg,,,draft,1401–1420,mountain.png,,,,2688,,,捗
研,520,729,9,3,N4,sharpen,sharpen,sharpen,ケン,と-ぐ,joyo,K0520,520,2,26,20,U7814,07814.svg,,,draft,501–520,castle.png,,,,242,石,stone,研
戒,177,730,7,S,N1,commandment,commandment,commandment,カイ,いまし-める,joyo,K0177,177,1,9,17,U6212,06212.svg,,,draft,161–180,koi.png,,,,1399,,,戒
弄,2117,731,7,S,,tinker_with,tinker_with,tinker_with,ロウ,いじく-る,joyo,K2117,2117,5,106,17,U5F04,05f04.svg,,,draft,2101–2120,kujira.png,,,,2335,ball,ball,弄
械,185,732,11,4,N3,contraption,contraption,contraption,カイ,かせ,joyo,K0185,185,1,10,5,U68B0,068b0.svg,,,draft,181–200,kujira.png,,,,1228,木,tree,械
鼻,1708,733,14,3,N3,nose,nose,nose,ビ,はな,joyo,K1708,1708,4,86,8,U9F3B,09f3b.svg,,,draft,1701–1720,castle.png,,,,1631,丶|目|田,drop|eye|field,鼻
刑,470,734,6,S,N1,punish,punish,punish,ケイ,,joyo,K0470,470,1,24,10,U5211,05211.svg,,,draft,461–480,tree.png,,,,745,,,刑
型,476,735,9,5,N3,mould,mould,mould,ケイ,かた,joyo,K0476,476,1,24,16,U578B,0578b.svg,,,draft,461–480,tree.png,,,,241,土,soil,型
才,693,736,3,2,N3,genius,genius,genius,サイ,,joyo,K0693,693,2,35,13,U624D,0624d.svg,,,draft,681–700,mountain.png,,,,1134,,,才
財,720,737,10,5,N3,property,property,property,ザイ,たから,joyo,K0720,720,2,36,20,U8CA1,08ca1.svg,,,draft,701–720,tree.png,,,,629,貝|目|legs|split,shellfish|eye|legs|split,財
材,718,738,7,4,N3,lumber,lumber,lumber,ザイ,,joyo,K0718,718,2,36,18,U6750,06750.svg,,,draft,701–720,tree.png,,,,700,木,tree,材
存,1278,739,6,6,N3,remain,remain,remain,ソン,ながら-える,joyo,K1278,1278,3,64,18,U5B58,05b58.svg,,,draft,1261–1280,kujira.png,,,,313,子,rat_zodiac,存
在,717,740,6,5,N3,exist,exist,exist,ザイ,あ-る,joyo,K0717,717,2,36,17,U5728,05728.svg,,,draft,701–720,tree.png,,,,106,土,soil,在
乃,NA,741,2,H,N1,from,from,from,ナイ,の,heisig_extra,K2164,2164,5,109,4,U4E43,04e43.svg,,,draft,2161–2180,bamboo.png,,, ,1077,,,乃
携,489,742,13,S,N1,portable,portable,portable,ケイ,たずさ-える,joyo,K0489,489,1,25,9,U643A,0643a.svg,,,draft,481–500,bamboo.png,,,,901,,,携
及,361,743,3,S,N1,reach_out,reach_out,reach_out,キュウ,およ-ぶ,joyo,K0361,361,1,19,1,U53CA,053ca.svg,,,draft,361–380,bamboo.png,,,,487,丶,drop,及
吸,366,744,6,6,N3,suck,suck,suck,キュウ,す-う,joyo,K0366,366,1,19,6,U5438,05438.svg,,,draft,361–380,bamboo.png,,,,1047,口,mouth,吸
扱,9,745,6,S,N1,handle,handle,handle,ソウ,あつか-い,joyo,K0009,9,1,1,9,U6271,06271.svg,,,draft,1–20,bamboo.png,,,,808,,,扱
丈,1010,746,3,S,N1,length,length,length,ジョウ,たけ,joyo,K1010,1010,3,51,10,U4E08,04e08.svg,,,draft,1001–1020,koi.png,,,,1507,,,丈
史,765,747,5,5,N3,history,history,history,シ,,joyo,K0765,765,2,39,5,U53F2,053f2.svg,,,draft,761–780,koi.png,,,,191,口,mouth,史
吏,2035,748,6,S,N1,officer,officer,officer,リ,,joyo,K2035,2035,5,102,15,U540F,0540f.svg,,,draft,2021–2040,tree.png,,,,2203,一|口,one|mouth,吏
更,608,749,7,S,N2,further,further,further,コウ,さら,joyo,K0608,608,2,31,8,U66F4,066f4.svg,,,draft,601–620,bamboo.png,,,,388,一|日,one|day,更
硬,636,750,12,S,N2,stiff,stiff,stiff,コウ,かた-い,joyo,K0636,636,2,32,16,U786C,0786c.svg,,,draft,621–640,castle.png,,,,1431,石|一|日,stone|one|day,硬
梗,631,751,11,S,,spiny,spiny,spiny,コウ,ふさぐ,joyo,K0631,631,2,32,11,U6897,06897.svg,,,draft,621–640,castle.png,,,,2298,木|一|日,tree|one|day,梗
又,1903,752,2,S,N1,o_again,or_again,or_again,ユウ,また,joyo,K1903,1903,4,96,3,U53C8,053c8.svg,,,draft,1901–1920,tree.png,,,,1340,,,又
双,1217,753,4,S,N2,pair,pair,pair,ソウ,ふた,joyo,K1217,1217,3,61,17,U53CC,053cc.svg,,,draft,1201–1220,bamboo.png,,,,1008,,,双
桑,1230,754,10,S,N1,mulberry,mulberry,mulberry,ソウ,くわ,joyo,K1230,1230,3,62,10,U6851,06851.svg,,,draft,1221–1240,castle.png,,,,1378,木,tree,桑
隻,1146,755,10,S,N1,vessels,vessels,vessels,セキ,,joyo,K1146,1146,3,58,6,U96BB,096bb.svg,,,draft,1141–1160,kujira.png,,,,1373,,,隻
護,586,756,20,5,N1,safeguard,safeguard,safeguard,ゴ,まも-る,joyo,K0586,586,2,30,6,U8B77,08b77.svg,,,draft,581–600,tree.png,,,,469,口,mouth,護
獲,223,757,16,S,N1,seize,seize,seize,カク,え-る,joyo,K0223,223,1,12,3,U7372,07372.svg,,,draft,221–240,tree.png,,,,707,,,獲
奴,1494,758,5,S,N1,guy,guy,guy,ド,やつ,joyo,K1494,1494,3,75,14,U5974,05974.svg,,,draft,1481–1500,koi.png,,,,1434,女,woman,奴
怒,1497,759,9,S,N2,angry,angry,angry,ド,いか-る,joyo,K1497,1497,3,75,17,U6012,06012.svg,,,draft,1481–1500,koi.png,,,,1284,女,woman,怒
友,1971,760,4,2,N5,friend,friend,friend,ユウ,とも,joyo,K1971,1971,4,99,11,U53CB,053cb.svg,,,draft,1961–1980,koi.png,,,,551,,,友
抜,1652,761,7,S,N2,slip_out,slip_out,slip_out,バツ,ぬ-く,joyo,K1652,1652,4,83,12,U629C,0629c.svg,,,draft,1641–1660,mountain.png,,,,786,女,woman,抜
投,1502,762,7,3,N3,throw,throw,throw,トウ,な-げる,joyo,K1502,1502,4,76,2,U6295,06295.svg,,,draft,1501–1520,kujira.png,,,,423,,,投
没,1883,763,7,S,N1,drown,drown,drown,ボツ,おぼ-れる,joyo,K1883,1883,4,95,3,U6CA1,06ca1.svg,,,draft,1881–1900,mountain.png,,,,974,水,water,没
股,562,764,8,S,,crotch,crotch,crotch,コ,また,joyo,K0562,562,2,29,2,U80A1,080a1.svg,,,draft,561–580,mountain.png,,,,1900,月,moon,股
設,1159,765,11,5,N3,establish,establish,establish,セツ,もう-ける,joyo,K1159,1159,3,58,19,U8A2D,08a2d.svg,,,draft,1141–1160,kujira.png,,,,72,口,mouth,設
撃,503,766,15,S,N1,beat,beat,beat,ゲキ,う-つ,joyo,K0503,503,2,26,3,U6483,06483.svg,,,draft,501–520,castle.png,,,,283,,,撃
殻,216,767,11,S,N1,husk,husk,husk,カク,から,joyo,K0216,216,1,11,16,U6BBB,06bbb.svg,,,draft,201–220,mountain.png,,,,1782,,,殻
支,761,768,4,5,N3,branch,branch,branch,シ,ささ-える,joyo,K0761,761,2,39,1,U652F,0652f.svg,,,draft,761–780,koi.png,,,,295,十,ten,支
技,339,769,7,5,N3,skill,skill,skill,ギ,わざ,joyo,K0339,339,1,17,19,U6280,06280.svg,,,draft,321–340,mountain.png,,,,298,十,ten,技
枝,781,770,8,5,N3,bough,bough,bough,シ,えだ,joyo,K0781,781,2,40,1,U679D,0679d.svg,,,draft,781–800,kujira.png,,,,1174,木|十,tree|ten,枝
肢,783,771,8,S,N1,limb,limb,limb,シ,,joyo,K0783,783,2,40,3,U80A2,080a2.svg,,,draft,781–800,kujira.png,,,,1767,月|十,moon|ten,肢
茎,474,772,8,S,N1,stalk,stalk,stalk,ケイ,くき,joyo,K0474,474,1,24,14,U830E,0830e.svg,,,draft,461–480,tree.png,,,,1837,土,soil,茎
怪,179,773,8,S,N1,suspicious,suspicious,suspicious,カイ,あや-しい,joyo,K0179,179,1,9,19,U602A,0602a.svg,,,draft,161–180,koi.png,,,,878,土,soil,怪
軽,487,774,12,3,N4,light_weight,light_weight,light_weight,ケイ,かる-い,joyo,K0487,487,1,25,7,U8EFD,08efd.svg,,,draft,481–500,bamboo.png,,,,909,土,soil,軽
叔,918,775,8,S,N1,uncle,uncle,uncle,シュク,,joyo,K0918,918,2,46,18,U53D4,053d4.svg,,,draft,901–920,kujira.png,,,,1685,小,small,叔
督,1551,776,13,S,N1,coach,coach,coach,トク,,joyo,K1551,1551,4,78,11,U7763,07763.svg,,,draft,1541–1560,tree.png,,,,336,小|目,small|eye,督
寂,862,777,11,S,N1,loneliness,loneliness,loneliness,ジャク,さび,joyo,K0862,862,2,44,2,U5BC2,05bc2.svg,,,draft,861–880,castle.png,,,,2210,小,small,寂
淑,921,778,11,S,N1,graceful,graceful,graceful,シュク,しと-やか,joyo,K0921,921,2,47,1,U6DD1,06dd1.svg,,,draft,921–940,mountain.png,,,,2045,水|小,water|small,淑
反,1655,779,4,3,N3,anti,anti,anti,ハン,そ-る,joyo,K1655,1655,4,83,15,U53CD,053cd.svg,,,draft,1641–1660,mountain.png,,,,389,cliff,cliff,反
坂,1663,780,7,3,N3,slope,slope,slope,ハン,さか,joyo,K1663,1663,4,84,3,U5742,05742.svg,,,draft,1661–1680,tree.png,,,,584,土|cliff,soil|cliff,坂
板,1665,781,8,3,N3,plank,plank,plank,ハン,いた,joyo,K1665,1665,4,84,5,U677F,0677f.svg,,,draft,1661–1680,tree.png,,,,703,木|cliff,tree|cliff,板
返,1809,782,7,3,N3,return,return,return,ヘン,かえ-す,joyo,K1809,1809,4,91,9,U8FD4,08fd4.svg,,,draft,1801–1820,bamboo.png,,,,771,cliff,cliff,返
販,1670,783,11,S,N2,marketing,marketing,marketing,ハン,,joyo,K1670,1670,4,84,10,U8CA9,08ca9.svg,,,draft,1661–1680,tree.png,,,,666,貝|目|legs|split|cliff,shellfish|eye|legs|split|cliff,販
爪,1435,784,4,S,,claw,claw,claw,ソウ,つめ,joyo,K1435,1435,3,72,15,U722A,0722a.svg,,,draft,1421–1440,tree.png,,,,1954,,,爪
妥,1288,785,7,S,N1,gentle,gentle,gentle,ダ,,joyo,K1288,1288,3,65,8,U59A5,059a5.svg,,,draft,1281–1300,mountain.png,,,,2127,女,woman,妥
乳,1585,786,8,6,N3,milk,milk,milk,ニュウ,ちち,joyo,K1585,1585,4,80,5,U4E73,04e73.svg,,,draft,1581–1600,castle.png,,,,1150,子,rat_zodiac,乳
浮,1749,787,10,S,N2,floating,floating,floating,フ,う-く,joyo,K1749,1749,4,88,9,U6D6E,06d6e.svg,,,draft,1741–1760,kujira.png,,,,1157,水|子,water|rat_zodiac,浮
淫,53,788,11,S,,lewdness,lewdness,lewdness,イン,ひた-す,joyo,K0053,53,1,3,13,U6DEB,06deb.svg,,,draft,41–60,koi.png,,,,2103,水|丶,water|drop,淫
将,975,789,10,6,N3,leader,leader,leader,ショウ,まさ-に,joyo,K0975,975,2,49,15,U5C06,05c06.svg,,,draft,961–980,bamboo.png,,,,484,,,将
奨,998,790,13,S,N1,exhort,exhort,exhort,ショウ,すす-める,joyo,K0998,998,2,50,18,U5968,05968.svg,,,draft,981–1000,castle.png,,,,1438,,,奨
采,697,791,8,S,N1,grab,grab,grab,サイ,と-る,joyo,K0697,697,2,35,17,U91C7,091c7.svg,,,draft,681–700,mountain.png,,,,2414,木,tree,采
採,702,792,11,5,N3,pick,pick,pick,サイ,と-る,joyo,K0702,702,2,36,2,U63A1,063a1.svg,,,draft,701–720,tree.png,,,,699,木,tree,採
菜,707,793,11,4,N4,vegetable,vegetable,vegetable,サイ,な,joyo,K0707,707,2,36,7,U83DC,083dc.svg,,,draft,701–720,tree.png,,,,1096,木,tree,菜
受,877,794,8,3,N3,accept,accept,accept,ジュ,う-ける,joyo,K0877,877,2,44,17,U53D7,053d7.svg,,,draft,861–880,castle.png,,,,160,,,受
授,879,795,11,5,N3,instruct,instruct,instruct,ジュ,さず-ける,joyo,K0879,879,2,44,19,U6388,06388.svg,,,draft,861–880,castle.png,,,,517,,,授
愛,4,796,13,4,N3,love,love,love,アイ,いと-しい,joyo,K0004,4,1,1,4,U611B,0611b.svg,,,draft,1–20,bamboo.png,,,,304,,,愛
曖,5,797,17,S,,unclear,unclear,unclear,アイ,くら-い,joyo,K0005,5,1,1,5,U66D6,066d6.svg,,,draft,1–20,bamboo.png,,,,1623,日,sun,曖
払,1774,798,5,S,N2,pay,pay,pay,フツ,はら-う,joyo,K1774,1774,4,89,14,U6255,06255.svg,,,draft,1761–1780,mountain.png,,,,1125,,,払
広,594,799,5,2,N4,wide,wide,wide,コウ,ひろ-い,joyo,K0594,594,2,30,14,U5E83,05e83.svg,,,draft,581–600,tree.png,,,,258,,,広
勾,590,800,4,S,,capture,capture,capture,コウ,かぎ,joyo,K0590,590,2,30,10,U52FE,052fe.svg,,,draft,581–600,tree.png,,,,1981,,,勾
拡,212,801,8,6,N3,broaden,broaden,broaden,カク,ひろ-がる,joyo,K0212,212,1,11,12,U62E1,062e1.svg,,,draft,201–220,mountain.png,,,,884,,,拡
鉱,640,802,13,5,N3,mineral,mineral,mineral,コウ,あらがね,joyo,K0640,640,2,32,20,U9271,09271.svg,,,draft,621–640,castle.png,,,,1232,金,gold,鉱
弁,1814,803,5,5,N1,valve,valve,valve,ベン,かんむり,joyo,K1814,1814,4,91,14,U5F01,05f01.svg,,,draft,1801–1820,bamboo.png,,,,876,,,弁
雄,1981,804,12,S,N1,male,male,male,ユウ,お-,joyo,K1981,1981,4,100,1,U96C4,096c4.svg,,,draft,1981–2000,kujira.png,,,,552,,,雄
台,1314,805,5,2,N4,pedestal,pedestal,pedestal,ダイ,うてな,joyo,K1314,1314,3,66,14,U53F0,053f0.svg,,,draft,1301–1320,tree.png,,,,227,口,mouth,台
怠,1298,806,9,S,N1,neglect,neglect,neglect,タイ,おこた-る,joyo,K1298,1298,3,65,18,U6020,06020.svg,,,draft,1281–1300,mountain.png,,,,2375,口,mouth,怠
治,816,807,8,4,N3,reign,reign,reign,ジ,おさ-める,joyo,K0816,816,2,41,16,U6CBB,06cbb.svg,,,draft,801–820,mountain.png,,,,140,水|口,water|mouth,治
冶,1952,808,7,S,N1,metallurgy,metallurgy,metallurgy,ヤ,い-る,joyo,K1952,1952,4,98,12,U51B6,051b6.svg,,,draft,1941–1960,castle.png,,,,2161,口,mouth,冶
始,779,809,8,3,N4,commence,commence,commence,シ,はじ-める,joyo,K0779,779,2,39,19,U59CB,059cb.svg,,,draft,761–780,koi.png,,,,213,女|口,woman|mouth,始
胎,1299,810,9,S,N1,womb,womb,womb,タイ,,joyo,K1299,1299,3,65,19,U80CE,080ce.svg,,,draft,1281–1300,mountain.png,,,,2005,月|口,moon|mouth,胎
窓,1236,811,11,6,N3,window,window,window,ソウ,まど,joyo,K1236,1236,3,62,16,U7A93,07a93.svg,,,draft,1221–1240,castle.png,,,,1223,legs,legs,窓
去,382,812,5,3,N4,leave,leave,leave,キョ,さ-る,joyo,K0382,382,1,20,2,U53BB,053bb.svg,,,draft,381–400,castle.png,,,,502,土,soil,去
法,1837,813,8,4,N3,method,method,method,ホウ,のり,joyo,K1837,1837,4,92,17,U6CD5,06cd5.svg,,,draft,1821–1840,castle.png,,,,110,水|土,water|soil,法
会,175,814,6,2,N5,meeting,meeting,meeting,カイ,あ-う,joyo,K0175,175,1,9,15,U4F1A,04f1a.svg,,,draft,161–180,koi.png,,,,13,一,one,会
至,773,815,6,6,N1,climax,climax,climax,シ,いた-る,joyo,K0773,773,2,39,13,U81F3,081f3.svg,,,draft,761–780,koi.png,,,,888,一|土,one|soil,至
室,832,816,9,2,N4,room,room,room,シツ,むろ,joyo,K0832,832,2,42,12,U5BA4,05ba4.svg,,,draft,821–840,tree.png,,,,393,一|土,one|soil,室
到,1505,817,8,S,N2,arrival,arrival,arrival,トウ,いた-る,joyo,K1505,1505,4,76,5,U5230,05230.svg,,,draft,1501–1520,kujira.png,,,,1136,一|土,one|soil,到
致,1360,818,10,S,N1,bring_about,bring_about,bring_about,チ,いた-す,joyo,K1360,1360,3,68,20,U81F4,081f4.svg,,,draft,1341–1360,castle.png,,,,1188,一|土,one|soil,致
互,577,819,4,S,N2,mutually,mutually,mutually,ゴ,たが-い,joyo,K0577,577,2,29,17,U4E92,04e92.svg,,,draft,561–580,mountain.png,,,,1039,一,one,互
棄,331,820,13,S,N1,abandon,abandon,abandon,キ,す-てる,joyo,K0331,331,1,17,11,U68C4,068c4.svg,,,draft,321–340,mountain.png,,,,1300,lid|木,lid|tree,棄
育,40,821,8,3,N3,nurture,nurture,nurture,イク,そだ-つ,joyo,K0040,40,1,2,20,U80B2,080b2.svg,,,draft,21–40,castle.png,,,,296,lid|月,lid|moon,育
撤,1471,822,15,S,N1,remove,remove,remove,テツ,,joyo,K1471,1471,3,74,11,U64A4,064a4.svg,,,draft,1461–1480,castle.png,,,,1140,lid|月,lid|moon,撤
充,909,823,6,S,N1,allot,allot,allot,ジュウ,あ-てる,joyo,K0909,909,2,46,9,U5145,05145.svg,,,draft,901–920,kujira.png,,,,1196,lid|legs,lid|legs,充
銃,915,824,14,S,N1,gun,gun,gun,ジュウ,つつ,joyo,K0915,915,2,46,15,U9283,09283.svg,,,draft,901–920,kujira.png,,,,962,金|lid|legs,gold|lid|legs,銃
硫,2055,825,12,S,N1,sulfur,sulfur,sulfur,リュウ,,joyo,K2055,2055,5,103,15,U786B,0786b.svg,,,draft,2041–2060,bamboo.png,,,,1791,石|lid,stone|lid,硫
流,2050,826,10,3,N3,current,current,current,リュウ,なが-れる,joyo,K2050,2050,5,103,10,U6D41,06d41.svg,,,draft,2041–2060,bamboo.png,,,,255,水|lid,water|lid,流
允,NA,827,4,H,N1,makoto,makoto,makoto,イン,じょう,heisig_extra,K2165,2165,5,109,5,U5141,05141.svg,,,draft,2161–2180,bamboo.png,,, ,2387,legs,legs,允
唆,687,828,10,S,N1,tempt,tempt,tempt,サ,そそ-る,joyo,K0687,687,2,35,7,U5506,05506.svg,,,draft,681–700,mountain.png,,,,1786,口|legs,mouth|legs,唆
出,926,829,5,1,N5,exit,exit,exit,シュツ,で-る,joyo,K0926,926,2,47,6,U51FA,051fa.svg,,,draft,921–940,mountain.png,,,,10,,,出
山,745,830,3,1,N5,mountain,mountain,mountain,サン,やま,joyo,K0745,745,2,38,5,U5C71,05c71.svg,,,draft,741–760,castle.png,,,,39,,,山
拙,1156,831,8,S,N1,bungling,bungling,bungling,セツ,つたな-い,joyo,K1156,1156,3,58,16,U62D9,062d9.svg,,,draft,1141–1160,kujira.png,,,,2586,,,拙
岩,295,832,8,2,N3,boulder,boulder,boulder,ガン,いわ,joyo,K0295,295,1,15,15,U5CA9,05ca9.svg,,,draft,281–300,koi.png,,,,516,石,stone,岩
炭,1337,833,9,3,N3,charcoal,charcoal,charcoal,タン,すみ,joyo,K1337,1337,3,67,17,U70AD,070ad.svg,,,draft,1321–1340,bamboo.png,,,,1255,cliff|火,cliff|fire,炭
岐,306,834,7,4,N1,branch_off,branch_off,branch_off,キ,,joyo,K0306,306,1,16,6,U5C90,05c90.svg,,,draft,301–320,kujira.png,,,,882,十,ten,岐
峠,1547,835,9,S,N1,mountain_pass,mountain_pass,mountain_pass,,とうげ,joyo,K1547,1547,4,78,7,U5CE0,05ce0.svg,,,draft,1541–1560,tree.png,,,,1554,,,峠
崩,1844,836,11,S,N1,crumble,crumble,crumble,ホウ,くず-れる,joyo,K1844,1844,4,93,4,U5D29,05d29.svg,,,draft,1841–1860,koi.png,,,,1160,月,moon,崩
密,1914,837,11,6,N1,secrecy,secrecy,secrecy,ミツ,ひそ-か,joyo,K1914,1914,4,96,14,U5BC6,05bc6.svg,,,draft,1901–1920,tree.png,,,,762,,,密
蜜,1915,838,14,S,,honey,honey,honey,ミツ,,joyo,K1915,1915,4,96,15,U871C,0871c.svg,,,draft,1901–1920,tree.png,,,,2164,,,蜜
嵐,11,839,12,S,N1,storm,storm,storm,ラン,あらし,joyo,K0011,11,1,1,11,U5D50,05d50.svg,,,draft,1–20,bamboo.png,,,,1474,丶,drop,嵐
崎,722,840,11,4,N1,promontory,promontory,promontory,キ,さき,joyo,K0722,722,2,37,2,U5D0E,05d0e.svg,,,draft,721–740,bamboo.png,,,,328,口,mouth,崎
崖,200,841,11,S,,cliff,cliff,cliff,ガイ,がけ,joyo,K0200,200,1,10,20,U5D16,05d16.svg,,,draft,181–200,kujira.png,,,,1999,cliff|土,cliff|soil,崖
入,1584,842,2,1,N5,enter,enter,enter,ニュウ,い-る,joyo,K1584,1584,4,80,4,U5165,05165.svg,,,draft,1581–1600,castle.png,,,,63,,,入
込,668,843,5,S,N2,crowded,crowded,crowded,,-こ-む,joyo,K0668,668,2,34,8,U8FBC,08fbc.svg,,,draft,661–680,kujira.png,,,,425,,,込
分,1785,844,4,2,N5,part,part,part,ブン,わ-ける,joyo,K1785,1785,4,90,5,U5206,05206.svg,,,draft,1781–1800,tree.png,,,,45,split,split,分
貧,1731,845,11,5,N3,poverty,poverty,poverty,ヒン,まず-しい,joyo,K1731,1731,4,87,11,U8CA7,08ca7.svg,,,draft,1721–1740,koi.png,,,,1588,split|貝|目|legs,split|shellfish|eye|legs,貧
頒,1675,846,13,S,N1,partition,partition,partition,ハン,わ-かつ,joyo,K1675,1675,4,84,15,U9812,09812.svg,,,draft,1661–1680,tree.png,,,,2667,split|一|丶|貝|目|legs,split|one|drop|shellfish|eye|legs,頒
公,589,847,4,2,N3,public,public,public,コウ,おおやけ,joyo,K0589,589,2,30,9,U516C,0516c.svg,,,draft,581–600,tree.png,,,,71,split,split,公
松,971,848,8,4,N1,pine_tree,pine_tree,pine_tree,ショウ,まつ,joyo,K0971,971,2,49,11,U677E,0677e.svg,,,draft,961–980,bamboo.png,,,,247,木|split,tree|split,松
翁,115,849,10,S,N1,elderly_man,elderly_man,elderly_man,オウ,おきな,joyo,K0115,115,1,6,15,U7FC1,07fc1.svg,,,draft,101–120,tree.png,,,,2175,split,split,翁
訟,986,850,11,S,N1,litigation,litigation,litigation,ショウ,,joyo,K0986,986,2,50,6,U8A1F,08a1f.svg,,,draft,981–1000,castle.png,,,,1653,口|split,mouth|split,訟
谷,659,851,7,2,N3,valley,valley,valley,コク,たに,joyo,K0659,659,2,33,19,U8C37,08c37.svg,,,draft,641–660,koi.png,,,,312,split|口,split|mouth,谷
浴,2015,852,10,4,N3,bathe,bathe,bathe,ヨク,あ-びる,joyo,K2015,2015,5,101,15,U6D74,06d74.svg,,,draft,2001–2020,mountain.png,,,,1432,水|split|口,water|split|mouth,浴
容,1997,853,10,5,N3,contain,contain,contain,ヨウ,い-れる,joyo,K1997,1997,4,100,17,U5BB9,05bb9.svg,,,draft,1981–2000,kujira.png,,,,482,split|口,split|mouth,容
溶,2003,854,13,S,N2,melt,melt,melt,ヨウ,と-ける,joyo,K2003,2003,5,101,3,U6EB6,06eb6.svg,,,draft,2001–2020,mountain.png,,,,1412,水|legs|split|口,water|legs|split|mouth,溶
欲,2016,855,11,6,N3,longing,longing,longing,ヨク,ほっ-する,joyo,K2016,2016,5,101,16,U6B32,06b32.svg,,,draft,2001–2020,mountain.png,,,,1348,split|口,split|mouth,欲
裕,1979,856,12,S,N1,abundant,abundant,abundant,ユウ,,joyo,K1979,1979,4,99,19,U88D5,088d5.svg,,,draft,1961–1980,koi.png,,,,934,split|口,split|mouth,裕
鉛,99,857,13,S,N1,lead,lead,lead,エン,なまり,joyo,K0099,99,1,5,19,U925B,0925b.svg,,,draft,81–100,mountain.png,,,,1980,金|split|口,gold|split|mouth,鉛
沿,89,858,8,6,N1,run_alongside,run_alongside,run_alongside,エン,そ-う,joyo,K0089,89,1,5,9,U6CBF,06cbf.svg,,,draft,81–100,mountain.png,,,,738,水|split|口,water|split|mouth,沿
賞,1005,859,15,5,N3,prize,prize,prize,ショウ,ほ-める,joyo,K1005,1005,3,51,5,U8CDE,08cde.svg,,,draft,1001–1020,koi.png,,,,207,小|口|貝|目|legs|split,small|mouth|shellfish|eye|legs|split,賞
党,1514,860,10,6,N3,political_party,political_party,political_party,トウ,なかま,joyo,K1514,1514,4,76,14,U515A,0515a.svg,,,draft,1501–1520,kujira.png,,,,428,小|口|legs,small|mouth|legs,党
堂,1540,861,11,5,N4,public_hall,public_hall,public_hall,ドウ,,joyo,K1540,1540,4,77,20,U5802,05802.svg,,,draft,1521–1540,mountain.png,,,,563,小|口|土,small|mouth|soil,堂
常,1018,862,11,5,N3,usual,usual,usual,ジョウ,つね,joyo,K1018,1018,3,51,18,U5E38,05e38.svg,,,draft,1001–1020,koi.png,,,,319,小|口,small|mouth,常
裳,NA,863,14,H,,robe,robe,robe,ショウ,も,heisig_extra,K2166,2166,5,109,6,U88F3,088f3.svg,,,draft,2161–2180,bamboo.png,,, ,2250,小|口,small|mouth,裳
掌,988,864,12,S,N1,manipulate,manipulate,manipulate,ショウ,てのひら,joyo,K0988,988,2,50,8,U638C,0638c.svg,,,draft,981–1000,castle.png,,,,1707,小|口,small|mouth,掌
皮,1684,865,5,3,N3,pelt,pelt,pelt,ヒ,かわ,joyo,K1684,1684,4,85,4,U76AE,076ae.svg,,,draft,1681–1700,bamboo.png,,,,1195,十|乙,ten|hook,皮
波,1605,866,8,3,N3,waves,waves,waves,ハ,なみ,joyo,K1605,1605,4,81,5,U6CE2,06ce2.svg,,,draft,1601–1620,koi.png,,,,505,水|十|乙,water|ten|hook,波
婆,1610,867,11,S,N1,old_woman,old_woman,old_woman,バ,ばば,joyo,K1610,1610,4,81,10,U5A46,05a46.svg,,,draft,1601–1620,koi.png,,,,2050,水|十|乙|女,water|ten|hook|woman,婆
披,1689,868,8,S,N1,reveal,reveal,reveal,ヒ,,joyo,K1689,1689,4,85,9,U62AB,062ab.svg,,,draft,1681–1700,bamboo.png,,,,1297,十|乙,ten|hook,披
破,1607,869,10,5,N3,rend,rend,rend,ハ,やぶ-る,joyo,K1607,1607,4,81,7,U7834,07834.svg,,,draft,1601–1620,koi.png,,,,566,石|十|乙,stone|ten|hook,破
被,1696,870,10,S,N2,incur,incur,incur,ヒ,こうむ-る,joyo,K1696,1696,4,85,16,U88AB,088ab.svg,,,draft,1681–1700,bamboo.png,,,,781,十|乙,ten|hook,被
残,756,871,10,4,N3,remainder,remainder,remainder,ザン,のこ-る,joyo,K0756,756,2,38,16,U6B8B,06b8b.svg,,,draft,741–760,castle.png,,,,508,一|evening,one|evening,残
殉,936,872,10,S,N1,martyrdom,martyrdom,martyrdom,ジュン,,joyo,K0936,936,2,47,16,U6B89,06b89.svg,,,draft,921–940,mountain.png,,,,2215,3,3,殉
殊,870,873,10,S,N1,particularly,particularly,particularly,シュ,こと,joyo,K0870,870,2,44,10,U6B8A,06b8a.svg,,,draft,861–880,castle.png,,,,1166,一|evening|丶|木,one|evening|drop|tree,殊
殖,1033,874,12,S,N1,augment,augment,augment,ショク,ふ-える,joyo,K1033,1033,3,52,13,U6B96,06b96.svg,,,draft,1021–1040,kujira.png,,,,1424,一|evening|十|目,one|evening|ten|eye,殖
列,2101,875,6,3,N3,file,file,file,レツ,,joyo,K2101,2101,5,106,1,U5217,05217.svg,,,draft,2101–2120,kujira.png,,,,427,一|evening,one|evening,列
裂,2104,876,12,S,N1,split,split,split,レツ,さ-く,joyo,K2104,2104,5,106,4,U88C2,088c2.svg,,,draft,2101–2120,kujira.png,,,,1318,一|evening,one|evening,裂
烈,2103,877,10,S,N1,ardent,ardent,ardent,レツ,はげ-しい,joyo,K2103,2103,5,106,3,U70C8,070c8.svg,,,draft,2101–2120,kujira.png,,,,1611,一|evening,one|evening,烈
死,771,878,6,3,N4,death,death,death,シ,し-ぬ,joyo,K0771,771,2,39,11,U6B7B,06b7b.svg,,,draft,761–780,koi.png,,,,303,一|evening,one|evening,死
葬,1240,879,12,S,N1,burial,burial,burial,ソウ,ほうむ-る,joyo,K1240,1240,3,62,20,U846C,0846c.svg,,,draft,1221–1240,castle.png,,,,1323,一|evening,one|evening,葬
瞬,931,880,18,S,N1,wink,wink,wink,シュン,またた-く,joyo,K0931,931,2,47,11,U77AC,077ac.svg,,,draft,921–940,mountain.png,,,,1548,目|evening,eye|evening,瞬
耳,810,881,6,1,N5,ear,ear,ear,ジ,みみ,joyo,K0810,810,2,41,10,U8033,08033.svg,,,draft,801–820,mountain.png,,,,1491,,,耳
取,867,882,8,3,N3,take,take,take,シュ,と-る,joyo,K0867,867,2,44,7,U53D6,053d6.svg,,,draft,861–880,castle.png,,,,156,,,取
趣,875,883,15,S,N1,gist,gist,gist,シュ,おもむき,joyo,K0875,875,2,44,15,U8DA3,08da3.svg,,,draft,861–880,castle.png,,,,1281,土,soil,趣
最,708,884,12,4,N3,utmost,utmost,utmost,サイ,もっと-も,joyo,K0708,708,2,36,8,U6700,06700.svg,,,draft,701–720,tree.png,,,,94,日,sun,最
撮,740,885,15,S,N1,snapshot,snapshot,snapshot,サツ,と-る,joyo,K0740,740,2,37,20,U64AE,064ae.svg,,,draft,721–740,bamboo.png,,,,757,日,sun,撮
恥,1359,886,10,S,N2,shame,shame,shame,チ,は-じる,joyo,K1359,1359,3,68,19,U6065,06065.svg,,,draft,1341–1360,castle.png,,,,2002,,,恥
職,1038,887,18,5,N3,employment,employment,employment,ショク,,joyo,K1038,1038,3,52,18,U8077,08077.svg,,,draft,1021–1040,kujira.png,,,,489,日,sun,職
聖,1128,888,13,6,N1,holy,holy,holy,セイ,ひじり,joyo,K1128,1128,3,57,8,U8056,08056.svg,,,draft,1121–1140,koi.png,,,,622,口|ball,mouth|ball,聖
敢,267,889,12,S,N1,daring,daring,daring,カン,あ-えて,joyo,K0267,267,1,14,7,U6562,06562.svg,,,draft,261–280,castle.png,,,,1885,,,敢
聴,1416,890,17,S,N1,listen,listen,listen,チョウ,き-く,joyo,K1416,1416,3,71,16,U8074,08074.svg,,,draft,1401–1420,mountain.png,,,,1032,十|目,ten|eye,聴
懐,194,891,16,S,N1,pocket,pocket,pocket,カイ,ふところ,joyo,K0194,194,1,10,14,U61D0,061d0.svg,,,draft,181–200,kujira.png,,,,1665,十|目|lid,ten|eye|lid,懐
慢,1908,892,14,S,N1,ridicule,ridicule,ridicule,マン,,joyo,K1908,1908,4,96,8,U6162,06162.svg,,,draft,1901–1920,tree.png,,,,1697,日|目,day|eye,慢
漫,1909,893,14,S,N1,cartoon,cartoon,cartoon,マン,みだり-に,joyo,K1909,1909,4,96,9,U6F2B,06f2b.svg,,,draft,1901–1920,tree.png,,,,778,水|日|目,water|day|eye,漫
買,1628,894,12,2,N5,buy,buy,buy,バイ,か-う,joyo,K1628,1628,4,82,8,U8CB7,08cb7.svg,,,draft,1621–1640,kujira.png,,,,961,目|貝|legs|split,eye|shellfish|legs|split,買
置,1364,895,13,4,N3,placement,placement,placement,チ,お-く,joyo,K1364,1364,3,69,4,U7F6E,07f6e.svg,,,draft,1361–1380,koi.png,,,,172,目|十,eye|ten,置
罰,1653,896,14,S,N1,penalty,penalty,penalty,バツ,ばっ-する,joyo,K1653,1653,4,83,13,U7F70,07f70.svg,,,draft,1641–1660,mountain.png,,,,1562,目|口,eye|mouth,罰
寧,1591,897,14,S,N1,rather,rather,rather,ネイ,むし-ろ,joyo,K1591,1591,4,80,11,U5BE7,05be7.svg,,,draft,1581–1600,castle.png,,,,1680,目,eye,寧
濁,1326,898,16,S,N1,voiced,voiced,voiced,ダク,にご-る,joyo,K1326,1326,3,67,6,U6FC1,06fc1.svg,,,draft,1321–1340,bamboo.png,,,,2269,水|目,water|eye,濁
環,286,899,17,S,N2,ring,ring,ring,カン,わ,joyo,K0286,286,1,15,6,U74B0,074b0.svg,,,draft,281–300,koi.png,,,,628,ball|目|一|口,ball|eye|one|mouth,環
還,284,900,16,S,N1,send_back,send_back,send_back,カン,かえ-る,joyo,K0284,284,1,15,4,U9084,09084.svg,,,draft,281–300,koi.png,,,,1109,目|一|口,eye|one|mouth,還
夫,1737,901,4,4,N3,husband,husband,husband,フ,おっと,joyo,K1737,1737,4,87,17,U592B,0592b.svg,,,draft,1721–1740,koi.png,,,,407,一,one,夫
扶,1741,902,7,S,N1,support,support,support,フ,たす-ける,joyo,K1741,1741,4,88,1,U6276,06276.svg,,,draft,1741–1760,kujira.png,,,,1920,,,扶
渓,482,903,11,S,N1,mountain_stream,mountain_stream,mountain_stream,ケイ,たに,joyo,K0482,482,1,25,2,U6E13,06e13.svg,,,draft,481–500,bamboo.png,,,,1648,水,water,渓
規,323,904,11,5,N3,standard,standard,standard,キ,,joyo,K0323,323,1,17,3,U898F,0898f.svg,,,draft,321–340,mountain.png,,,,461,目|legs,eye|legs,規
替,1306,905,12,S,N2,exchange,exchange,exchange,タイ,か-える,joyo,K1306,1306,3,66,6,U66FF,066ff.svg,,,draft,1301–1320,tree.png,,,,694,日,sun,替
賛,755,906,15,5,N3,approve,approve,approve,サン,たす-ける,joyo,K0755,755,2,38,15,U8CDB,08cdb.svg,,,draft,741–760,castle.png,,,,1235,貝|目|legs|split,shellfish|eye|legs|split,賛
潜,1189,907,15,S,N1,submerge,submerge,submerge,セン,ひそ-む,joyo,K1189,1189,3,60,9,U6F5C,06f5c.svg,,,draft,1181–1200,tree.png,,,,1068,水|日,water|day,潜
失,831,908,5,4,N3,lose,lose,lose,シツ,うしな-う,joyo,K0831,831,2,42,11,U5931,05931.svg,,,draft,821–840,tree.png,,,,549,丶,drop,失
鉄,1469,909,13,3,N3,iron,iron,iron,テツ,くろがね,joyo,K1469,1469,3,74,9,U9244,09244.svg,,,draft,1461–1480,castle.png,,,,201,金|丶,gold|drop,鉄
迭,1467,910,8,S,N1,transfer,transfer,transfer,テツ,,joyo,K1467,1467,3,74,7,U8FED,08fed.svg,,,draft,1461–1480,castle.png,,,,2668,丶,drop,迭
臣,1044,911,7,4,N3,retainer,retainer,retainer,シン,,joyo,K1044,1044,3,53,4,U81E3,081e3.svg,,,draft,1041–1060,mountain.png,,,,719,,,臣
姫,1715,912,10,S,N1,princess,princess,princess,キ,ひめ,joyo,K1715,1715,4,86,15,U59EB,059eb.svg,,,draft,1701–1720,castle.png,,,,900,女,woman,姫
蔵,1258,913,15,6,N3,storehouse,storehouse,storehouse,ゾウ,くら,joyo,K1258,1258,3,63,18,U8535,08535.svg,,,draft,1241–1260,koi.png,,,,569,,,蔵
臓,1260,914,19,6,N3,entrails,entrails,entrails,ゾウ,はらわた,joyo,K1260,1260,3,63,20,U81D3,081d3.svg,,,draft,1241–1260,koi.png,,,,1538,月,moon,臓
賢,538,915,16,S,N2,intelligent,intelligent,intelligent,ケン,かしこ-い,joyo,K0538,538,2,27,18,U8CE2,08ce2.svg,,,draft,521–540,koi.png,,,,1218,貝|目|legs|split,shellfish|eye|legs|split,賢
腎,1078,916,13,S,,kidney,kidney,kidney,ジン,,joyo,K1078,1078,3,54,18,U814E,0814e.svg,,,draft,1061–1080,tree.png,,,,2163,月,moon,腎
堅,530,917,12,S,N1,strict,strict,strict,ケン,かた-い,joyo,K0530,530,2,27,10,U5805,05805.svg,,,draft,521–540,koi.png,,,,1604,土,soil,堅
臨,2081,918,18,6,N1,look_to,look_to,look_to,リン,のぞ-む,joyo,K2081,2081,5,105,1,U81E8,081e8.svg,,,draft,2081–2100,koi.png,,,,978,口,mouth,臨
覧,2031,919,17,6,N1,perusal,perusal,perusal,ラン,み-る,joyo,K2031,2031,5,102,11,U89A7,089a7.svg,,,draft,2021–2040,tree.png,,,,368,一|目|legs,one|eye|legs,覧
巨,383,920,4,S,N2,gigantic,gigantic,gigantic,キョ,,joyo,K0383,383,1,20,3,U5DE8,05de8.svg,,,draft,381–400,castle.png,,,,893,,,巨
拒,385,921,8,S,N1,repel,repel,repel,キョ,こば-む,joyo,K0385,385,1,20,5,U62D2,062d2.svg,,,draft,381–400,castle.png,,,,1356,,,拒
力,2074,922,2,1,N4,power,power,power,リョク,ちから,joyo,K2074,2074,5,104,14,U529B,0529b.svg,,,draft,2061–2080,castle.png,,,,109,,,力
男,1348,923,7,1,N5,man,man,man,ダン,おとこ,joyo,K1348,1348,3,68,8,U7537,07537.svg,,,draft,1341–1360,castle.png,,,,233,田,field,男
労,2116,924,7,4,N3,labor,labor,labor,ロウ,ろう-する,joyo,K2116,2116,5,106,16,U52B4,052b4.svg,,,draft,2101–2120,kujira.png,,,,752,,,労
募,1824,925,12,S,N2,recruit,recruit,recruit,ボ,つの-る,joyo,K1824,1824,4,92,4,U52DF,052df.svg,,,draft,1821–1840,castle.png,,,,1168,日,sun,募
劣,2102,926,6,S,N1,inferiority,inferiority,inferiority,レツ,おと-る,joyo,K2102,2102,5,106,2,U52A3,052a3.svg,,,draft,2101–2120,kujira.png,,,,1626,,,劣
功,592,927,5,4,N1,achievement,achievement,achievement,コウ,いさお,joyo,K0592,592,2,30,12,U529F,0529f.svg,,,draft,581–600,tree.png,,,,739,,,功
勧,272,928,13,S,N1,persuade,persuade,persuade,カン,すす-める,joyo,K0272,272,1,14,12,U52E7,052e7.svg,,,draft,261–280,castle.png,,,,1451,,,勧
努,1495,929,7,4,N3,toil,toil,toil,ド,つと-める,joyo,K1495,1495,3,75,15,U52AA,052aa.svg,,,draft,1481–1500,koi.png,,,,1568,女,woman,努
勃,1884,930,9,S,,uprising,uprising,uprising,ボツ,おこ-る,joyo,K1884,1884,4,95,4,U52C3,052c3.svg,,,draft,1881–1900,mountain.png,,,,1724,十|子,ten|rat_zodiac,勃
励,2090,931,7,S,N1,encourage,encourage,encourage,レイ,はげ-む,joyo,K2090,2090,5,105,10,U52B1,052b1.svg,,,draft,2081–2100,koi.png,,,,1526,cliff,cliff,励
加,134,932,5,4,N3,add,add,add,カ,くわ-える,joyo,K0134,134,1,7,14,U52A0,052a0.svg,,,draft,121–140,bamboo.png,,,,139,口,mouth,加
賀,169,933,12,4,N1,congratulations,congratulations,congratulations,ガ,,joyo,K0169,169,1,9,9,U8CC0,08cc0.svg,,,draft,161–180,koi.png,,,,601,口|貝|目|legs|split,mouth|shellfish|eye|legs|split,賀
架,145,934,9,S,N1,rack,rack,rack,カ,か-ける,joyo,K0145,145,1,8,5,U67B6,067b6.svg,,,draft,141–160,castle.png,,,,1108,口|木,mouth|tree,架
脇,2132,935,10,S,,armpit,armpit,armpit,キョウ,わき,joyo,K2132,2132,5,107,12,U8107,08107.svg,,,draft,2121–2140,mountain.png,,,,1333,月,moon,脇
脅,409,936,10,S,N1,threaten,threaten,threaten,キョウ,おびや-かす,joyo,K0409,409,1,21,9,U8105,08105.svg,,,draft,401–420,koi.png,,,,1632,月,moon,脅
協,401,937,8,4,N3,cooperation,cooperation,cooperation,キョウ,,joyo,K0401,401,1,21,1,U5354,05354.svg,,,draft,401–420,koi.png,,,,343,十,ten,協
行,603,938,6,2,N5,going,going,going,コウ,い-く,joyo,K0603,603,2,31,3,U884C,0884c.svg,,,draft,601–620,bamboo.png,,,,15,,,行
律,2046,939,9,6,N3,law,law,law,リツ,,joyo,K2046,2046,5,103,6,U5F8B,05f8b.svg,,,draft,2041–2060,bamboo.png,,,,935,一,one,律
復,1769,940,12,5,N3,restore,restore,restore,フク,また,joyo,K1769,1769,4,89,9,U5FA9,05fa9.svg,,,draft,1761–1780,mountain.png,,,,433,一|日,one|day,復
得,1550,941,11,5,N3,acquire,acquire,acquire,トク,え-る,joyo,K1550,1550,4,78,10,U5F97,05f97.svg,,,draft,1541–1560,tree.png,,,,251,一|日,one|day,得
従,913,942,10,6,N1,obey,obey,obey,ジュウ,したが-う,joyo,K0913,913,2,46,13,U5F93,05f93.svg,,,draft,901–920,kujira.png,,,,583,一|horns,one|horns,従
徒,1487,943,10,4,N3,junior,junior,junior,ト,いたずら,joyo,K1487,1487,3,75,7,U5F92,05f92.svg,,,draft,1481–1500,koi.png,,,,696,一|土,one|soil,徒
待,1297,944,9,3,N4,wait,wait,wait,タイ,ま-つ,joyo,K1297,1297,3,65,17,U5F85,05f85.svg,,,draft,1281–1300,mountain.png,,,,845,一|土,one|soil,待
往,109,945,8,5,N1,journey,journey,journey,オウ,い-く,joyo,K0109,109,1,6,9,U5F80,05f80.svg,,,draft,101–120,tree.png,,,,1268,一|丶|ball,one|drop|ball,往
征,1113,946,8,S,N1,subjugate,subjugate,subjugate,セイ,,joyo,K1113,1113,3,56,13,U5F81,05f81.svg,,,draft,1101–1120,castle.png,,,,1194,一,one,征
径,473,947,8,4,N1,diameter,diameter,diameter,ケイ,みち,joyo,K0473,473,1,24,13,U5F84,05f84.svg,,,draft,461–480,tree.png,,,,1361,一|土,one|soil,径
彼,1688,948,8,S,N2,he,he,he,ヒ,かれ,joyo,K1688,1688,4,85,8,U5F7C,05f7c.svg,,,draft,1681–1700,bamboo.png,,,,285,一|十|乙,one|ten|hook,彼
役,1957,949,7,3,N3,role,role,role,ヤク,,joyo,K1957,1957,4,98,17,U5F79,05f79.svg,,,draft,1941–1960,castle.png,,,,147,一,one,役
徳,1552,950,14,4,N1,benevolence,benevolence,benevolence,トク,,joyo,K1552,1552,4,78,12,U5FB3,05fb3.svg,,,draft,1541–1560,tree.png,,,,564,一|十|目,one|ten|eye,徳
徹,1470,951,15,S,N1,penetrate,penetrate,penetrate,テツ,,joyo,K1470,1470,3,74,10,U5FB9,05fb9.svg,,,draft,1461–1480,castle.png,,,,1237,一|lid|月,one|lid|moon,徹
徴,1411,952,14,S,N1,indications,indications,indications,チョウ,しるし,joyo,K1411,1411,3,71,11,U5FB4,05fb4.svg,,,draft,1401–1420,mountain.png,,,,754,一|ball,one|ball,徴
懲,1417,953,18,S,N1,penal,penal,penal,チョウ,こ-りる,joyo,K1417,1417,3,71,17,U61F2,061f2.svg,,,draft,1401–1420,mountain.png,,,,1858,一|ball,one|ball,懲
微,1707,954,13,S,N1,delicate,delicate,delicate,ビ,かす-か,joyo,K1707,1707,4,86,7,U5FAE,05fae.svg,,,draft,1701–1720,castle.png,,,,1298,一|legs,one|legs,微
街,202,955,12,4,N1,boulevard,boulevard,boulevard,ガイ,まち,joyo,K0202,202,1,11,2,U8857,08857.svg,,,draft,201–220,mountain.png,,,,630,土,soil,街
桁,505,956,10,S,,beam,beam,beam,コウ,けた,joyo,K0505,505,2,26,5,U6841,06841.svg,,,draft,501–520,castle.png,,,,1647,木,tree,桁
衡,646,957,16,S,N1,equilibrium,equilibrium,equilibrium,コウ,,joyo,K0646,646,2,33,6,U8861,08861.svg,,,draft,641–660,koi.png,,,,1926,田,field,衡
稿,644,958,15,S,N1,draft,draft,draft,コウ,わら,joyo,K0644,644,2,33,4,U7A3F,07a3f.svg,,,draft,641–660,koi.png,,,,1215,lid|口,lid|mouth,稿
稼,161,959,15,S,N1,earnings,earnings,earnings,カ,かせ-ぐ,joyo,K0161,161,1,9,1,U7A3C,07a3c.svg,,,draft,161–180,koi.png,,,,1498,,,稼
程,1455,960,12,5,N3,extent,extent,extent,テイ,ほど,joyo,K1455,1455,3,73,15,U7A0B,07a0b.svg,,,draft,1441–1460,bamboo.png,,,,567,口|ball,mouth|ball,程
税,1137,961,12,5,N3,tax,tax,tax,ゼイ,,joyo,K1137,1137,3,57,17,U7A0E,07a0e.svg,,,draft,1121–1140,koi.png,,,,1001,horns|口|legs,horns|mouth|legs,税
稚,1363,962,13,S,N1,immature,immature,immature,チ,いとけない,joyo,K1363,1363,3,69,3,U7A1A,07a1a.svg,,,draft,1361–1380,koi.png,,,,1425,,,稚
和,2129,963,8,3,N3,harmony,harmony,harmony,ワ,やわ-らぐ,joyo,K2129,2129,5,107,9,U548C,0548c.svg,,,draft,2121–2140,mountain.png,,,,64,口,mouth,和
移,28,964,11,5,N3,shift,shift,shift,イ,うつ-る,joyo,K0028,28,1,2,8,U79FB,079fb.svg,,,draft,21–40,castle.png,,,,277,evening,evening,移
秒,1725,965,9,3,N3,second,second,second,ビョウ,,joyo,K1725,1725,4,87,5,U79D2,079d2.svg,,,draft,1721–1740,koi.png,,,,980,,,秒
秋,891,966,9,2,N4,autumn,autumn,autumn,シュウ,あき,joyo,K0891,891,2,45,11,U79CB,079cb.svg,,,draft,881–900,koi.png,,,,573,火,fire,秋
愁,902,967,13,S,N1,distress,distress,distress,シュウ,うれ-える,joyo,K0902,902,2,46,2,U6101,06101.svg,,,draft,901–920,kujira.png,,,,2415,火,fire,愁
私,776,968,7,6,N4,me,me,me,シ,わたくし,joyo,K0776,776,2,39,16,U79C1,079c1.svg,,,draft,761–780,koi.png,,,,724,,,私
秩,1371,969,10,S,N1,regularity,regularity,regularity,チツ,,joyo,K1371,1371,3,69,11,U79E9,079e9.svg,,,draft,1361–1380,koi.png,,,,1701,丶,drop,秩
秘,1695,970,10,6,N1,secret,secret,secret,ヒ,ひ-める,joyo,K1695,1695,4,85,15,U79D8,079d8.svg,,,draft,1681–1700,bamboo.png,,,,892,丶,drop,秘
称,979,971,10,S,N1,appellation,appellation,appellation,ショウ,たた-える,joyo,K0979,979,2,49,19,U79F0,079f0.svg,,,draft,961–980,bamboo.png,,,,269,小,small,称
利,2036,972,7,4,N3,profit,profit,profit,リ,き-く,joyo,K2036,2036,5,102,16,U5229,05229.svg,,,draft,2021–2040,tree.png,,,,229,,,利
梨,1571,973,11,4,N1,pear_tree,pear_tree,pear_tree,リ,なし,joyo,K1571,1571,4,79,11,U68A8,068a8.svg,,,draft,1561–1580,bamboo.png,,,,1089,木,tree,梨
穫,225,974,18,S,N1,harvest,harvest,harvest,カク,,joyo,K0225,225,1,12,5,U7A6B,07a6b.svg,,,draft,221–240,tree.png,,,,2238,,,穫
穂,1092,975,15,S,N1,ear_of_plant,ear_of_plant,ear_of_plant,スイ,ほ,joyo,K1092,1092,3,55,12,U7A42,07a42.svg,,,draft,1081–1100,bamboo.png,,,,1137,十|田,ten|field,穂
稲,1528,976,14,S,N1,rice_plant,rice_plant,rice_plant,トウ,いね,joyo,K1528,1528,4,77,8,U7A32,07a32.svg,,,draft,1521–1540,mountain.png,,,,958,1,1,稲
香,621,977,9,4,N3,incense,incense,incense,コウ,か,joyo,K0621,621,2,32,1,U9999,09999.svg,,,draft,621–640,castle.png,,,,576,1,1,香
季,312,978,8,4,N3,seasons,seasons,seasons,キ,,joyo,K0312,312,1,16,12,U5B63,05b63.svg,,,draft,301–320,kujira.png,,,,999,子,rat_zodiac,季
委,21,979,8,3,N3,committee,committee,committee,イ,ゆだ-ねる,joyo,K0021,21,1,2,1,U59D4,059d4.svg,,,draft,21–40,castle.png,,,,467,女,woman,委
秀,887,980,7,S,N1,excel,excel,excel,シュウ,ひい-でる,joyo,K0887,887,2,45,7,U79C0,079c0.svg,,,draft,881–900,koi.png,,,,626,,,秀
透,1513,981,10,S,N1,transparent,transparent,transparent,トウ,す-く,joyo,K1513,1513,4,76,13,U900F,0900f.svg,,,draft,1501–1520,kujira.png,,,,1436,,,透
誘,1982,982,14,S,N1,entice,entice,entice,ユウ,さそ-う,joyo,K1982,1982,4,100,2,U8A98,08a98.svg,,,draft,1981–2000,kujira.png,,,,1062,口,mouth,誘
稽,494,983,15,S,,examine,examine,examine,ケイ,かんが-える,joyo,K0494,494,1,25,14,U7A3D,07a3d.svg,,,draft,481–500,bamboo.png,,,,2030,1,1,稽
穀,663,984,14,6,N1,cereals,cereals,cereals,コク,,joyo,K0663,663,2,34,3,U7A40,07a40.svg,,,draft,661–680,kujira.png,,,,2003,,,穀
菌,433,985,11,S,N1,germ,germ,germ,キン,,joyo,K0433,433,1,22,13,U83CC,083cc.svg,,,draft,421–440,kujira.png,,,,1257,囗,enclosure,菌
萎,29,986,11,S,,numb,numb,numb,イ,な,joyo,K0029,29,1,2,9,U840E,0840e.svg,,,draft,21–40,castle.png,,,,2738,女,woman,萎
米,1801,987,6,2,N3,rice,rice,rice,ベイ,こめ,joyo,K1801,1801,4,91,1,U7C73,07c73.svg,,,draft,1801–1820,bamboo.png,,,,457,,,米
粉,1778,988,10,5,N3,flour,flour,flour,フン,こ,joyo,K1778,1778,4,89,18,U7C89,07c89.svg,,,draft,1761–1780,mountain.png,,,,1563,split,split,粉
粘,1596,989,11,S,N1,sticky,sticky,sticky,ネン,ねば-る,joyo,K1596,1596,4,80,16,U7C98,07c98.svg,,,draft,1581–1600,castle.png,,,,1862,口,mouth,粘
粒,2053,990,11,S,N2,grains,grains,grains,リュウ,つぶ,joyo,K2053,2053,5,103,13,U7C92,07c92.svg,,,draft,2041–2060,bamboo.png,,,,1599,,,粒
粧,993,991,12,S,N1,cosmetics,cosmetics,cosmetics,ショウ,,joyo,K0993,993,2,50,13,U7CA7,07ca7.svg,,,draft,981–1000,castle.png,,,,1941,土,soil,粧
迷,1929,992,9,5,N3,astray,astray,astray,メイ,まよ-う,joyo,K1929,1929,4,97,9,U8FF7,08ff7.svg,,,draft,1921–1940,bamboo.png,,,,1342,,,迷
粋,1086,993,10,S,N1,chic,chic,chic,スイ,いき,joyo,K1086,1086,3,55,6,U7C8B,07c8b.svg,,,draft,1081–1100,bamboo.png,,,,1741,ball|十,ball|ten,粋
謎,1572,994,17,S,,riddle,riddle,riddle,メイ,なぞ,joyo,K1572,1572,4,79,12,U8B0E,08b0e.svg,,,draft,1561–1580,bamboo.png,,,,1394,口,mouth,謎
糧,2073,995,18,S,N1,provisions,provisions,provisions,リョウ,かて,joyo,K2073,2073,5,104,13,U7CE7,07ce7.svg,,,draft,2061–2080,castle.png,,,,1997,日|一,day|one,糧
菊,350,996,11,S,N1,chrysanthemum,chrysanthemum,chrysanthemum,キク,,joyo,K0350,350,1,18,10,U83CA,083ca.svg,,,draft,341–360,tree.png,,,,1146,,,菊
奥,116,997,12,S,N2,inner,inner,inner,オウ,おく,joyo,K0116,116,1,6,16,U5965,05965.svg,,,draft,101–120,tree.png,,,,939,丶|囗,drop|enclosure,奥
数,1097,998,13,2,N3,number,number,number,スウ,かず,joyo,K1097,1097,3,55,17,U6570,06570.svg,,,draft,1081–1100,bamboo.png,,,,123,女,woman,数
楼,2122,999,13,S,N1,watchtower,watchtower,watchtower,ロウ,たかどの,joyo,K2122,2122,5,107,2,U697C,0697c.svg,,,draft,2121–2140,mountain.png,,,,1857,木|女,tree|woman,楼
類,2086,1000,18,4,N3,sort,sort,sort,ルイ,たぐ-い,joyo,K2086,2086,5,105,6,U985E,0985e.svg,,,draft,2081–2100,koi.png,,,,397,一|丶|貝|目|legs|split,one|drop|shellfish|eye|legs|split,類
漆,837,1001,14,S,N1,lacquer,lacquer,lacquer,シツ,うるし,joyo,K0837,837,2,42,17,U6F06,06f06.svg,,,draft,821–840,tree.png,,,,2048,水|木,water|tree,漆
膝,1709,1002,15,S,,knee,knee,knee,シツ,ひざ,joyo,K1709,1709,4,86,9,U819D,0819d.svg,,,draft,1701–1720,castle.png,,,,1914,月|木,moon|tree,膝
様,2005,1003,14,3,N3,formal_title,formal_title,formal_title,ヨウ,さま,joyo,K2005,2005,5,101,5,U69D8,069d8.svg,,,draft,2001–2020,mountain.png,,,,284,木,tree,様
求,369,1004,7,4,N3,request,request,request,キュウ,もと-める,joyo,K0369,369,1,19,9,U6C42,06c42.svg,,,draft,361–380,bamboo.png,,,,683,,,求
球,377,1005,11,3,N3,sphere,sphere,sphere,キュウ,たま,joyo,K0377,377,1,19,17,U7403,07403.svg,,,draft,361–380,bamboo.png,,,,297,,,球
救,376,1006,11,5,N3,salvation,salvation,salvation,キュウ,すく-う,joyo,K0376,376,1,19,16,U6551,06551.svg,,,draft,361–380,bamboo.png,,,,843,,,救
竹,1366,1007,6,1,N3,bamboo,bamboo,bamboo,チク,たけ,joyo,K1366,1366,3,69,6,U7AF9,07af9.svg,,,draft,1361–1380,koi.png,,,,723,,,竹
笑,980,1008,10,4,N3,laugh,laugh,laugh,ショウ,わら-う,joyo,K0980,980,2,49,20,U7B11,07b11.svg,,,draft,961–980,bamboo.png,,,,955,,,笑
笠,,1009,11,H,,bamboo_hat,bamboo_hat,bamboo_hat,リュウ,かさ,かさ,heisig_extra,K2167,2167,5,109,U7B20,07b20.svg,u7b20.svg,,,draft,2161–2180,bamboo.png,,,1184,,,笠
笹,,1010,11,H,N1,bamboo_grass,bamboo_grass,bamboo_grass,,ささ,ささ,heisig_extra,K2168,2168,5,109,U7B39,07b39.svg,u7b39.svg,,,draft,2161–2180,bamboo.png,,,1683,,,笹
箋,1187,1011,14,S,,stationery,stationery,stationery,セン,ふだ,joyo,K1187,1187,3,60,7,U7B8B,07b8b.svg,,,draft,1181–1200,tree.png,,,,2757,,,箋
筋,436,1012,12,6,N1,muscle,muscle,muscle,キン,すじ,joyo,K0436,436,1,22,16,U7B4B,07b4b.svg,,,draft,421–440,kujira.png,,,,1117,月,moon,筋
箱,1643,1013,15,3,N3,box,box,box,ソウ,はこ,joyo,K1643,1643,4,83,3,U7BB1,07bb1.svg,,,draft,1641–1660,mountain.png,,,,1294,木|目,tree|eye,箱
筆,1714,1014,12,3,N3,writing_brush,writing_brush,writing_brush,ヒツ,ふで,joyo,K1714,1714,4,86,14,U7B46,07b46.svg,,,draft,1701–1720,castle.png,,,,923,,,筆
筒,1526,1015,12,S,N2,cylinder,cylinder,cylinder,トウ,つつ,joyo,K1526,1526,4,77,6,U7B52,07b52.svg,,,draft,1521–1540,mountain.png,,,,1382,一|口,one|mouth,筒
等,1525,1016,12,3,N3,etc,etc,etc,トウ,ひと-しい,joyo,K1525,1525,4,77,5,U7B49,07b49.svg,,,draft,1521–1540,mountain.png,,,,192,土,soil,等
算,753,1017,14,2,N3,calculate,calculate,calculate,サン,そろ,joyo,K0753,753,2,38,13,U7B97,07b97.svg,,,draft,741–760,castle.png,,,,711,目,eye,算
答,1524,1018,12,2,N4,answer,answer,answer,トウ,こた-える,joyo,K1524,1524,4,77,4,U7B54,07b54.svg,,,draft,1521–1540,mountain.png,,,,1130,一|口,one|mouth,答
策,728,1019,12,6,N1,scheme,scheme,scheme,サク,,joyo,K0728,728,2,37,8,U7B56,07b56.svg,,,draft,721–740,bamboo.png,,,,698,木,tree,策
簿,1828,1020,19,S,N1,register,register,register,ボ,,joyo,K1828,1828,4,92,8,U7C3F,07c3f.svg,,,draft,1821–1840,castle.png,,,,1636,水|丶|十|田,water|drop|ten|field,簿
築,1370,1021,16,5,N3,fabricate,fabricate,fabricate,チク,きず-く,joyo,K1370,1370,3,69,10,U7BC9,07bc9.svg,,,draft,1361–1380,koi.png,,,,616,丶|木,drop|tree,築
篭,,1022,16,H,,basket,basket,basket,ロウ,かご,heisig_extra,K2169,2169,5,109,U7BED,07bed.svg,u7bed.svg,,,draft,2161–2180,bamboo.png,,,,2494,,,篭
人,1070,1023,2,1,N5,person,person,person,ジン,ひと,joyo,K1070,1070,3,54,10,U4EBA,04eba.svg,,,draft,1061–1080,tree.png,,,,7,person,person,人
佐,683,1024,7,4,N1,assistant,assistant,assistant,サ,,joyo,K0683,683,2,35,3,U4F50,04f50.svg,,,draft,681–700,mountain.png,,,,333,人,person,佐
侶,2056,1025,9,S,,partner,partner,partner,リョ,とも,joyo,K2056,2056,5,103,16,U4FB6,04fb6.svg,,,draft,2041–2060,bamboo.png,,,,3032,人|口|丶,person|mouth|drop,侶
但,1327,1026,7,S,N1,however,however,however,タン,ただ-し,joyo,K1327,1327,3,67,7,U4F46,04f46.svg,,,draft,1321–1340,bamboo.png,,,,1787,人|日|一,person|day|one,但
住,910,1027,7,3,N4,dwelling,dwelling,dwelling,ジュウ,す-む,joyo,K0910,910,2,46,10,U4F4F,04f4f.svg,,,draft,901–920,kujira.png,,,,349,人|丶|ball,person|drop|ball,住
位,17,1028,7,4,N3,rank,rank,rank,イ,くらい,joyo,K0017,17,1,1,17,U4F4D,04f4d.svg,,,draft,1–20,bamboo.png,,,,124,人,person,位
仲,1377,1029,6,4,N3,go_between,go_between,go_between,チュウ,なか,joyo,K1377,1377,3,69,17,U4EF2,04ef2.svg,,,draft,1361–1380,koi.png,,,,821,人|口,person|mouth,仲
体,1295,1030,7,2,N4,body,body,body,タイ,からだ,joyo,K1295,1295,3,65,15,U4F53,04f53.svg,,,draft,1281–1300,mountain.png,,,,79,人|木|一,person|tree|one,体
悠,1975,1031,11,S,N1,permanence,permanence,permanence,ユウ,,joyo,K1975,1975,4,99,15,U60A0,060a0.svg,,,draft,1961–1980,koi.png,,,,1515,人,person,悠
件,515,1032,6,5,N3,affair,affair,affair,ケン,くだん,joyo,K0515,515,2,26,15,U4EF6,04ef6.svg,,,draft,501–520,castle.png,,,,376,人,person,件
仕,764,1033,5,3,N4,attend_to,attend_to,attend_to,シ,つか-える,joyo,K0764,764,2,39,4,U4ED5,04ed5.svg,,,draft,761–780,koi.png,,,,532,人,person,仕
他,1284,1034,5,3,N3,other,other,other,タ,ほか,joyo,K1284,1284,3,65,4,U4ED6,04ed6.svg,,,draft,1281–1300,mountain.png,,,,234,人,person,他
伏,1765,1035,6,S,N1,prostrated,prostrated,prostrated,フク,ふ-せる,joyo,K1765,1765,4,89,5,U4F0F,04f0f.svg,,,draft,1761–1780,mountain.png,,,,1230,人|丶,person|drop,伏
伝,1481,1036,6,4,N3,transmit,transmit,transmit,デン,つた-わる,joyo,K1481,1481,3,75,1,U4F1D,04f1d.svg,,,draft,1481–1500,koi.png,,,,301,人|一,person|one,伝
仏,1776,1037,4,5,N3,buddha,buddha,buddha,ブツ,ほとけ,joyo,K1776,1776,4,89,16,U4ECF,04ecf.svg,,,draft,1761–1780,mountain.png,,,,911,人,person,仏
休,365,1038,6,1,N5,rest,rest,rest,キュウ,やす-む,joyo,K0365,365,1,19,5,U4F11,04f11.svg,,,draft,361–380,bamboo.png,,,,748,人|木,person|tree,休
仮,136,1039,6,5,N3,temporary,temporary,temporary,カ,かり,joyo,K0136,136,1,7,16,U4EEE,04eee.svg,,,draft,121–140,bamboo.png,,,,800,人|cliff,person|cliff,仮
伎,302,1040,6,S,N1,performing artist,performing artist,performing artist,ギ,わざ,joyo,K0302,302,1,16,2,U4F0E,04f0e.svg,,,draft,301–320,kujira.png,,,,1861,人|十,person|ten,伎
伯,1631,1041,7,S,N1,chief,chief,chief,ハク,,joyo,K1631,1631,4,82,11,U4F2F,04f2f.svg,,,draft,1621–1640,kujira.png,,,,986,人,person,伯
俗,1271,1042,9,S,N1,vulgar,vulgar,vulgar,ゾク,,joyo,K1271,1271,3,64,11,U4FD7,04fd7.svg,,,draft,1261–1280,kujira.png,,,,1366,人|split|口,person|split|mouth,俗
信,1049,1043,9,4,N3,faith,faith,faith,シン,,joyo,K1049,1049,3,53,9,U4FE1,04fe1.svg,,,draft,1041–1060,mountain.png,,,,189,人|口,person|mouth,信
佳,139,1044,8,S,N1,excellent,excellent,excellent,カ,,joyo,K0139,139,1,7,19,U4F73,04f73.svg,,,draft,121–140,bamboo.png,,,,1208,人|土,person|soil,佳
依,20,1045,8,S,N2,reliant,reliant,reliant,イ,よ-る,joyo,K0020,20,1,1,20,U4F9D,04f9d.svg,,,draft,1–20,bamboo.png,,,,989,人,person,依
例,2092,1046,8,4,N3,example,example,example,レイ,たと-える,joyo,K2092,2092,5,105,12,U4F8B,04f8b.svg,,,draft,2081–2100,koi.png,,,,512,人|一|evening,person|one|evening,例
個,568,1047,10,5,N3,individual,individual,individual,コ,,joyo,K0568,568,2,29,8,U500B,0500b.svg,,,draft,561–580,mountain.png,,,,561,人|囗|十|口,person|enclosure|ten|mouth,個
健,527,1048,11,4,N3,healthy,healthy,healthy,ケン,すこ-やか,joyo,K0527,527,2,27,7,U5065,05065.svg,,,draft,521–540,koi.png,,,,669,人,person,健
側,1269,1049,11,4,N3,side,side,side,ソク,かわ,joyo,K1269,1269,3,64,9,U5074,05074.svg,,,draft,1261–1280,kujira.png,,,,372,人|貝|目|legs|split,person|shellfish|eye|legs|split,側
侍,815,1050,8,S,N1,waiter,waiter,waiter,ジ,さむらい,joyo,K0815,815,2,41,15,U4F8D,04f8d.svg,,,draft,801–820,mountain.png,,,,1537,人|土,person|soil,侍
停,1451,1051,11,5,N3,halt,halt,halt,テイ,と-める,joyo,K1451,1451,3,73,11,U505C,0505c.svg,,,draft,1441–1460,bamboo.png,,,,621,人|lid|口,person|lid|mouth,停
値,1358,1052,10,6,N3,value,value,value,チ,ね,joyo,K1358,1358,3,68,18,U5024,05024.svg,,,draft,1341–1360,castle.png,,,,855,人|十|目,person|ten|eye,値
倣,1841,1053,10,S,N1,emulate,emulate,emulate,ホウ,なら-う,joyo,K1841,1841,4,93,1,U5023,05023.svg,,,draft,1841–1860,koi.png,,,,2089,人,person,倣
傲,655,1054,13,S,,arrogance,arrogance,arrogance,ゴウ,おご-る,joyo,K0655,655,2,33,15,U50B2,050b2.svg,,,draft,641–660,koi.png,,,,2539,,,傲
倒,1507,1055,10,S,N2,overthrow,overthrow,overthrow,トウ,たお-れる,joyo,K1507,1507,4,76,7,U5012,05012.svg,,,draft,1501–1520,kujira.png,,,,816,人|一|土,person|one|soil,倒
偵,1452,1056,11,S,N1,spy,spy,spy,テイ,,joyo,K1452,1452,3,73,12,U5075,05075.svg,,,draft,1441–1460,bamboo.png,,,,1164,人|貝|目|legs|split,person|shellfish|eye|legs|split,偵
僧,1242,1057,13,S,N1,buddhist_priest,buddhist_priest,buddhist_priest,ソウ,,joyo,K1242,1242,3,63,2,U50E7,050e7.svg,,,draft,1241–1260,koi.png,,,,1439,4,4,僧
億,120,1058,15,4,N3,hundred_million,hundred_million,hundred_million,オク,,joyo,K0120,120,1,6,20,U5104,05104.svg,,,draft,101–120,tree.png,,,,1015,人|日,person|day,億
儀,345,1059,15,S,N1,ritual,ritual,ritual,ギ,,joyo,K0345,345,1,18,5,U5100,05100.svg,,,draft,341–360,tree.png,,,,1123,人,person,儀
償,1006,1060,17,S,N1,reparation,reparation,reparation,ショウ,つぐな-う,joyo,K1006,1006,3,51,6,U511F,0511f.svg,,,draft,1001–1020,koi.png,,,,1371,人|小|口|貝|目|legs|split,person|small|mouth|shellfish|eye|legs|split,償
仙,1168,1061,5,S,N1,hermit,hermit,hermit,セン,,joyo,K1168,1168,3,59,8,U4ED9,04ed9.svg,,,draft,1161–1180,mountain.png,,,,943,人,person,仙
催,711,1062,13,S,N1,sponsor,sponsor,sponsor,サイ,もよう-す,joyo,K0711,711,2,36,11,U50AC,050ac.svg,,,draft,701–720,tree.png,,,,413,人,person,催
仁,1072,1063,4,6,N1,humanity,humanity,humanity,ジン,,joyo,K1072,1072,3,54,12,U4EC1,04ec1.svg,,,draft,1061–1080,tree.png,,,,890,人|一,person|one,仁
侮,1759,1064,8,S,N1,scorn,scorn,scorn,ブ,あなど-る,joyo,K1759,1759,4,88,19,U4FAE,04fae.svg,,,draft,1741–1760,kujira.png,,,,2338,人|女|体,person|woman|body,侮
使,777,1065,8,3,N4,use,use,use,シ,つか-う,joyo,K0777,777,2,39,17,U4F7F,04f7f.svg,,,draft,761–780,koi.png,,,,137,人|口,person|mouth,使
便,1815,1066,9,4,N4,convenience,convenience,convenience,ベン,たよ-り,joyo,K1815,1815,4,91,15,U4FBF,04fbf.svg,,,draft,1801–1820,bamboo.png,,,,661,人|一|日,person|one|day,便
倍,1623,1067,10,3,N3,double,double,double,バイ,,joyo,K1623,1623,4,82,3,U500D,0500d.svg,,,draft,1621–1640,kujira.png,,,,1087,人|口,person|mouth,倍
優,1985,1068,17,6,N3,tenderness,tenderness,tenderness,ユウ,やさ-しい,joyo,K1985,1985,4,100,5,U512A,0512a.svg,,,draft,1981–2000,kujira.png,,,,187,人,person,優
伐,1651,1069,6,S,N1,fell,fell,fell,バツ,き-る,joyo,K1651,1651,4,83,11,U4F10,04f10.svg,,,draft,1641–1660,mountain.png,,,,1651,人,person,伐
宿,920,1070,11,3,N3,inn,inn,inn,シュク,やど,joyo,K0920,920,2,46,20,U5BBF,05bbf.svg,,,draft,901–920,kujira.png,,,,732,人|一,person|one,宿
傷,997,1071,13,6,N1,wound,wound,wound,ショウ,きず,joyo,K0997,997,2,50,17,U50B7,050b7.svg,,,draft,981–1000,castle.png,,,,872,人|日,person|day,傷
保,1818,1072,9,5,N3,protect,protect,protect,ホ,たも-つ,joyo,K1818,1818,4,91,18,U4FDD,04fdd.svg,,,draft,1801–1820,bamboo.png,,,,220,人|口|木,person|mouth|tree,保
褒,1850,1073,15,S,N1,praise,praise,praise,ホウ,ほ-める,joyo,K1850,1850,4,93,10,U8912,08912.svg,,,draft,1841–1860,koi.png,,,,2007,lid|人|口|木,lid|person|mouth|tree,褒
傑,511,1074,13,S,N1,greatness,greatness,greatness,ケツ,すぐ-れる,joyo,K0511,511,2,26,11,U5091,05091.svg,,,draft,501–520,castle.png,,,,1747,人|evening|木,person|evening|tree,傑
付,1739,1075,5,4,N3,adhere,adhere,adhere,フ,つ-ける,joyo,K1739,1739,4,87,19,U4ED8,04ed8.svg,,,draft,1721–1740,koi.png,,,,216,人,person,付
符,1751,1076,11,S,N2,token,token,token,フ,,joyo,K1751,1751,4,88,11,U7B26,07b26.svg,,,draft,1741–1760,kujira.png,,,,1634,人,person,符
府,1742,1077,8,4,N3,municipality,municipality,municipality,フ,,joyo,K1742,1742,4,88,2,U5E9C,05e9c.svg,,,draft,1741–1760,kujira.png,,,,338,人,person,府
任,1587,1078,6,5,N3,responsibility,responsibility,responsibility,ニン,まか-せる,joyo,K1587,1587,4,80,7,U4EFB,04efb.svg,,,draft,1581–1600,castle.png,,,,238,人|丶,person|drop,任
賃,1425,1079,13,6,N3,fare,fare,fare,チン,,joyo,K1425,1425,3,72,5,U8CC3,08cc3.svg,,,draft,1421–1440,tree.png,,,,1423,人|丶|貝|目|legs|split,person|drop|shellfish|eye|legs|split,賃
代,1313,1080,5,3,N4,substitute,substitute,substitute,ダイ,か-わる,joyo,K1313,1313,3,66,13,U4EE3,04ee3.svg,,,draft,1301–1320,tree.png,,,,30,人,person,代
袋,1304,1081,11,S,N2,sack,sack,sack,タイ,ふくろ,joyo,K1304,1304,3,66,4,U888B,0888b.svg,,,draft,1301–1320,tree.png,,,,1225,人,person,袋
貸,1307,1082,12,5,N4,lend,lend,lend,タイ,か-す,joyo,K1307,1307,3,66,7,U8CB8,08cb8.svg,,,draft,1301–1320,tree.png,,,,1410,人|貝|目|legs|split,person|shellfish|eye|legs|split,貸
化,132,1083,4,3,N3,change,change,change,カ,ば-ける,joyo,K0132,132,1,7,12,U5316,05316.svg,,,draft,121–140,bamboo.png,,,,85,人,person,化
花,138,1084,7,1,N5,flower,flower,flower,カ,はな,joyo,K0138,138,1,7,18,U82B1,082b1.svg,,,draft,121–140,bamboo.png,,,,418,人,person,花
貨,151,1085,11,4,N3,freight,freight,freight,カ,たから,joyo,K0151,151,1,8,11,U8CA8,08ca8.svg,,,draft,141–160,castle.png,,,,885,人|貝|目|legs|split,person|shellfish|eye|legs|split,貨
傾,488,1086,13,S,N2,lean,lean,lean,ケイ,かたむ-く,joyo,K0488,488,1,25,8,U50BE,050be.svg,,,draft,481–500,bamboo.png,,,,1243,人|一|丶|貝|目|legs|split,person|one|drop|shellfish|eye|legs|split,傾
何,137,1087,7,2,N5,what,what,what,カ,なに,joyo,K0137,137,1,7,17,U4F55,04f55.svg,,,draft,121–140,bamboo.png,,,,689,人|口,person|mouth,何
荷,148,1088,10,3,N3,baggage,baggage,baggage,カ,に,joyo,K0148,148,1,8,8,U8377,08377.svg,,,draft,141–160,castle.png,,,,1097,人|口,person|mouth,荷
俊,929,1089,9,S,N1,sagacious,sagacious,sagacious,シュン,,joyo,K0929,929,2,47,9,U4FCA,04fca.svg,,,draft,921–940,mountain.png,,,,990,人|legs,person|legs,俊
傍,1866,1090,12,S,N1,bystander,bystander,bystander,ボウ,かたわ-ら,joyo,K1866,1866,4,94,6,U508D,0508d.svg,,,draft,1861–1880,kujira.png,,,,1644,人,person,傍
俺,125,1091,10,S,,myself,myself,myself,エン,おれ,joyo,K0125,125,1,7,5,U4FFA,04ffa.svg,,,draft,121–140,bamboo.png,,,,1558,2,2,俺
久,360,1092,3,5,N3,long_time,long_time,long_time,キュウ,ひさ-しい,joyo,K0360,360,1,18,20,U4E45,04e45.svg,,,draft,341–360,tree.png,,,,414,人,person,久
畝,64,1093,10,S,N1,furrow,furrow,furrow,ボウ,せ,joyo,K0064,64,1,4,4,U755D,0755d.svg,,,draft,61–80,kujira.png,,,,2627,lid|田|人,lid|field|person,畝
囚,884,1094,5,S,N1,captured,captured,captured,シュウ,とら-われる,joyo,K0884,884,2,45,4,U56DA,056da.svg,,,draft,881–900,koi.png,,,,1800,囗|人,enclosure|person,囚
内,1570,1095,4,2,N3,inside,inside,inside,ナイ,うち,joyo,K1570,1570,4,79,10,U5185,05185.svg,,,draft,1561–1580,bamboo.png,,,,61,人,person,内
丙,1788,1096,5,S,N1,third_class,third_class,third_class,ヘイ,ひのえ,joyo,K1788,1788,4,90,8,U4E19,04e19.svg,,,draft,1781–1800,tree.png,,,,2408,一|人,one|person,丙
柄,1793,1097,9,S,N1,design,design,design,ヘイ,がら,joyo,K1793,1793,4,90,13,U67C4,067c4.svg,,,draft,1781–1800,tree.png,,,,1132,木|一|人,tree|one|person,柄
肉,1581,1098,6,2,N4,meat,meat,meat,ニク,しし,joyo,K1581,1581,4,80,1,U8089,08089.svg,,,draft,1581–1600,castle.png,,,,998,人,person,肉
腐,1754,1099,14,S,N1,rot,rot,rot,フ,くさ-る,joyo,K1754,1754,4,88,14,U8150,08150.svg,,,draft,1741–1760,kujira.png,,,,1750,人,person,腐
座,691,1100,10,6,N3,sit,sit,sit,ザ,すわ-る,joyo,K0691,691,2,35,11,U5EA7,05ea7.svg,,,draft,681–700,mountain.png,,,,447,人|土,person|soil,座
挫,692,1101,10,S,,sprain,sprain,sprain,ザ,くじ-く,joyo,K0692,692,2,35,12,U632B,0632b.svg,,,draft,681–700,mountain.png,,,,2183,人|土,person|soil,挫
卒,1276,1102,8,4,N3,graduate,graduate,graduate,ソツ,そっ-する,joyo,K1276,1276,3,64,16,U5352,05352.svg,,,draft,1261–1280,kujira.png,,,,590,lid|人|十,lid|person|ten,卒
傘,751,1103,12,S,N1,umbrella,umbrella,umbrella,サン,かさ,joyo,K0751,751,2,38,11,U5098,05098.svg,,,draft,741–760,castle.png,,,,1477,人|十,person|ten,傘
匁,,1104,4,H,N1,monme,monme,monme,,もんめ,heisig_extra,K2170,2170,5,109,U5301,05301.svg,u5301.svg,,,draft,2161–2180,bamboo.png,,,,2952,,,匁
以,15,1105,5,4,N4,by_means_of,by_means_of,by_means_of,イ,もっ-て,joyo,K0015,15,1,1,15,U4EE5,04ee5.svg,,,draft,1–20,bamboo.png,,,,105,丶|人,drop|person,以
似,812,1106,7,5,N3,resemble,resemble,resemble,ジ,に-る,joyo,K0812,812,2,41,12,U4F3C,04f3c.svg,,,draft,801–820,mountain.png,,,,895,人|丶,person|drop,似
併,1791,1107,8,S,N1,join,join,join,ヘイ,あわ-せる,joyo,K1791,1791,4,90,11,U4F75,04f75.svg,,,draft,1781–1800,tree.png,,,,631,人|horns,person|horns,併
瓦,165,1108,5,S,,tile,tile,tile,ガ,かわら,joyo,K0165,165,1,9,5,U74E6,074e6.svg,,,draft,161–180,koi.png,,,,1711,一|丶,one|drop,瓦
瓶,1735,1109,11,S,N1,flower_pot,flower_pot,flower_pot,ビン,かめ,joyo,K1735,1735,4,87,15,U74F6,074f6.svg,,,draft,1721–1740,koi.png,,,,1811,horns|一|丶,horns|one|drop,瓶
宮,375,1110,10,3,N1,shinto_shrine,shinto_shrine,shinto_shrine,キュウ,みや,joyo,K0375,375,1,19,15,U5BAE,05bae.svg,,,draft,361–380,bamboo.png,,,,273,口|丶,mouth|drop,宮
営,73,1111,12,5,N3,occupation,occupation,occupation,エイ,いとな-む,joyo,K0073,73,1,4,13,U55B6,055b6.svg,,,draft,61–80,kujira.png,,,,287,口|丶,mouth|drop,営
善,1198,1112,12,6,N3,virtuous,virtuous,virtuous,ゼン,よ-い,joyo,K1198,1198,3,60,18,U5584,05584.svg,,,draft,1181–1200,tree.png,,,,883,horns|口,horns|mouth,善
膳,1202,1113,16,S,,dining_tray,dining_tray,dining_tray,ゼン,かしわ,joyo,K1202,1202,3,61,2,U81B3,081b3.svg,,,draft,1201–1220,bamboo.png,,,,2226,月|horns|口,moon|horns|mouth,膳
年,1593,1114,6,1,N5,year,year,year,ネン,とし,joyo,K1593,1593,4,80,13,U5E74,05e74.svg,,,draft,1581–1600,castle.png,,,,1,,,年
夜,1953,1115,8,2,N4,night,night,night,ヤ,よ,joyo,K1953,1953,4,98,13,U591C,0591c.svg,,,draft,1941–1960,castle.png,,,,554,lid|人|丶,lid|person|drop,夜
液,81,1116,11,5,N3,fluid,fluid,fluid,エキ,,joyo,K0081,81,1,5,1,U6DB2,06db2.svg,,,draft,81–100,mountain.png,,,,1040,水|lid|人|丶,water|lid|person|drop,液
塚,1432,1117,12,S,N1,hillock,hillock,hillock,チョウ,つか,joyo,K1432,1432,3,72,12,U585A,0585a.svg,,,draft,1421–1440,tree.png,,,,737,土,soil,塚
幣,1797,1118,15,S,N1,cash,cash,cash,ヘイ,ぬさ,joyo,K1797,1797,4,90,17,U5E63,05e63.svg,,,draft,1781–1800,tree.png,,,,1703,小,small,幣
蔽,1799,1119,15,S,,cover_over,cover_over,cover_over,ヘイ,おお-う,joyo,K1799,1799,4,90,19,U853D,0853d.svg,,,draft,1781–1800,tree.png,,,,2362,小,small,蔽
弊,1798,1120,15,S,N1,abuse,abuse,abuse,ヘイ,,joyo,K1798,1798,4,90,18,U5F0A,05f0a.svg,,,draft,1781–1800,tree.png,,,,2419,小,small,弊
喚,264,1121,12,S,N1,yell,yell,yell,カン,わめ-く,joyo,K0264,264,1,14,4,U559A,0559a.svg,,,draft,261–280,castle.png,,,,1735,口,mouth,喚
換,266,1122,12,S,N2,interchange,interchange,interchange,カン,か-える,joyo,K0266,266,1,14,6,U63DB,063db.svg,,,draft,261–280,castle.png,,,,704,,,換
融,1984,1123,16,S,N1,dissolve,dissolve,dissolve,ユウ,と-ける,joyo,K1984,1984,4,100,4,U878D,0878d.svg,,,draft,1981–2000,kujira.png,,,,1102,一|口|legs,one|mouth|legs,融
施,787,1124,9,S,N1,alms,alms,alms,シ,ほどこ-す,joyo,K0787,787,2,40,7,U65BD,065bd.svg,,,draft,781–800,kujira.png,,,,323,,,施
旋,1179,1125,11,S,N1,rotation,rotation,rotation,セン,め-ぐる,joyo,K1179,1179,3,59,19,U65CB,065cb.svg,,,draft,1161–1180,mountain.png,,,,1531,,,旋
遊,1980,1126,12,3,N3,play,play,play,ユウ,あそ-ぶ,joyo,K1980,1980,4,99,20,U904A,0904a.svg,,,draft,1961–1980,koi.png,,,,837,子,rat_zodiac,遊
旅,2057,1127,10,3,N4,trip,trip,trip,リョ,たび,joyo,K2057,2057,5,103,17,U65C5,065c5.svg,,,draft,2041–2060,bamboo.png,,,,598,人,person,旅
勿,,1128,4,H,,must_not,must_not,must_not,モチ,なか-れ,heisig_extra,K2171,2171,5,109,U52FF,052ff.svg,u52ff.svg,,,draft,2161–2180,bamboo.png,,,,2528,,,勿
物,1777,1129,8,3,N4,thing,thing,thing,ブツ,もの,joyo,K1777,1777,4,89,17,U7269,07269.svg,,,draft,1761–1780,mountain.png,,,,69,,,物
易,78,1130,8,5,N3,easy,easy,easy,エキ,やさ-しい,joyo,K0078,78,1,4,18,U6613,06613.svg,,,draft,61–80,kujira.png,,,,950,日,sun,易
賜,804,1131,15,S,N1,grant,grant,grant,シ,たまわ-る,joyo,K0804,804,2,41,4,U8CDC,08cdc.svg,,,draft,801–820,mountain.png,,,,1894,貝|目|legs|split|日,shellfish|eye|legs|split|day,賜
尿,1586,1132,7,S,N1,urine,urine,urine,ニョウ,ゆばり,joyo,K1586,1586,4,80,6,U5C3F,05c3f.svg,,,draft,1581–1600,castle.png,,,,1859,水,water,尿
尼,1578,1133,5,S,N1,nun,nun,nun,ニ,あま,joyo,K1578,1578,4,79,18,U5C3C,05c3c.svg,,,draft,1561–1580,bamboo.png,,,,1675,,,尼
尻,1040,1134,5,S,,buttocks,buttocks,buttocks,コウ,しり,joyo,K1040,1040,3,52,20,U5C3B,05c3b.svg,,,draft,1021–1040,kujira.png,,,,1428,ball,ball,尻
泥,1459,1135,8,S,N2,mud,mud,mud,デイ,どろ,joyo,K1459,1459,3,73,19,U6CE5,06ce5.svg,,,draft,1441–1460,bamboo.png,,,,1725,水,water,泥
塀,1796,1136,12,S,N1,brick_wall,brick_wall,brick_wall,ヘイ,,joyo,K1796,1796,4,90,16,U5840,05840.svg,,,draft,1781–1800,tree.png,,,,2557,土|horns,soil|horns,塀
履,2041,1137,15,S,N1,footgear,footgear,footgear,リ,は-く,joyo,K2041,2041,5,103,1,U5C65,05c65.svg,,,draft,2041–2060,bamboo.png,,,,1673,一|日,one|day,履
屋,119,1138,9,3,N4,roof,roof,roof,オク,や,joyo,K0119,119,1,6,19,U5C4B,05c4b.svg,,,draft,101–120,tree.png,,,,248,一|土,one|soil,屋
握,7,1139,12,S,N1,grip,grip,grip,アク,にぎ-る,joyo,K0007,7,1,1,7,U63E1,063e1.svg,,,draft,1–20,bamboo.png,,,,1472,宀|一|土,roof|one|soil,握
屈,457,1140,8,S,N1,yield,yield,yield,クツ,かが-む,joyo,K0457,457,1,23,17,U5C48,05c48.svg,,,draft,441–460,mountain.png,,,,1622,,,屈
掘,458,1141,11,S,N2,dig,dig,dig,クツ,ほ-る,joyo,K0458,458,1,23,18,U6398,06398.svg,,,draft,441–460,mountain.png,,,,1264,,,掘
堀,1885,1142,11,S,N1,ditch,ditch,ditch,クツ,ほり,joyo,K1885,1885,4,95,5,U5800,05800.svg,,,draft,1881–1900,mountain.png,,,,1011,土,soil,堀
居,384,1143,8,5,N3,reside,reside,reside,キョ,い-る,joyo,K0384,384,1,20,4,U5C45,05c45.svg,,,draft,381–400,castle.png,,,,647,十|口,ten|mouth,居
据,1098,1144,11,S,N1,set,set,set,キョ,す-える,joyo,K1098,1098,3,55,18,U636E,0636e.svg,,,draft,1081–1100,bamboo.png,,,,2047,十|口,ten|mouth,据
裾,1100,1145,13,S,,hem,hem,hem,キョ,すそ,joyo,K1100,1100,3,55,20,U88FE,088fe.svg,,,draft,1081–1100,bamboo.png,,,,2431,十|口,ten|mouth,裾
層,1244,1146,14,6,N3,stratum,stratum,stratum,ソウ,,joyo,K1244,1244,3,63,4,U5C64,05c64.svg,,,draft,1241–1260,koi.png,,,,904,3,3,層
局,425,1147,7,3,N3,bureau,bureau,bureau,キョク,つぼね,joyo,K0425,425,1,22,5,U5C40,05c40.svg,,,draft,421–440,kujira.png,,,,271,口,mouth,局
遅,1361,1148,12,S,N2,slow,slow,slow,チ,おく-れる,joyo,K1361,1361,3,69,1,U9045,09045.svg,,,draft,1361–1380,koi.png,,,,1176,,,遅
漏,2123,1149,14,S,N1,leak,leak,leak,ロウ,も-る,joyo,K2123,2123,5,107,3,U6F0F,06f0f.svg,,,draft,2121–2140,mountain.png,,,,1876,水,water,漏
刷,735,1150,8,4,N3,printing,printing,printing,サツ,す-る,joyo,K0735,735,2,37,15,U5237,05237.svg,,,draft,721–740,bamboo.png,,,,1380,,,刷
尺,855,1151,4,6,N1,shaku,shaku,shaku,シャク,さし,joyo,K0855,855,2,43,15,U5C3A,05c3a.svg,,,draft,841–860,bamboo.png,,,,1810,,,尺
尽,1073,1152,6,S,N1,exhaust,exhaust,exhaust,ジン,つ-きる,joyo,K1073,1073,3,54,13,U5C3D,05c3d.svg,,,draft,1061–1080,tree.png,,,,1452,,,尽
沢,1320,1153,7,S,N1,swamp,swamp,swamp,タク,さわ,joyo,K1320,1320,3,66,20,U6CA2,06ca2.svg,,,draft,1301–1320,tree.png,,,,436,水,water,沢
訳,1959,1154,11,6,N1,translate,translate,translate,ヤク,わけ,joyo,K1959,1959,4,98,19,U8A33,08a33.svg,,,draft,1941–1960,castle.png,,,,618,口,mouth,訳
択,1319,1155,7,S,N1,choose,choose,choose,タク,えら-ぶ,joyo,K1319,1319,3,66,19,U629E,0629e.svg,,,draft,1301–1320,tree.png,,,,1080,,,択
昼,1384,1156,9,2,N4,daytime,daytime,daytime,チュウ,ひる,joyo,K1384,1384,3,70,4,U663C,0663c.svg,,,draft,1381–1400,kujira.png,,,,1422,日|一,day|one,昼
戸,558,1157,4,2,N3,door,door,door,コ,と,joyo,K0558,558,2,28,18,U6238,06238.svg,,,draft,541–560,kujira.png,,,,330,一,one,戸
肩,518,1158,8,S,N2,shoulder,shoulder,shoulder,ケン,かた,joyo,K0518,518,2,26,18,U80A9,080a9.svg,,,draft,501–520,castle.png,,,,1530,一|月,one|moon,肩
房,1859,1159,8,S,N1,tassel,tassel,tassel,ボウ,ふさ,joyo,K1859,1859,4,93,19,U623F,0623f.svg,,,draft,1841–1860,koi.png,,,,667,一,one,房
扇,1177,1160,10,S,N1,fan,fan,fan,セン,おうぎ,joyo,K1177,1177,3,59,17,U6247,06247.svg,,,draft,1161–1180,mountain.png,,,,1760,一,one,扇
炉,2111,1161,8,S,N1,hearth,hearth,hearth,ロ,いろり,joyo,K2111,2111,5,106,11,U7089,07089.svg,,,draft,2101–2120,kujira.png,,,,1754,一,one,炉
戻,2091,1162,7,S,N2,revert,revert,revert,レイ,もど-す,joyo,K2091,2091,5,105,11,U623B,0623b.svg,,,draft,2081–2100,koi.png,,,,812,一,one,戻
涙,2083,1163,10,S,N2,tears,tears,tears,ルイ,なみだ,joyo,K2083,2083,5,105,3,U6D99,06d99.svg,,,draft,2081–2100,koi.png,,,,1594,水|一,water|one,涙
雇,571,1164,12,S,N2,employ,employ,employ,コ,やと-う,joyo,K0571,571,2,29,11,U96C7,096c7.svg,,,draft,561–580,mountain.png,,,,1326,一,one,雇
顧,575,1165,21,S,N1,look_back,look_back,look_back,コ,かえり-みる,joyo,K0575,575,2,29,15,U9867,09867.svg,,,draft,561–580,mountain.png,,,,1304,一|丶|貝|目|legs|split,one|drop|shellfish|eye|legs|split,顧
啓,480,1166,11,S,N1,disclose,disclose,disclose,ケイ,ひら-く,joyo,K0480,480,1,24,20,U5553,05553.svg,,,draft,461–480,tree.png,,,,1341,一|口,one|mouth,啓
示,806,1167,5,5,N3,indicate,indicate,indicate,ジ,しめ-す,joyo,K0806,806,2,41,6,U793A,0793a.svg,,,draft,801–820,mountain.png,,,,367,一|小,one|small,示
礼,2088,1168,5,3,N3,thanks,thanks,thanks,レイ,,joyo,K2088,2088,5,105,8,U793C,0793c.svg,,,draft,2081–2100,koi.png,,,,1046,,,礼
祥,978,1169,10,S,N1,auspicious,auspicious,auspicious,ショウ,さいわ-い,joyo,K0978,978,2,49,18,U7965,07965.svg,,,draft,961–980,bamboo.png,,,,1337,,,祥
祝,919,1170,9,4,N3,celebrate,celebrate,celebrate,シュク,いわ-う,joyo,K0919,919,2,46,19,U795D,0795d.svg,,,draft,901–920,kujira.png,,,,1321,口|legs,mouth|legs,祝
福,1770,1171,13,3,N3,blessing,blessing,blessing,フク,,joyo,K1770,1770,4,89,10,U798F,0798f.svg,,,draft,1761–1780,mountain.png,,,,314,一|口|田,one|mouth|field,福
祉,782,1172,8,S,N1,welfare,welfare,welfare,シ,,joyo,K0782,782,2,40,2,U7949,07949.svg,,,draft,781–800,kujira.png,,,,1364,,,祉
社,842,1173,7,2,N5,company,company,company,シャ,やしろ,joyo,K0842,842,2,43,2,U793E,0793e.svg,,,draft,841–860,bamboo.png,,,,27,土,soil,社
視,792,1174,11,6,N1,inspection,inspection,inspection,シ,み-る,joyo,K0792,792,2,40,12,U8996,08996.svg,,,draft,781–800,kujira.png,,,,593,目|legs,eye|legs,視
奈,1569,1175,8,4,N1,nara,nara,nara,ナ,いかん,joyo,K1569,1569,4,79,9,U5948,05948.svg,,,draft,1561–1580,bamboo.png,,,,527,一|小,one|small,奈
尉,26,1176,11,S,N1,military_officer,military_officer,military_officer,イ,,joyo,K0026,26,1,2,6,U5C09,05c09.svg,,,draft,21–40,castle.png,,,,1388,一|小,one|small,尉
慰,36,1177,15,S,N1,consolation,consolation,consolation,イ,なぐさ-める,joyo,K0036,36,1,2,16,U6170,06170.svg,,,draft,21–40,castle.png,,,,1691,一|小,one|small,慰
款,269,1178,12,S,N1,goodwill,goodwill,goodwill,カン,,joyo,K0269,269,1,14,9,U6B3E,06b3e.svg,,,draft,261–280,castle.png,,,,2422,一|小,one|small,款
禁,438,1179,13,5,N3,prohibition,prohibition,prohibition,キン,,joyo,K0438,438,1,22,18,U7981,07981.svg,,,draft,421–440,kujira.png,,,,969,木|一|小,tree|one|small,禁
襟,442,1180,18,S,N1,collar,collar,collar,キン,えり,joyo,K0442,442,1,23,2,U895F,0895f.svg,,,draft,441–460,mountain.png,,,,2146,木|一|小,tree|one|small,襟
宗,889,1181,8,6,N1,religion,religion,religion,シュウ,むね,joyo,K0889,889,2,45,9,U5B97,05b97.svg,,,draft,881–900,koi.png,,,,607,一|小,one|small,宗
崇,1096,1182,11,S,N1,adore,adore,adore,スウ,あが-める,joyo,K1096,1096,3,55,16,U5D07,05d07.svg,,,draft,1081–1100,bamboo.png,,,,1500,一|小,one|small,崇
祭,704,1183,11,3,N3,festival,festival,festival,サイ,まつ-る,joyo,K0704,704,2,36,4,U796D,0796d.svg,,,draft,701–720,tree.png,,,,637,月|一|小,moon|one|small,祭
察,739,1184,14,4,N3,guess,guess,guess,サツ,,joyo,K0739,739,2,37,19,U5BDF,05bdf.svg,,,draft,721–740,bamboo.png,,,,603,月|一|小,moon|one|small,察
擦,741,1185,17,S,N1,grate,grate,grate,サツ,す-る,joyo,K0741,741,2,38,1,U64E6,064e6.svg,,,draft,741–760,castle.png,,,,2101,月|一|小,moon|one|small,擦
由,1963,1186,5,3,N3,wherefore,wherefore,wherefore,ユ,よし,joyo,K1963,1963,4,99,3,U7531,07531.svg,,,draft,1961–1980,koi.png,,,,311,,,由
抽,1382,1187,8,S,N1,pluck,pluck,pluck,チュウ,ひき-,joyo,K1382,1382,3,70,2,U62BD,062bd.svg,,,draft,1381–1400,kujira.png,,,,1674,,,抽
油,1964,1188,8,3,N3,oil,oil,oil,ユ,あぶら,joyo,K1964,1964,4,99,4,U6CB9,06cb9.svg,,,draft,1961–1980,koi.png,,,,1066,水,water,油
袖,894,1189,10,S,,sleeve,sleeve,sleeve,シュウ,そで,joyo,K0894,894,2,45,14,U8896,08896.svg,,,draft,881–900,koi.png,,,,1905,,,袖
宙,1380,1190,8,6,N3,midair,midair,midair,チュウ,,joyo,K1380,1380,3,69,20,U5B99,05b99.svg,,,draft,1361–1380,koi.png,,,,814,,,宙
届,1560,1191,8,6,N3,deliver,deliver,deliver,カイ,とど-ける,joyo,K1560,1560,4,78,20,U5C4A,05c4a.svg,,,draft,1541–1560,tree.png,,,,1351,,,届
笛,1461,1192,11,3,N1,flute,flute,flute,テキ,ふえ,joyo,K1461,1461,3,74,1,U7B1B,07b1b.svg,,,draft,1461–1480,castle.png,,,,1867,,,笛
軸,828,1193,12,S,N1,axis,axis,axis,ジク,,joyo,K0828,828,2,42,8,U8EF8,08ef8.svg,,,draft,821–840,tree.png,,,,1296,,,軸
甲,595,1194,5,S,N1,armor,armor,armor,コウ,きのえ,joyo,K0595,595,2,30,15,U7532,07532.svg,,,draft,581–600,tree.png,,,,734,,,甲
押,110,1195,8,S,N2,push,push,push,オウ,お-す,joyo,K0110,110,1,6,10,U62BC,062bc.svg,,,draft,101–120,tree.png,,,,1042,,,押
岬,1913,1196,8,S,N1,headland,headland,headland,コウ,みさき,joyo,K1913,1913,4,96,13,U5CAC,05cac.svg,,,draft,1901–1920,tree.png,,,,1830,,,岬
挿,1229,1197,10,S,N1,insert,insert,insert,ソウ,さ-す,joyo,K1229,1229,3,62,9,U633F,0633f.svg,,,draft,1221–1240,castle.png,,,,1401,,,挿
申,1042,1198,5,3,N3,declare,declare,declare,シン,もう-す,joyo,K1042,1042,3,53,2,U7533,07533.svg,,,draft,1041–1060,mountain.png,,,,1056,日,sun,申
伸,1043,1199,7,S,N2,expand,expand,expand,シン,の-びる,joyo,K1043,1043,3,53,3,U4F38,04f38.svg,,,draft,1041–1060,mountain.png,,,,963,人|日,person|day,伸
神,1051,1200,9,3,N3,gods,gods,gods,シン,かみ,joyo,K1051,1051,3,53,11,U795E,0795e.svg,,,draft,1041–1060,mountain.png,,,,118,日,sun,神
捜,1228,1201,10,S,N2,search,search,search,ソウ,さが-す,joyo,K1228,1228,3,62,8,U635C,0635c.svg,,,draft,1221–1240,castle.png,,,,1058,日,sun,捜
果,141,1202,8,4,N3,fruit,fruit,fruit,カ,は-たす,joyo,K0141,141,1,8,1,U679C,0679c.svg,,,draft,141–160,castle.png,,,,322,田|木,field|tree,果
菓,150,1203,11,S,N2,confectionery,confectionery,confectionery,カ,,joyo,K0150,150,1,8,10,U83D3,083d3.svg,,,draft,141–160,castle.png,,,,1586,田|木,field|tree,菓
課,162,1204,15,4,N3,sub-division,sub-division,sub-division,カ,,joyo,K0162,162,1,9,2,U8AB2,08ab2.svg,,,draft,161–180,koi.png,,,,646,口|田|木,mouth|field|tree,課
裸,2020,1205,13,S,N1,naked,naked,naked,ラ,はだか,joyo,K2020,2020,5,101,20,U88F8,088f8.svg,,,draft,2001–2020,mountain.png,,,,1797,田|木,field|tree,裸
斤,429,1206,4,S,N1,axe,axe,axe,キン,,joyo,K0429,429,1,22,9,U65A4,065a4.svg,,,draft,421–440,kujira.png,,,,2774,,,斤
析,1143,1207,8,S,N1,chop,chop,chop,セキ,,joyo,K1143,1143,3,58,3,U6790,06790.svg,,,draft,1141–1160,kujira.png,,,,1180,木,tree,析
所,945,1208,8,3,N4,place,place,place,ショ,ところ,joyo,K0945,945,2,48,5,U6240,06240.svg,,,draft,941–960,tree.png,,,,51,一,one,所
祈,311,1209,8,S,N2,pray,pray,pray,キ,いの-る,joyo,K0311,311,1,16,11,U7948,07948.svg,,,draft,301–320,kujira.png,,,,1658,,,祈
近,431,1210,7,2,N4,near,near,near,キン,ちか-い,joyo,K0431,431,1,22,11,U8FD1,08fd1.svg,,,draft,421–440,kujira.png,,,,237,,,近
折,1155,1211,7,4,N3,fold,fold,fold,セツ,お-る,joyo,K1155,1155,3,58,15,U6298,06298.svg,,,draft,1141–1160,kujira.png,,,,1014,,,折
哲,1468,1212,10,S,N1,philosophy,philosophy,philosophy,テツ,さとい,joyo,K1468,1468,3,74,8,U54F2,054f2.svg,,,draft,1461–1480,castle.png,,,,971,口,mouth,哲
逝,1122,1213,10,S,N1,departed,departed,departed,セイ,ゆ-く,joyo,K1122,1122,3,57,2,U901D,0901d.svg,,,draft,1121–1140,koi.png,,,,2035,,,逝
誓,1132,1214,14,S,N1,vow,vow,vow,セイ,ちか-う,joyo,K1132,1132,3,57,12,U8A93,08a93.svg,,,draft,1121–1140,koi.png,,,,1684,口,mouth,誓
斬,757,1215,11,S,,chop_off,chop_off,chop_off,ザン,き-る,joyo,K0757,757,2,38,17,U65AC,065ac.svg,,,draft,741–760,castle.png,,,,1519,,,斬
暫,758,1216,15,S,N1,temporarily,temporarily,temporarily,ザン,しばら-く,joyo,K0758,758,2,38,18,U66AB,066ab.svg,,,draft,741–760,castle.png,,,,1721,1,1,暫
漸,1201,1217,14,S,N1,steadily,steadily,steadily,ゼン,ようや-く,joyo,K1201,1201,3,61,1,U6F38,06f38.svg,,,draft,1201–1220,bamboo.png,,,,2503,水,water,漸
断,1350,1218,11,5,N3,cut_off,cut_off,cut_off,ダン,た-つ,joyo,K1350,1350,3,68,10,U65AD,065ad.svg,,,draft,1341–1360,castle.png,,,,579,,,断
質,838,1219,15,5,N4,quality,quality,quality,シツ,たち,joyo,K0838,838,2,42,18,U8CEA,08cea.svg,,,draft,821–840,tree.png,,,,515,貝|目|legs|split,shellfish|eye|legs|split,質
斥,1139,1220,5,S,N1,reject,reject,reject,セキ,しりぞ-ける,joyo,K1139,1139,3,57,19,U65A5,065a5.svg,,,draft,1121–1140,koi.png,,,,2520,丶,drop,斥
訴,1213,1221,12,S,N1,sue,sue,sue,ソ,うった-える,joyo,K1213,1213,3,61,13,U8A34,08a34.svg,,,draft,1201–1220,bamboo.png,,,,1036,口|丶,mouth|drop,訴
昨,725,1222,9,4,N3,previous_day,previous_day,previous_day,サク,,joyo,K0725,725,2,37,5,U6628,06628.svg,,,draft,721–740,bamboo.png,,,,2100,日,sun,昨
詐,689,1223,12,S,N1,lie,lie,lie,サ,いつわ-る,joyo,K0689,689,2,35,9,U8A50,08a50.svg,,,draft,681–700,mountain.png,,,,1967,口,mouth,詐
作,723,1224,7,2,N4,make,make,make,サク,つく-る,joyo,K0723,723,2,37,3,U4F5C,04f5c.svg,,,draft,721–740,bamboo.png,,,,14,人,person,作
雪,1160,1225,11,2,N3,snow,snow,snow,セツ,ゆき,joyo,K1160,1160,3,58,20,U96EA,096ea.svg,,,draft,1141–1160,kujira.png,,,,952,,,雪
録,2126,1226,16,4,N3,record,record,record,ロク,しる-す,joyo,K2126,2126,5,107,6,U9332,09332.svg,,,draft,2121–2140,mountain.png,,,,178,金,gold,録
剥,,1227,10,H,,peel_off,peel_off,peel_off,ハク,へ-ぐ,heisig_extra,K2172,2172,5,109,U5265,05265.svg,u5265.svg,,,draft,2161–2180,bamboo.png,,,,1902,,,剥
尋,1077,1228,12,S,N1,inquire,inquire,inquire,ジン,たず-ねる,joyo,K1077,1077,3,54,17,U5C0B,05c0b.svg,,,draft,1061–1080,tree.png,,,,1343,口,mouth,尋
急,372,1229,9,3,N4,hurry,hurry,hurry,キュウ,いそ-ぐ,joyo,K0372,372,1,19,12,U6025,06025.svg,,,draft,361–380,bamboo.png,,,,472,,,急
穏,130,1230,16,S,N1,calm,calm,calm,オン,おだ-やか,joyo,K0130,130,1,7,10,U7A4F,07a4f.svg,,,draft,121–140,bamboo.png,,,,1852,,,穏
侵,1048,1231,9,S,N1,encroach,encroach,encroach,シン,おか-す,joyo,K1048,1048,3,53,8,U4FB5,04fb5.svg,,,draft,1041–1060,mountain.png,,,,1070,人,person,侵
浸,1055,1232,10,S,N1,immersed,immersed,immersed,シン,ひた-す,joyo,K1055,1055,3,53,15,U6D78,06d78.svg,,,draft,1041–1060,mountain.png,,,,1732,水,water,浸
寝,1063,1233,13,S,N2,lie_down,lie_down,lie_down,シン,ね-る,joyo,K1063,1063,3,54,3,U5BDD,05bdd.svg,,,draft,1061–1080,tree.png,,,,1471,,,寝
婦,1750,1234,11,5,N3,lady,lady,lady,フ,よめ,joyo,K1750,1750,4,88,10,U5A66,05a66.svg,,,draft,1741–1760,kujira.png,,,,1029,女,woman,婦
掃,1232,1235,11,S,N2,sweep,sweep,sweep,ソウ,は-く,joyo,K1232,1232,3,62,12,U6383,06383.svg,,,draft,1221–1240,castle.png,,,,1605,,,掃
当,1501,1236,6,2,N3,hit,hit,hit,トウ,あ-たる,joyo,K1501,1501,4,76,1,U5F53,05f53.svg,,,draft,1501–1520,kujira.png,,,,83,小,small,当
彙,32,1237,13,S,,glossary,glossary,glossary,イ,はりねずみ,joyo,K0032,32,1,2,12,U5F59,05f59.svg,,,draft,21–40,castle.png,,,,2453,田|木,field|tree,彙
争,1220,1238,6,4,N3,conflict,conflict,conflict,ソウ,あらそ-う,joyo,K1220,1220,3,61,20,U4E89,04e89.svg,,,draft,1201–1220,bamboo.png,,,,456,,,争
浄,1016,1239,9,S,N1,clean,clean,clean,ジョウ,きよ-める,joyo,K1016,1016,3,51,16,U6D44,06d44.svg,,,draft,1001–1020,koi.png,,,,1365,水,water,浄
事,814,1240,8,3,N4,abstract_thing,abstract_thing,abstract_thing,ジ,こと,joyo,K0814,814,2,41,14,U4E8B,04e8b.svg,,,draft,801–820,mountain.png,,,,32,一|口,one|mouth,事
唐,1509,1241,10,S,N1,tang_dynasty,tang_dynasty,tang_dynasty,トウ,から,joyo,K1509,1509,4,76,9,U5510,05510.svg,,,draft,1501–1520,kujira.png,,,,1322,口,mouth,唐
糖,1530,1242,16,6,N1,sugar,sugar,sugar,トウ,,joyo,K1530,1530,4,77,10,U7CD6,07cd6.svg,,,draft,1521–1540,mountain.png,,,,1560,口,mouth,糖
康,629,1243,11,4,N3,health,health,health,コウ,,joyo,K0629,629,2,32,9,U5EB7,05eb7.svg,,,draft,621–640,castle.png,,,,776,,,康
逮,1305,1244,11,S,N1,apprehend,apprehend,apprehend,タイ,,joyo,K1305,1305,3,66,5,U902E,0902e.svg,,,draft,1301–1320,tree.png,,,,1362,,,逮
伊,,1245,6,H,N1,italy,italy,italy,イ,かれ,かれ,heisig_extra,K2173,2173,5,109,U4F0A,04f0a.svg,u4f0a.svg,,,draft,2161–2180,bamboo.png,,,441,人,person,伊
君,462,1246,7,3,N3,lord,lord,lord,クン,きみ,joyo,K0462,462,1,24,2,U541B,0541b.svg,,,draft,461–480,tree.png,,,,902,口,mouth,君
群,468,1247,13,4,N3,flock,flock,flock,グン,む-れる,joyo,K0468,468,1,24,8,U7FA4,07fa4.svg,,,draft,461–480,tree.png,,,,688,口,mouth,群
耐,1296,1248,9,S,N1,endure,endure,endure,タイ,た-える,joyo,K1296,1296,3,65,16,U8010,08010.svg,,,draft,1281–1300,mountain.png,,,,1288,,,耐
需,880,1249,14,S,N1,demand,demand,demand,ジュ,,joyo,K0880,880,2,44,20,U9700,09700.svg,,,draft,861–880,castle.png,,,,1662,,,需
儒,881,1250,16,S,N1,confucian,confucian,confucian,ジュ,,joyo,K0881,881,2,45,1,U5112,05112.svg,,,draft,881–900,koi.png,,,,2061,人,person,儒
端,1343,1251,14,S,N1,edge,edge,edge,タン,はし,joyo,K1343,1343,3,68,3,U7AEF,07aef.svg,,,draft,1341–1360,castle.png,,,,753,,,端
両,2061,1252,6,3,N3,both,both,both,リョウ,てる,joyo,K2061,2061,5,104,1,U4E21,04e21.svg,,,draft,2061–2080,castle.png,,,,310,,,両
満,1907,1253,12,4,N3,full,full,full,マン,み-ちる,joyo,K1907,1907,4,96,7,U6E80,06e80.svg,,,draft,1901–1920,tree.png,,,,655,水,water,満
画,167,1254,8,2,N4,draw,draw,draw,ガ,えが-く,joyo,K0167,167,1,9,7,U753B,0753b.svg,,,draft,161–180,koi.png,,,,81,一,one,画
歯,795,1255,12,3,N3,tooth,tooth,tooth,シ,よわい,joyo,K0795,795,2,40,15,U6B6F,06b6f.svg,,,draft,781–800,kujira.png,,,,1172,,,歯
曲,424,1256,6,3,N3,musical_composition,musical_composition,musical_composition,キョク,ま-がる,joyo,K0424,424,1,22,4,U66F2,066f2.svg,,,draft,421–440,kujira.png,,,,113,田,field,曲
曹,1233,1257,11,S,N1,cadet,cadet,cadet,ソウ,,joyo,K1233,1233,3,62,13,U66F9,066f9.svg,,,draft,1221–1240,castle.png,,,,1494,2,2,曹
遭,1246,1258,14,S,N1,encounter,encounter,encounter,ソウ,あ-う,joyo,K1246,1246,3,63,6,U906D,0906d.svg,,,draft,1241–1260,koi.png,,,,1502,一|日,one|day,遭
漕,NA,1259,14,H,,rowing,rowing,rowing,ソウ,こ-ぐ,heisig_extra,K2174,2174,5,109,U6F15,06f15.svg,u6f15.svg,,,draft,2161–2180,bamboo.png,,,,2588,3,3,漕
槽,1247,1260,15,S,N1,vat,vat,vat,ソウ,ふね,joyo,K1247,1247,3,63,7,U69FD,069fd.svg,,,draft,1241–1260,koi.png,,,,2132,3,3,槽
斗,1484,1261,4,S,N1,big_dipper,big_dipper,big_dipper,ト,,joyo,K1484,1484,3,75,4,U6597,06597.svg,,,draft,1481–1500,koi.png,,,,1455,丶|十,drop|ten,斗
料,2063,1262,10,4,N4,fee,fee,fee,リョウ,,joyo,K2063,2063,5,104,3,U6599,06599.svg,,,draft,2061–2080,castle.png,,,,346,丶|十,drop|ten,料
科,144,1263,9,2,N3,subject,subject,subject,カ,,joyo,K0144,144,1,8,4,U79D1,079d1.svg,,,draft,141–160,castle.png,,,,188,丶|十,drop|ten,科
図,1080,1264,7,2,N4,map,map,map,ズ,え,joyo,K1080,1080,3,54,20,U56F3,056f3.svg,,,draft,1061–1080,tree.png,,,,429,囗|丶|十,enclosure|drop|ten,図
用,1992,1265,5,2,N4,utilize,utilize,utilize,ヨウ,もち-いる,joyo,K1992,1992,4,100,12,U7528,07528.svg,,,draft,1981–2000,kujira.png,,,,34,月,moon,用
庸,1998,1266,11,S,N1,commonplace,commonplace,commonplace,ヨウ,,joyo,K1998,1998,4,100,18,U5EB8,05eb8.svg,,,draft,1981–2000,kujira.png,,,,2220,月,moon,庸
備,1706,1267,12,5,N3,equip,equip,equip,ビ,そな-える,joyo,K1706,1706,4,86,6,U5099,05099.svg,,,draft,1701–1720,castle.png,,,,309,人|cliff|月,person|cliff|moon,備
昔,1142,1268,8,3,N3,long_ago,long_ago,long_ago,セキ,むかし,joyo,K1142,1142,3,58,2,U6614,06614.svg,,,draft,1141–1160,kujira.png,,,,1578,2,2,昔
錯,731,1269,16,S,N1,confused,confused,confused,サク,,joyo,K0731,731,2,37,11,U932F,0932f.svg,,,draft,721–740,bamboo.png,,,,1995,2,2,錯
借,856,1270,10,4,N4,borrow,borrow,borrow,シャク,か-りる,joyo,K0856,856,2,43,16,U501F,0501f.svg,,,draft,841–860,bamboo.png,,,,1336,2,2,借
惜,1147,1271,11,S,N1,pity,pity,pity,セキ,お-しい,joyo,K1147,1147,3,58,7,U60DC,060dc.svg,,,draft,1141–1160,kujira.png,,,,2184,1,1,惜
措,1209,1272,11,S,N1,set_aside,set_aside,set_aside,ソ,お-く,joyo,K1209,1209,3,61,9,U63AA,063aa.svg,,,draft,1201–1220,bamboo.png,,,,1590,1,1,措
散,752,1273,12,4,N3,scatter,scatter,scatter,サン,ち-る,joyo,K0752,752,2,38,12,U6563,06563.svg,,,draft,741–760,castle.png,,,,822,月,moon,散
廿,,1274,4,H,,twenty,twenty,twenty,ジュウ,にじゅう,にじゅう,heisig_extra,K2175,2175,5,109,U5EFF,05eff.svg,u5eff.svg,,,draft,2161–2180,bamboo.png,,,2441,,,廿
庶,947,1275,11,S,N1,commoner,commoner,commoner,ショ,,joyo,K0947,947,2,48,7,U5EB6,05eb6.svg,,,draft,941–960,tree.png,,,,1727,,,庶
遮,851,1276,14,S,N1,intercept,intercept,intercept,シャ,さえぎ-る,joyo,K0851,851,2,43,11,U906E,0906e.svg,,,draft,841–860,bamboo.png,,,,2021,,,遮
席,1144,1277,10,4,N3,seat,seat,seat,セキ,むしろ,joyo,K1144,1144,3,58,4,U5E2D,05e2d.svg,,,draft,1141–1160,kujira.png,,,,751,,,席
度,1496,1278,9,3,N4,degrees,degrees,degrees,ド,たび,joyo,K1496,1496,3,75,16,U5EA6,05ea6.svg,,,draft,1481–1500,koi.png,,,,128,,,度
渡,1490,1279,12,S,N2,transit,transit,transit,ト,わた-る,joyo,K1490,1490,3,75,10,U6E21,06e21.svg,,,draft,1481–1500,koi.png,,,,519,水,water,渡
奔,1887,1280,8,S,N1,bustle,bustle,bustle,ホン,はし-る,joyo,K1887,1887,4,95,7,U5954,05954.svg,,,draft,1881–1900,mountain.png,,,,2093,十,ten,奔
噴,1781,1281,15,S,N1,erupt,erupt,erupt,フン,ふ-く,joyo,K1781,1781,4,90,1,U5674,05674.svg,,,draft,1781–1800,tree.png,,,,1638,口|十|貝|目|legs|split,mouth|ten|shellfish|eye|legs|split,噴
墳,1782,1282,15,S,N1,tomb,tomb,tomb,フン,,joyo,K1782,1782,4,90,2,U58B3,058b3.svg,,,draft,1781–1800,tree.png,,,,1308,土|十|貝|目|legs|split,soil|ten|shellfish|eye|legs|split,墳
憤,1783,1283,15,S,N1,aroused,aroused,aroused,フン,いきどお-る,joyo,K1783,1783,4,90,3,U61A4,061a4.svg,,,draft,1781–1800,tree.png,,,,2330,十|貝|目|legs|split,ten|shellfish|eye|legs|split,憤
焼,990,1284,12,4,N3,bake,bake,bake,ショウ,や-く,joyo,K0990,990,2,50,10,U713C,0713c.svg,,,draft,981–1000,castle.png,,,,979,十|一|legs,ten|one|legs,焼
暁,421,1285,12,S,N1,sunrise,sunrise,sunrise,ギョウ,あかつき,joyo,K0421,421,1,22,1,U6681,06681.svg,,,draft,421–440,kujira.png,,,,1720,日|十|一|legs,day|ten|one|legs,暁
半,1656,1286,5,2,N5,half,half,half,ハン,なか-ば,joyo,K1656,1656,4,83,16,U534A,0534a.svg,,,draft,1641–1660,mountain.png,,,,391,小|十,small|ten,半
伴,1661,1287,7,S,N1,consort,consort,consort,ハン,ともな-う,joyo,K1661,1661,4,84,1,U4F34,04f34.svg,,,draft,1661–1680,tree.png,,,,690,人,person,伴
畔,1668,1288,10,S,N1,paddy_ridge,paddy_ridge,paddy_ridge,ハン,あぜ,joyo,K1668,1668,4,84,8,U7554,07554.svg,,,draft,1661–1680,tree.png,,,,2186,田,field,畔
判,1662,1289,7,5,N3,judgment,judgment,judgment,ハン,わか-る,joyo,K1662,1662,4,84,2,U5224,05224.svg,,,draft,1661–1680,tree.png,,,,365,,,判
拳,525,1290,10,S,N1,fist,fist,fist,ケン,こぶし,joyo,K0525,525,2,27,5,U62F3,062f3.svg,,,draft,521–540,koi.png,,,,1353,,,拳
券,517,1291,8,6,N3,ticket,ticket,ticket,ケン,,joyo,K0517,517,2,26,17,U5238,05238.svg,,,draft,501–520,castle.png,,,,1017,,,券
巻,256,1292,9,6,N3,scroll,scroll,scroll,カン,ま-く,joyo,K0256,256,1,13,16,U5DFB,05dfb.svg,,,draft,241–260,bamboo.png,,,,383,,,巻
圏,529,1293,12,S,N1,sphere_of_influence,sphere_of_influence,sphere_of_influence,ケン,かこ-い,joyo,K0529,529,2,27,9,U570F,0570f.svg,,,draft,521–540,koi.png,,,,1048,囗,enclosure,圏
勝,987,1294,12,3,N3,victory,victory,victory,ショウ,か-つ,joyo,K0987,987,2,50,7,U52DD,052dd.svg,,,draft,981–1000,castle.png,,,,135,月,moon,勝
藤,1533,1295,18,S,N1,wisteria,wisteria,wisteria,トウ,ふじ,joyo,K1533,1533,4,77,13,U85E4,085e4.svg,,,draft,1521–1540,mountain.png,,,,228,月,moon,藤
謄,1532,1296,17,S,N1,mimeograph,mimeograph,mimeograph,トウ,,joyo,K1532,1532,4,77,12,U8B04,08b04.svg,,,draft,1521–1540,mountain.png,,,,2805,月|口,moon|mouth,謄
片,1807,1297,4,6,N3,one_sided,one_sided,one_sided,ヘン,かた-,joyo,K1807,1807,4,91,7,U7247,07247.svg,,,draft,1801–1820,bamboo.png,,,,899,,,片
版,1666,1298,8,5,N3,printing_block,printing_block,printing_block,ハン,,joyo,K1666,1666,4,84,6,U7248,07248.svg,,,draft,1661–1680,tree.png,,,,149,cliff,cliff,版
之,,1299,3,H,N1,of,of,of,シ,の,heisig_extra,K2176,2176,5,109,U4E4B,04e4b.svg,u4e4b.svg,,,draft,2161–2180,bamboo.png,,,,559,,,之
乏,1853,1300,4,S,N1,scarce,scarce,scarce,ボウ,とぼ-しい,joyo,K1853,1853,4,93,13,U4E4F,04e4f.svg,,,draft,1841–1860,koi.png,,,,1934,丶,drop,乏
芝,840,1301,6,S,N1,turf,turf,turf,シ,しば,joyo,K0840,840,2,42,20,U829D,0829d.svg,,,draft,821–840,tree.png,,,,1152,,,芝
不,1736,1302,4,4,N4,not,not,not,フ,,joyo,K1736,1736,4,87,16,U4E0D,04e0d.svg,,,draft,1721–1740,koi.png,,,,203,一|人|丶,one|person|drop,不
否,1686,1303,7,6,N3,negate,negate,negate,ヒ,いな,joyo,K1686,1686,4,85,6,U5426,05426.svg,,,draft,1681–1700,bamboo.png,,,,1051,口,mouth,否
杯,1613,1304,8,S,N2,cupfuls,cupfuls,cupfuls,ハイ,さかずき,joyo,K1613,1613,4,81,13,U676F,0676f.svg,,,draft,1601–1620,koi.png,,,,1199,木,tree,杯
矢,769,1305,5,2,N1,arrow,arrow,arrow,シ,や,joyo,K0769,769,2,39,9,U77E2,077e2.svg,,,draft,761–780,koi.png,,,,874,丶,drop,矢
矯,415,1306,17,S,N1,rectify,rectify,rectify,キョウ,た-める,joyo,K0415,415,1,21,15,U77EF,077ef.svg,,,draft,401–420,koi.png,,,,2444,丶|口,drop|mouth,矯
族,1272,1307,11,3,N4,tribe,tribe,tribe,ゾク,,joyo,K1272,1272,3,64,12,U65CF,065cf.svg,,,draft,1261–1280,kujira.png,,,,348,丶,drop,族
知,1357,1308,8,2,N4,know,know,know,チ,し-る,joyo,K1357,1357,3,68,17,U77E5,077e5.svg,,,draft,1341–1360,castle.png,,,,179,丶|口,drop|mouth,知
智,NA,1309,12,H,N1,wisdom,wisdom,wisdom,チ,,heisig_extra,K2177,2177,5,109,17,U667A,0667a.svg,,,draft,2161–2180,bamboo.png,,,,922,丶|口|日,drop|mouth|day,智
挨,3,1310,10,S,,push_open,push_open,push_open,アイ,ひら-く,joyo,K0003,3,1,1,3,U6328,06328.svg,,,draft,1–20,bamboo.png,,,,2053,丶,drop,挨
矛,1920,1311,5,S,N1,halberd,halberd,halberd,ム,ほこ,joyo,K1920,1920,4,96,20,U77DB,077db.svg,,,draft,1901–1920,tree.png,,,,2090,,,矛
柔,911,1312,9,S,N2,tender,tender,tender,ジュウ,やわ-らか,joyo,K0911,911,2,46,11,U67D4,067d4.svg,,,draft,901–920,kujira.png,,,,1310,木,tree,柔
務,1921,1313,11,5,N3,duty,duty,duty,ム,つと-める,joyo,K1921,1921,4,97,1,U52D9,052d9.svg,,,draft,1921–1940,bamboo.png,,,,146,,,務
霧,1924,1314,19,S,N1,fog,fog,fog,ム,きり,joyo,K1924,1924,4,97,4,U9727,09727.svg,,,draft,1921–1940,bamboo.png,,,,1540,,,霧
班,1667,1315,10,6,N1,squad,squad,squad,ハン,,joyo,K1667,1667,4,84,7,U73ED,073ed.svg,,,draft,1661–1680,tree.png,,,,1621,ball,ball,班
帰,320,1316,10,2,N4,homecoming,homecoming,homecoming,キ,かえ-る,joyo,K0320,320,1,16,20,U5E30,05e30.svg,,,draft,301–320,kujira.png,,,,574,,,帰
弓,362,1317,3,2,N1,archery_bow,archery_bow,archery_bow,キュウ,ゆみ,joyo,K0362,362,1,19,2,U5F13,05f13.svg,,,draft,361–380,bamboo.png,,,,1487,,,弓
引,46,1318,4,2,N4,pull,pull,pull,イン,ひ-く,joyo,K0046,46,1,3,6,U5F15,05f15.svg,,,draft,41–60,koi.png,,,,317,,,引
弔,1393,1319,4,S,N1,condolences,condolences,condolences,チョウ,とむら-う,joyo,K1393,1393,3,70,13,U5F14,05f14.svg,,,draft,1381–1400,kujira.png,,,,2450,,,弔
弘,,1320,5,H,N1,vast,vast,vast,コウ,ひろ-い,ひろ.い,heisig_extra,K2178,2178,5,109,U5F18,05f18.svg,u5f18.svg,,,draft,2161–2180,bamboo.png,,,827,,,弘
強,410,1321,11,2,N4,strong,strong,strong,キョウ,つよ-い,joyo,K0410,410,1,21,10,U5F37,05f37.svg,,,draft,401–420,koi.png,,,,326,,,強
弥,1955,1322,8,S,N1,increasingly,increasingly,increasingly,ミ,や,joyo,K1955,1955,4,98,15,U5F25,05f25.svg,,,draft,1941–1960,castle.png,,,,1147,小,small,弥
弱,861,1323,10,2,N4,weak,weak,weak,ジャク,よわ-い,joyo,K0861,861,2,44,1,U5F31,05f31.svg,,,draft,861–880,castle.png,,,,1090,,,弱
溺,1466,1324,13,S,,drowning,drowning,drowning,デキ,いばり,joyo,K1466,1466,3,74,6,U6EBA,06eba.svg,,,draft,1461–1480,castle.png,,,,2173,水,water,溺
沸,1775,1325,8,S,N2,seethe,seethe,seethe,フツ,わ-く,joyo,K1775,1775,4,89,15,U6CB8,06cb8.svg,,,draft,1761–1780,mountain.png,,,,2328,水,water,沸
費,1699,1326,12,5,N3,expense,expense,expense,ヒ,つい-やす,joyo,K1699,1699,4,85,19,U8CBB,08cbb.svg,,,draft,1681–1700,bamboo.png,,,,867,貝|目|legs|split,shellfish|eye|legs|split,費
第,1315,1327,11,3,N3,ordinal_number,ordinal_number,ordinal_number,ダイ,,joyo,K1315,1315,3,66,15,U7B2C,07b2c.svg,,,draft,1301–1320,tree.png,,,,23,,,第
弟,1440,1328,7,2,N4,younger_brother,younger_brother,younger_brother,テイ,おとうと,joyo,K1440,1440,3,72,20,U5F1F,05f1f.svg,,,draft,1421–1440,tree.png,,,,691,horns,horns,弟
巧,593,1329,5,S,N1,adroit,adroit,adroit,コウ,たく-み,joyo,K0593,593,2,30,13,U5DE7,05de7.svg,,,draft,581–600,tree.png,,,,1868,,,巧
号,651,1330,5,3,N3,designation,designation,designation,ゴウ,さけ-ぶ,joyo,K0651,651,2,33,11,U53F7,053f7.svg,,,draft,641–660,koi.png,,,,108,口,mouth,号
朽,367,1331,6,S,N1,decay,decay,decay,キュウ,く-ちる,joyo,K0367,367,1,19,7,U673D,0673d.svg,,,draft,361–380,bamboo.png,,,,1925,木,tree,朽
誇,572,1332,13,S,N1,boast,boast,boast,コ,ほこ-る,joyo,K0572,572,2,29,12,U8A87,08a87.svg,,,draft,561–580,mountain.png,,,,1536,口|一,mouth|one,誇
顎,230,1333,18,S,,chin,chin,chin,ガク,あご,joyo,K0230,230,1,12,10,U984E,0984e.svg,,,draft,221–240,tree.png,,,,2085,口|一|丶|貝|目|legs|split,mouth|one|drop|shellfish|eye|legs|split,顎
汚,104,1334,6,S,N2,dirty,dirty,dirty,オ,けが-す,joyo,K0104,104,1,6,4,U6C5A,06c5a.svg,,,draft,101–120,tree.png,,,,1574,水|一,water|one,汚
与,1986,1335,3,S,N2,bestow,bestow,bestow,ヨ,あた-える,joyo,K1986,1986,4,100,6,U4E0E,04e0e.svg,,,draft,1981–2000,kujira.png,,,,496,一,one,与
写,841,1336,5,3,N4,copy,copy,copy,シャ,うつ-す,joyo,K0841,841,2,43,1,U5199,05199.svg,,,draft,841–860,bamboo.png,,,,634,一,one,写
身,1046,1337,7,3,N3,somebody,somebody,somebody,シン,み,joyo,K1046,1046,3,53,6,U8EAB,08eab.svg,,,draft,1041–1060,mountain.png,,,,150,鼻,nose,身
射,846,1338,10,6,N1,shoot,shoot,shoot,シャ,い-る,joyo,K0846,846,2,43,6,U5C04,05c04.svg,,,draft,841–860,bamboo.png,,,,721,鼻,nose,射
謝,852,1339,17,5,N1,thank,thank,thank,シャ,あやま-る,joyo,K0852,852,2,43,12,U8B1D,08b1d.svg,,,draft,841–860,bamboo.png,,,,1291,口|鼻,mouth|nose,謝
老,2115,1340,6,4,N3,old_man,old_man,old_man,ロウ,お-いる,joyo,K2115,2115,5,106,15,U8001,08001.svg,,,draft,2101–2120,kujira.png,,,,858,土,soil,老
考,602,1341,6,2,N4,consider,consider,consider,コウ,かんが-える,joyo,K0602,602,2,31,2,U8003,08003.svg,,,draft,601–620,bamboo.png,,,,262,,,考
孝,605,1342,7,6,N1,filial_piety,filial_piety,filial_piety,コウ,,joyo,K0605,605,2,31,5,U5B5D,05b5d.svg,,,draft,601–620,bamboo.png,,,,1033,子,rat_zodiac,孝
教,411,1343,11,2,N4,teach,teach,teach,キョウ,おし-える,joyo,K0411,411,1,21,11,U6559,06559.svg,,,draft,401–420,koi.png,,,,98,子,rat_zodiac,教
拷,653,1344,9,S,N1,torture,torture,torture,ゴウ,,joyo,K0653,653,2,33,13,U62F7,062f7.svg,,,draft,641–660,koi.png,,,,2239,,,拷
者,845,1345,8,3,N4,someone,someone,someone,シャ,もの,joyo,K0845,845,2,43,5,U8005,08005.svg,,,draft,841–860,bamboo.png,,,,38,1,1,者
煮,850,1346,12,S,N1,boil,boil,boil,シャ,に-る,joyo,K0850,850,2,43,10,U716E,0716e.svg,,,draft,841–860,bamboo.png,,,,2016,日,sun,煮
著,1390,1347,11,6,N3,renowned,renowned,renowned,チョ,あらわ-す,joyo,K1390,1390,3,70,10,U8457,08457.svg,,,draft,1381–1400,kujira.png,,,,381,1,1,著
箸,1644,1348,15,S,,chopsticks,chopsticks,chopsticks,チョ,はし,joyo,K1644,1644,4,83,4,U7BB8,07bb8.svg,,,draft,1641–1660,mountain.png,,,,2549,1,1,箸
署,949,1349,13,6,N3,government_bureau,government_bureau,government_bureau,ショ,,joyo,K0949,949,2,48,9,U7F72,07f72.svg,,,draft,941–960,tree.png,,,,967,2,2,署
暑,948,1350,12,3,N4,sultry,sultry,sultry,ショ,あつ-い,joyo,K0948,948,2,48,8,U6691,06691.svg,,,draft,941–960,tree.png,,,,2289,日,sun,暑
諸,951,1351,15,6,N3,various,various,various,ショ,もろ,joyo,K0951,951,2,48,11,U8AF8,08af8.svg,,,draft,941–960,tree.png,,,,763,2,2,諸
猪,,1352,11,H,N1,pack_of_dogs,pack_of_dogs,pack_of_dogs,チョ,い,heisig_extra,K2179,2179,5,109,U732A,0732a.svg,u732a.svg,,,draft,2161–2180,bamboo.png,,,,1686,1,1,猪
渚,,1353,11,H,N1,shore,shore,shore,ショ,なぎさ,なぎさ,heisig_extra,K2180,2180,5,109,U6E1A,06e1a.svg,u6e1a.svg,,,draft,2161–2180,bamboo.png,,,2207,2,2,渚
賭,1492,1354,16,S,,gamble,gamble,gamble,ト,か-ける,joyo,K1492,1492,3,75,12,U8CED,08ced.svg,,,draft,1481–1500,koi.png,,,,1893,5,5,賭
峡,403,1355,9,S,N1,gorge,gorge,gorge,キョウ,はざま,joyo,K0403,403,1,21,3,U5CE1,05ce1.svg,,,draft,401–420,koi.png,,,,1633,horns,horns,峡
狭,405,1356,9,S,N2,cramped,cramped,cramped,キョウ,せま-い,joyo,K0405,405,1,21,5,U72ED,072ed.svg,,,draft,401–420,koi.png,,,,1309,horns,horns,狭
挟,404,1357,9,S,N2,sandwiched,sandwiched,sandwiched,キョウ,はさ-む,joyo,K0404,404,1,21,4,U631F,0631f.svg,,,draft,401–420,koi.png,,,,1650,horns,horns,挟
頬,,1358,15,H,,cheek,cheek,cheek,キョウ,ほお,heisig_extra,K2181,2181,5,110,U982C,0982c.svg,u982c.svg,,,draft,2181–2200,castle.png,,,,2534,,,頬
追,1427,1359,9,3,N3,chase,chase,chase,ツイ,お-う,joyo,K1427,1427,3,72,7,U8FFD,08ffd.svg,,,draft,1421–1440,tree.png,,,,501,,,追
阜,1744,1360,8,4,,mound,mound,mound,フ,,joyo,K1744,1744,4,88,4,U961C,0961c.svg,,,draft,1741–1760,kujira.png,,,,1162,十,ten,阜
師,788,1361,10,5,N3,expert,expert,expert,シ,いくさ,joyo,K0788,788,2,40,8,U5E2B,05e2b.svg,,,draft,781–800,kujira.png,,,,344,一,one,師
帥,1085,1362,9,S,N1,commander,commander,commander,スイ,,joyo,K1085,1085,3,55,5,U5E25,05e25.svg,,,draft,1081–1100,bamboo.png,,,,2000,,,帥
官,254,1363,8,4,N3,bureaucrat,bureaucrat,bureaucrat,カン,,joyo,K0254,254,1,13,14,U5B98,05b98.svg,,,draft,241–260,bamboo.png,,,,321,,,官
棺,268,1364,12,S,N1,coffin,coffin,coffin,カン,,joyo,K0268,268,1,14,8,U68FA,068fa.svg,,,draft,261–280,castle.png,,,,2266,木,tree,棺
管,278,1365,14,4,N3,pipe,pipe,pipe,カン,くだ,joyo,K0278,278,1,14,18,U7BA1,07ba1.svg,,,draft,261–280,castle.png,,,,369,,,管
父,1738,1366,4,2,N5,father,father,father,フ,ちち,joyo,K1738,1738,4,87,18,U7236,07236.svg,,,draft,1721–1740,koi.png,,,,416,,,父
釜,244,1367,10,S,,cauldron,cauldron,cauldron,フ,かま,joyo,K0244,244,1,13,4,U91DC,091dc.svg,,,draft,241–260,bamboo.png,,,,1618,金,gold,釜
交,596,1368,6,2,N3,mingle,mingle,mingle,コウ,まじ-わる,joyo,K0596,596,2,30,16,U4EA4,04ea4.svg,,,draft,581–600,tree.png,,,,206,lid,lid,交
効,609,1369,8,5,N3,effect,effect,effect,コウ,き-く,joyo,K0609,609,2,31,9,U52B9,052b9.svg,,,draft,601–620,bamboo.png,,,,706,lid,lid,効
較,219,1370,13,S,N2,contrast,contrast,contrast,カク,くら-べる,joyo,K0219,219,1,11,19,U8F03,08f03.svg,,,draft,201–220,mountain.png,,,,1113,lid,lid,較
校,623,1371,10,1,N5,exam,exam,exam,コウ,,joyo,K0623,623,2,32,3,U6821,06821.svg,,,draft,621–640,castle.png,,,,54,木|lid,tree|lid,校
足,1263,1372,7,1,N5,leg,leg,leg,ソク,あし,joyo,K1263,1263,3,64,3,U8DB3,08db3.svg,,,draft,1261–1280,kujira.png,,,,491,口,mouth,足
促,1264,1373,9,S,N1,stimulate,stimulate,stimulate,ソク,うなが-す,joyo,K1264,1264,3,64,4,U4FC3,04fc3.svg,,,draft,1261–1280,kujira.png,,,,1485,人|口,person|mouth,促
捉,1267,1374,10,S,,nab,nab,nab,ソク,とら-える,joyo,K1267,1267,3,64,7,U6349,06349.svg,,,draft,1261–1280,kujira.png,,,,1889,口,mouth,捉
距,390,1375,12,S,N1,long_distance,long_distance,long_distance,キョ,へだ-たる,joyo,K0390,390,1,20,10,U8DDD,08ddd.svg,,,draft,381–400,castle.png,,,,1009,口,mouth,距
路,2113,1376,13,3,N3,path,path,path,ロ,-じ,joyo,K2113,2113,5,106,13,U8DEF,08def.svg,,,draft,2101–2120,kujira.png,,,,217,口,mouth,路
露,2114,1377,21,S,N1,dew,dew,dew,ロ,つゆ,joyo,K2114,2114,5,106,14,U9732,09732.svg,,,draft,2101–2120,kujira.png,,,,949,口,mouth,露
跳,1410,1378,13,S,N1,hop,hop,hop,チョウ,は-ねる,joyo,K1410,1410,3,71,10,U8DF3,08df3.svg,,,draft,1401–1420,mountain.png,,,,1769,口,mouth,跳
躍,1961,1379,21,S,N1,leap,leap,leap,ヤク,おど-る,joyo,K1961,1961,4,99,1,U8E8D,08e8d.svg,,,draft,1961–1980,koi.png,,,,896,口,mouth,躍
践,1186,1380,13,S,N1,tread,tread,tread,セン,ふ-む,joyo,K1186,1186,3,60,6,U8DF5,08df5.svg,,,draft,1181–1200,tree.png,,,,1706,口,mouth,践
踏,1529,1381,15,S,N1,step,step,step,トウ,ふ-む,joyo,K1529,1529,4,77,9,U8E0F,08e0f.svg,,,draft,1521–1540,mountain.png,,,,1240,3,3,踏
踪,1248,1382,15,S,,footprints,footprints,footprints,ソウ,あと,joyo,K1248,1248,3,63,8,U8E2A,08e2a.svg,,,draft,1241–1260,koi.png,,,,2157,,,踪
骨,666,1383,10,6,N3,bone,bone,bone,コツ,ほね,joyo,K0666,666,2,34,6,U9AA8,09aa8.svg,,,draft,661–680,kujira.png,,,,1007,月,moon,骨
滑,239,1384,13,S,N1,slippery,slippery,slippery,カツ,すべ-る,joyo,K0239,239,1,12,19,U6ED1,06ed1.svg,,,draft,221–240,tree.png,,,,1411,水|月,water|moon,滑
髄,1094,1385,19,S,N1,marrow,marrow,marrow,ズイ,,joyo,K1094,1094,3,55,14,U9AC4,09ac4.svg,,,draft,1081–1100,bamboo.png,,,,1835,月,moon,髄
禍,156,1386,13,S,N1,calamity,calamity,calamity,カ,わざわい,joyo,K0156,156,1,8,16,U798D,0798d.svg,,,draft,141–160,castle.png,,,,2306,口,mouth,禍
渦,152,1387,12,S,N1,whirlpool,whirlpool,whirlpool,カ,うず,joyo,K0152,152,1,8,12,U6E26,06e26.svg,,,draft,141–160,castle.png,,,,2234,水|口,water|mouth,渦
鍋,1573,1388,17,S,,pot,pot,pot,カ,なべ,joyo,K1573,1573,4,79,13,U934B,0934b.svg,,,draft,1561–1580,bamboo.png,,,,1806,金|口,gold|mouth,鍋
過,153,1389,12,5,N3,overdo,overdo,overdo,カ,す-ぎる,joyo,K0153,153,1,8,13,U904E,0904e.svg,,,draft,141–160,castle.png,,,,406,口,mouth,過
阪,1664,1390,7,4,,heights,heights,heights,ハン,さか,joyo,K1664,1664,4,84,4,U962A,0962a.svg,,,draft,1661–1680,tree.png,,,,350,cliff,cliff,阪
阿,,1391,8,H,N1,africa,africa,africa,ア,おもね-る,heisig_extra,K2182,2182,5,110,U963F,0963f.svg,u963f.svg,,,draft,2181–2200,castle.png,,,,859,口,mouth,阿
際,715,1392,14,5,N3,occasion,occasion,occasion,サイ,きわ,joyo,K0715,715,2,36,15,U969B,0969b.svg,,,draft,701–720,tree.png,,,,197,月|一|小,moon|one|small,際
障,1002,1393,14,6,N1,hinder,hinder,hinder,ショウ,さわ-る,joyo,K1002,1002,3,51,2,U969C,0969c.svg,,,draft,1001–1020,koi.png,,,,853,日|十,day|ten,障
隙,501,1394,13,S,,fissure,fissure,fissure,ゲキ,すき,joyo,K0501,501,2,26,1,U9699,09699.svg,,,draft,501–520,castle.png,,,,1882,小|日,small|day,隙
随,1093,1395,12,S,N1,accompany,accompany,accompany,ズイ,まにま-に,joyo,K1093,1093,3,55,13,U968F,0968f.svg,,,draft,1081–1100,bamboo.png,,,,1473,月,moon,随
陪,1626,1396,11,S,N1,jury,jury,jury,バイ,,joyo,K1626,1626,4,82,6,U966A,0966a.svg,,,draft,1621–1640,kujira.png,,,,2561,口,mouth,陪
陽,2002,1397,12,3,N3,sunshine,sunshine,sunshine,ヨウ,ひ,joyo,K2002,2002,5,101,2,U967D,0967d.svg,,,draft,2001–2020,mountain.png,,,,623,日,sun,陽
陳,1424,1398,11,S,N1,set_forth,set_forth,set_forth,チン,ひ-ねる,joyo,K1424,1424,3,72,4,U9673,09673.svg,,,draft,1421–1440,tree.png,,,,1527,2,2,陳
防,1858,1399,7,5,N3,ward_off,ward_off,ward_off,ボウ,ふせ-ぐ,joyo,K1858,1858,4,93,18,U9632,09632.svg,,,draft,1841–1860,koi.png,,,,398,,,防
附,1745,1400,8,S,N1,affixed,affixed,affixed,フ,つ-ける,joyo,K1745,1745,4,88,5,U9644,09644.svg,,,draft,1741–1760,kujira.png,,,,1213,人,person,附
院,52,1401,10,3,N4,institution,institution,institution,イン,,joyo,K0052,52,1,3,12,U9662,09662.svg,,,draft,41–60,koi.png,,,,196,一|legs,one|legs,院
陣,1076,1402,10,S,N1,camp,camp,camp,ジン,,joyo,K1076,1076,3,54,16,U9663,09663.svg,,,draft,1061–1080,tree.png,,,,1010,,,陣
隊,1308,1403,12,4,N1,regiment,regiment,regiment,タイ,,joyo,K1308,1308,3,66,8,U968A,0968a.svg,,,draft,1301–1320,tree.png,,,,223,,,隊
墜,1429,1404,15,S,N1,crash,crash,crash,ツイ,お-ちる,joyo,K1429,1429,3,72,9,U589C,0589c.svg,,,draft,1421–1440,tree.png,,,,1678,土,soil,墜
降,627,1405,10,6,N3,descend,descend,descend,コウ,お-りる,joyo,K0627,627,2,32,7,U964D,0964d.svg,,,draft,621–640,castle.png,,,,357,,,降
階,188,1406,12,3,N3,floor,floor,floor,カイ,きざはし,joyo,K0188,188,1,10,8,U968E,0968e.svg,,,draft,181–200,kujira.png,,,,591,,,階
陛,1794,1407,10,6,N1,highness,highness,highness,ヘイ,,joyo,K1794,1794,4,90,14,U965B,0965b.svg,,,draft,1781–1800,tree.png,,,,2437,土,soil,陛
隣,2080,1408,16,S,N1,neighboring,neighboring,neighboring,リン,とな-る,joyo,K2080,2080,5,104,20,U96A3,096a3.svg,,,draft,2061–2080,castle.png,,,,875,evening,evening,隣
隔,220,1409,13,S,N1,isolate,isolate,isolate,カク,へだ-てる,joyo,K0220,220,1,11,20,U9694,09694.svg,,,draft,201–220,mountain.png,,,,1379,一|口|legs,one|mouth|legs,隔
隠,56,1410,14,S,N1,conceal,conceal,conceal,イン,かく-す,joyo,K0056,56,1,3,16,U96A0,096a0.svg,,,draft,41–60,koi.png,,,,1023,,,隠
堕,1290,1411,12,S,N1,degenerate,degenerate,degenerate,ダ,お-ちる,joyo,K1290,1290,3,65,10,U5815,05815.svg,,,draft,1281–1300,mountain.png,,,,2166,月|土,moon|soil,堕
陥,258,1412,10,S,N1,collapse,collapse,collapse,カン,おちい-る,joyo,K0258,258,1,13,18,U9665,09665.svg,,,draft,241–260,bamboo.png,,,,1330,1,1,陥
穴,507,1413,5,6,N1,hole,hole,hole,ケツ,あな,joyo,K0507,507,2,26,7,U7A74,07a74.svg,,,draft,501–520,castle.png,,,,1317,split,split,穴
空,452,1414,8,1,N5,sky,sky,sky,クウ,そら,joyo,K0452,452,1,23,12,U7A7A,07a7a.svg,,,draft,441–460,mountain.png,,,,204,legs,legs,空
控,630,1415,11,S,N1,withdraw,withdraw,withdraw,コウ,ひか-える,joyo,K0630,630,2,32,10,U63A7,063a7.svg,,,draft,621–640,castle.png,,,,1566,legs,legs,控
突,1559,1416,8,S,N2,stab,stab,stab,トツ,つ-く,joyo,K1559,1559,4,78,19,U7A81,07a81.svg,,,draft,1541–1560,tree.png,,,,716,legs,legs,突
究,370,1417,7,3,N4,research,research,research,キュウ,きわ-める,joyo,K0370,370,1,19,10,U7A76,07a76.svg,,,draft,361–380,bamboo.png,,,,268,legs|ball,legs|ball,究
窒,1372,1418,11,S,N1,plug_up,plug_up,plug_up,チツ,,joyo,K1372,1372,3,69,12,U7A92,07a92.svg,,,draft,1361–1380,koi.png,,,,2136,legs|一|土,legs|one|soil,窒
窃,1157,1419,9,S,N1,stealth,stealth,stealth,セツ,ぬす-む,joyo,K1157,1157,3,58,17,U7A83,07a83.svg,,,draft,1141–1160,kujira.png,,,,2476,legs|cut,legs|cut,窃
窟,459,1420,13,S,,cavern,cavern,cavern,クツ,いわや,joyo,K0459,459,1,23,19,U7A9F,07a9f.svg,,,draft,441–460,mountain.png,,,,1935,legs,legs,窟
窪,,1421,14,H,,hollow,hollow,hollow,ワ,くぼ-む,heisig_extra,K2183,2183,5,110,U7AAA,07aaa.svg,u7aaa.svg,,,draft,2181–2200,castle.png,,,,1773,legs|水|土,legs|water|soil,窪
搾,730,1422,13,S,N1,squeeze,squeeze,squeeze,サク,しぼ-る,joyo,K0730,730,2,37,10,U643E,0643e.svg,,,draft,721–740,bamboo.png,,,,2470,legs,legs,搾
窯,2008,1423,15,S,N1,kiln,kiln,kiln,ヨウ,かま,joyo,K2008,2008,5,101,8,U7AAF,07aaf.svg,,,draft,2001–2020,mountain.png,,,,2195,legs,legs,窯
窮,380,1424,15,S,N1,hard_up,hard_up,hard_up,キュウ,きわ-める,joyo,K0380,380,1,19,20,U7AAE,07aae.svg,,,draft,361–380,bamboo.png,,,,2010,legs|鼻,legs|nose,窮
探,1339,1425,11,6,N3,grope,grope,grope,タン,さぐ-る,joyo,K1339,1339,3,67,19,U63A2,063a2.svg,,,draft,1321–1340,bamboo.png,,,,802,legs|木,legs|tree,探
深,1058,1426,11,3,N3,deep,deep,deep,シン,ふか-い,joyo,K1058,1058,3,53,18,U6DF1,06df1.svg,,,draft,1041–1060,mountain.png,,,,649,水|legs|木,water|legs|tree,深
丘,363,1427,5,S,N1,hill,hill,hill,キュウ,おか,joyo,K0363,363,1,19,3,U4E18,04e18.svg,,,draft,361–380,bamboo.png,,,,982,一,one,丘
岳,227,1428,8,S,N1,mountain_peak,mountain_peak,mountain_peak,ガク,たけ,joyo,K0227,227,1,12,7,U5CB3,05cb3.svg,,,draft,221–240,tree.png,,,,1217,一,one,岳
兵,1790,1429,7,4,N3,soldier,soldier,soldier,ヘイ,つわもの,joyo,K1790,1790,4,90,10,U5175,05175.svg,,,draft,1781–1800,tree.png,,,,339,一|legs|split,one|legs|split,兵
浜,1730,1430,10,S,N1,seacoast,seacoast,seacoast,ヒン,はま,joyo,K1730,1730,4,87,10,U6D5C,06d5c.svg,,,draft,1721–1740,koi.png,,,,492,水|一|legs|split,water|one|legs|split,浜
糸,772,1431,6,1,N3,thread,thread,thread,シ,いと,joyo,K0772,772,2,39,12,U7CF8,07cf8.svg,,,draft,761–780,koi.png,,,,1331,thread,thread,糸
織,1037,1432,18,5,N1,weave,weave,weave,ショク,お-る,joyo,K1037,1037,3,52,17,U7E54,07e54.svg,,,draft,1021–1040,kujira.png,,,,612,糸|日,thread|day,織
繕,1203,1433,18,S,N1,darning,darning,darning,ゼン,つくろ-う,joyo,K1203,1203,3,61,3,U7E55,07e55.svg,,,draft,1201–1220,bamboo.png,,,,2427,糸|horns|口,thread|horns|mouth,繕
縮,923,1434,17,6,N1,shrink,shrink,shrink,シュク,ちぢ-む,joyo,K0923,923,2,47,3,U7E2E,07e2e.svg,,,draft,921–940,mountain.png,,,,1129,糸|人|一,thread|person|one,縮
繁,1677,1435,16,S,N1,luxuriant,luxuriant,luxuriant,ハン,しげ-る,joyo,K1677,1677,4,84,17,U7E41,07e41.svg,,,draft,1661–1680,tree.png,,,,1120,女|体|糸,woman|body|thread,繁
縦,917,1436,16,6,N1,vertical,vertical,vertical,ジュウ,たて,joyo,K0917,917,2,46,17,U7E26,07e26.svg,,,draft,901–920,kujira.png,,,,1276,糸|一|horns,thread|one|horns,縦
緻,1365,1437,16,S,,intricate,intricate,intricate,チ,こまか-い,joyo,K1365,1365,3,69,5,U7DFB,07dfb.svg,,,draft,1361–1380,koi.png,,,,2664,,,緻
線,1190,1438,15,2,N3,line,line,line,セン,すじ,joyo,K1190,1190,3,60,10,U7DDA,07dda.svg,,,draft,1181–1200,tree.png,,,,75,糸|水,thread|water,線
綻,1344,1439,14,S,,unravel,unravel,unravel,タン,ほころ-びる,joyo,K1344,1344,3,68,4,U7DBB,07dbb.svg,,,draft,1341–1360,castle.png,,,,2193,糸,thread,綻
締,1457,1440,15,S,N1,tighten,tighten,tighten,テイ,し-まる,joyo,K1457,1457,3,73,17,U7DE0,07de0.svg,,,draft,1441–1460,bamboo.png,,,,842,糸,thread,締
維,35,1441,14,S,N1,fiber,fiber,fiber,イ,,joyo,K0035,35,1,2,15,U7DAD,07dad.svg,,,draft,21–40,castle.png,,,,1026,糸,thread,維
羅,2021,1442,19,S,N1,gauze,gauze,gauze,ラ,うすもの,joyo,K2021,2021,5,102,1,U7F85,07f85.svg,,,draft,2021–2040,tree.png,,,,1170,目|糸,eye|thread,羅
練,2108,1443,14,3,N3,practice,practice,practice,レン,ね-る,joyo,K2108,2108,5,106,8,U7DF4,07df4.svg,,,draft,2101–2120,kujira.png,,,,860,3,3,練
緒,950,1444,14,S,N2,thong,thong,thong,ショ,お,joyo,K0950,950,2,48,10,U7DD2,07dd2.svg,,,draft,941–960,tree.png,,,,1022,2,2,緒
続,1275,1445,13,4,N3,continue,continue,continue,ゾク,つづ-く,joyo,K1275,1275,3,64,15,U7D9A,07d9a.svg,,,draft,1261–1280,kujira.png,,,,215,糸|legs,thread|legs,続
絵,186,1446,12,2,N3,picture,picture,picture,カイ,,joyo,K0186,186,1,10,6,U7D75,07d75.svg,,,draft,181–200,kujira.png,,,,701,糸|一,thread|one,絵
統,1527,1447,12,5,N1,unite,unite,unite,トウ,す-べる,joyo,K1527,1527,4,77,7,U7D71,07d71.svg,,,draft,1521–1540,mountain.png,,,,305,糸|lid|legs,thread|lid|legs,統
絞,637,1448,12,S,N1,strangle,strangle,strangle,コウ,しぼ-る,joyo,K0637,637,2,32,17,U7D5E,07d5e.svg,,,draft,621–640,castle.png,,,,1828,糸|lid,thread|lid,絞
給,378,1449,12,4,N3,salary,salary,salary,キュウ,たま-う,joyo,K0378,378,1,19,18,U7D66,07d66.svg,,,draft,361–380,bamboo.png,,,,774,糸|一|口,thread|one|mouth,給
絡,2025,1450,12,S,N2,entwine,entwine,entwine,ラク,から-む,joyo,K2025,2025,5,102,5,U7D61,07d61.svg,,,draft,2021–2040,tree.png,,,,1175,糸|口,thread|mouth,絡
結,510,1451,12,4,N3,tie,tie,tie,ケツ,むす-ぶ,joyo,K0510,510,2,26,10,U7D50,07d50.svg,,,draft,501–520,castle.png,,,,170,糸|口,thread|mouth,結
終,895,1452,11,3,N4,end,end,end,シュウ,お-わる,joyo,K0895,895,2,45,15,U7D42,07d42.svg,,,draft,881–900,koi.png,,,,232,糸|丶,thread|drop,終
級,373,1453,9,3,N3,class,class,class,キュウ,,joyo,K0373,373,1,19,13,U7D1A,07d1a.svg,,,draft,361–380,bamboo.png,,,,401,糸,thread,級
紀,313,1454,9,5,N1,chronicle,chronicle,chronicle,キ,,joyo,K0313,313,1,16,13,U7D00,07d00.svg,,,draft,301–320,kujira.png,,,,354,糸,thread,紀
紅,618,1455,9,6,N3,crimson,crimson,crimson,コウ,べに,joyo,K0618,618,2,31,18,U7D05,07d05.svg,,,draft,601–620,bamboo.png,,,,1141,糸,thread,紅
納,1599,1456,10,6,N1,settlement,settlement,settlement,ノウ,おさ-める,joyo,K1599,1599,4,80,19,U7D0D,07d0d.svg,,,draft,1581–1600,castle.png,,,,995,糸|人,thread|person,納
紡,1864,1457,10,S,N1,spinning,spinning,spinning,ボウ,つむ-ぐ,joyo,K1864,1864,4,94,4,U7D21,07d21.svg,,,draft,1861–1880,kujira.png,,,,2026,糸,thread,紡
紛,1779,1458,10,S,N1,distract,distract,distract,フン,まぎ-れる,joyo,K1779,1779,4,89,19,U7D1B,07d1b.svg,,,draft,1761–1780,mountain.png,,,,1546,糸|split,thread|split,紛
紹,985,1459,11,S,N2,introduce,introduce,introduce,ショウ,,joyo,K0985,985,2,50,5,U7D39,07d39.svg,,,draft,981–1000,castle.png,,,,903,糸|口,thread|mouth,紹
経,483,1460,11,5,N3,manage,manage,manage,ケイ,へ-る,joyo,K0483,483,1,25,3,U7D4C,07d4c.svg,,,draft,481–500,bamboo.png,,,,143,糸|土,thread|soil,経
紳,1059,1461,11,S,N1,sire,sire,sire,シン,,joyo,K1059,1059,3,53,19,U7D33,07d33.svg,,,draft,1041–1060,mountain.png,,,,2015,糸|日,thread|day,紳
約,1958,1462,9,4,N3,promise,promise,promise,ヤク,つづ-まる,joyo,K1958,1958,4,98,18,U7D04,07d04.svg,,,draft,1941–1960,castle.png,,,,240,糸,thread,約
細,706,1463,11,2,N3,thin,thin,thin,サイ,ほそ-い,joyo,K0706,706,2,36,6,U7D30,07d30.svg,,,draft,701–720,tree.png,,,,582,糸|田,thread|field,細
累,2084,1464,11,S,N1,pile_up,pile_up,pile_up,ルイ,,joyo,K2084,2084,5,105,4,U7D2F,07d2f.svg,,,draft,2081–2100,koi.png,,,,1860,田|糸,field|thread,累
索,727,1465,10,S,N1,cord,cord,cord,サク,,joyo,K0727,727,2,37,7,U7D22,07d22.svg,,,draft,721–740,bamboo.png,,,,1159,十|糸,ten|thread,索
総,1245,1466,14,5,N3,total,total,total,ソウ,す-べて,joyo,K1245,1245,3,63,5,U7DCF,07dcf.svg,,,draft,1241–1260,koi.png,,,,266,糸|split,thread|split,総
綿,1937,1467,14,5,N3,cotton,cotton,cotton,メン,わた,joyo,K1937,1937,4,97,17,U7DBF,07dbf.svg,,,draft,1921–1940,bamboo.png,,,,1805,糸,thread,綿
絹,534,1468,13,6,N1,silk,silk,silk,ケン,きぬ,joyo,K0534,534,2,27,14,U7D79,07d79.svg,,,draft,521–540,koi.png,,,,2020,糸|口|月,thread|mouth|moon,絹
繰,461,1469,19,S,N1,winding,winding,winding,ソウ,く-る,joyo,K0461,461,1,24,1,U7E70,07e70.svg,,,draft,461–480,tree.png,,,,1118,糸|口|木,thread|mouth|tree,繰
継,490,1470,13,S,N1,inherit,inherit,inherit,ケイ,つ-ぐ,joyo,K0490,490,1,25,10,U7D99,07d99.svg,,,draft,481–500,bamboo.png,,,,435,糸,thread,継
緑,2075,1471,14,3,N3,green,green,green,リョク,みどり,joyo,K2075,2075,5,104,15,U7DD1,07dd1.svg,,,draft,2061–2080,castle.png,,,,1043,糸,thread,緑
縁,102,1472,15,S,N1,affinity,affinity,affinity,エン,ふち,joyo,K0102,102,1,6,2,U7E01,07e01.svg,,,draft,101–120,tree.png,,,,1075,糸,thread,縁
網,1946,1473,14,S,N1,netting,netting,netting,モウ,あみ,joyo,K1946,1946,4,98,6,U7DB2,07db2.svg,,,draft,1941–1960,castle.png,,,,1267,糸|horns|一|lid,thread|horns|one|lid,網
緊,439,1474,15,S,N1,tense,tense,tense,キン,し-める,joyo,K0439,439,1,22,19,U7DCA,07dca.svg,,,draft,421–440,kujira.png,,,,1368,糸,thread,緊
紫,793,1475,12,S,N1,purple,purple,purple,シ,むらさき,joyo,K0793,793,2,40,13,U7D2B,07d2b.svg,,,draft,781–800,kujira.png,,,,1293,糸,thread,紫
縛,1641,1476,16,S,N1,truss,truss,truss,バク,しば-る,joyo,K1641,1641,4,83,1,U7E1B,07e1b.svg,,,draft,1641–1660,mountain.png,,,,1841,糸|丶|十|田,thread|drop|ten|field,縛
縄,1023,1477,15,4,N1,straw_rope,straw_rope,straw_rope,ジョウ,なわ,joyo,K1023,1023,3,52,3,U7E04,07e04.svg,,,draft,1021–1040,kujira.png,,,,985,2,2,縄
幼,1991,1478,5,6,N3,infancy,infancy,infancy,ヨウ,おさな-い,joyo,K1991,1991,4,100,11,U5E7C,05e7c.svg,,,draft,1981–2000,kujira.png,,,,831,,,幼
後,580,1479,9,2,N5,behind,behind,behind,ゴ,のち,joyo,K0580,580,2,29,20,U5F8C,05f8c.svg,,,draft,561–580,mountain.png,,,,22,一,one,後
幽,1974,1480,9,S,N1,dim,dim,dim,ユウ,ふか-い,joyo,K1974,1974,4,99,14,U5E7D,05e7d.svg,,,draft,1961–1980,koi.png,,,,1643,,,幽
幾,326,1481,12,S,N1,how_many,how_many,how_many,キ,いく-,joyo,K0326,326,1,17,6,U5E7E,05e7e.svg,,,draft,321–340,mountain.png,,,,1490,人,person,幾
機,337,1482,16,4,N3,machine,machine,machine,キ,はた,joyo,K0337,337,1,17,17,U6A5F,06a5f.svg,,,draft,321–340,mountain.png,,,,102,木|人,tree|person,機
畿,335,1483,15,S,,capital_area,capital_area,capital_area,キ,みやこ,joyo,K0335,335,1,17,15,U757F,0757f.svg,,,draft,321–340,mountain.png,,,,1547,田,field,畿
玄,547,1484,5,S,N1,mysterious,mysterious,mysterious,ゲン,くろ,joyo,K0547,547,2,28,7,U7384,07384.svg,,,draft,541–560,kujira.png,,,,1369,lid,lid,玄
畜,1367,1485,10,S,N2,livestock,livestock,livestock,チク,,joyo,K1367,1367,3,69,7,U755C,0755c.svg,,,draft,1361–1380,koi.png,,,,1818,lid|田,lid|field,畜
蓄,1369,1486,13,S,N1,amass,amass,amass,チク,たくわ-える,joyo,K1369,1369,3,69,9,U84C4,084c4.svg,,,draft,1361–1380,koi.png,,,,1777,lid|田,lid|field,蓄
弦,549,1487,8,S,N1,bowstring,bowstring,bowstring,ゲン,つる,joyo,K0549,549,2,28,9,U5F26,05f26.svg,,,draft,541–560,kujira.png,,,,1384,lid,lid,弦
擁,2010,1488,16,S,N1,hug,hug,hug,ヨウ,,joyo,K2010,2010,5,101,10,U64C1,064c1.svg,,,draft,2001–2020,mountain.png,,,,1640,lid,lid,擁
滋,819,1489,12,4,N1,nourishing,nourishing,nourishing,ジ,,joyo,K0819,819,2,41,19,U6ECB,06ecb.svg,,,draft,801–820,mountain.png,,,,1413,水|horns|一,water|horns|one,滋
慈,820,1490,13,S,N1,mercy,mercy,mercy,ジ,いつく-しむ,joyo,K0820,820,2,41,20,U6148,06148.svg,,,draft,801–820,mountain.png,,,,1625,horns|一,horns|one,慈
磁,822,1491,14,6,N1,magnet,magnet,magnet,ジ,,joyo,K0822,822,2,42,2,U78C1,078c1.svg,,,draft,821–840,tree.png,,,,1430,石|horns|一,stone|horns|one,磁
系,472,1492,7,6,N1,lineage,lineage,lineage,ケイ,,joyo,K0472,472,1,24,12,U7CFB,07cfb.svg,,,draft,461–480,tree.png,,,,253,丶|糸,drop|thread,系
係,475,1493,9,3,N3,person_in_charge,person_in_charge,person_in_charge,ケイ,かか-る,joyo,K0475,475,1,24,15,U4FC2,04fc2.svg,,,draft,461–480,tree.png,,,,454,人|丶|糸,person|drop|thread,係
孫,1280,1494,10,4,N3,grandchild,grandchild,grandchild,ソン,まご,joyo,K1280,1280,3,64,20,U5B6B,05b6b.svg,,,draft,1261–1280,kujira.png,,,,1000,子|丶|糸,rat_zodiac|drop|thread,孫
懸,544,1495,20,S,N1,suspend,suspend,suspend,ケン,か-ける,joyo,K0544,544,2,28,4,U61F8,061f8.svg,,,draft,541–560,kujira.png,,,,1580,目|小|丶|糸,eye|small|drop|thread,懸
遜,1283,1496,14,S,,modest,modest,modest,ソン,したが-う,joyo,K1283,1283,3,65,3,U905C,0905c.svg,,,draft,1281–1300,mountain.png,,,,2643,子|丶|糸,rat_zodiac|drop|thread,遜
却,354,1497,7,S,N1,instead,instead,instead,キャク,かえ-って,joyo,K0354,354,1,18,14,U5374,05374.svg,,,draft,341–360,tree.png,,,,1202,土,soil,却
脚,356,1498,11,S,N1,shins,shins,shins,キャク,あし,joyo,K0356,356,1,18,16,U811A,0811a.svg,,,draft,341–360,tree.png,,,,185,月|土,moon|soil,脚
卸,126,1499,9,S,N1,wholesale,wholesale,wholesale,シャ,おろ-す,joyo,K0126,126,1,7,6,U5378,05378.svg,,,draft,121–140,bamboo.png,,,,2126,,,卸
御,392,1500,12,S,N2,honorable,honorable,honorable,ギョ,おん-,joyo,K0392,392,1,20,12,U5FA1,05fa1.svg,,,draft,381–400,castle.png,,,,523,一,one,御
服,1766,1501,8,3,N4,clothing,clothing,clothing,フク,,joyo,K1766,1766,4,89,6,U670D,0670d.svg,,,draft,1761–1780,mountain.png,,,,792,月,moon,服
命,1927,1502,8,3,N3,fate,fate,fate,メイ,いのち,joyo,K1927,1927,4,97,7,U547D,0547d.svg,,,draft,1921–1940,bamboo.png,,,,337,一|口,one|mouth,命
令,2087,1503,5,4,N3,orders,orders,orders,レイ,,joyo,K2087,2087,5,105,7,U4EE4,04ee4.svg,,,draft,2081–2100,koi.png,,,,521,,,令
零,2094,1504,13,S,N2,zero,zero,zero,レイ,ぜろ,joyo,K2094,2094,5,105,14,U96F6,096f6.svg,,,draft,2081–2100,koi.png,,,,1712,,,零
齢,2097,1505,17,S,N2,age,age,age,レイ,よわい,joyo,K2097,2097,5,105,17,U9F62,09f62.svg,,,draft,2081–2100,koi.png,,,,1135,,,齢
冷,2089,1506,7,4,N3,cool,cool,cool,レイ,つめ-たい,joyo,K2089,2089,5,105,9,U51B7,051b7.svg,,,draft,2081–2100,koi.png,,,,1057,,,冷
領,2069,1507,14,5,N3,territory,territory,territory,リョウ,えり,joyo,K2069,2069,5,104,9,U9818,09818.svg,,,draft,2061–2080,castle.png,,,,412,一|丶|貝|目|legs|split,one|drop|shellfish|eye|legs|split,領
鈴,2093,1508,13,S,N1,small_bell,small_bell,small_bell,レイ,すず,joyo,K2093,2093,5,105,13,U9234,09234.svg,,,draft,2081–2100,koi.png,,,,819,金,gold,鈴
勇,1973,1509,9,4,N3,courage,courage,courage,ユウ,いさ-む,joyo,K1973,1973,4,99,13,U52C7,052c7.svg,,,draft,1961–1980,koi.png,,,,1064,田,field,勇
湧,1977,1510,12,S,N1,gush,gush,gush,ユウ,わ-く,joyo,K1977,1977,4,99,17,U6E67,06e67.svg,,,draft,1961–1980,koi.png,,,,2032,水|田,water|field,湧
通,1430,1511,10,2,N4,pass_through,pass_through,pass_through,ツウ,とお-る,joyo,K1430,1430,3,72,10,U901A,0901a.svg,,,draft,1421–1440,tree.png,,,,66,,,通
踊,2007,1512,14,S,N2,jump,jump,jump,ヨウ,おど-る,joyo,K2007,2007,5,101,7,U8E0A,08e0a.svg,,,draft,2001–2020,mountain.png,,,,1374,口,mouth,踊
疑,344,1513,14,6,N3,doubt,doubt,doubt,ギ,うたが-う,joyo,K0344,344,1,18,4,U7591,07591.svg,,,draft,341–360,tree.png,,,,1044,丶,drop,疑
擬,347,1514,17,S,N1,mimic,mimic,mimic,ギ,まが-い,joyo,K0347,347,1,18,7,U64EC,064ec.svg,,,draft,341–360,tree.png,,,,1840,丶,drop,擬
凝,423,1515,16,S,N1,congeal,congeal,congeal,ギョウ,こ-る,joyo,K0423,423,1,22,3,U51DD,051dd.svg,,,draft,421–440,kujira.png,,,,2095,丶,drop,凝
範,1676,1516,15,S,N1,pattern,pattern,pattern,ハン,,joyo,K1676,1676,4,84,16,U7BC4,07bc4.svg,,,draft,1661–1680,tree.png,,,,991,,,範
犯,1658,1517,5,5,N3,crime,crime,crime,ハン,おか-す,joyo,K1658,1658,4,83,18,U72AF,072af.svg,,,draft,1641–1660,mountain.png,,,,931,,,犯
氾,1657,1518,5,S,,to_overflow,to_overflow,to_overflow,ハン,ひろ-がる,joyo,K1657,1657,4,83,17,U6C3E,06c3e.svg,,,draft,1641–1660,mountain.png,,,,2488,水,water,氾
厄,1956,1519,4,S,N1,unlucky,unlucky,unlucky,ヤク,,joyo,K1956,1956,4,98,16,U5384,05384.svg,,,draft,1941–1960,castle.png,,,,2344,cliff,cliff,厄
危,303,1520,6,6,N3,dangerous,dangerous,dangerous,キ,あぶ-ない,joyo,K0303,303,1,16,3,U5371,05371.svg,,,draft,301–320,kujira.png,,,,965,cliff,cliff,危
宛,10,1521,8,S,,addressed_to,addressed_to,addressed_to,エン,あ-てる,joyo,K0010,10,1,1,10,U5B9B,05b9b.svg,,,draft,1–20,bamboo.png,,,,2070,evening,evening,宛
腕,2136,1522,12,S,N2,arm,arm,arm,ワン,うで,joyo,K2136,2136,5,107,16,U8155,08155.svg,,,draft,2121–2140,mountain.png,,,,1114,月|evening,moon|evening,腕
苑,,1523,8,H,N1,park,park,park,エン,その,heisig_extra,K2184,2184,5,110,U82D1,082d1.svg,u82d1.svg,,,draft,2181–2200,castle.png,,,,1946,evening,evening,苑
怨,91,1524,9,S,,grudge,grudge,grudge,エン,うら-む,joyo,K0091,91,1,5,11,U6028,06028.svg,,,draft,81–100,mountain.png,,,,2302,evening,evening,怨
柳,2049,1525,9,S,N1,willow,willow,willow,リュウ,やなぎ,joyo,K2049,2049,5,103,9,U67F3,067f3.svg,,,draft,2041–2060,bamboo.png,,,,1021,木,tree,柳
卵,2030,1526,7,6,N3,egg,egg,egg,ラン,たまご,joyo,K2030,2030,5,102,10,U5375,05375.svg,,,draft,2021–2040,tree.png,,,,1459,,,卵
留,2051,1527,10,5,N3,detain,detain,detain,リュウ,と-める,joyo,K2051,2051,5,103,11,U7559,07559.svg,,,draft,2041–2060,bamboo.png,,,,643,田,field,留
瑠,2082,1528,14,S,N1,marine_blue,marine_blue,marine_blue,ル,,joyo,K2082,2082,5,105,2,U7460,07460.svg,,,draft,2081–2100,koi.png,,,,1823,ball|田,ball|field,瑠
貿,1869,1529,12,5,N3,trade,trade,trade,ボウ,,joyo,K1869,1869,4,94,9,U8CBF,08cbf.svg,,,draft,1861–1880,kujira.png,,,,1532,貝|目|legs|split,shellfish|eye|legs|split,貿
印,47,1530,6,4,N3,stamp,stamp,stamp,イン,しるし,joyo,K0047,47,1,3,7,U5370,05370.svg,,,draft,41–60,koi.png,,,,838,,,印
臼,368,1531,6,S,,mortar,mortar,mortar,キュウ,うす,joyo,K0368,368,1,19,8,U81FC,081fc.svg,,,draft,361–380,bamboo.png,,,,1963,,,臼
毀,332,1532,13,S,,break,break,break,キ,こぼ-つ,joyo,K0332,332,1,17,12,U6BC0,06bc0.svg,,,draft,321–340,mountain.png,,,,2562,土,soil,毀
興,645,1533,16,5,N1,entertain,entertain,entertain,コウ,おこ-る,joyo,K0645,645,2,33,5,U8208,08208.svg,,,draft,641–660,koi.png,,,,595,一|口|legs|split,one|mouth|legs|split,興
酉,NA,1534,7,H,N1,sake_flask,sake_flask,sake_flask,ユウ,とり,とり,heisig_extra,K2185,2185,5,110,U9149,09149.svg,u9149.svg,,,draft,2181–2200,castle.png,,,2736,一,one,酉
酒,872,1535,10,3,N3,sake,sake,sake,シュ,さけ,joyo,K0872,872,2,44,12,U9152,09152.svg,,,draft,861–880,castle.png,,,,894,水,water,酒
酌,857,1536,10,S,N1,bartending,bartending,bartending,シャク,く-む,joyo,K0857,857,2,43,17,U914C,0914c.svg,,,draft,841–860,bamboo.png,,,,2776,,,酌
酎,1387,1537,10,S,,alcohol,alcohol,alcohol,チュウ,かも-す,joyo,K1387,1387,3,70,7,U914E,0914e.svg,,,draft,1381–1400,kujira.png,,,,2683,,,酎
酵,643,1538,14,S,N1,fermentation,fermentation,fermentation,コウ,,joyo,K0643,643,2,33,3,U9175,09175.svg,,,draft,641–660,koi.png,,,,1682,子,rat_zodiac,酵
酷,664,1539,14,S,N1,cruel,cruel,cruel,コク,ひど-い,joyo,K0664,664,2,34,4,U9177,09177.svg,,,draft,661–680,kujira.png,,,,1619,口,mouth,酷
酬,903,1540,13,S,N1,repay,repay,repay,シュウ,むく-いる,joyo,K0903,903,2,46,3,U916C,0916c.svg,,,draft,901–920,kujira.png,,,,1931,丶,drop,酬
酪,2027,1541,13,S,N1,dairy,dairy,dairy,ラク,,joyo,K2027,2027,5,102,7,U916A,0916a.svg,,,draft,2021–2040,tree.png,,,,2591,口,mouth,酪
酢,729,1542,12,S,N1,vinegar,vinegar,vinegar,サク,す,joyo,K0729,729,2,37,9,U9162,09162.svg,,,draft,721–740,bamboo.png,,,,2223,,,酢
酔,1089,1543,11,S,N1,drunk,drunk,drunk,スイ,よ-う,joyo,K1089,1089,3,55,9,U9154,09154.svg,,,draft,1081–1100,bamboo.png,,,,1762,ball|十,ball|ten,酔
配,1617,1544,10,3,N3,distribute,distribute,distribute,ハイ,くば-る,joyo,K1617,1617,4,81,17,U914D,0914d.svg,,,draft,1601–1620,koi.png,,,,315,,,配
酸,754,1545,14,5,N1,acid,acid,acid,サン,す-い,joyo,K0754,754,2,38,14,U9178,09178.svg,,,draft,741–760,castle.png,,,,866,legs,legs,酸
猶,1978,1546,12,S,N1,still,still,still,ユウ,なお,joyo,K1978,1978,4,99,18,U7336,07336.svg,,,draft,1961–1980,koi.png,,,,2333,,,猶
尊,1281,1547,12,6,N3,revered,revered,revered,ソン,たっと-い,joyo,K1281,1281,3,65,1,U5C0A,05c0a.svg,,,draft,1281–1300,mountain.png,,,,1197,,,尊
豆,1503,1548,7,3,N1,beans,beans,beans,トウ,まめ,joyo,K1503,1503,4,76,3,U8C46,08c46.svg,,,draft,1501–1520,kujira.png,,,,1335,一|口,one|mouth,豆
頭,1531,1549,16,2,N4,head,head,head,トウ,あたま,joyo,K1531,1531,4,77,11,U982D,0982d.svg,,,draft,1521–1540,mountain.png,,,,417,一|口|丶|貝|目|legs|split,one|mouth|drop|shellfish|eye|legs|split,頭
短,1341,1550,12,3,N4,short,short,short,タン,みじか-い,joyo,K1341,1341,3,68,1,U77ED,077ed.svg,,,draft,1341–1360,castle.png,,,,633,丶|一|口,drop|one|mouth,短
豊,1848,1551,13,5,N3,bountiful,bountiful,bountiful,ホウ,ゆた-か,joyo,K1848,1848,4,93,8,U8C4A,08c4a.svg,,,draft,1841–1860,koi.png,,,,610,一|口,one|mouth,豊
鼓,573,1552,13,S,N1,drum,drum,drum,コ,つづみ,joyo,K0573,573,2,29,13,U9F13,09f13.svg,,,draft,561–580,mountain.png,,,,1740,一|口|十,one|mouth|ten,鼓
喜,325,1553,12,5,N3,rejoice,rejoice,rejoice,キ,よろこ-ぶ,joyo,K0325,325,1,17,5,U559C,0559c.svg,,,draft,321–340,mountain.png,,,,868,一|口,one|mouth,喜
樹,882,1554,16,6,N1,timber,timber,timber,ジュ,き,joyo,K0882,882,2,45,2,U6A39,06a39.svg,,,draft,881–900,koi.png,,,,644,木|一|口,tree|one|mouth,樹
皿,743,1555,5,3,N3,dish,dish,dish,ベイ,さら,joyo,K0743,743,2,38,3,U76BF,076bf.svg,,,draft,741–760,castle.png,,,,2187,,,皿
血,508,1556,6,3,N3,blood,blood,blood,ケツ,ち,joyo,K0508,508,2,26,8,U8840,08840.svg,,,draft,501–520,castle.png,,,,742,丶,drop,血
盆,1890,1557,9,S,N1,basin,basin,basin,ボン,,joyo,K1890,1890,4,95,10,U76C6,076c6.svg,,,draft,1881–1900,mountain.png,,,,1844,split,split,盆
盟,1931,1558,13,6,N1,alliance,alliance,alliance,メイ,,joyo,K1931,1931,4,97,11,U76DF,076df.svg,,,draft,1921–1940,bamboo.png,,,,759,日|月,day|moon,盟
盗,1516,1559,11,S,N2,steal,steal,steal,トウ,ぬす-む,joyo,K1516,1516,4,76,16,U76D7,076d7.svg,,,draft,1501–1520,kujira.png,,,,1133,,,盗
温,129,1560,12,3,N3,warm,warm,warm,オン,あたた-か,joyo,K0129,129,1,7,9,U6E29,06e29.svg,,,draft,121–140,bamboo.png,,,,744,水|日,water|day,温
蓋,204,1561,13,S,,lid,lid,lid,ガイ,ふた,joyo,K0204,204,1,11,4,U84CB,084cb.svg,,,draft,201–220,mountain.png,,,,1815,土,soil,蓋
監,281,1562,15,S,N1,oversee,oversee,oversee,カン,,joyo,K0281,281,1,15,1,U76E3,076e3.svg,,,draft,281–300,koi.png,,,,292,一,one,監
濫,2032,1563,18,S,N1,excessive,excessive,excessive,ラン,みだ-りに,joyo,K2032,2032,5,102,12,U6FEB,06feb.svg,,,draft,2021–2040,tree.png,,,,2376,水|一,water|one,濫
鑑,291,1564,23,S,N1,specimen,specimen,specimen,カン,かんが-みる,joyo,K0291,291,1,15,11,U9451,09451.svg,,,draft,281–300,koi.png,,,,1050,金|一,gold|one,鑑
藍,2033,1565,18,S,N1,indigo,indigo,indigo,ラン,あい,joyo,K2033,2033,5,102,13,U85CD,085cd.svg,,,draft,2021–2040,tree.png,,,,1730,一,one,藍
猛,1945,1566,11,S,N1,fierce,fierce,fierce,モウ,,joyo,K1945,1945,4,98,5,U731B,0731b.svg,,,draft,1941–1960,castle.png,,,,1637,子,rat_zodiac,猛
盛,1124,1567,11,6,N1,boom,boom,boom,セイ,も-る,joyo,K1124,1124,3,57,4,U76DB,076db.svg,,,draft,1121–1140,koi.png,,,,871,,,盛
塩,100,1568,13,4,N3,salt,salt,salt,エン,しお,joyo,K0100,100,1,5,20,U5869,05869.svg,,,draft,81–100,mountain.png,,,,988,土|口,soil|mouth,塩
銀,444,1569,14,3,N4,silver,silver,silver,ギン,しろがね,joyo,K0444,444,1,23,4,U9280,09280.svg,,,draft,441–460,mountain.png,,,,581,金,gold,銀
恨,673,1570,9,S,N1,resentment,resentment,resentment,コン,うら-む,joyo,K0673,673,2,34,13,U6068,06068.svg,,,draft,661–680,kujira.png,,,,2075,,,恨
根,674,1571,10,3,N3,root,root,root,コン,ね,joyo,K0674,674,2,34,14,U6839,06839.svg,,,draft,661–680,kujira.png,,,,556,木,tree,根
即,1261,1572,7,S,N1,instant,instant,instant,ソク,つ-く,joyo,K1261,1261,3,64,1,U5373,05373.svg,,,draft,1261–1280,kujira.png,,,,1221,,,即
爵,859,1573,17,S,N1,baron,baron,baron,シャク,,joyo,K0859,859,2,43,19,U7235,07235.svg,,,draft,841–860,bamboo.png,,,,945,目,eye,爵
節,1162,1574,13,4,N3,node,node,node,セツ,ふし,joyo,K1162,1162,3,59,2,U7BC0,07bc0.svg,,,draft,1161–1180,mountain.png,,,,801,,,節
退,1300,1575,9,6,N3,retreat,retreat,retreat,タイ,しりぞ-く,joyo,K1300,1300,3,65,20,U9000,09000.svg,,,draft,1281–1300,mountain.png,,,,359,,,退
限,550,1576,9,5,N3,limit,limit,limit,ゲン,かぎ-る,joyo,K0550,550,2,28,10,U9650,09650.svg,,,draft,541–560,kujira.png,,,,382,,,限
眼,297,1577,11,5,N1,eyeball,eyeball,eyeball,ガン,まなこ,joyo,K0297,297,1,15,17,U773C,0773c.svg,,,draft,281–300,koi.png,,,,1171,目,eye,眼
良,2062,1578,7,4,N3,good,good,good,リョウ,よ-い,joyo,K2062,2062,5,104,2,U826F,0826f.svg,,,draft,2061–2080,castle.png,,,,379,丶,drop,良
朗,2119,1579,10,6,N1,melodious,melodious,melodious,ロウ,ほが-らか,joyo,K2119,2119,5,106,19,U6717,06717.svg,,,draft,2101–2120,kujira.png,,,,1200,丶|月,drop|moon,朗
浪,2120,1580,10,S,N1,wandering,wandering,wandering,ロウ,,joyo,K2120,2120,5,106,20,U6D6A,06d6a.svg,,,draft,2101–2120,kujira.png,,,,1275,水|丶,water|drop,浪
娘,1925,1581,10,S,N2,daughter,daughter,daughter,ジョウ,むすめ,joyo,K1925,1925,4,97,5,U5A18,05a18.svg,,,draft,1921–1940,bamboo.png,,,,758,女|丶,woman|drop,娘
食,1031,1582,9,2,N5,eat,eat,eat,ショク,く-う,joyo,K1031,1031,3,52,11,U98DF,098df.svg,,,draft,1021–1040,kujira.png,,,,420,丶,drop,食
飯,1672,1583,12,4,N4,meal,meal,meal,ハン,めし,joyo,K1672,1672,4,84,12,U98EF,098ef.svg,,,draft,1661–1680,tree.png,,,,1035,丶|cliff,drop|cliff,飯
飲,55,1584,12,3,N5,drink,drink,drink,イン,の-む,joyo,K0055,55,1,3,15,U98F2,098f2.svg,,,draft,41–60,koi.png,,,,1161,丶,drop,飲
飢,318,1585,10,S,N1,hungry,hungry,hungry,キ,う-える,joyo,K0318,318,1,16,18,U98E2,098e2.svg,,,draft,301–320,kujira.png,,,,2144,丶,drop,飢
餓,171,1586,15,S,N1,starve,starve,starve,ガ,う-える,joyo,K0171,171,1,9,11,U9913,09913.svg,,,draft,161–180,koi.png,,,,2165,丶,drop,餓
飾,1034,1587,13,S,N1,decorate,decorate,decorate,ショク,かざ-る,joyo,K1034,1034,3,52,14,U98FE,098fe.svg,,,draft,1021–1040,kujira.png,,,,1088,丶,drop,飾
餌,823,1588,15,S,,feed,feed,feed,ジ,え,joyo,K0823,823,2,42,3,U990C,0990c.svg,,,draft,821–840,tree.png,,,,2076,丶,drop,餌
館,285,1589,16,3,N4,public_building,public_building,public_building,カン,やかた,joyo,K0285,285,1,15,5,U9928,09928.svg,,,draft,281–300,koi.png,,,,200,丶,drop,館
餅,1800,1590,15,S,,mochi,mochi,mochi,ヘイ,もち,joyo,K1800,1800,4,90,20,U9905,09905.svg,,,draft,1781–1800,tree.png,,,,2155,丶|horns,drop|horns,餅
養,2009,1591,15,4,N1,foster,foster,foster,ヨウ,やしな-う,joyo,K2009,2009,5,101,9,U990A,0990a.svg,,,draft,2001–2020,mountain.png,,,,709,丶,drop,養
飽,1849,1592,13,S,N1,sated,sated,sated,ホウ,あ-きる,joyo,K1849,1849,4,93,9,U98FD,098fd.svg,,,draft,1841–1860,koi.png,,,,2230,丶,drop,飽
既,315,1593,10,S,N1,previously,previously,previously,キ,すで-に,joyo,K0315,315,1,16,15,U65E2,065e2.svg,,,draft,301–320,kujira.png,,,,1063,,,既
概,206,1594,14,S,N1,outline,outline,outline,ガイ,おおむ-ね,joyo,K0206,206,1,11,6,U6982,06982.svg,,,draft,201–220,mountain.png,,,,459,木,tree,概
慨,203,1595,13,S,N1,rue,rue,rue,ガイ,なげ-く,joyo,K0203,203,1,11,3,U6168,06168.svg,,,draft,201–220,mountain.png,,,,2626,,,慨
平,1789,1596,5,3,N3,flat,flat,flat,ヘイ,たい-ら,joyo,K1789,1789,4,90,9,U5E73,05e73.svg,,,draft,1781–1800,tree.png,,,,88,,,平
呼,560,1597,8,6,N3,call,call,call,コ,よ-ぶ,joyo,K0560,560,2,28,20,U547C,0547c.svg,,,draft,541–560,kujira.png,,,,324,口,mouth,呼
坪,1434,1598,8,S,N1,two_mats,two_mats,two_mats,ヘイ,つぼ,joyo,K1434,1434,3,72,14,U576A,0576a.svg,,,draft,1421–1440,tree.png,,,,1676,土,soil,坪
評,1721,1599,12,5,N3,evaluate,evaluate,evaluate,ヒョウ,,joyo,K1721,1721,4,87,1,U8A55,08a55.svg,,,draft,1721–1740,koi.png,,,,518,口,mouth,評
刈,246,1600,4,S,N1,reap,reap,reap,ガイ,か-る,joyo,K0246,246,1,13,6,U5208,05208.svg,,,draft,241–260,bamboo.png,,,,1788,,,刈
刹,736,1601,8,S,,buddhist_temple,buddhist_temple,buddhist_temple,セチ,,joyo,K0736,736,2,37,16,U5239,05239.svg,,,draft,721–740,bamboo.png,,,,2589,木,tree,刹
希,307,1602,7,4,N3,hope,hope,hope,キ,まれ,joyo,K0307,307,1,16,7,U5E0C,05e0c.svg,,,draft,301–320,kujira.png,,,,932,,,希
凶,394,1603,4,S,N1,villain,villain,villain,キョウ,,joyo,K0394,394,1,20,14,U51F6,051f6.svg,,,draft,381–400,castle.png,,,,1813,,,凶
胸,408,1604,10,6,N3,bosom,bosom,bosom,キョウ,むね,joyo,K0408,408,1,21,8,U80F8,080f8.svg,,,draft,401–420,koi.png,,,,1435,月,moon,胸
離,2043,1605,18,S,N1,detach,detach,detach,リ,はな-れる,joyo,K2043,2043,5,103,3,U96E2,096e2.svg,,,draft,2041–2060,bamboo.png,,,,455,lid,lid,離
璃,2042,1606,14,S,N1,glassy,glassy,glassy,リ,,joyo,K2042,2042,5,103,2,U7483,07483.svg,,,draft,2041–2060,bamboo.png,,,,1930,ball|lid,ball|lid,璃
殺,738,1607,10,5,N3,kill,kill,kill,サツ,ころ-す,joyo,K0738,738,2,37,18,U6BBA,06bba.svg,,,draft,721–740,bamboo.png,,,,409,木,tree,殺
爽,1235,1608,11,S,N1,bracing,bracing,bracing,ソウ,あき-らか,joyo,K1235,1235,3,62,15,U723D,0723d.svg,,,draft,1221–1240,castle.png,,,,2459,,,爽
純,937,1609,10,6,N3,genuine,genuine,genuine,ジュン,,joyo,K0937,937,2,47,17,U7D14,07d14.svg,,,draft,921–940,mountain.png,,,,929,糸|丶,thread|drop,純
頓,1563,1610,13,S,,immediate,immediate,immediate,トン,にわか-に,joyo,K1563,1563,4,79,3,U9813,09813.svg,,,draft,1561–1580,bamboo.png,,,,2124,丶|一|貝|目|legs|split,drop|one|shellfish|eye|legs|split,頓
鈍,1565,1611,12,S,N2,dull,dull,dull,ドン,にぶ-い,joyo,K1565,1565,4,79,5,U920D,0920d.svg,,,draft,1561–1580,bamboo.png,,,,2270,金|丶,gold|drop,鈍
辛,1047,1612,7,S,N2,spicy,spicy,spicy,シン,から-い,joyo,K1047,1047,3,53,7,U8F9B,08f9b.svg,,,draft,1041–1060,mountain.png,,,,1646,十,ten,辛
辞,821,1613,13,4,N3,resign,resign,resign,ジ,や-める,joyo,K0821,821,2,42,1,U8F9E,08f9e.svg,,,draft,821–840,tree.png,,,,815,口|十,mouth|ten,辞
梓,,1614,11,H,N1,catalpa_tree,catalpa_tree,catalpa_tree,シ,あずさ,あずさ,heisig_extra,K2186,2186,5,110,U6893,06893.svg,u6893.svg,,,draft,2181–2200,castle.png,,,2143,木|十,tree|ten,梓
宰,699,1615,10,S,N1,superintend,superintend,superintend,サイ,,joyo,K0699,699,2,35,19,U5BB0,05bb0.svg,,,draft,681–700,mountain.png,,,,1600,十,ten,宰
壁,1802,1616,16,S,N2,wall,wall,wall,ヘキ,かべ,joyo,K1802,1802,4,91,2,U58C1,058c1.svg,,,draft,1801–1820,bamboo.png,,,,1104,口|十|土,mouth|ten|soil,壁
璧,1803,1617,18,S,,gem,gem,gem,ヘキ,たま,joyo,K1803,1803,4,91,3,U74A7,074a7.svg,,,draft,1801–1820,bamboo.png,,,,2284,,,璧
避,1702,1618,16,S,N1,evade,evade,evade,ヒ,さ-ける,joyo,K1702,1702,4,86,2,U907F,0907f.svg,,,draft,1701–1720,castle.png,,,,966,口|十,mouth|ten,避
新,1065,1619,13,2,N5,new,new,new,シン,あたら-しい,joyo,K1065,1065,3,54,5,U65B0,065b0.svg,,,draft,1061–1080,tree.png,,,,48,木,tree,新
薪,1068,1620,16,S,N1,firewood,firewood,firewood,シン,たきぎ,joyo,K1068,1068,3,54,8,U85AA,085aa.svg,,,draft,1061–1080,tree.png,,,,2568,木,tree,薪
親,1069,1621,16,2,N4,parent,parent,parent,シン,おや,joyo,K1069,1069,3,54,9,U89AA,089aa.svg,,,draft,1061–1080,tree.png,,,,363,木|目|legs,tree|eye|legs,親
幸,610,1622,8,3,N3,happiness,happiness,happiness,コウ,さいわ-い,joyo,K0610,610,2,31,10,U5E78,05e78.svg,,,draft,601–620,bamboo.png,,,,697,十,ten,幸
執,834,1623,11,S,N1,tenacious,tenacious,tenacious,シツ,と-る,joyo,K0834,834,2,42,14,U57F7,057f7.svg,,,draft,821–840,tree.png,,,,849,十|ball|丶,ten|ball|drop,執
摯,803,1624,15,S,,clasp,clasp,clasp,シ,いた-る,joyo,K0803,803,2,41,3,U646F,0646f.svg,,,draft,801–820,mountain.png,,,,2818,,,摯
報,1846,1625,12,5,N3,report,report,report,ホウ,むく-いる,joyo,K1846,1846,4,93,6,U5831,05831.svg,,,draft,1841–1860,koi.png,,,,246,十,ten,報
叫,396,1626,6,S,N2,shout,shout,shout,キョウ,さけ-ぶ,joyo,K0396,396,1,20,16,U53EB,053eb.svg,,,draft,381–400,castle.png,,,,1766,口,mouth,叫
糾,374,1627,9,S,N1,twist,twist,twist,キュウ,ただ-す,joyo,K0374,374,1,19,14,U7CFE,07cfe.svg,,,draft,361–380,bamboo.png,,,,2449,糸,thread,糾
収,883,1628,4,6,N3,income,income,income,シュウ,おさ-める,joyo,K0883,883,2,45,3,U53CE,053ce.svg,,,draft,881–900,koi.png,,,,239,,,収
卑,1692,1629,9,S,N1,lowly,lowly,lowly,ヒ,いや-しい,joyo,K1692,1692,4,85,12,U5351,05351.svg,,,draft,1681–1700,bamboo.png,,,,2087,丶|田|十,drop|field|ten,卑
碑,1700,1630,14,S,N1,tombstone,tombstone,tombstone,ヒ,いしぶみ,joyo,K1700,1700,4,85,20,U7891,07891.svg,,,draft,1681–1700,bamboo.png,,,,1443,石|丶|田|十,stone|drop|field|ten,碑
陸,2044,1631,11,4,N3,land,land,land,リク,おか,joyo,K2044,2044,5,103,4,U9678,09678.svg,,,draft,2041–2060,bamboo.png,,,,403,土|legs,soil|legs,陸
睦,1879,1632,13,S,N1,intimate,intimate,intimate,ボク,むつ-まじい,joyo,K1879,1879,4,94,19,U7766,07766.svg,,,draft,1861–1880,kujira.png,,,,1966,目|土|legs,eye|soil|legs,睦
勢,1127,1633,13,5,N3,forces,forces,forces,セイ,いきお-い,joyo,K1127,1127,3,57,7,U52E2,052e2.svg,,,draft,1121–1140,koi.png,,,,575,土|legs|ball|丶,soil|legs|ball|drop,勢
熱,1592,1634,15,4,N3,heat,heat,heat,ネツ,あつ-い,joyo,K1592,1592,4,80,12,U71B1,071b1.svg,,,draft,1581–1600,castle.png,,,,798,土|legs|ball|丶,soil|legs|ball|drop,熱
菱,,1635,11,H,,diamond,diamond,diamond,リョウ,ひし,ひし,heisig_extra,K2187,2187,5,110,U83F1,083f1.svg,u83f1.svg,,,draft,2181–2200,castle.png,,,1320,土|legs,soil|legs,菱
陵,2066,1636,11,S,N1,mausoleum,mausoleum,mausoleum,リョウ,みささぎ,joyo,K2066,2066,5,104,6,U9675,09675.svg,,,draft,2061–2080,castle.png,,,,1418,土|legs,soil|legs,陵
亥,NA,1637,6,H,N1,boar,boar,boar,ガイ,い,い,heisig_extra,K2188,2188,5,110,U4EA5,04ea5.svg,u4ea5.svg,,,draft,2181–2200,castle.png,,,2628,lid,lid,亥
核,215,1638,10,S,N1,nucleus,nucleus,nucleus,カク,,joyo,K0215,215,1,11,15,U6838,06838.svg,,,draft,201–220,mountain.png,,,,1115,木|lid,tree|lid,核
刻,660,1639,8,6,N3,engrave,engrave,engrave,コク,きざ-む,joyo,K0660,660,2,33,20,U523B,0523b.svg,,,draft,641–660,koi.png,,,,1034,lid,lid,刻
該,205,1640,13,S,N1,above_stated,above_stated,above_stated,ガイ,,joyo,K0205,205,1,11,5,U8A72,08a72.svg,,,draft,201–220,mountain.png,,,,1357,口|lid,mouth|lid,該
骸,207,1641,16,S,,remains,remains,remains,ガイ,むくろ,joyo,K0207,207,1,11,7,U9AB8,09ab8.svg,,,draft,201–220,mountain.png,,,,2071,月|lid,moon|lid,骸
劾,198,1642,8,S,N1,censure,censure,censure,ガイ,,joyo,K0198,198,1,10,18,U52BE,052be.svg,,,draft,181–200,kujira.png,,,,2708,lid,lid,劾
述,927,1643,8,5,N3,mention,mention,mention,ジュツ,の-べる,joyo,K0927,927,2,47,7,U8FF0,08ff0.svg,,,draft,921–940,mountain.png,,,,529,,,述
術,928,1644,11,5,N3,technique,technique,technique,ジュツ,すべ,joyo,K0928,928,2,47,8,U8853,08853.svg,,,draft,921–940,mountain.png,,,,245,,,術
寒,263,1645,12,3,N4,cold,cold,cold,カン,さむ-い,joyo,K0263,263,1,14,3,U5BD2,05bd2.svg,,,draft,261–280,castle.png,,,,1555,legs,legs,寒
塞,712,1646,13,S,,obstruct,obstruct,obstruct,ソク,ふさ-ぐ,joyo,K0712,712,2,36,12,U585E,0585e.svg,,,draft,701–720,tree.png,,,,1469,legs|土,legs|soil,塞
醸,1028,1647,20,S,N1,brew,brew,brew,ジョウ,かも-す,joyo,K1028,1028,3,52,8,U91B8,091b8.svg,,,draft,1021–1040,kujira.png,,,,1955,lid|split|legs,lid|split|legs,醸
譲,1027,1648,20,S,N1,defer,defer,defer,ジョウ,ゆず-る,joyo,K1027,1027,3,52,7,U8B72,08b72.svg,,,draft,1021–1040,kujira.png,,,,1060,口|lid|split|legs,mouth|lid|split|legs,譲
壌,1024,1649,16,S,N1,lot,lot,lot,ジョウ,つち,joyo,K1024,1024,3,52,4,U58CC,058cc.svg,,,draft,1021–1040,kujira.png,,,,1942,土|lid|split|legs,soil|lid|split|legs,壌
嬢,1025,1650,16,S,N1,lass,lass,lass,ジョウ,むすめ,joyo,K1025,1025,3,52,5,U5B22,05b22.svg,,,draft,1021–1040,kujira.png,,,,1749,女|lid|split|legs,woman|lid|split|legs,嬢
毒,1554,1651,8,5,N3,poison,poison,poison,ドク,,joyo,K1554,1554,4,78,14,U6BD2,06bd2.svg,,,draft,1541–1560,tree.png,,,,1274,女|体,woman|body,毒
素,1208,1652,10,5,N1,elementary,elementary,elementary,ソ,もと,joyo,K1208,1208,3,61,8,U7D20,07d20.svg,,,draft,1201–1220,bamboo.png,,,,538,糸,thread,素
麦,1639,1653,7,2,N3,wheat,wheat,wheat,バク,むぎ,joyo,K1639,1639,4,82,19,U9EA6,09ea6.svg,,,draft,1621–1640,kujira.png,,,,1663,,,麦
青,1115,1654,8,1,N4,blue,blue,blue,セイ,あお,joyo,K1115,1115,3,56,15,U9752,09752.svg,,,draft,1101–1120,castle.png,,,,394,月,moon,青
精,1130,1655,14,5,N3,refined,refined,refined,セイ,しら-げる,joyo,K1130,1130,3,57,10,U7CBE,07cbe.svg,,,draft,1121–1140,koi.png,,,,702,月,moon,精
請,1134,1656,15,S,N1,solicit,solicit,solicit,セイ,こ-う,joyo,K1134,1134,3,57,14,U8ACB,08acb.svg,,,draft,1121–1140,koi.png,,,,954,口|月,mouth|moon,請
情,1019,1657,11,5,N3,feelings,feelings,feelings,ジョウ,なさ-け,joyo,K1019,1019,3,51,19,U60C5,060c5.svg,,,draft,1001–1020,koi.png,,,,340,月,moon,情
晴,1126,1658,12,2,N3,clear_up,clear_up,clear_up,セイ,は-れる,joyo,K1126,1126,3,57,6,U6674,06674.svg,,,draft,1121–1140,koi.png,,,,1143,日|月,day|moon,晴
清,1123,1659,11,4,N3,pure,pure,pure,セイ,きよ-い,joyo,K1123,1123,3,57,3,U6E05,06e05.svg,,,draft,1121–1140,koi.png,,,,544,水|月,water|moon,清
静,1133,1660,14,4,N3,quiet,quiet,quiet,セイ,しず-,joyo,K1133,1133,3,57,13,U9759,09759.svg,,,draft,1121–1140,koi.png,,,,755,月,moon,静
責,1149,1661,11,5,N3,blame,blame,blame,セキ,せ-める,joyo,K1149,1149,3,58,9,U8CAC,08cac.svg,,,draft,1141–1160,kujira.png,,,,1111,貝|目|legs|split,shellfish|eye|legs|split,責
績,1152,1662,17,5,N3,exploits,exploits,exploits,セキ,,joyo,K1152,1152,3,58,12,U7E3E,07e3e.svg,,,draft,1141–1160,kujira.png,,,,613,糸|貝|目|legs|split,thread|shellfish|eye|legs|split,績
積,1151,1663,16,4,N3,accumulate,accumulate,accumulate,セキ,つ-む,joyo,K1151,1151,3,58,11,U7A4D,07a4d.svg,,,draft,1141–1160,kujira.png,,,,681,貝|目|legs|split,shellfish|eye|legs|split,積
債,710,1664,13,S,N1,bond,bond,bond,サイ,,joyo,K0710,710,2,36,10,U50B5,050b5.svg,,,draft,701–720,tree.png,,,,1408,人|貝|目|legs|split,person|shellfish|eye|legs|split,債
漬,1433,1665,14,S,N1,pickling,pickling,pickling,シ,つ-ける,joyo,K1433,1433,3,72,13,U6F2C,06f2c.svg,,,draft,1421–1440,tree.png,,,,2099,水|貝|目|legs|split,water|shellfish|eye|legs|split,漬
表,1718,1666,8,3,N3,surface,surface,surface,ヒョウ,おもて,joyo,K1718,1718,4,86,18,U8868,08868.svg,,,draft,1701–1720,castle.png,,,,99,,,表
俵,1719,1667,10,6,N1,bag,bag,bag,ヒョウ,たわら,joyo,K1719,1719,4,86,19,U4FF5,04ff5.svg,,,draft,1701–1720,castle.png,,,,2041,人,person,俵
潔,512,1668,15,5,N1,undefiled,undefiled,undefiled,ケツ,いさぎよ-い,joyo,K0512,512,2,26,12,U6F54,06f54.svg,,,draft,501–520,castle.png,,,,1907,水|糸,water|thread,潔
契,477,1669,9,S,N1,pledge,pledge,pledge,ケイ,ちぎ-る,joyo,K0477,477,1,24,17,U5951,05951.svg,,,draft,461–480,tree.png,,,,761,,,契
喫,352,1670,12,S,N2,consume,consume,consume,キツ,の-む,joyo,K0352,352,1,18,12,U55AB,055ab.svg,,,draft,341–360,tree.png,,,,1416,口,mouth,喫
害,199,1671,10,4,N3,harm,harm,harm,ガイ,,joyo,K0199,199,1,10,19,U5BB3,05bb3.svg,,,draft,181–200,kujira.png,,,,450,口,mouth,害
轄,241,1672,17,S,N1,jurisdiction,jurisdiction,jurisdiction,カツ,くさび,joyo,K0241,241,1,13,1,U8F44,08f44.svg,,,draft,241–260,bamboo.png,,,,1233,口,mouth,轄
割,237,1673,12,6,N3,proportion,proportion,proportion,カツ,わ-る,joyo,K0237,237,1,12,17,U5272,05272.svg,,,draft,221–240,tree.png,,,,662,口,mouth,割
憲,537,1674,16,6,N1,constitution,constitution,constitution,ケン,,joyo,K0537,537,2,27,17,U61B2,061b2.svg,,,draft,521–540,koi.png,,,,957,目,eye,憲
生,1107,1675,5,1,N5,life,life,life,セイ,い-きる,joyo,K1107,1107,3,56,7,U751F,0751f.svg,,,draft,1101–1120,castle.png,,,,24,丶,drop,生
星,1118,1676,9,2,N3,star,star,star,セイ,ほし,joyo,K1118,1118,3,56,18,U661F,0661f.svg,,,draft,1101–1120,castle.png,,,,360,日|丶,day|drop,星
醒,1136,1677,16,S,,awakening,awakening,awakening,セイ,さ-ます,joyo,K1136,1136,3,57,16,U9192,09192.svg,,,draft,1121–1140,koi.png,,,,1933,日|丶,day|drop,醒
姓,1112,1678,8,S,N2,surname,surname,surname,セイ,,joyo,K1112,1112,3,56,12,U59D3,059d3.svg,,,draft,1101–1120,castle.png,,,,1204,女|丶,woman|drop,姓
性,1114,1679,8,5,N3,gender,gender,gender,セイ,さが,joyo,K1114,1114,3,56,14,U6027,06027.svg,,,draft,1101–1120,castle.png,,,,107,丶,drop,性
牲,1119,1680,9,S,N1,animal_sacrifice,animal_sacrifice,animal_sacrifice,セイ,,joyo,K1119,1119,3,56,19,U7272,07272.svg,,,draft,1101–1120,castle.png,,,,1733,丶,drop,牲
産,750,1681,11,4,N4,produce,produce,produce,サン,う-む,joyo,K0750,750,2,38,10,U7523,07523.svg,,,draft,741–760,castle.png,,,,243,cliff|丶,cliff|drop,産
隆,2054,1682,11,S,N1,hump,hump,hump,リュウ,,joyo,K2054,2054,5,103,14,U9686,09686.svg,,,draft,2041–2060,bamboo.png,,,,886,丶,drop,隆
峰,1842,1683,10,S,N1,summit,summit,summit,ホウ,みね,joyo,K1842,1842,4,93,2,U5CF0,05cf0.svg,,,draft,1841–1860,koi.png,,,,1295,,,峰
蜂,1847,1684,13,S,,bee,bee,bee,ホウ,はち,joyo,K1847,1847,4,93,7,U8702,08702.svg,,,draft,1841–1860,koi.png,,,,1728,,,蜂
縫,1851,1685,16,S,N1,sew,sew,sew,ホウ,ぬ-う,joyo,K1851,1851,4,93,11,U7E2B,07e2b.svg,,,draft,1841–1860,koi.png,,,,2116,糸,thread,縫
拝,1612,1686,8,6,N3,worship,worship,worship,ハイ,おが-む,joyo,K1612,1612,4,81,12,U62DD,062dd.svg,,,draft,1601–1620,koi.png,,,,1385,一,one,拝
寿,876,1687,7,S,N1,longevity,longevity,longevity,ジュ,ことぶき,joyo,K0876,876,2,44,16,U5BFF,05bff.svg,,,draft,861–880,castle.png,,,,1086,,,寿
鋳,1388,1688,15,S,N1,casting,casting,casting,チュウ,い-る,joyo,K1388,1388,3,70,8,U92F3,092f3.svg,,,draft,1381–1400,kujira.png,,,,1948,金,gold,鋳
籍,1153,1689,20,S,N1,enroll,enroll,enroll,セキ,,joyo,K1153,1153,3,58,13,U7C4D,07c4d.svg,,,draft,1141–1160,kujira.png,,,,585,木,tree,籍
春,930,1690,9,2,N4,springtime,springtime,springtime,シュン,はる,joyo,K0930,930,2,47,10,U6625,06625.svg,,,draft,921–940,mountain.png,,,,463,1,1,春
椿,,1691,13,H,N1,camellia_tree,camellia_tree,camellia_tree,チン,つばき,つばき,heisig_extra,K2189,2189,5,110,U693F,0693f.svg,u693f.svg,,,draft,2181–2200,castle.png,,,1977,2,2,椿
泰,1302,1692,10,S,N1,peaceful,peaceful,peaceful,タイ,,joyo,K1302,1302,3,66,2,U6CF0,06cf0.svg,,,draft,1301–1320,tree.png,,,,1207,,,泰
奏,1222,1693,9,6,N1,play_music,play_music,play_music,ソウ,かな-でる,joyo,K1222,1222,3,62,2,U594F,0594f.svg,,,draft,1221–1240,castle.png,,,,705,,,奏
実,839,1694,8,3,N3,reality,reality,reality,ジツ,み,joyo,K0839,839,2,42,19,U5B9F,05b9f.svg,,,draft,821–840,tree.png,,,,122,,,実
奉,1833,1695,8,S,N1,dedicate,dedicate,dedicate,ホウ,たてまつ-る,joyo,K1833,1833,4,92,13,U5949,05949.svg,,,draft,1821–1840,castle.png,,,,1216,,,奉
俸,1840,1696,10,S,N1,stipend,stipend,stipend,ホウ,,joyo,K1840,1840,4,92,20,U4FF8,04ff8.svg,,,draft,1821–1840,castle.png,,,,2231,人,person,俸
棒,1868,1697,12,6,N3,rod,rod,rod,ボウ,,joyo,K1868,1868,4,94,8,U68D2,068d2.svg,,,draft,1861–1880,kujira.png,,,,1405,木,tree,棒
謹,441,1698,17,S,N1,discreet,discreet,discreet,キン,つつし-む,joyo,K0441,441,1,23,1,U8B39,08b39.svg,,,draft,441–460,mountain.png,,,,2386,口,mouth,謹
僅,437,1699,13,S,,trifle,trifle,trifle,キン,わず-か,joyo,K0437,437,1,22,17,U50C5,050c5.svg,,,draft,421–440,kujira.png,,,,1958,人|口,person|mouth,僅
勤,434,1700,12,6,N3,diligence,diligence,diligence,キン,つと-める,joyo,K0434,434,1,22,14,U52E4,052e4.svg,,,draft,421–440,kujira.png,,,,944,口,mouth,勤
漢,276,1701,13,3,N4,china,china,china,カン,,joyo,K0276,276,1,14,16,U6F22,06f22.svg,,,draft,261–280,castle.png,,,,1031,水|口,water|mouth,漢
嘆,1342,1702,13,S,N1,sigh,sigh,sigh,タン,なげ-く,joyo,K1342,1342,3,68,2,U5606,05606.svg,,,draft,1341–1360,castle.png,,,,2039,口,mouth,嘆
難,1576,1703,18,6,N3,difficult,difficult,difficult,ナン,かた-い,joyo,K1576,1576,4,79,16,U96E3,096e3.svg,,,draft,1561–1580,bamboo.png,,,,668,口,mouth,難
華,149,1704,10,S,N1,splendor,splendor,splendor,カ,はな,joyo,K0149,149,1,8,9,U83EF,083ef.svg,,,draft,141–160,castle.png,,,,727,十,ten,華
垂,1083,1705,8,6,N1,droop,droop,droop,スイ,た-れる,joyo,K1083,1083,3,55,3,U5782,05782.svg,,,draft,1081–1100,bamboo.png,,,,1613,丶|一,drop|one,垂
唾,1289,1706,11,S,,saliva,saliva,saliva,ダ,つば,joyo,K1289,1289,3,65,9,U553E,0553e.svg,,,draft,1281–1300,mountain.png,,,,2693,口|丶|一,mouth|drop|one,唾
睡,1091,1707,13,S,N1,drowsy,drowsy,drowsy,スイ,ねむ-る,joyo,K1091,1091,3,55,11,U7761,07761.svg,,,draft,1081–1100,bamboo.png,,,,2092,目|丶|一,eye|drop|one,睡
錘,,1708,16,H,N1,spindle,spindle,spindle,スイ,つむ,heisig_extra,K2190,2190,5,110,U9318,09318.svg,u9318.svg,,,draft,2181–2200,castle.png,,,,2797,金|丶|一,gold|drop|one,錘
乗,1014,1709,9,3,N4,ride,ride,ride,ジョウ,の-る,joyo,K1014,1014,3,51,14,U4E57,04e57.svg,,,draft,1001–1020,koi.png,,,,364,,,乗
剰,1017,1710,11,S,N1,surplus,surplus,surplus,ジョウ,あまつさえ,joyo,K1017,1017,3,51,17,U5270,05270.svg,,,draft,1001–1020,koi.png,,,,1873,,,剰
今,670,1711,4,2,N5,now,now,now,コン,いま,joyo,K0670,670,2,34,10,U4ECA,04eca.svg,,,draft,661–680,kujira.png,,,,481,一,one,今
含,293,1712,7,S,N2,include,include,include,ガン,ふく-む,joyo,K0293,293,1,15,13,U542B,0542b.svg,,,draft,281–300,koi.png,,,,513,口,mouth,含
貪,1564,1713,11,S,,covet,covet,covet,タン,むさぼ-る,joyo,K1564,1564,4,79,4,U8CAA,08caa.svg,,,draft,1561–1580,bamboo.png,,,,2709,,,貪
吟,443,1714,7,S,N1,versify,versify,versify,ギン,,joyo,K0443,443,1,23,3,U541F,0541f.svg,,,draft,441–460,mountain.png,,,,2274,口,mouth,吟
念,1594,1715,8,4,N3,wish,wish,wish,ネン,,joyo,K1594,1594,4,80,14,U5FF5,05ff5.svg,,,draft,1581–1600,castle.png,,,,452,,,念
捻,1595,1716,11,S,,wrench,wrench,wrench,ネン,ね-じる,joyo,K1595,1595,4,80,15,U637B,0637b.svg,,,draft,1581–1600,castle.png,,,,2366,,,捻
琴,435,1717,12,S,N1,harp,harp,harp,キン,こと,joyo,K0435,435,1,22,15,U7434,07434.svg,,,draft,421–440,kujira.png,,,,1445,ball,ball,琴
陰,54,1718,11,S,N1,shade,shade,shade,イン,かげ,joyo,K0054,54,1,3,14,U9670,09670.svg,,,draft,41–60,koi.png,,,,1252,一,one,陰
予,1987,1719,4,3,N3,in_advance,in_advance,in_advance,ヨ,あらかじ-め,joyo,K1987,1987,4,100,7,U4E88,04e88.svg,,,draft,1981–2000,kujira.png,,,,384,,,予
序,955,1720,7,5,N1,preface,preface,preface,ジョ,つい-で,joyo,K0955,955,2,48,15,U5E8F,05e8f.svg,,,draft,941–960,tree.png,,,,1278,,,序
預,1990,1721,13,6,N3,deposit,deposit,deposit,ヨ,あず-ける,joyo,K1990,1990,4,100,10,U9810,09810.svg,,,draft,1981–2000,kujira.png,,,,1565,一|丶|貝|目|legs|split,one|drop|shellfish|eye|legs|split,預
野,1954,1722,11,2,N4,plains,plains,plains,ヤ,の,joyo,K1954,1954,4,98,14,U91CE,091ce.svg,,,draft,1941–1960,castle.png,,,,73,,,野
兼,523,1723,10,S,N1,concurrently,concurrently,concurrently,ケン,か-ねる,joyo,K0523,523,2,27,3,U517C,0517c.svg,,,draft,521–540,koi.png,,,,864,,,兼
嫌,532,1724,13,S,N1,dislike,dislike,dislike,ケン,きら-う,joyo,K0532,532,2,27,12,U5ACC,05acc.svg,,,draft,521–540,koi.png,,,,1198,女,woman,嫌
鎌,245,1725,18,S,N1,sickle,sickle,sickle,レン,かま,joyo,K0245,245,1,13,5,U938C,0938c.svg,,,draft,241–260,bamboo.png,,,,1306,金,gold,鎌
謙,539,1726,17,S,N1,self_effacing,self_effacing,self_effacing,ケン,へりくだ-る,joyo,K0539,539,2,27,19,U8B19,08b19.svg,,,draft,521–540,koi.png,,,,1612,口,mouth,謙
廉,2107,1727,13,S,N1,bargain,bargain,bargain,レン,,joyo,K2107,2107,5,106,7,U5EC9,05ec9.svg,,,draft,2101–2120,kujira.png,,,,2044,,,廉
西,1109,1728,6,2,N5,west,west,west,セイ,にし,joyo,K1109,1109,3,56,9,U897F,0897f.svg,,,draft,1101–1120,castle.png,,,,130,一,one,西
価,140,1729,8,5,N3,cost,cost,cost,カ,あたい,joyo,K0140,140,1,7,20,U4FA1,04fa1.svg,,,draft,121–140,bamboo.png,,,,577,人,person,価
要,1996,1730,9,4,N3,need,need,need,ヨウ,い-る,joyo,K1996,1996,4,100,16,U8981,08981.svg,,,draft,1981–2000,kujira.png,,,,142,女,woman,要
腰,2004,1731,13,S,N2,loins,loins,loins,ヨウ,こし,joyo,K2004,2004,5,101,4,U8170,08170.svg,,,draft,2001–2020,mountain.png,,,,1687,月|女,moon|woman,腰
票,1720,1732,11,4,N1,ballot,ballot,ballot,ヒョウ,,joyo,K1720,1720,4,86,20,U7968,07968.svg,,,draft,1701–1720,castle.png,,,,916,一|小,one|small,票
漂,1722,1733,14,S,N1,drift,drift,drift,ヒョウ,ただよ-う,joyo,K1722,1722,4,87,2,U6F02,06f02.svg,,,draft,1721–1740,koi.png,,,,2042,水|一|小,water|one|small,漂
標,1723,1734,15,4,N3,signpost,signpost,signpost,ヒョウ,しるべ,joyo,K1723,1723,4,87,3,U6A19,06a19.svg,,,draft,1721–1740,koi.png,,,,682,木|一|小,tree|one|small,標
栗,,1735,10,H,N1,chestnut,chestnut,chestnut,リツ,くり,heisig_extra,K2191,2191,5,110,U6817,06817.svg,u6817.svg,,,draft,2181–2200,castle.png,,,,1249,木,tree,栗
慄,2047,1736,13,S,,shudder,shudder,shudder,リツ,ふる-える,joyo,K2047,2047,5,103,7,U6144,06144.svg,,,draft,2041–2060,bamboo.png,,,,2659,,,慄
遷,1191,1737,15,S,N1,transition,transition,transition,セン,うつ-る,joyo,K1191,1191,3,60,11,U9077,09077.svg,,,draft,1181–1200,tree.png,,,,1415,,,遷
覆,1773,1738,18,S,N1,capsize,capsize,capsize,フク,おお-う,joyo,K1773,1773,4,89,13,U8986,08986.svg,,,draft,1761–1780,mountain.png,,,,1495,一|日,one|day,覆
煙,96,1739,13,S,N2,smoke,smoke,smoke,エン,けむ-る,joyo,K0096,96,1,5,16,U7159,07159.svg,,,draft,81–100,mountain.png,,,,1402,土,soil,煙
南,1574,1740,9,2,N5,south,south,south,ナン,みなみ,joyo,K1574,1574,4,79,14,U5357,05357.svg,,,draft,1561–1580,bamboo.png,,,,165,十,ten,南
楠,,1741,13,H,N1,camphor_tree,camphor_tree,camphor_tree,ナン,くす,heisig_extra,K2192,2192,5,110,U6960,06960.svg,u6960.svg,,,draft,2181–2200,castle.png,,,,1759,木|十,tree|ten,楠
献,533,1742,13,S,N1,offering,offering,offering,ケン,たてまつ-る,joyo,K0533,533,2,27,13,U732E,0732e.svg,,,draft,521–540,koi.png,,,,471,十|丶,ten|drop,献
門,1949,1743,8,2,N4,gates,gates,gates,モン,かど,joyo,K1949,1949,4,98,9,U9580,09580.svg,,,draft,1941–1960,castle.png,,,,279,,,門
問,1951,1744,11,3,N4,question,question,question,モン,と-う,joyo,K1951,1951,4,98,11,U554F,0554f.svg,,,draft,1941–1960,castle.png,,,,366,口,mouth,問
閲,86,1745,15,S,N1,review,review,review,エツ,けみ-する,joyo,K0086,86,1,5,6,U95B2,095b2.svg,,,draft,81–100,mountain.png,,,,1191,horns|口|legs,horns|mouth|legs,閲
閥,1654,1746,14,S,N1,clique,clique,clique,バツ,,joyo,K1654,1654,4,83,14,U95A5,095a5.svg,,,draft,1641–1660,mountain.png,,,,1911,人,person,閥
間,270,1747,12,2,N5,interval,interval,interval,カン,あいだ,joyo,K0270,270,1,14,10,U9593,09593.svg,,,draft,261–280,castle.png,,,,42,1,1,間
闇,1962,1748,17,S,,pitch_dark,pitch_dark,pitch_dark,アン,やみ,joyo,K1962,1962,4,99,2,U95C7,095c7.svg,,,draft,1961–1980,koi.png,,,,1466,1,1,闇
簡,287,1749,18,6,N3,simplicity,simplicity,simplicity,カン,えら-ぶ,joyo,K0287,287,1,15,7,U7C21,07c21.svg,,,draft,281–300,koi.png,,,,1163,1,1,簡
開,187,1750,12,3,N4,open,open,open,カイ,ひら-く,joyo,K0187,187,1,10,7,U958B,0958b.svg,,,draft,181–200,kujira.png,,,,43,,,開
閉,1795,1751,11,6,N3,closed,closed,closed,ヘイ,と-じる,joyo,K1795,1795,4,90,15,U9589,09589.svg,,,draft,1781–1800,tree.png,,,,857,,,閉
閣,221,1752,14,6,N1,tower,tower,tower,カク,,joyo,K0221,221,1,12,1,U95A3,095a3.svg,,,draft,221–240,tree.png,,,,887,口,mouth,閣
閑,271,1753,12,S,N1,leisure,leisure,leisure,カン,,joyo,K0271,271,1,14,11,U9591,09591.svg,,,draft,261–280,castle.png,,,,2192,木,tree,閑
聞,1787,1754,14,2,N5,hear,hear,hear,ブン,き-く,joyo,K1787,1787,4,90,7,U805E,0805e.svg,,,draft,1781–1800,tree.png,,,,530,,,聞
潤,941,1755,15,S,N1,wet,wet,wet,ジュン,うるお-う,joyo,K0941,941,2,48,1,U6F64,06f64.svg,,,draft,941–960,tree.png,,,,1581,水|ball,water|ball,潤
欄,2034,1756,20,S,N1,column,column,column,ラン,てすり,joyo,K2034,2034,5,102,14,U6B04,06b04.svg,,,draft,2021–2040,tree.png,,,,1983,2,2,欄
闘,1534,1757,18,S,N1,fight,fight,fight,トウ,たたか-う,joyo,K1534,1534,4,77,14,U95D8,095d8.svg,,,draft,1521–1540,mountain.png,,,,548,一|口,one|mouth,闘
倉,1227,1758,10,4,N1,warehouse,warehouse,warehouse,ソウ,くら,joyo,K1227,1227,3,62,7,U5009,05009.svg,,,draft,1221–1240,castle.png,,,,602,口,mouth,倉
創,1237,1759,12,6,N1,genesis,genesis,genesis,ソウ,つく-る,joyo,K1237,1237,3,62,17,U5275,05275.svg,,,draft,1221–1240,castle.png,,,,520,口,mouth,創
非,1691,1760,8,5,N3,non,non,non,ヒ,あら-ず,joyo,K1691,1691,4,85,11,U975E,0975e.svg,,,draft,1681–1700,bamboo.png,,,,604,,,非
俳,1616,1761,10,6,N1,haiku,haiku,haiku,ハイ,,joyo,K1616,1616,4,81,16,U4FF3,04ff3.svg,,,draft,1601–1620,koi.png,,,,956,人,person,俳
排,1618,1762,11,S,N1,repudiate,repudiate,repudiate,ハイ,,joyo,K1618,1618,4,81,18,U6392,06392.svg,,,draft,1601–1620,koi.png,,,,1193,,,排
悲,1697,1763,12,3,N3,sad,sad,sad,ヒ,かな-しい,joyo,K1697,1697,4,85,17,U60B2,060b2.svg,,,draft,1681–1700,bamboo.png,,,,1400,,,悲
罪,721,1764,13,5,N3,guilt,guilt,guilt,ザイ,つみ,joyo,K0721,721,2,37,1,U7F6A,07f6a.svg,,,draft,721–740,bamboo.png,,,,865,目,eye,罪
輩,1621,1765,15,S,N1,comrade,comrade,comrade,ハイ,-ばら,joyo,K1621,1621,4,82,1,U8F29,08f29.svg,,,draft,1621–1640,kujira.png,,,,1324,,,輩
扉,1698,1766,12,S,N1,front_door,front_door,front_door,ヒ,とびら,joyo,K1698,1698,4,85,18,U6249,06249.svg,,,draft,1681–1700,bamboo.png,,,,1569,一,one,扉
侯,613,1767,9,S,N1,marquis,marquis,marquis,コウ,,joyo,K0613,613,2,31,13,U4FAF,04faf.svg,,,draft,601–620,bamboo.png,,,,1448,人|丶,person|drop,侯
喉,633,1768,12,S,,throat,throat,throat,コウ,のど,joyo,K0633,633,2,32,13,U5589,05589.svg,,,draft,621–640,castle.png,,,,2248,口|人|丶,mouth|person|drop,喉
候,622,1769,10,4,N3,climate,climate,climate,コウ,そうろう,joyo,K0622,622,2,32,2,U5019,05019.svg,,,draft,621–640,castle.png,,,,813,人|丶,person|drop,候
決,509,1770,7,3,N3,decide,decide,decide,ケツ,き-める,joyo,K0509,509,2,26,9,U6C7A,06c7a.svg,,,draft,501–520,castle.png,,,,225,水,water,決
快,176,1771,7,5,N3,cheerful,cheerful,cheerful,カイ,こころよ-い,joyo,K0176,176,1,9,16,U5FEB,05feb.svg,,,draft,161–180,koi.png,,,,1091,,,快
偉,30,1772,12,S,N2,admirable,admirable,admirable,イ,えら-い,joyo,K0030,30,1,2,10,U5049,05049.svg,,,draft,21–40,castle.png,,,,1784,人|口,person|mouth,偉
違,34,1773,13,S,N2,differ,differ,differ,イ,ちが-う,joyo,K0034,34,1,2,14,U9055,09055.svg,,,draft,21–40,castle.png,,,,725,口,mouth,違
緯,38,1774,16,S,N1,horizontal,horizontal,horizontal,イ,よこいと,joyo,K0038,38,1,2,18,U7DEF,07def.svg,,,draft,21–40,castle.png,,,,1286,糸|口,thread|mouth,緯
衛,77,1775,16,5,N1,defense,defense,defense,エイ,,joyo,K0077,77,1,4,17,U885B,0885b.svg,,,draft,61–80,kujira.png,,,,424,口,mouth,衛
韓,289,1776,18,S,,korea,korea,korea,カン,から,joyo,K0289,289,1,15,9,U97D3,097d3.svg,,,draft,281–300,koi.png,,,,828,十|日|口,ten|day|mouth,韓
干,247,1777,3,6,N3,dry,dry,dry,カン,ほ-す,joyo,K0247,247,1,13,7,U5E72,05e72.svg,,,draft,241–260,bamboo.png,,,,1346,,,干
肝,253,1778,7,S,N1,liver,liver,liver,カン,きも,joyo,K0253,253,1,13,13,U809D,0809d.svg,,,draft,241–260,bamboo.png,,,,1886,月,moon,肝
刊,248,1779,5,5,N3,publish,publish,publish,カン,,joyo,K0248,248,1,13,8,U520A,0520a.svg,,,draft,241–260,bamboo.png,,,,570,,,刊
汗,250,1780,6,S,N2,sweat,sweat,sweat,カン,あせ,joyo,K0250,250,1,13,10,U6C57,06c57.svg,,,draft,241–260,bamboo.png,,,,2056,水,water,汗
軒,526,1781,10,S,N2,flats,flats,flats,ケン,のき,joyo,K0526,526,2,27,6,U8ED2,08ed2.svg,,,draft,521–540,koi.png,,,,1610,,,軒
岸,294,1782,8,3,N3,beach,beach,beach,ガン,きし,joyo,K0294,294,1,15,14,U5CB8,05cb8.svg,,,draft,281–300,koi.png,,,,731,cliff,cliff,岸
幹,274,1783,13,5,N1,tree_trunk,tree_trunk,tree_trunk,カン,みき,joyo,K0274,274,1,14,14,U5E79,05e79.svg,,,draft,261–280,castle.png,,,,914,十|日,ten|day,幹
芋,45,1784,6,S,N1,potato,potato,potato,ウ,いも,joyo,K0045,45,1,3,5,U828B,0828b.svg,,,draft,41–60,koi.png,,,,2272,,,芋
宇,59,1785,6,6,N3,eaves,eaves,eaves,ウ,,joyo,K0059,59,1,3,19,U5B87,05b87.svg,,,draft,41–60,koi.png,,,,555,,,宇
余,1988,1786,7,5,N3,too_much,too_much,too_much,ヨ,あま-る,joyo,K1988,1988,4,100,8,U4F59,04f59.svg,,,draft,1981–2000,kujira.png,,,,1025,小,small,余
除,958,1787,10,6,N3,exclude,exclude,exclude,ジョ,のぞ-く,joyo,K0958,958,2,48,18,U9664,09664.svg,,,draft,941–960,tree.png,,,,619,小,small,除
徐,957,1788,10,S,N1,gradually,gradually,gradually,ジョ,おもむ-ろに,joyo,K0957,957,2,48,17,U5F90,05f90.svg,,,draft,941–960,tree.png,,,,1504,一|小,one|small,徐
叙,956,1789,9,S,N1,confer,confer,confer,ジョ,つい-ず,joyo,K0956,956,2,48,16,U53D9,053d9.svg,,,draft,941–960,tree.png,,,,1501,小,small,叙
途,1488,1790,10,S,N2,route,route,route,ト,みち,joyo,K1488,1488,3,75,8,U9014,09014.svg,,,draft,1481–1500,koi.png,,,,841,小,small,途
斜,849,1791,11,S,N1,diagonal,diagonal,diagonal,シャ,なな-め,joyo,K0849,849,2,43,9,U659C,0659c.svg,,,draft,841–860,bamboo.png,,,,1486,小|丶|十,small|drop|ten,斜
塗,1491,1792,13,S,N2,paint,paint,paint,ト,ぬ-る,joyo,K1491,1491,3,75,11,U5857,05857.svg,,,draft,1481–1500,koi.png,,,,1397,水|小|土,water|small|soil,塗
束,1262,1793,7,4,N3,bundle,bundle,bundle,ソク,たば,joyo,K1262,1262,3,64,2,U675F,0675f.svg,,,draft,1261–1280,kujira.png,,,,1093,木|口,tree|mouth,束
頼,2024,1794,16,S,N2,trust,trust,trust,ライ,たの-む,joyo,K2024,2024,5,102,4,U983C,0983c.svg,,,draft,2021–2040,tree.png,,,,810,木|口|一|丶|貝|目|legs|split,tree|mouth|one|drop|shellfish|eye|legs|split,頼
瀬,1102,1795,19,S,N1,rapids,rapids,rapids,ライ,せ,joyo,K1102,1102,3,56,2,U702C,0702c.svg,,,draft,1101–1120,castle.png,,,,675,水|木|口|一|丶|貝|目|legs|split,water|tree|mouth|one|drop|shellfish|eye|legs|split,瀬
勅,1419,1796,9,S,N1,imperial_order,imperial_order,imperial_order,チョク,いまし-める,joyo,K1419,1419,3,71,19,U52C5,052c5.svg,,,draft,1401–1420,mountain.png,,,,1758,木|口,tree|mouth,勅
疎,1212,1797,12,S,N1,alienate,alienate,alienate,ソ,うと-い,joyo,K1212,1212,3,61,12,U758E,0758e.svg,,,draft,1201–1220,bamboo.png,,,,1825,木|口,tree|mouth,疎
辣,2028,1798,14,S,,bitter,bitter,bitter,ラツ,から-い,joyo,K2028,2028,5,102,8,U8FA3,08fa3.svg,,,draft,2021–2040,tree.png,,,,2661,,,辣
速,1268,1799,10,3,N3,quick,quick,quick,ソク,はや-い,joyo,K1268,1268,3,64,8,U901F,0901f.svg,,,draft,1261–1280,kujira.png,,,,453,木|口,tree|mouth,速
整,1135,1800,16,3,N3,organize,organize,organize,セイ,ととの-える,joyo,K1135,1135,3,57,15,U6574,06574.svg,,,draft,1121–1140,koi.png,,,,676,木|口|一,tree|mouth|one,整
剣,524,1801,10,S,N1,sabre,sabre,sabre,ケン,つるぎ,joyo,K0524,524,2,27,4,U5263,05263.svg,,,draft,521–540,koi.png,,,,918,口|人,mouth|person,剣
険,528,1802,11,5,N3,precipitous,precipitous,precipitous,ケン,けわ-しい,joyo,K0528,528,2,27,8,U967A,0967a.svg,,,draft,521–540,koi.png,,,,807,口|人,mouth|person,険
検,531,1803,12,5,N3,examination,examination,examination,ケン,しら-べる,joyo,K0531,531,2,27,11,U691C,0691c.svg,,,draft,521–540,koi.png,,,,617,木|口|人,tree|mouth|person,検
倹,522,1804,10,S,N1,frugal,frugal,frugal,ケン,つま-しい,joyo,K0522,522,2,27,2,U5039,05039.svg,,,draft,521–540,koi.png,,,,2761,人|口,person|mouth,倹
重,912,1805,9,3,N4,heavy,heavy,heavy,ジュウ,え,joyo,K0912,912,2,46,12,U91CD,091cd.svg,,,draft,901–920,kujira.png,,,,221,田|土,field|soil,重
動,1539,1806,11,3,N4,move,move,move,ドウ,うご-く,joyo,K1539,1539,4,77,19,U52D5,052d5.svg,,,draft,1521–1540,mountain.png,,,,62,,,動
腫,873,1807,13,S,,tumor,tumor,tumor,シュ,は-れる,joyo,K0873,873,2,44,13,U816B,0816b.svg,,,draft,861–880,castle.png,,,,1793,月,moon,腫
勲,464,1808,15,S,N1,meritorious_deed,meritorious_deed,meritorious_deed,クン,いさお,joyo,K0464,464,1,24,4,U52F2,052f2.svg,,,draft,461–480,tree.png,,,,1242,,,勲
働,1543,1809,13,4,N4,work,work,work,ドウ,はたら-く,joyo,K1543,1543,4,78,3,U50CD,050cd.svg,,,draft,1541–1560,tree.png,,,,679,人,person,働
種,874,1810,14,4,N3,species,species,species,シュ,たね,joyo,K0874,874,2,44,14,U7A2E,07a2e.svg,,,draft,861–880,castle.png,,,,306,,,種
衝,1004,1811,15,S,N1,collide,collide,collide,ショウ,つ-く,joyo,K1004,1004,3,51,4,U885D,0885d.svg,,,draft,1001–1020,koi.png,,,,1227,,,衝
薫,465,1812,16,S,N1,fragrant,fragrant,fragrant,クン,かお-る,joyo,K0465,465,1,24,5,U85AB,085ab.svg,,,draft,461–480,tree.png,,,,1666,,,薫
病,1726,1813,10,3,N4,ill,ill,ill,ビョウ,や-む,joyo,K1726,1726,4,87,6,U75C5,075c5.svg,,,draft,1721–1740,koi.png,,,,531,一,one,病
痴,1362,1814,13,S,N1,stupid,stupid,stupid,チ,し-れる,joyo,K1362,1362,3,69,2,U75F4,075f4.svg,,,draft,1361–1380,koi.png,,,,1956,丶|口,drop|mouth,痴
痘,1522,1815,12,S,N1,pox,pox,pox,トウ,,joyo,K1522,1522,4,77,2,U75D8,075d8.svg,,,draft,1521–1540,mountain.png,,,,2648,一|口,one|mouth,痘
症,977,1816,10,S,N1,symptoms,symptoms,symptoms,ショウ,,joyo,K0977,977,2,49,17,U75C7,075c7.svg,,,draft,961–980,bamboo.png,,,,877,一,one,症
瘍,2006,1817,14,S,,carbuncle,carbuncle,carbuncle,ヨウ,かさ,joyo,K2006,2006,5,101,6,U760D,0760d.svg,,,draft,2001–2020,mountain.png,,,,2064,,,瘍
痩,1239,1818,12,S,,lose_weight,lose_weight,lose_weight,ソウ,や-せる,joyo,K1239,1239,3,62,19,U75E9,075e9.svg,,,draft,1221–1240,castle.png,,,,2526,日,sun,痩
疾,833,1819,10,S,N1,rapidly,rapidly,rapidly,シツ,はや-い,joyo,K0833,833,2,42,13,U75BE,075be.svg,,,draft,821–840,tree.png,,,,1541,丶,drop,疾
嫉,836,1820,13,S,,envy,envy,envy,シツ,そね-む,joyo,K0836,836,2,42,16,U5AC9,05ac9.svg,,,draft,821–840,tree.png,,,,2224,女|丶,woman|drop,嫉
痢,2039,1821,12,S,N1,diarrhea,diarrhea,diarrhea,リ,,joyo,K2039,2039,5,102,19,U75E2,075e2.svg,,,draft,2021–2040,tree.png,,,,2585,,,痢
痕,677,1822,11,S,,scar,scar,scar,コン,あと,joyo,K0677,677,2,34,17,U75D5,075d5.svg,,,draft,661–680,kujira.png,,,,1987,,,痕
疲,1694,1823,10,S,N2,exhausted,exhausted,exhausted,ヒ,つか-れる,joyo,K1694,1694,4,85,14,U75B2,075b2.svg,,,draft,1681–1700,bamboo.png,,,,1991,十|乙,ten|hook,疲
疫,79,1824,9,S,N1,epidemic,epidemic,epidemic,エキ,,joyo,K0079,79,1,4,19,U75AB,075ab.svg,,,draft,61–80,kujira.png,,,,1763,,,疫
痛,1431,1825,12,6,N3,pain,pain,pain,ツウ,いた-い,joyo,K1431,1431,3,72,11,U75DB,075db.svg,,,draft,1421–1440,tree.png,,,,1360,,,痛
癖,1804,1826,18,S,N1,mannerism,mannerism,mannerism,ヘキ,くせ,joyo,K1804,1804,4,91,4,U7656,07656.svg,,,draft,1801–1820,bamboo.png,,,,1781,口|十,mouth|ten,癖
匿,1548,1827,10,S,N1,hide,hide,hide,トク,かくま-う,joyo,K1548,1548,4,78,8,U533F,0533f.svg,,,draft,1541–1560,tree.png,,,,2123,口,mouth,匿
匠,963,1828,6,S,N1,artisan,artisan,artisan,ショウ,たくみ,joyo,K0963,963,2,49,3,U5320,05320.svg,,,draft,961–980,bamboo.png,,,,1557,,,匠
医,19,1829,7,3,N4,doctor,doctor,doctor,イ,い-やす,joyo,K0019,19,1,1,19,U533B,0533b.svg,,,draft,1–20,bamboo.png,,,,462,丶,drop,医
匹,1711,1830,4,S,N2,equal,equal,equal,ヒツ,ひき,joyo,K1711,1711,4,86,11,U5339,05339.svg,,,draft,1701–1720,castle.png,,,,1694,legs,legs,匹
区,445,1831,4,3,N4,ward,ward,ward,ク,,joyo,K0445,445,1,23,5,U533A,0533a.svg,,,draft,441–460,mountain.png,,,,132,,,区
枢,1095,1832,8,S,N1,hinge,hinge,hinge,スウ,とぼそ,joyo,K1095,1095,3,55,15,U67A2,067a2.svg,,,draft,1081–1100,bamboo.png,,,,1808,木,tree,枢
殴,113,1833,8,S,N1,assault,assault,assault,オウ,なぐ-る,joyo,K0113,113,1,6,13,U6BB4,06bb4.svg,,,draft,101–120,tree.png,,,,1929,,,殴
欧,112,1834,8,S,N2,europe,europe,europe,オウ,うた-う,joyo,K0112,112,1,6,12,U6B27,06b27.svg,,,draft,101–120,tree.png,,,,1049,,,欧
抑,2013,1835,7,S,N1,repress,repress,repress,ヨク,おさ-える,joyo,K2013,2013,5,101,13,U6291,06291.svg,,,draft,2001–2020,mountain.png,,,,1319,,,抑
仰,420,1836,6,S,N1,look_up,look_up,look_up,ギョウ,あお-ぐ,joyo,K0420,420,1,21,20,U4EF0,04ef0.svg,,,draft,401–420,koi.png,,,,1407,人,person,仰
迎,499,1837,7,S,N2,welcome,welcome,welcome,ゲイ,むか-える,joyo,K0499,499,1,25,19,U8FCE,08fce.svg,,,draft,481–500,bamboo.png,,,,970,,,迎
登,1523,1838,12,3,N3,ascend,ascend,ascend,トウ,のぼ-る,joyo,K1523,1523,4,77,3,U767B,0767b.svg,,,draft,1521–1540,mountain.png,,,,214,一|口,one|mouth,登
澄,1414,1839,15,S,N1,lucidity,lucidity,lucidity,チョウ,す-む,joyo,K1414,1414,3,71,14,U6F84,06f84.svg,,,draft,1401–1420,mountain.png,,,,1561,水|一|口,water|one|mouth,澄
発,1649,1840,9,3,N4,departure,departure,departure,ハツ,た-つ,joyo,K1649,1649,4,83,9,U767A,0767a.svg,,,draft,1641–1660,mountain.png,,,,26,一|legs,one|legs,発
廃,1620,1841,12,S,N1,abolish,abolish,abolish,ハイ,すた-れる,joyo,K1620,1620,4,81,20,U5EC3,05ec3.svg,,,draft,1601–1620,koi.png,,,,522,一|legs,one|legs,廃
僚,2068,1842,14,S,N1,colleague,colleague,colleague,リョウ,,joyo,K2068,2068,5,104,8,U50DA,050da.svg,,,draft,2061–2080,castle.png,,,,1292,人|日|小,person|day|small,僚
瞭,2072,1843,17,S,N1,obvious,obvious,obvious,リョウ,あきらか,joyo,K2072,2072,5,104,12,U77AD,077ad.svg,,,draft,2061–2080,castle.png,,,,2442,目|日|小,eye|day|small,瞭
寮,2070,1844,15,S,N1,dormitory,dormitory,dormitory,リョウ,,joyo,K2070,2070,5,104,10,U5BEE,05bee.svg,,,draft,2061–2080,castle.png,,,,1669,日|小,day|small,寮
療,2071,1845,17,S,N2,heal,heal,heal,リョウ,,joyo,K2071,2071,5,104,11,U7642,07642.svg,,,draft,2061–2080,castle.png,,,,715,日|小,day|small,療
彫,1401,1846,11,S,N1,carve,carve,carve,チョウ,ほ-る,joyo,K1401,1401,3,71,1,U5F6B,05f6b.svg,,,draft,1401–1420,mountain.png,,,,1627,土|口,soil|mouth,彫
形,471,1847,7,2,N3,shape,shape,shape,ケイ,かた,joyo,K0471,471,1,24,11,U5F62,05f62.svg,,,draft,461–480,tree.png,,,,174,,,形
影,75,1848,15,S,N1,shadow,shadow,shadow,エイ,かげ,joyo,K0075,75,1,4,15,U5F71,05f71.svg,,,draft,61–80,kujira.png,,,,396,日|lid|口|小,day|lid|mouth|small,影
杉,1099,1849,7,S,N1,sugi,sugi,sugi,サン,すぎ,joyo,K1099,1099,3,55,19,U6749,06749.svg,,,draft,1081–1100,bamboo.png,,,,942,木,tree,杉
彩,701,1850,11,S,N1,coloring,coloring,coloring,サイ,いろど-る,joyo,K0701,701,2,36,1,U5F69,05f69.svg,,,draft,701–720,tree.png,,,,1084,木,tree,彩
彰,1001,1851,14,S,N1,patent,patent,patent,ショウ,,joyo,K1001,1001,3,51,1,U5F70,05f70.svg,,,draft,1001–1020,koi.png,,,,1212,日|十,day|ten,彰
彦,,1852,9,H,N1,handsome_man,handsome_man,handsome_man,ゲン,ひこ,heisig_extra,K2193,2193,5,110,13,U5F66,05f66.svg,,,draft,2181–2200,castle.png,,,,746,cliff,cliff,彦
顔,299,1853,18,2,N4,face,face,face,ガン,かお,joyo,K0299,299,1,15,19,U9854,09854.svg,,,draft,281–300,koi.png,,,,947,cliff|一|丶|貝|目|legs|split,cliff|one|drop|shellfish|eye|legs|split,顔
須,1079,1854,12,S,N1,must,must,must,ス,すべから-く,joyo,K1079,1079,3,54,19,U9808,09808.svg,,,draft,1061–1080,tree.png,,,,917,一|丶|貝|目|legs|split,one|drop|shellfish|eye|legs|split,須
膨,1872,1855,16,S,N1,swell,swell,swell,ボウ,ふく-らむ,joyo,K1872,1872,4,94,12,U81A8,081a8.svg,,,draft,1861–1880,kujira.png,,,,1866,月|一|口,moon|one|mouth,膨
参,746,1856,8,4,N3,participate,participate,participate,サン,まい-る,joyo,K0746,746,2,38,6,U53C2,053c2.svg,,,draft,741–760,castle.png,,,,161,,,参
惨,749,1857,11,S,N1,wretched,wretched,wretched,サン,みじ-め,joyo,K0749,749,2,38,9,U60E8,060e8.svg,,,draft,741–760,castle.png,,,,1877,,,惨
修,893,1858,10,5,N3,discipline,discipline,discipline,シュウ,おさ-める,joyo,K0893,893,2,45,13,U4FEE,04fee.svg,,,draft,881–900,koi.png,,,,386,人,person,修
珍,1422,1859,9,S,N2,rare,rare,rare,チン,めずら-しい,joyo,K1422,1422,3,72,2,U73CD,073cd.svg,,,draft,1421–1440,tree.png,,,,1465,ball,ball,珍
診,1062,1860,12,S,N1,checkup,checkup,checkup,シン,み-る,joyo,K1062,1062,3,54,2,U8A3A,08a3a.svg,,,draft,1061–1080,tree.png,,,,1222,口,mouth,診
文,1786,1861,4,1,N4,sentence,sentence,sentence,ブン,ふみ,joyo,K1786,1786,4,90,6,U6587,06587.svg,,,draft,1781–1800,tree.png,,,,56,,,文
対,1294,1862,7,3,N3,opposite,opposite,opposite,タイ,あいて,joyo,K1294,1294,3,65,14,U5BFE,05bfe.svg,,,draft,1281–1300,mountain.png,,,,90,,,対
紋,1950,1863,10,S,N1,family_crest,family_crest,family_crest,モン,,joyo,K1950,1950,4,98,10,U7D0B,07d0b.svg,,,draft,1941–1960,castle.png,,,,1404,糸,thread,紋
蚊,163,1864,10,S,N1,mosquito,mosquito,mosquito,ブン,か,joyo,K0163,163,1,9,3,U868A,0868a.svg,,,draft,161–180,koi.png,,,,2729,,,蚊
斑,1671,1865,12,S,,blemish,blemish,blemish,ハン,ふ,joyo,K1671,1671,4,84,11,U6591,06591.svg,,,draft,1661–1680,tree.png,,,,2062,ball,ball,斑
斉,1116,1866,8,S,N1,adjusted,adjusted,adjusted,セイ,そろ-う,joyo,K1116,1116,3,56,16,U6589,06589.svg,,,draft,1101–1120,castle.png,,,,1277,一,one,斉
剤,719,1867,10,S,N1,dose,dose,dose,ザイ,かる,joyo,K0719,719,2,36,19,U5264,05264.svg,,,draft,701–720,tree.png,,,,1238,一,one,剤
済,703,1868,11,6,N3,settle,settle,settle,サイ,す-む,joyo,K0703,703,2,36,3,U6E08,06e08.svg,,,draft,701–720,tree.png,,,,503,水|一,water|one,済
斎,705,1869,11,S,N1,purification,purification,purification,サイ,とき,joyo,K0705,705,2,36,5,U658E,0658e.svg,,,draft,701–720,tree.png,,,,1262,一|小,one|small,斎
粛,922,1870,11,S,N1,solemn,solemn,solemn,シュク,つつし-む,joyo,K0922,922,2,47,2,U7C9B,07c9b.svg,,,draft,921–940,mountain.png,,,,1928,,,粛
塁,2085,1871,12,S,N1,bases,bases,bases,ルイ,とりで,joyo,K2085,2085,5,105,5,U5841,05841.svg,,,draft,2081–2100,koi.png,,,,960,田|土,field|soil,塁
楽,228,1872,13,2,N4,music,music,music,ガク,たの-しい,joyo,K0228,228,1,12,8,U697D,0697d.svg,,,draft,221–240,tree.png,,,,199,木,tree,楽
薬,1960,1873,16,3,N4,medicine,medicine,medicine,ヤク,くすり,joyo,K1960,1960,4,98,20,U85AC,085ac.svg,,,draft,1941–1960,castle.png,,,,684,木,tree,薬
率,1277,1874,11,5,N3,rate,rate,rate,ソツ,ひき-いる,joyo,K1277,1277,3,64,17,U7387,07387.svg,,,draft,1261–1280,kujira.png,,,,526,lid|十,lid|ten,率
渋,914,1875,11,S,N1,astringent,astringent,astringent,ジュウ,しぶ,joyo,K0914,914,2,46,14,U6E0B,06e0b.svg,,,draft,901–920,kujira.png,,,,1158,水,water,渋
摂,1161,1876,13,S,N1,vicarious,vicarious,vicarious,セツ,おさ-める,joyo,K1161,1161,3,59,1,U6442,06442.svg,,,draft,1161–1180,mountain.png,,,,1544,,,摂
央,107,1877,5,3,N3,center,center,center,オウ,,joyo,K0107,107,1,6,7,U592E,0592e.svg,,,draft,101–120,tree.png,,,,524,,,央
英,70,1878,8,4,N4,england,england,england,エイ,はなぶさ,joyo,K0070,70,1,4,10,U82F1,082f1.svg,,,draft,61–80,kujira.png,,,,219,,,英
映,71,1879,9,6,N4,reflect,reflect,reflect,エイ,うつ-る,joyo,K0071,71,1,4,11,U6620,06620.svg,,,draft,61–80,kujira.png,,,,186,日,sun,映
赤,1141,1880,7,1,N4,red,red,red,セキ,あか,joyo,K1141,1141,3,58,1,U8D64,08d64.svg,,,draft,1141–1160,kujira.png,,,,568,土|小,soil|small,赤
赦,848,1881,11,S,N1,pardon,pardon,pardon,シャ,ゆる-す,joyo,K0848,848,2,43,8,U8D66,08d66.svg,,,draft,841–860,bamboo.png,,,,2150,,,赦
変,1810,1882,9,4,N3,unusual,unusual,unusual,ヘン,か-わる,joyo,K1810,1810,4,91,10,U5909,05909.svg,,,draft,1801–1820,bamboo.png,,,,190,,,変
跡,1150,1883,13,S,N1,tracks,tracks,tracks,セキ,あと,joyo,K1150,1150,3,58,10,U8DE1,08de1.svg,,,draft,1141–1160,kujira.png,,,,664,口,mouth,跡
蛮,1681,1884,12,S,N1,barbarian,barbarian,barbarian,バン,えびす,joyo,K1681,1681,4,85,1,U86EE,086ee.svg,,,draft,1681–1700,bamboo.png,,,,2318,,,蛮
恋,2105,1885,10,S,N2,romance,romance,romance,レン,こ-う,joyo,K2105,2105,5,106,5,U604B,0604b.svg,,,draft,2101–2120,kujira.png,,,,730,,,恋
湾,2135,1886,12,S,N2,gulf,gulf,gulf,ワン,いりえ,joyo,K2135,2135,5,107,15,U6E7E,06e7e.svg,,,draft,2121–2140,mountain.png,,,,839,水,water,湾
黄,632,1887,11,2,N3,yellow,yellow,yellow,コウ,き,joyo,K0632,632,2,32,12,U9EC4,09ec4.svg,,,draft,621–640,castle.png,,,,927,legs|split,legs|split,黄
横,117,1888,15,3,N3,sideways,sideways,sideways,オウ,よこ,joyo,K0117,117,1,6,17,U6A2A,06a2a.svg,,,draft,101–120,tree.png,,,,478,木|legs|split,tree|legs|split,横
把,1604,1889,7,S,N1,grasp,grasp,grasp,ハ,,joyo,K1604,1604,4,81,4,U628A,0628a.svg,,,draft,1601–1620,koi.png,,,,2031,,,把
色,1029,1890,6,2,N4,color,color,color,ショク,いろ,joyo,K1029,1029,3,52,9,U8272,08272.svg,,,draft,1021–1040,kujira.png,,,,370,,,色
絶,1165,1891,12,5,N3,discontinue,discontinue,discontinue,ゼツ,た-える,joyo,K1165,1165,3,59,5,U7D76,07d76.svg,,,draft,1161–1180,mountain.png,,,,790,糸,thread,絶
艶,103,1892,19,S,N1,glossy,glossy,glossy,エン,つや,joyo,K0103,103,1,6,3,U8276,08276.svg,,,draft,101–120,tree.png,,,,2299,一|口,one|mouth,艶
肥,1690,1893,8,5,N1,fertilizer,fertilizer,fertilizer,ヒ,こ-える,joyo,K1690,1690,4,85,10,U80A5,080a5.svg,,,draft,1681–1700,bamboo.png,,,,1489,月,moon,肥
甘,249,1894,5,S,N2,sweet,sweet,sweet,カン,あま-い,joyo,K0249,249,1,13,9,U7518,07518.svg,,,draft,241–260,bamboo.png,,,,1496,,,甘
紺,678,1895,11,S,N1,navy_blue,navy_blue,navy_blue,コン,,joyo,K0678,678,2,34,18,U7D3A,07d3a.svg,,,draft,661–680,kujira.png,,,,2025,糸,thread,紺
某,1861,1896,9,S,N1,so_and_so,so_and_so,so_and_so,ボウ,それがし,joyo,K1861,1861,4,94,1,U67D0,067d0.svg,,,draft,1861–1880,kujira.png,,,,2381,木,tree,某
謀,1873,1897,16,S,N1,conspire,conspire,conspire,ボウ,はか-る,joyo,K1873,1873,4,94,13,U8B00,08b00.svg,,,draft,1861–1880,kujira.png,,,,1263,口|木,mouth|tree,謀
媒,1627,1898,12,S,N1,mediator,mediator,mediator,バイ,なこうど,joyo,K1627,1627,4,82,7,U5A92,05a92.svg,,,draft,1621–1640,kujira.png,,,,1630,女|木,woman|tree,媒
欺,342,1899,12,S,N1,deceit,deceit,deceit,ギ,あざむ-く,joyo,K0342,342,1,18,2,U6B3A,06b3a.svg,,,draft,341–360,tree.png,,,,1972,legs|split,legs|split,欺
棋,329,1900,12,S,N1,chess_piece,chess_piece,chess_piece,キ,ご,joyo,K0329,329,1,17,9,U68CB,068cb.svg,,,draft,321–340,mountain.png,,,,1253,木|legs|split,tree|legs|split,棋
旗,333,1901,14,4,N1,national_flag,national_flag,national_flag,キ,はた,joyo,K0333,333,1,17,13,U65D7,065d7.svg,,,draft,321–340,mountain.png,,,,1103,legs|split,legs|split,旗
期,328,1902,12,3,N3,period_of_time,period_of_time,period_of_time,キ,,joyo,K0328,328,1,17,8,U671F,0671f.svg,,,draft,321–340,mountain.png,,,,127,legs|split|月,legs|split|moon,期
碁,583,1903,13,S,N1,go_game,go_game,go_game,ゴ,,joyo,K0583,583,2,30,3,U7881,07881.svg,,,draft,581–600,tree.png,,,,1752,legs|split|石,legs|split|stone,碁
基,321,1904,11,5,N3,foundation,foundation,foundation,キ,もと,joyo,K0321,321,1,17,1,U57FA,057fa.svg,,,draft,321–340,mountain.png,,,,280,legs|split|土,legs|split|soil,基
甚,1075,1905,9,S,N1,tremendously,tremendously,tremendously,ジン,はなは-だ,joyo,K1075,1075,3,54,15,U751A,0751a.svg,,,draft,1061–1080,tree.png,,,,2013,legs,legs,甚
勘,260,1906,11,S,N1,intuition,intuition,intuition,カン,,joyo,K0260,260,1,13,20,U52D8,052d8.svg,,,draft,241–260,bamboo.png,,,,1645,legs,legs,勘
堪,265,1907,12,S,N1,withstand,withstand,withstand,カン,た-える,joyo,K0265,265,1,14,5,U582A,0582a.svg,,,draft,261–280,castle.png,,,,2435,土|legs,soil|legs,堪
貴,330,1908,12,6,N1,precious,precious,precious,キ,たっと-い,joyo,K0330,330,1,17,10,U8CB4,08cb4.svg,,,draft,321–340,mountain.png,,,,750,一|貝|目|legs|split,one|shellfish|eye|legs|split,貴
遺,37,1909,15,6,N1,bequeath,bequeath,bequeath,イ,のこ-す,joyo,K0037,37,1,2,17,U907A,0907a.svg,,,draft,21–40,castle.png,,,,670,一|貝|目|legs|split,one|shellfish|eye|legs|split,遺
遣,535,1910,13,S,N1,dispatch,dispatch,dispatch,ケン,つか-う,joyo,K0535,535,2,27,15,U9063,09063.svg,,,draft,521–540,koi.png,,,,1094,一,one,遣
潰,192,1911,15,S,,defile,defile,defile,カイ,つぶ-す,joyo,K0192,192,1,10,12,U6F70,06f70.svg,,,draft,181–200,kujira.png,,,,1957,水|一|貝|目|legs|split,water|one|shellfish|eye|legs|split,潰
舞,1762,1912,15,S,N2,dance,dance,dance,ブ,ま-う,joyo,K1762,1762,4,89,2,U821E,0821e.svg,,,draft,1761–1780,mountain.png,,,,580,evening,evening,舞
無,1922,1913,12,4,N3,nothingness,nothingness,nothingness,ム,な-い,joyo,K1922,1922,4,97,2,U7121,07121.svg,,,draft,1921–1940,bamboo.png,,,,272,,,無
組,1211,1914,11,2,N3,association,association,association,ソ,く-む,joyo,K1211,1211,3,61,11,U7D44,07d44.svg,,,draft,1201–1220,bamboo.png,,,,129,糸,thread,組
粗,1210,1915,11,S,N1,coarse,coarse,coarse,ソ,あら-い,joyo,K1210,1210,3,61,10,U7C97,07c97.svg,,,draft,1201–1220,bamboo.png,,,,2138,,,粗
租,1207,1916,10,S,N1,tariff,tariff,tariff,ソ,,joyo,K1207,1207,3,61,7,U79DF,079df.svg,,,draft,1201–1220,bamboo.png,,,,2276,,,租
狙,1204,1917,8,S,,aim_at,aim_at,aim_at,ソ,ねら-う,joyo,K1204,1204,3,61,4,U72D9,072d9.svg,,,draft,1201–1220,bamboo.png,,,,1355,,,狙
祖,1206,1918,9,5,N3,ancestor,ancestor,ancestor,ソ,,joyo,K1206,1206,3,61,6,U7956,07956.svg,,,draft,1201–1220,bamboo.png,,,,920,,,祖
阻,1205,1919,8,S,N1,thwart,thwart,thwart,ソ,はば-む,joyo,K1205,1205,3,61,5,U963B,0963b.svg,,,draft,1201–1220,bamboo.png,,,,1539,,,阻
査,685,1920,9,5,N3,investigate,investigate,investigate,サ,,joyo,K0685,685,2,35,5,U67FB,067fb.svg,,,draft,681–700,mountain.png,,,,415,木,tree,査
助,954,1921,7,3,N3,help,help,help,ジョ,たす-ける,joyo,K0954,954,2,48,14,U52A9,052a9.svg,,,draft,941–960,tree.png,,,,468,,,助
宜,340,1922,8,S,N1,best_regards,best_regards,best_regards,ギ,よろ-しい,joyo,K0340,340,1,17,20,U5B9C,05b9c.svg,,,draft,321–340,mountain.png,,,,1743,,,宜
畳,1021,1923,12,S,N2,tatami_mat,tatami_mat,tatami_mat,ジョウ,たた-む,joyo,K1021,1021,3,52,1,U7573,07573.svg,,,draft,1021–1040,kujira.png,,,,2022,田,field,畳
並,1792,1924,8,6,N3,row,row,row,ヘイ,な-み,joyo,K1792,1792,4,90,12,U4E26,04e26.svg,,,draft,1781–1800,tree.png,,,,844,,,並
普,1753,1925,12,S,N2,universal,universal,universal,フ,あまね-く,joyo,K1753,1753,4,88,13,U666E,0666e.svg,,,draft,1741–1760,kujira.png,,,,772,1,1,普
譜,1758,1926,19,S,N1,musical_score,musical_score,musical_score,フ,,joyo,K1758,1758,4,88,18,U8B5C,08b5c.svg,,,draft,1741–1760,kujira.png,,,,1270,2,2,譜
湿,835,1927,12,S,N2,damp,damp,damp,シツ,しめ-る,joyo,K0835,835,2,42,15,U6E7F,06e7f.svg,,,draft,821–840,tree.png,,,,1729,水|日,water|day,湿
顕,542,1928,18,S,N1,appear,appear,appear,ケン,あきらか,joyo,K0542,542,2,28,2,U9855,09855.svg,,,draft,541–560,kujira.png,,,,1381,日|一|丶|貝|目|legs|split,day|one|drop|shellfish|eye|legs|split,顕
繊,1194,1929,17,S,N1,slender,slender,slender,セン,,joyo,K1194,1194,3,60,14,U7E4A,07e4a.svg,,,draft,1181–1200,tree.png,,,,1780,糸|十,thread|ten,繊
霊,2095,1930,15,S,N1,spirits,spirits,spirits,レイ,たま,joyo,K2095,2095,5,105,15,U970A,0970a.svg,,,draft,2081–2100,koi.png,,,,898,一,one,霊
業,422,1931,13,3,N4,business,business,business,ギョウ,わざ,joyo,K0422,422,1,22,2,U696D,0696d.svg,,,draft,421–440,kujira.png,,,,47,木,tree,業
撲,1882,1932,15,S,N1,slap,slap,slap,ボク,,joyo,K1882,1882,4,95,2,U64B2,064b2.svg,,,draft,1881–1900,mountain.png,,,,1456,,,撲
僕,1880,1933,14,S,N1,me_male,me_male,me_male,ボク,しもべ,joyo,K1880,1880,4,94,20,U50D5,050d5.svg,,,draft,1861–1880,kujira.png,,,,1327,人,person,僕
共,395,1934,6,4,N3,together,together,together,キョウ,とも,joyo,K0395,395,1,20,15,U5171,05171.svg,,,draft,381–400,castle.png,,,,154,legs|split,legs|split,共
供,400,1935,8,6,N3,offer,offer,offer,キョウ,そな-える,joyo,K0400,400,1,20,20,U4F9B,04f9b.svg,,,draft,381–400,castle.png,,,,473,人|legs|split,person|legs|split,供
異,27,1936,11,6,N3,uncommon,uncommon,uncommon,イ,こと,joyo,K0027,27,1,2,7,U7570,07570.svg,,,draft,21–40,castle.png,,,,437,田|legs|split,field|legs|split,異
翼,2018,1937,17,S,N1,wing,wing,wing,ヨク,つばさ,joyo,K2018,2018,5,101,18,U7FFC,07ffc.svg,,,draft,2001–2020,mountain.png,,,,1078,田|legs|split,field|legs|split,翼
戴,1311,1938,17,S,,accept_humbly,accept_humbly,accept_humbly,タイ,いただ-く,joyo,K1311,1311,3,66,11,U6234,06234.svg,,,draft,1301–1320,tree.png,,,,2107,十|田|legs|split,ten|field|legs|split,戴
洪,616,1939,9,S,N1,flood,flood,flood,コウ,,joyo,K0616,616,2,31,16,U6D2A,06d2a.svg,,,draft,601–620,bamboo.png,,,,1765,水|legs|split,water|legs|split,洪
港,635,1940,12,3,N3,harbor,harbor,harbor,コウ,みなと,joyo,K0635,635,2,32,15,U6E2F,06e2f.svg,,,draft,621–640,castle.png,,,,494,水|legs|split,water|legs|split,港
暴,1871,1941,15,5,N3,outburst,outburst,outburst,ボウ,あば-く,joyo,K1871,1871,4,94,11,U66B4,066b4.svg,,,draft,1861–1880,kujira.png,,,,946,日|legs|split,day|legs|split,暴
爆,1642,1942,19,S,N2,explode,explode,explode,バク,は-ぜる,joyo,K1642,1642,4,83,2,U7206,07206.svg,,,draft,1641–1660,mountain.png,,,,795,火|legs|split,fire|legs|split,爆
恭,407,1943,10,S,N1,respect,respect,respect,キョウ,うやうや-しい,joyo,K0407,407,1,21,7,U606D,0606d.svg,,,draft,401–420,koi.png,,,,1591,legs|split,legs|split,恭
選,1192,1944,15,4,N3,elect,elect,elect,セン,えら-ぶ,joyo,K1192,1192,3,60,12,U9078,09078.svg,,,draft,1181–1200,tree.png,,,,86,legs|split,legs|split,選
殿,1482,1945,13,S,N2,mister,mister,mister,デン,との,joyo,K1482,1482,3,75,2,U6BBF,06bbf.svg,,,draft,1481–1500,koi.png,,,,940,legs|split,legs|split,殿
井,1104,1946,4,4,N1,well,well,well,セイ,い,joyo,K1104,1104,3,56,4,U4E95,04e95.svg,,,draft,1101–1120,castle.png,,,,210,,,井
丼,1567,1947,5,S,,donburi,donburi,donburi,トン,どんぶり,joyo,K1567,1567,4,79,7,U4E3C,04e3c.svg,,,draft,1561–1580,bamboo.png,,,,2575,丶,drop,丼
囲,18,1948,7,5,N3,surround,surround,surround,イ,かこ-む,joyo,K0018,18,1,1,18,U56F2,056f2.svg,,,draft,1–20,bamboo.png,,,,733,囗,enclosure,囲
耕,624,1949,10,5,N3,till,till,till,コウ,たがや-す,joyo,K0624,624,2,32,4,U8015,08015.svg,,,draft,621–640,castle.png,,,,1505,,,耕
亜,1,1950,7,S,N1,asia,asia,asia,ア,つ-ぐ,joyo,K0001,1,1,1,1,U4E9C,04e9c.svg,,,draft,1–20,bamboo.png,,,,924,口,mouth,亜
悪,6,1951,11,3,N4,bad,bad,bad,アク,わる-い,joyo,K0006,6,1,1,6,U60AA,060aa.svg,,,draft,1–20,bamboo.png,,,,611,口,mouth,悪
円,87,1952,4,1,N5,circle,circle,circle,エン,まる-い,joyo,K0087,87,1,5,7,U5186,05186.svg,,,draft,81–100,mountain.png,,,,509,,,円
角,211,1953,7,2,N3,angle,angle,angle,カク,かど,joyo,K0211,211,1,11,11,U89D2,089d2.svg,,,draft,201–220,mountain.png,,,,615,一,one,角
触,1035,1954,13,S,N2,contact,contact,contact,ショク,ふ-れる,joyo,K1035,1035,3,52,15,U89E6,089e6.svg,,,draft,1021–1040,kujira.png,,,,1074,一,one,触
解,191,1955,13,5,N3,solution,solution,solution,カイ,と-く,joyo,K0191,191,1,10,11,U89E3,089e3.svg,,,draft,181–200,kujira.png,,,,264,一,one,解
再,694,1956,6,5,N3,again,again,again,サイ,ふたた-び,joyo,K0694,694,2,35,14,U518D,0518d.svg,,,draft,681–700,mountain.png,,,,291,ball,ball,再
講,648,1957,17,5,N3,lecture,lecture,lecture,コウ,,joyo,K0648,648,2,33,8,U8B1B,08b1b.svg,,,draft,641–660,koi.png,,,,597,口,mouth,講
購,649,1958,17,S,N1,subscription,subscription,subscription,コウ,,joyo,K0649,649,2,33,9,U8CFC,08cfc.svg,,,draft,641–660,koi.png,,,,1183,貝|目|legs|split,shellfish|eye|legs|split,購
構,641,1959,14,5,N3,construct,construct,construct,コウ,かま-える,joyo,K0641,641,2,33,1,U69CB,069cb.svg,,,draft,641–660,koi.png,,,,332,木,tree,構
溝,639,1960,13,S,N1,gutter,gutter,gutter,コウ,みぞ,joyo,K0639,639,2,32,19,U6E9D,06e9d.svg,,,draft,621–640,castle.png,,,,1573,水,water,溝
論,2128,1961,15,6,N3,argument,argument,argument,ロン,あげつら-う,joyo,K2128,2128,5,107,8,U8AD6,08ad6.svg,,,draft,2121–2140,mountain.png,,,,352,口,mouth,論
倫,2078,1962,10,S,N1,ethics,ethics,ethics,リン,,joyo,K2078,2078,5,104,18,U502B,0502b.svg,,,draft,2061–2080,castle.png,,,,1549,人,person,倫
輪,2079,1963,15,4,N3,wheel,wheel,wheel,リン,わ,joyo,K2079,2079,5,104,19,U8F2A,08f2a.svg,,,draft,2061–2080,castle.png,,,,780,,,輪
偏,1811,1964,11,S,N1,partial,partial,partial,ヘン,かたよ-る,joyo,K1811,1811,4,91,11,U504F,0504f.svg,,,draft,1801–1820,bamboo.png,,,,1688,人|一,person|one,偏
遍,1812,1965,12,S,N1,everywhere,everywhere,everywhere,ヘン,あまね-く,joyo,K1812,1812,4,91,12,U904D,0904d.svg,,,draft,1801–1820,bamboo.png,,,,2038,一,one,遍
編,1813,1966,15,5,N3,compilation,compilation,compilation,ヘン,あ-む,joyo,K1813,1813,4,91,13,U7DE8,07de8.svg,,,draft,1801–1820,bamboo.png,,,,126,糸|一,thread|one,編
冊,733,1967,5,6,N3,volume,volume,volume,サツ,ふみ,joyo,K0733,733,2,37,13,U518A,0518a.svg,,,draft,721–740,bamboo.png,,,,1315,,,冊
柵,726,1968,9,S,,fence,fence,fence,サク,しがら-む,joyo,K0726,726,2,37,6,U67F5,067f5.svg,,,draft,721–740,bamboo.png,,,,2417,木,tree,柵
典,1473,1969,8,4,N1,ceremony,ceremony,ceremony,テン,ふみ,joyo,K1473,1473,3,74,13,U5178,05178.svg,,,draft,1461–1480,castle.png,,,,329,,,典
氏,763,1970,4,4,N1,family_name,family_name,family_name,シ,うじ,joyo,K0763,763,2,39,3,U6C0F,06c0f.svg,,,draft,761–780,koi.png,,,,540,丶,drop,氏
紙,790,1971,10,2,N4,paper,paper,paper,シ,かみ,joyo,K0790,790,2,40,10,U7D19,07d19.svg,,,draft,781–800,kujira.png,,,,804,糸,thread,紙
婚,675,1972,11,S,N2,marriage,marriage,marriage,コン,,joyo,K0675,675,2,34,15,U5A5A,05a5a.svg,,,draft,661–680,kujira.png,,,,641,女|日,woman|day,婚
低,1437,1973,7,4,N4,lower,lower,lower,テイ,ひく-い,joyo,K1437,1437,3,72,17,U4F4E,04f4e.svg,,,draft,1421–1440,tree.png,,,,678,人|一,person|one,低
抵,1443,1974,8,S,N1,resist,resist,resist,テイ,,joyo,K1443,1443,3,73,3,U62B5,062b5.svg,,,draft,1441–1460,bamboo.png,,,,1461,一,one,抵
底,1442,1975,8,4,N3,bottom,bottom,bottom,テイ,そこ,joyo,K1442,1442,3,73,2,U5E95,05e95.svg,,,draft,1441–1460,bamboo.png,,,,1151,一,one,底
民,1918,1976,5,4,N4,people,people,people,ミン,たみ,joyo,K1918,1918,4,96,18,U6C11,06c11.svg,,,draft,1901–1920,tree.png,,,,155,口,mouth,民
眠,1919,1977,10,S,N2,sleep,sleep,sleep,ミン,ねむ-る,joyo,K1919,1919,4,96,19,U7720,07720.svg,,,draft,1901–1920,tree.png,,,,1395,目|口,eye|mouth,眠
捕,1820,1978,10,S,N2,catch,catch,catch,ホ,と-らえる,joyo,K1820,1820,4,91,20,U6355,06355.svg,,,draft,1801–1820,bamboo.png,,,,805,,,捕
哺,1819,1979,10,S,,suckle,suckle,suckle,ホ,はぐく-む,joyo,K1819,1819,4,91,19,U54FA,054fa.svg,,,draft,1801–1820,bamboo.png,,,,2245,,,哺
浦,65,1980,10,S,N1,bay,bay,bay,ホ,うら,joyo,K0065,65,1,4,?,U6D66,06d66.svg,,,draft,61–80,kujira.png,,,,695,水,water,浦
蒲,NA,1981,13,H,,cattail,cattail,cattail,ホ,がま,heisig_extra,K1444,1444,3,73,4,U84B2,084b2.svg,,,draft,1441–1460,kujira.png,,,,1475,水,water,蒲
舗,8217,1982,15,S,N1,shop,shop,shop,ホ,,joyo,K8217,8217,4,146,15,U8217,08217.svg,,,draft,8201–8220,mountain.png,,,,1045,土|口,soil|mouth,舗
補,2268,1983,12,6,N3,supplement,supplement,supplement,ホ,おぎな-う,joyo,K2268,2268,5,112,12,U88DC,088dc.svg,,,draft,2261–2280,bamboo.png,,,,578,,,補
邸,90BB,1984,8,S,N1,residence,residence,residence,テイ,やしき,joyo,K90BB,90BB,7,163,8,U90B8,090b8.svg,,,draft,90A1–90C0,tree.png,,,,1499,一,one,邸
郭,217,1985,11,S,N1,enclosure,enclosure,enclosure,カク,くるわ,joyo,K0217,217,1,11,17,U90ED,090ed.svg,,,draft,201–220,mountain.png,,,,1779,lid|口|子,lid|mouth|rat_zodiac,郭
郡,467,1986,10,4,N1,county,county,county,グン,こおり,joyo,K0467,467,1,24,7,U90E1,090e1.svg,,,draft,461–480,tree.png,,,,276,口,mouth,郡
郊,620,1987,9,S,N2,outskirts,outskirts,outskirts,コウ,,joyo,K0620,620,2,31,20,U90CA,090ca.svg,,,draft,601–620,bamboo.png,,,,1484,lid,lid,郊
部,1761,1988,11,3,N3,department,department,department,ブ,-べ,joyo,K1761,1761,4,89,1,U90E8,090e8.svg,,,draft,1761–1780,mountain.png,,,,12,口,mouth,部
都,1489,1989,11,3,N4,metropolis,metropolis,metropolis,ト,みやこ,joyo,K1489,1489,3,75,9,U90FD,090fd.svg,,,draft,1481–1500,koi.png,,,,157,日,sun,都
郵,1976,1990,11,6,N3,mail,mail,mail,ユウ,,joyo,K1976,1976,4,99,16,U90F5,090f5.svg,,,draft,1961–1980,koi.png,,,,972,,,郵
邦,1832,1991,7,S,N1,home_country,home_country,home_country,ホウ,くに,joyo,K1832,1832,4,92,12,U90A6,090a6.svg,,,draft,1821–1840,castle.png,,,,785,,,邦
那,1568,1992,7,S,N1,that,that,that,ナ,なに,joyo,K1568,1568,4,79,8,U90A3,090a3.svg,,,draft,1561–1580,bamboo.png,,,,1002,一,one,那
郷,412,1993,11,6,N1,hometown,hometown,hometown,キョウ,さと,joyo,K0412,412,1,21,12,U90F7,090f7.svg,,,draft,401–420,koi.png,,,,728,,,郷
響,418,1994,20,S,N1,echo,echo,echo,キョウ,ひび-く,joyo,K0418,418,1,21,18,U97FF,097ff.svg,,,draft,401–420,koi.png,,,,560,日,sun,響
郎,2118,1995,9,S,N1,son,son,son,ロウ,おとこ,joyo,K2118,2118,5,106,18,U90CE,090ce.svg,,,draft,2101–2120,kujira.png,,,,226,丶,drop,郎
廊,2121,1996,12,S,N1,corridor,corridor,corridor,ロウ,,joyo,K2121,2121,5,107,1,U5ECA,05eca.svg,,,draft,2121–2140,mountain.png,,,,1869,丶,drop,廊
盾,934,1997,9,S,N1,shield,shield,shield,ジュン,たて,joyo,K0934,934,2,47,14,U76FE,076fe.svg,,,draft,921–940,mountain.png,,,,1699,十|目,ten|eye,盾
循,938,1998,12,S,N1,sequential,sequential,sequential,ジュン,,joyo,K0938,938,2,47,18,U5FAA,05faa.svg,,,draft,921–940,mountain.png,,,,1617,一|十|目,one|ten|eye,循
派,1606,1999,9,6,N1,faction,faction,faction,ハ,,joyo,K1606,1606,4,81,6,U6D3E,06d3e.svg,,,draft,1601–1620,koi.png,,,,499,水|人,water|person,派
脈,1916,2000,10,5,N1,vein,vein,vein,ミャク,すじ,joyo,K1916,1916,4,96,16,U8108,08108.svg,,,draft,1901–1920,tree.png,,,,1303,月|人,moon|person,脈
衆,900,2001,12,6,N1,masses,masses,masses,シュウ,おお-い,joyo,K0900,900,2,45,20,U8846,08846.svg,,,draft,881–900,koi.png,,,,476,丶,drop,衆
逓,1450,2002,10,S,N1,relay,relay,relay,テイ,かわ-る,joyo,K1450,1450,3,73,10,U9013,09013.svg,,,draft,1441–1460,bamboo.png,,,,2454,,,逓
段,1349,2003,9,6,N3,grade,grade,grade,ダン,,joyo,K1349,1349,3,68,9,U6BB5,06bb5.svg,,,draft,1341–1360,castle.png,,,,645,,,段
鍛,1346,2004,17,S,N1,forge,forge,forge,タン,きた-える,joyo,K1346,1346,3,68,6,U935B,0935b.svg,,,draft,1341–1360,castle.png,,,,1870,金,gold,鍛
后,599,2005,6,6,N1,empress,empress,empress,コウ,きさき,joyo,K0599,599,2,30,19,U540E,0540e.svg,,,draft,581–600,tree.png,,,,1592,一|口,one|mouth,后
幻,546,2006,4,S,N1,phantasm,phantasm,phantasm,ゲン,まぼろし,joyo,K0546,546,2,28,6,U5E7B,05e7b.svg,,,draft,541–560,kujira.png,,,,1246,,,幻
司,766,2007,5,4,N3,director,director,director,シ,つかさど-る,joyo,K0766,766,2,39,6,U53F8,053f8.svg,,,draft,761–780,koi.png,,,,419,一|口,one|mouth,司
伺,774,2008,7,S,N2,pay_respects,pay_respects,pay_respects,シ,うかが-う,joyo,K0774,774,2,39,14,U4F3A,04f3a.svg,,,draft,761–780,koi.png,,,,2508,人|一|口,person|one|mouth,伺
詞,794,2009,12,6,N3,parts_of_speech,parts_of_speech,parts_of_speech,シ,ことば,joyo,K0794,794,2,40,14,U8A5E,08a5e.svg,,,draft,781–800,kujira.png,,,,446,口|一,mouth|one,詞
飼,800,2010,13,5,N1,domesticate,domesticate,domesticate,シ,か-う,joyo,K0800,800,2,40,20,U98FC,098fc.svg,,,draft,781–800,kujira.png,,,,1354,丶|一|口,drop|one|mouth,飼
嗣,796,2011,13,S,N1,heir,heir,heir,シ,,joyo,K0796,796,2,40,16,U55E3,055e3.svg,,,draft,781–800,kujira.png,,,,1734,口|一,mouth|one,嗣
舟,886,2012,6,S,N2,boat,boat,boat,シュウ,ふね,joyo,K0886,886,2,45,6,U821F,0821f.svg,,,draft,881–900,koi.png,,,,1608,,,舟
舶,1636,2013,11,S,N1,liner,liner,liner,ハク,,joyo,K1636,1636,4,82,16,U8236,08236.svg,,,draft,1621–1640,kujira.png,,,,1775,,,舶
航,625,2014,10,5,N3,navigate,navigate,navigate,コウ,,joyo,K0625,625,2,32,5,U822A,0822a.svg,,,draft,621–640,castle.png,,,,507,lid,lid,航
舷,553,2015,11,S,,gunwale,gunwale,gunwale,ゲン,ふなばた,joyo,K0553,553,2,28,13,U8237,08237.svg,,,draft,541–560,kujira.png,,,,2068,lid,lid,舷
般,1669,2016,10,S,N2,carrier,carrier,carrier,ハン,,joyo,K1669,1669,4,84,9,U822C,0822c.svg,,,draft,1661–1680,tree.png,,,,592,,,般
盤,1682,2017,15,S,N1,tray,tray,tray,バン,,joyo,K1682,1682,4,85,2,U76E4,076e4.svg,,,draft,1681–1700,bamboo.png,,,,686,,,盤
搬,1673,2018,13,S,N1,conveyor,conveyor,conveyor,ハン,,joyo,K1673,1673,4,84,13,U642C,0642c.svg,,,draft,1661–1680,tree.png,,,,1690,,,搬
船,1180,2019,11,2,N3,ship,ship,ship,セン,ふね,joyo,K1180,1180,3,59,20,U8239,08239.svg,,,draft,1161–1180,mountain.png,,,,438,split|口,split|mouth,船
艦,290,2020,21,S,N1,warship,warship,warship,カン,,joyo,K0290,290,1,15,10,U8266,08266.svg,,,draft,281–300,koi.png,,,,395,一,one,艦
艇,1456,2021,13,S,N1,rowboat,rowboat,rowboat,テイ,,joyo,K1456,1456,3,73,16,U8247,08247.svg,,,draft,1441–1460,bamboo.png,,,,1251,丶,drop,艇
瓜,NA,2022,6,H,,melon,melon,melon,カ,うり,heisig_extra,K2195,2195,5,110,15,U74DC,074dc.svg,,,draft,2181–2200,castle.png,,, ,2291,,,瓜
弧,565,2023,9,S,N1,arc,arc,arc,コ,,joyo,K0565,565,2,29,5,U5F27,05f27.svg,,,draft,561–580,mountain.png,,,,1936,,,弧
孤,564,2024,9,S,N1,orphan,orphan,orphan,コ,,joyo,K0564,564,2,29,4,U5B64,05b64.svg,,,draft,561–580,mountain.png,,,,1564,子,rat_zodiac,孤
繭,541,2025,18,S,N1,cocoon,cocoon,cocoon,ケン,まゆ,joyo,K0541,541,2,28,1,U7E6D,07e6d.svg,,,draft,541–560,kujira.png,,,,2521,糸,thread,繭
益,80,2026,10,5,N1,benefit,benefit,benefit,エキ,ま-す,joyo,K0080,80,1,4,20,U76CA,076ca.svg,,,draft,61–80,kujira.png,,,,1061,一|legs|split,one|legs|split,益
暇,155,2027,13,S,N1,spare_time,spare_time,spare_time,カ,ひま,joyo,K0155,155,1,8,15,U6687,06687.svg,,,draft,141–160,castle.png,,,,2024,日|口,day|mouth,暇
敷,1755,2028,15,S,N1,spread,spread,spread,フ,し-く,joyo,K1755,1755,4,88,15,U6577,06577.svg,,,draft,1741–1760,kujira.png,,,,928,田,field,敷
来,2022,2029,7,2,N5,come,come,come,ライ,く-る,joyo,K2022,2022,5,102,2,U6765,06765.svg,,,draft,2021–2040,tree.png,,,,164,,,来
気,305,2030,6,1,N5,spirit,spirit,spirit,キ,いき,joyo,K0305,305,1,16,5,U6C17,06c17.svg,,,draft,301–320,kujira.png,,,,169,一,one,気
汽,309,2031,7,2,N1,vapor,vapor,vapor,キ,,joyo,K0309,309,1,16,9,U6C7D,06c7d.svg,,,draft,301–320,kujira.png,,,,1962,水|一,water|one,汽
飛,1693,2032,9,4,N3,fly,fly,fly,ヒ,と-ぶ,joyo,K1693,1693,4,85,13,U98DB,098db.svg,,,draft,1681–1700,bamboo.png,,,,536,乙,hook,飛
沈,1421,2033,7,S,N2,sink,sink,sink,チン,しず-む,joyo,K1421,1421,3,72,1,U6C88,06c88.svg,,,draft,1421–1440,tree.png,,,,1271,水|legs,water|legs,沈
枕,1902,2034,8,S,,pillow,pillow,pillow,チン,まくら,joyo,K1902,1902,4,96,2,U6795,06795.svg,,,draft,1901–1920,tree.png,,,,2151,木|legs,tree|legs,枕
妻,696,2035,8,5,N3,wife,wife,wife,サイ,つま,joyo,K0696,696,2,35,16,U59BB,059bb.svg,,,draft,681–700,mountain.png,,,,713,十|女,ten|woman,妻
凄,1121,2036,10,S,,nifty,nifty,nifty,セイ,さむ-い,joyo,K1121,1121,3,57,1,U51C4,051c4.svg,,,draft,1121–1140,koi.png,,,,2119,十|女,ten|woman,凄
衰,1087,2037,10,S,N1,decline,decline,decline,スイ,おとろ-える,joyo,K1087,1087,3,55,7,U8870,08870.svg,,,draft,1081–1100,bamboo.png,,,,1620,lid|口,lid|mouth,衰
衷,1386,2038,9,S,N1,inmost,inmost,inmost,チュウ,,joyo,K1386,1386,3,70,6,U8877,08877.svg,,,draft,1381–1400,kujira.png,,,,2739,十|口,ten|mouth,衷
面,1936,2039,9,3,N3,mask,mask,mask,メン,おも,joyo,K1936,1936,4,97,16,U9762,09762.svg,,,draft,1921–1940,bamboo.png,,,,173,一|丶|囗|目,one|drop|enclosure|eye,面
麺,1938,2040,16,S,,noodles,noodles,noodles,メン,むぎこ,joyo,K1938,1938,4,97,18,U9EBA,09eba.svg,,,draft,1921–1940,bamboo.png,,,,2073,一|丶|囗|目,one|drop|enclosure|eye,麺
革,213,2041,9,6,N3,leather,leather,leather,カク,かわ,joyo,K0213,213,1,11,13,U9769,09769.svg,,,draft,201–220,mountain.png,,,,656,口|十,mouth|ten,革
靴,157,2042,13,S,N2,shoes,shoes,shoes,カ,くつ,joyo,K0157,157,1,8,17,U9774,09774.svg,,,draft,141–160,castle.png,,,,1874,口|十|人,mouth|ten|person,靴
覇,1608,2043,19,S,N1,hegemony,hegemony,hegemony,ハ,はたがしら,joyo,K1608,1608,4,81,8,U8987,08987.svg,,,draft,1601–1620,koi.png,,,,1153,口|十|月,mouth|ten|moon,覇
声,1110,2044,7,2,N4,voice,voice,voice,セイ,こえ,joyo,K1110,1110,3,56,10,U58F0,058f0.svg,,,draft,1101–1120,castle.png,,,,345,,,声
眉,1704,2045,9,S,N1,eyebrow,eyebrow,eyebrow,ビ,まゆ,joyo,K1704,1704,4,86,4,U7709,07709.svg,,,draft,1701–1720,castle.png,,,,2373,目,eye,眉
呉,579,2046,7,S,N1,give,give,give,ゴ,く-れる,joyo,K0579,579,2,29,19,U5449,05449.svg,,,draft,561–580,mountain.png,,,,1478,口|legs,mouth|legs,呉
娯,581,2047,10,S,N1,recreation,recreation,recreation,ゴ,,joyo,K0581,581,2,30,1,U5A2F,05a2f.svg,,,draft,581–600,tree.png,,,,2313,女|口|legs,woman|mouth|legs,娯
誤,585,2048,14,6,N3,mistake,mistake,mistake,ゴ,あやま-る,joyo,K0585,585,2,30,5,U8AA4,08aa4.svg,,,draft,581–600,tree.png,,,,1250,口|legs,mouth|legs,誤
蒸,1022,2049,13,6,N3,steam,steam,steam,ジョウ,む-す,joyo,K1022,1022,3,52,2,U84B8,084b8.svg,,,draft,1021–1040,kujira.png,,,,1514,水|一,water|one,蒸
承,969,2050,8,6,N3,acquiesce,acquiesce,acquiesce,ショウ,うけたまわ-る,joyo,K0969,969,2,49,9,U627F,0627f.svg,,,draft,961–980,bamboo.png,,,,832,水|一,water|one,承
函,NA,2051,8,H,,bin,bin,bin,カン,はこ,heisig_extra,K2196,2196,5,110,16,U51FD,051fd.svg,,,draft,2181–2200,castle.png,,, ,1535,,,函
極,426,2052,12,4,N3,poles,poles,poles,キョク,きわ-める,joyo,K0426,426,1,22,6,U6975,06975.svg,,,draft,421–440,kujira.png,,,,680,木|口|一,tree|mouth|one,極
牙,164,2053,4,S,,tusk,tusk,tusk,ガ,きば,joyo,K0164,164,1,9,4,U7259,07259.svg,,,draft,161–180,koi.png,,,,1863,,,牙
芽,168,2054,8,4,N1,bud,bud,bud,ガ,め,joyo,K0168,168,1,9,8,U82BD,082bd.svg,,,draft,161–180,koi.png,,,,1693,,,芽
邪,853,2055,8,S,N1,wicked,wicked,wicked,ジャ,よこし-ま,joyo,K0853,853,2,43,13,U90AA,090aa.svg,,,draft,841–860,bamboo.png,,,,1550,,,邪
雅,170,2056,13,S,N1,gracious,gracious,gracious,ガ,みや-び,joyo,K0170,170,1,9,10,U96C5,096c5.svg,,,draft,161–180,koi.png,,,,1059,,,雅
釈,858,2057,11,S,N1,interpretation,interpretation,interpretation,シャク,とく,joyo,K0858,858,2,43,18,U91C8,091c8.svg,,,draft,841–860,bamboo.png,,,,783,丶,drop,釈
番,1680,2058,12,2,N3,ones_turn,ones_turn,ones_turn,バン,つが-い,joyo,K1680,1680,4,84,20,U756A,0756a.svg,,,draft,1661–1680,tree.png,,,,133,丶|田,drop|field,番
審,1066,2059,15,S,N1,hearing,hearing,hearing,シン,つまび-らか,joyo,K1066,1066,3,54,6,U5BE9,05be9.svg,,,draft,1061–1080,tree.png,,,,906,丶|田,drop|field,審
翻,1888,2060,18,S,N1,flip,flip,flip,ホン,ひるがえ-る,joyo,K1888,1888,4,95,8,U7FFB,07ffb.svg,,,draft,1881–1900,mountain.png,,,,1244,丶|田,drop|field,翻
藩,1678,2061,18,S,N1,clan,clan,clan,ハン,,joyo,K1678,1678,4,84,18,U85E9,085e9.svg,,,draft,1661–1680,tree.png,,,,741,水|丶|田,water|drop|field,藩
毛,1941,2062,4,2,N3,fur,fur,fur,モウ,け,joyo,K1941,1941,4,98,1,U6BDB,06bdb.svg,,,draft,1941–1960,castle.png,,,,983,,,毛
耗,1944,2063,10,S,N1,decrease,decrease,decrease,モウ,,joyo,K1944,1944,4,98,4,U8017,08017.svg,,,draft,1941–1960,castle.png,,,,2171,,,耗
尾,1703,2064,7,S,N1,tail,tail,tail,ビ,お,joyo,K1703,1703,4,86,3,U5C3E,05c3e.svg,,,draft,1701–1720,castle.png,,,,541,tail,tail,尾
宅,1318,2065,6,6,N3,home,home,home,タク,,joyo,K1318,1318,3,66,18,U5B85,05b85.svg,,,draft,1301–1320,tree.png,,,,769,,,宅
託,1323,2066,10,S,N1,consign,consign,consign,タク,かこつ-ける,joyo,K1323,1323,3,67,3,U8A17,08a17.svg,,,draft,1321–1340,bamboo.png,,,,1169,口,mouth,託
為,23,2067,9,S,N1,do,do,do,イ,ため,joyo,K0023,23,1,2,3,U70BA,070ba.svg,,,draft,21–40,castle.png,,,,767,,,為
偽,341,2068,11,S,N1,falsehood,falsehood,falsehood,ギ,いつわ-る,joyo,K0341,341,1,18,1,U507D,0507d.svg,,,draft,341–360,tree.png,,,,1377,人,person,偽
畏,24,2069,9,S,,apprehensive,apprehensive,apprehensive,イ,おそ-れる,joyo,K0024,24,1,2,4,U754F,0754f.svg,,,draft,21–40,castle.png,,,,2662,田,field,畏
長,1397,2070,8,2,N5,long,long,long,チョウ,なが-い,joyo,K1397,1397,3,70,17,U9577,09577.svg,,,draft,1381–1400,kujira.png,,,,36,,,長
張,1400,2071,11,5,N3,lengthen,lengthen,lengthen,チョウ,は-る,joyo,K1400,1400,3,70,20,U5F35,05f35.svg,,,draft,1381–1400,kujira.png,,,,543,,,張
帳,1399,2072,11,3,N1,notebook,notebook,notebook,チョウ,とばり,joyo,K1399,1399,3,70,19,U5E33,05e33.svg,,,draft,1381–1400,kujira.png,,,,1409,,,帳
脹,NA,2073,12,H,N1,dilate,dilate,dilate,チョウ,は-れる,heisig_extra,K2197,2197,5,110,17,U8139,08139.svg,,,draft,2181–2200,castle.png,,, ,2934,月,moon,脹
髪,1650,2074,14,S,N2,hair,hair,hair,ハツ,かみ,joyo,K1650,1650,4,83,10,U9AEA,09aea.svg,,,draft,1641–1660,mountain.png,,,,1142,,,髪
展,1476,2075,10,6,N3,unfold,unfold,unfold,テン,,joyo,K1476,1476,3,74,16,U5C55,05c55.svg,,,draft,1461–1480,castle.png,,,,479,,,展
喪,1238,2076,12,S,N1,miss,miss,miss,ソウ,も,joyo,K1238,1238,3,62,18,U55AA,055aa.svg,,,draft,1221–1240,castle.png,,,,1798,土|口,soil|mouth,喪
巣,1231,2077,11,4,N1,nest,nest,nest,ソウ,す,joyo,K1231,1231,3,62,11,U5DE3,05de3.svg,,,draft,1221–1240,castle.png,,,,1457,田|木,field|tree,巣
単,1336,2078,9,4,N3,simple,simple,simple,タン,ひとえ,joyo,K1336,1336,3,67,16,U5358,05358.svg,,,draft,1321–1340,bamboo.png,,,,506,田|十,field|ten,単
戦,1181,2079,13,4,N3,war,war,war,セン,いくさ,joyo,K1181,1181,3,60,1,U6226,06226.svg,,,draft,1181–1200,tree.png,,,,28,田|十,field|ten,戦
禅,1200,2080,13,S,N1,zen,zen,zen,ゼン,しずか,joyo,K1200,1200,3,60,20,U7985,07985.svg,,,draft,1181–1200,tree.png,,,,1704,田|十,field|ten,禅
弾,1351,2081,12,S,N1,bullet,bullet,bullet,ダン,ひ-く,joyo,K1351,1351,3,68,11,U5F3E,05f3e.svg,,,draft,1341–1360,castle.png,,,,651,田|十,field|ten,弾
桜,114,2082,10,5,N1,cherry_blossom,cherry_blossom,cherry_blossom,オウ,さくら,joyo,K0114,114,1,6,14,U685C,0685c.svg,,,draft,101–120,tree.png,,,,921,木|女,tree|woman,桜
獣,916,2083,16,S,N1,animal,animal,animal,ジュウ,けもの,joyo,K0916,916,2,46,16,U7363,07363.svg,,,draft,901–920,kujira.png,,,,1072,田|一|口|丶,field|one|mouth|drop,獣
脳,1601,2084,11,6,N3,brain,brain,brain,ノウ,のうずる,joyo,K1601,1601,4,81,1,U8133,08133.svg,,,draft,1601–1620,koi.png,,,,1155,月,moon,脳
悩,1598,2085,10,S,N2,trouble,trouble,trouble,ノウ,なや-む,joyo,K1598,1598,4,80,18,U60A9,060a9.svg,,,draft,1581–1600,castle.png,,,,1493,,,悩
厳,556,2086,17,6,N1,stern,stern,stern,ゲン,おごそ-か,joyo,K0556,556,2,28,16,U53B3,053b3.svg,,,draft,541–560,kujira.png,,,,1122,cliff,cliff,厳
鎖,690,2087,18,S,N1,chain,chain,chain,サ,くさり,joyo,K0690,690,2,35,10,U9396,09396.svg,,,draft,681–700,mountain.png,,,,1192,金|小|貝|目|legs|split,gold|small|shellfish|eye|legs|split,鎖
挙,387,2088,10,4,N1,raise,raise,raise,キョ,あ-げる,joyo,K0387,387,1,20,7,U6319,06319.svg,,,draft,381–400,castle.png,,,,443,,,挙
誉,1989,2089,13,S,N1,reputation,reputation,reputation,ヨ,ほま-れ,joyo,K1989,1989,4,100,9,U8A89,08a89.svg,,,draft,1981–2000,kujira.png,,,,1054,口,mouth,誉
猟,2065,2090,11,S,N1,game_hunting,game_hunting,game_hunting,リョウ,かり,joyo,K2065,2065,5,104,5,U731F,0731f.svg,,,draft,2061–2080,castle.png,,,,1820,,,猟
鳥,1405,2091,11,2,N4,bird,bird,bird,チョウ,とり,joyo,K1405,1405,3,71,5,U9CE5,09ce5.svg,,,draft,1401–1420,mountain.png,,,,726,一,one,鳥
鳴,1933,2092,14,2,N3,chirp,chirp,chirp,メイ,な-く,joyo,K1933,1933,4,97,13,U9CF4,09cf4.svg,,,draft,1921–1940,bamboo.png,,,,1265,口,mouth,鳴
鶴,1436,2093,21,S,N1,crane,crane,crane,カク,つる,joyo,K1436,1436,3,72,16,U9DB4,09db4.svg,,,draft,1421–1440,tree.png,,,,984,,,鶴
烏,NA,2094,10,H,,crow,crow,crow,ウ,からす,heisig_extra,K2198,2198,5,110,18,U70CF,070cf.svg,,,draft,2181–2200,castle.png,,, ,1809,丶|口|一,drop|mouth|one,烏
蔦,NA,2095,14,H,N1,vine,vine,vine,チョウ,つた,heisig_extra,K2199,2199,5,110,19,U8526,08526.svg,,,draft,2181–2200,castle.png,,, ,2620,,,蔦
鳩,NA,2096,13,H,N1,pigeon,pigeon,pigeon,キュウ,はと,heisig_extra,K2200,2200,5,110,20,U9CE9,09ce9.svg,,,draft,2181–2200,castle.png,,, ,1913,ball,ball,鳩
鶏,497,2097,19,S,N1,chicken,chicken,chicken,ケイ,にわとり,joyo,K0497,497,1,25,17,U9D8F,09d8f.svg,,,draft,481–500,bamboo.png,,,,1932,,,鶏
島,1510,2098,10,3,N3,island,island,island,トウ,しま,joyo,K1510,1510,4,76,10,U5CF6,05cf6.svg,,,draft,1501–1520,kujira.png,,,,100,,,島
暖,1352,2099,13,6,N3,warmth,warmth,warmth,ダン,あたた-か,joyo,K1352,1352,3,68,12,U6696,06696.svg,,,draft,1341–1360,castle.png,,,,1832,日|一,day|one,暖
媛,93,2100,12,4,N1,maiden,maiden,maiden,エン,ひめ,joyo,K0093,93,1,5,13,U5A9B,05a9b.svg,,,draft,81–100,mountain.png,,,,1533,女|一,woman|one,媛
援,94,2101,12,S,N1,abet,abet,abet,エン,,joyo,K0094,94,1,5,14,U63F4,063f4.svg,,,draft,81–100,mountain.png,,,,658,一,one,援
緩,282,2102,15,S,N1,slacken,slacken,slacken,カン,ゆる-い,joyo,K0282,282,1,15,2,U7DE9,07de9.svg,,,draft,281–300,koi.png,,,,1598,糸|一,thread|one,緩
属,1273,2103,12,5,N1,belong,belong,belong,ゾク,さかん,joyo,K1273,1273,3,64,13,U5C5E,05c5e.svg,,,draft,1261–1280,kujira.png,,,,265,丶,drop,属
嘱,1036,2104,15,S,N1,entrust,entrust,entrust,ショク,しょく-する,joyo,K1036,1036,3,52,16,U5631,05631.svg,,,draft,1021–1040,kujira.png,,,,2204,口|丶,mouth|drop,嘱
偶,453,2105,11,S,N2,accidentally,accidentally,accidentally,グウ,たま,joyo,K0453,453,1,23,13,U5076,05076.svg,,,draft,441–460,mountain.png,,,,1556,人|田,person|field,偶
遇,454,2106,12,S,N1,interview,interview,interview,グウ,あ-う,joyo,K0454,454,1,23,14,U9047,09047.svg,,,draft,441–460,mountain.png,,,,1521,田,field,遇
愚,451,2107,13,S,N1,foolish,foolish,foolish,グ,おろ-か,joyo,K0451,451,1,23,11,U611A,0611a.svg,,,draft,441–460,mountain.png,,,,2036,田,field,愚
隅,455,2108,12,S,N2,corner,corner,corner,グウ,すみ,joyo,K0455,455,1,23,15,U9685,09685.svg,,,draft,441–460,mountain.png,,,,1789,田,field,隅
逆,357,2109,9,5,N3,inverted,inverted,inverted,ギャク,さか,joyo,K0357,357,1,18,17,U9006,09006.svg,,,draft,341–360,tree.png,,,,907,horns,horns,逆
塑,1214,2110,13,S,N1,model,model,model,ソ,でく,joyo,K1214,1214,3,61,14,U5851,05851.svg,,,draft,1201–1220,bamboo.png,,,,2726,horns|月|土,horns|moon|soil,塑
遡,1215,2111,14,S,,go_upstream,go_upstream,go_upstream,ソ,さかのぼ-る,joyo,K1215,1215,3,61,15,U9061,09061.svg,,,draft,1201–1220,bamboo.png,,,,2080,horns|月,horns|moon,遡
岡,118,2112,8,4,,hills,hills,hills,コウ,おか,joyo,K0118,118,1,6,18,U5CA1,05ca1.svg,,,draft,101–120,tree.png,,,,230,horns,horns,岡
鋼,647,2113,16,6,N1,steel,steel,steel,コウ,はがね,joyo,K0647,647,2,33,7,U92FC,092fc.svg,,,draft,641–660,koi.png,,,,1386,金,gold,鋼
綱,642,2114,14,S,N1,hawser,hawser,hawser,コウ,つな,joyo,K0642,642,2,33,2,U7DB1,07db1.svg,,,draft,641–660,koi.png,,,,1214,糸,thread,綱
剛,654,2115,10,S,N1,sturdy,sturdy,sturdy,ゴウ,,joyo,K0654,654,2,33,14,U525B,0525b.svg,,,draft,641–660,koi.png,,,,1259,,,剛
缶,251,2116,6,S,N1,tin_can,tin_can,tin_can,カン,かま,joyo,K0251,251,1,13,11,U7F36,07f36.svg,,,draft,241–260,bamboo.png,,,,1939,,,缶
陶,1517,2117,11,S,N1,pottery,pottery,pottery,トウ,すえ,joyo,K1517,1517,4,76,17,U9676,09676.svg,,,draft,1501–1520,kujira.png,,,,1667,,,陶
揺,2000,2118,12,S,N1,swing,swing,swing,ヨウ,ゆ-れる,joyo,K2000,2000,4,100,20,U63FA,063fa.svg,,,draft,1981–2000,kujira.png,,,,1753,,,揺
謡,2011,2119,16,S,N1,noh_chanting,noh_chanting,noh_chanting,ヨウ,うた-い,joyo,K2011,2011,5,101,11,U8B21,08b21.svg,,,draft,2001–2020,mountain.png,,,,1553,口,mouth,謡
鬱,63,2120,29,S,,depression,depression,depression,ウツ,うっ-する,joyo,K0063,63,1,4,3,U9B31,09b31.svg,,,draft,61–80,kujira.png,,,,2214,,,鬱
就,899,2121,12,6,N1,concerning,concerning,concerning,シュウ,つ-く,joyo,K0899,899,2,45,19,U5C31,05c31.svg,,,draft,881–900,koi.png,,,,600,lid|口|小,lid|mouth|small,就
蹴,905,2122,19,S,,kick,kick,kick,シュク,け-る,joyo,K0905,905,2,46,5,U8E74,08e74.svg,,,draft,901–920,kujira.png,,,,1764,口|lid|小,mouth|lid|small,蹴
懇,681,2123,17,S,N1,sociable,sociable,sociable,コン,ねんご-ろ,joyo,K0681,681,2,35,1,U61C7,061c7.svg,,,draft,681–700,mountain.png,,,,2078,,,懇
墾,680,2124,16,S,N1,groundbreaking,groundbreaking,groundbreaking,コン,は-る,joyo,K0680,680,2,34,20,U58BE,058be.svg,,,draft,661–680,kujira.png,,,,2572,土,soil,墾
貌,1870,2125,14,S,,countenance,countenance,countenance,ボウ,かたち,joyo,K1870,1870,4,94,10,U8C8C,08c8c.svg,,,draft,1861–1880,kujira.png,,,,1804,legs,legs,貌
免,1935,2126,8,S,N1,excuse,excuse,excuse,メン,まぬか-れる,joyo,K1935,1935,4,97,15,U514D,0514d.svg,,,draft,1921–1940,bamboo.png,,,,1055,legs,legs,免
逸,43,2127,11,S,N1,elude,elude,elude,イツ,そ-れる,joyo,K0043,43,1,3,3,U9038,09038.svg,,,draft,41–60,koi.png,,,,1607,legs,legs,逸
晩,1679,2128,12,6,N3,nightfall,nightfall,nightfall,バン,,joyo,K1679,1679,4,84,19,U6669,06669.svg,,,draft,1661–1680,tree.png,,,,1528,日|legs,day|legs,晩
勉,1816,2129,10,3,N4,exertion,exertion,exertion,ベン,つと-める,joyo,K1816,1816,4,91,16,U52C9,052c9.svg,,,draft,1801–1820,bamboo.png,,,,1575,legs,legs,勉
象,996,2130,12,5,N3,elephant,elephant,elephant,ショウ,かたど-る,joyo,K0996,996,2,50,16,U8C61,08c61.svg,,,draft,981–1000,castle.png,,,,605,,,象
像,1255,2131,14,5,N3,statue,statue,statue,ゾウ,,joyo,K1255,1255,3,63,15,U50CF,050cf.svg,,,draft,1241–1260,koi.png,,,,546,人,person,像
馬,1609,2132,10,2,N3,horse,horse,horse,バ,うま,joyo,K1609,1609,4,81,9,U99AC,099ac.svg,,,draft,1601–1620,koi.png,,,,288,,,馬
駒,667,2133,15,S,N1,pony,pony,pony,ク,こま,joyo,K0667,667,2,34,7,U99D2,099d2.svg,,,draft,661–680,kujira.png,,,,1256,口,mouth,駒
験,543,2134,18,4,N4,verification,verification,verification,ケン,あかし,joyo,K0543,543,2,28,3,U9A13,09a13.svg,,,draft,541–560,kujira.png,,,,500,口|人,mouth|person,験
騎,338,2135,18,S,N1,equestrian,equestrian,equestrian,キ,,joyo,K0338,338,1,17,18,U9A0E,09a0e.svg,,,draft,321–340,mountain.png,,,,919,口,mouth,騎
駐,1389,2136,15,S,N2,parking,parking,parking,チュウ,,joyo,K1389,1389,3,70,9,U99D0,099d0.svg,,,draft,1381–1400,kujira.png,,,,973,丶|ball,drop|ball,駐
駆,448,2137,14,S,N1,drive,drive,drive,ク,か-ける,joyo,K0448,448,1,23,8,U99C6,099c6.svg,,,draft,441–460,mountain.png,,,,861,,,駆
駅,82,2138,14,3,N5,station,station,station,エキ,,joyo,K0082,82,1,5,2,U99C5,099c5.svg,,,draft,81–100,mountain.png,,,,112,,,駅
騒,1252,2139,18,S,N1,boisterous,boisterous,boisterous,ソウ,さわ-ぐ,joyo,K1252,1252,3,63,12,U9A12,09a12.svg,,,draft,1241–1260,koi.png,,,,1396,,,騒
駄,1292,2140,14,S,N1,burdensome,burdensome,burdensome,ダ,,joyo,K1292,1292,3,65,12,U99C4,099c4.svg,,,draft,1281–1300,mountain.png,,,,1896,丶,drop,駄
驚,419,2141,22,S,N1,wonder,wonder,wonder,キョウ,おどろ-く,joyo,K0419,419,1,21,19,U9A5A,09a5a.svg,,,draft,401–420,koi.png,,,,1601,口,mouth,驚
篤,1553,2142,16,S,N1,fervent,fervent,fervent,トク,あつ-い,joyo,K1553,1553,4,78,13,U7BE4,07be4.svg,,,draft,1541–1560,tree.png,,,,1672,,,篤
罵,1611,2143,15,S,,insult,insult,insult,バ,ののし-る,joyo,K1611,1611,4,81,11,U7F75,07f75.svg,,,draft,1601–1620,koi.png,,,,2384,目,eye,罵
騰,1535,2144,20,S,N1,inflation,inflation,inflation,トウ,あが-る,joyo,K1535,1535,4,77,15,U9A30,09a30.svg,,,draft,1521–1540,mountain.png,,,,2251,月,moon,騰
虎,563,2145,8,S,N1,tiger,tiger,tiger,コ,とら,joyo,K0563,563,2,29,3,U864E,0864e.svg,,,draft,561–580,mountain.png,,,,1389,cliff|乙|cut|legs,cliff|hook|cut|legs,虎
虜,2058,2146,13,S,N1,captive,captive,captive,リョ,とりこ,joyo,K2058,2058,5,103,18,U865C,0865c.svg,,,draft,2041–2060,bamboo.png,,,,1745,田,field,虜
膚,1756,2147,15,S,N2,skin,skin,skin,フ,はだ,joyo,K1756,1756,4,88,16,U819A,0819a.svg,,,draft,1741–1760,kujira.png,,,,1919,田|月,field|moon,膚
虚,388,2148,11,S,N1,void,void,void,キョ,むな-しい,joyo,K0388,388,1,20,8,U865A,0865a.svg,,,draft,381–400,castle.png,,,,1681,,,虚
戯,346,2149,15,S,N1,frolic,frolic,frolic,ギ,たわむ-れる,joyo,K0346,346,1,18,6,U622F,0622f.svg,,,draft,341–360,tree.png,,,,1616,,,戯
虞,123,2150,13,S,N1,uneasiness,uneasiness,uneasiness,グ,おそれ,joyo,K0123,123,1,7,3,U865E,0865e.svg,,,draft,121–140,bamboo.png,,,,2642,口,mouth,虞
慮,2059,2151,15,S,N1,prudence,prudence,prudence,リョ,おもんぱく-る,joyo,K2059,2059,5,103,19,U616E,0616e.svg,,,draft,2041–2060,bamboo.png,,,,1420,田,field,慮
劇,502,2152,15,6,N3,drama,drama,drama,ゲキ,,joyo,K0502,502,2,26,2,U5287,05287.svg,,,draft,501–520,castle.png,,,,378,,,劇
虐,358,2153,9,S,N1,tyrannize,tyrannize,tyrannize,ギャク,しいた-げる,joyo,K0358,358,1,18,18,U8650,08650.svg,,,draft,341–360,tree.png,,,,1597,一,one,虐
鹿,825,2154,11,4,N1,deer,deer,deer,ロク,しか,joyo,K0825,825,2,42,5,U9E7F,09e7f.svg,,,draft,821–840,tree.png,,,,826,,,鹿
麓,2127,2155,19,S,,foot_of_mountain,foot_of_mountain,foot_of_mountain,ロク,ふもと,joyo,K2127,2127,5,107,7,U9E93,09e93.svg,,,draft,2121–2140,mountain.png,,,,1923,木,tree,麓
薦,1193,2156,16,S,N1,recommend,recommend,recommend,セン,すす-める,joyo,K1193,1193,3,60,13,U85A6,085a6.svg,,,draft,1181–1200,tree.png,,,,1635,,,薦
慶,492,2157,15,S,N1,jubilation,jubilation,jubilation,ケイ,よろこ-び,joyo,K0492,492,1,25,12,U6176,06176.svg,,,draft,481–500,bamboo.png,,,,912,,,慶
麗,2098,2158,19,S,N1,lovely,lovely,lovely,レイ,うるわ-しい,joyo,K2098,2098,5,105,18,U9E97,09e97.svg,,,draft,2081–2100,koi.png,,,,1329,一,one,麗
熊,460,2159,14,4,N1,bear,bear,bear,ユウ,くま,joyo,K0460,460,1,23,20,U718A,0718a.svg,,,draft,441–460,mountain.png,,,,829,月,moon,熊
能,1600,2160,10,5,N3,ability,ability,ability,ノウ,よ-く,joyo,K1600,1600,4,80,20,U80FD,080fd.svg,,,draft,1581–1600,castle.png,,,,158,月,moon,能
態,1310,2161,14,5,N1,attitude,attitude,attitude,タイ,わざ-と,joyo,K1310,1310,3,66,10,U614B,0614b.svg,,,draft,1301–1320,tree.png,,,,460,月,moon,態
寅,NA,2162,11,H,N1,tiger_zodiac,tiger_zodiac,tiger_zodiac,イン,とら,heisig_extra,K2201,2201,5,111,1,U5BC5,05bc5.svg,,,draft,2201–2220,koi.png,,, ,2037,一|legs|split,one|legs|split,寅
演,101,2163,14,5,N3,performance,performance,performance,エン,,joyo,K0101,101,1,6,1,U6F14,06f14.svg,,,draft,101–120,tree.png,,,,87,水|一|legs|split,water|one|legs|split,演
辰,NA,2164,7,H,N1,dragon_zodiac,dragon_zodiac,dragon_zodiac,シン,たつ,heisig_extra,K2202,2202,5,111,2,U8FB0,08fb0.svg,,,draft,2201–2220,koi.png,,, ,1479,cliff|一,cliff|one,辰
辱,1039,2165,10,S,N1,embarrass,embarrass,embarrass,ジョク,はずかし-める,joyo,K1039,1039,3,52,19,U8FB1,08fb1.svg,,,draft,1021–1040,kujira.png,,,,1976,cliff|一,cliff|one,辱
震,1067,2166,15,S,N2,quake,quake,quake,シン,ふる-う,joyo,K1067,1067,3,54,7,U9707,09707.svg,,,draft,1061–1080,tree.png,,,,930,cliff|一,cliff|one,震
振,1054,2167,10,S,N1,shake,shake,shake,シン,ふ-る,joyo,K1054,1054,3,53,14,U632F,0632f.svg,,,draft,1041–1060,mountain.png,,,,687,cliff|一,cliff|one,振
娠,1053,2168,10,S,N1,with_child,with_child,with_child,シン,,joyo,K1053,1053,3,53,13,U5A20,05a20.svg,,,draft,1041–1060,mountain.png,,,,1878,女|cliff|一,woman|cliff|one,娠
唇,1052,2169,10,S,N1,lips,lips,lips,シン,くちびる,joyo,K1052,1052,3,53,12,U5507,05507.svg,,,draft,1041–1060,mountain.png,,,,2222,cliff|一|口,cliff|one|mouth,唇
農,1602,2170,13,3,N3,agriculture,agriculture,agriculture,ノウ,,joyo,K1602,1602,4,81,2,U8FB2,08fb2.svg,,,draft,1601–1620,koi.png,,,,640,cliff|一,cliff|one,農
濃,1603,2171,16,S,N2,concentrated,concentrated,concentrated,ノウ,こ-い,joyo,K1603,1603,4,81,3,U6FC3,06fc3.svg,,,draft,1601–1620,koi.png,,,,1076,水|cliff|一,water|cliff|one,濃
送,1226,2172,9,3,N4,send_off,send_off,send_off,ソウ,おく-る,joyo,K1226,1226,3,62,6,U9001,09001.svg,,,draft,1221–1240,castle.png,,,,119,horns,horns,送
関,279,2173,14,4,N3,connection,connection,connection,カン,せき,joyo,K0279,279,1,14,19,U95A2,095a2.svg,,,draft,261–280,castle.png,,,,53,horns,horns,関
咲,732,2174,9,S,N2,blossom,blossom,blossom,ショウ,さ-く,joyo,K0732,732,2,37,12,U54B2,054b2.svg,,,draft,721–740,bamboo.png,,,,1247,口|horns,mouth|horns,咲
鬼,319,2175,10,S,N1,ghost,ghost,ghost,キ,おに,joyo,K0319,319,1,16,19,U9B3C,09b3c.svg,,,draft,301–320,kujira.png,,,,1016,丶|田|legs,drop|field|legs,鬼
醜,904,2176,17,S,N1,ugly,ugly,ugly,シュウ,みにく-い,joyo,K0904,904,2,46,4,U919C,0919c.svg,,,draft,901–920,kujira.png,,,,2505,丶|田|legs,drop|field|legs,醜
魂,679,2177,14,S,N1,soul,soul,soul,コン,たましい,joyo,K0679,679,2,34,19,U9B42,09b42.svg,,,draft,661–680,kujira.png,,,,1367,一|丶|田|legs,one|drop|field|legs,魂
魔,1894,2178,21,S,N1,witch,witch,witch,マ,,joyo,K1894,1894,4,95,14,U9B54,09b54.svg,,,draft,1881–1900,mountain.png,,,,475,cliff|木|丶|田|legs,cliff|tree|drop|field|legs,魔
魅,1912,2179,15,S,N1,fascination,fascination,fascination,ミ,,joyo,K1912,1912,4,96,12,U9B45,09b45.svg,,,draft,1901–1920,tree.png,,,,1641,丶|田|legs|一|木,drop|field|legs|one|tree,魅
塊,189,2180,13,S,N1,clod,clod,clod,カイ,かたまり,joyo,K0189,189,1,10,9,U584A,0584a.svg,,,draft,181–200,kujira.png,,,,2128,土|丶|田|legs,soil|drop|field|legs,塊
襲,906,2181,22,S,N1,attack,attack,attack,シュウ,おそ-う,joyo,K0906,906,2,46,6,U8972,08972.svg,,,draft,901–920,kujira.png,,,,834,月|一,moon|one,襲
嚇,224,2182,17,S,N1,upbraid,upbraid,upbraid,カク,おど-す,joyo,K0224,224,1,12,4,U5687,05687.svg,,,draft,221–240,tree.png,,,,2768,口,mouth,嚇
朕,1423,2183,10,S,N1,majestic_plural,majestic_plural,majestic_plural,チン,,joyo,K1423,1423,3,72,3,U6715,06715.svg,,,draft,1421–1440,tree.png,,,,2974,月|horns,moon|horns,朕
雰,1780,2184,12,S,N1,atmosphere,atmosphere,atmosphere,フン,,joyo,K1780,1780,4,89,20,U96F0,096f0.svg,,,draft,1761–1780,mountain.png,,,,1827,,,雰
箇,160,2185,14,S,N1,counters_for_things,counters_for_things,counters_for_things,カ,,joyo,K0160,160,1,8,20,U7B87,07b87.svg,,,draft,141–160,castle.png,,,,1509,囗|十|口,enclosure|ten|mouth,箇
錬,2109,2186,16,S,N1,tempering,tempering,tempering,レン,ね-る,joyo,K2109,2109,5,106,9,U932C,0932c.svg,,,draft,2101–2120,kujira.png,,,,1901,3,3,錬
遵,942,2187,15,S,N1,abide_by,abide_by,abide_by,ジュン,,joyo,K0942,942,2,48,2,U9075,09075.svg,,,draft,941–960,tree.png,,,,2486,,,遵
罷,1701,2188,15,S,N1,quit,quit,quit,ヒ,まか-り-,joyo,K1701,1701,4,86,1,U7F77,07f77.svg,,,draft,1701–1720,castle.png,,,,2524,目|月,eye|moon,罷
屯,1561,2189,4,S,N1,barracks,barracks,barracks,トン,たむろ,joyo,K1561,1561,4,79,1,U5C6F,05c6f.svg,,,draft,1561–1580,bamboo.png,,,,1695,丶,drop,屯
且,242,2190,5,S,N1,moreover,moreover,moreover,ショ,か-つ,joyo,K0242,242,1,13,2,U4E14,04e14.svg,,,draft,241–260,bamboo.png,,,,2540,,,且
藻,1253,2191,19,S,N1,seaweed,seaweed,seaweed,ソウ,も,joyo,K1253,1253,3,63,13,U85FB,085fb.svg,,,draft,1241–1260,koi.png,,,,2167,水|口|木,water|mouth|tree,藻
隷,2096,2192,16,S,N1,slave,slave,slave,レイ,したが-う,joyo,K2096,2096,5,105,16,U96B7,096b7.svg,,,draft,2081–2100,koi.png,,,,1506,一|小,one|small,隷
癒,1969,2193,18,S,N1,healing,healing,healing,ユ,い-える,joyo,K1969,1969,4,99,9,U7652,07652.svg,,,draft,1961–1980,koi.png,,,,1964,月,moon,癒
璽,824,2194,19,S,N1,imperial_seal,imperial_seal,imperial_seal,ジ,,joyo,K0824,824,2,42,4,U74BD,074bd.svg,,,draft,821–840,tree.png,,,,2798,一|split,one|split,璽
潟,232,2195,15,4,N1,lagoon,lagoon,lagoon,セキ,かた,joyo,K0232,232,1,12,12,U6F5F,06f5f.svg,,,draft,221–240,tree.png,,,,996,水,water,潟
丹,1333,2196,4,S,N1,cinnabar,cinnabar,cinnabar,タン,に,joyo,K1333,1333,3,67,13,U4E39,04e39.svg,,,draft,1321–1340,bamboo.png,,,,1187,,,丹
丑,NA,2197,4,H,N1,ox_zodiac,ox_zodiac,ox_zodiac,チュウ,うし,heisig_extra,K2203,2203,5,111,3,U4E11,04e11.svg,,,draft,2201–2220,koi.png,,, ,2598,一,one,丑
羞,896,2198,11,S,,humiliate,humiliate,humiliate,シュウ,はじ-る,joyo,K0896,896,2,45,16,U7F9E,07f9e.svg,,,draft,881–900,koi.png,,,,2802,,,羞
卯,NA,2199,5,H,N1,hare_zodiac,hare_zodiac,hare_zodiac,ボウ,う,heisig_extra,K2204,2204,5,111,4,U536F,0536f.svg,,,draft,2201–2220,koi.png,,, ,2383,,,卯
巳,NA,2200,3,H,N1,snake_zodiac,snake_zodiac,snake_zodiac,シ,み,heisig_extra,K2205,2205,5,111,5,U5DF3,05df3.svg,,,draft,2201–2220,koi.png,,, ,1770,,,巳
此,NA,2201,6,H,,this,this,this,シ,これ,heisig_extra,,K2206,2206,5,111,U6B64,06b64.svg,u6b64.svg,,,draft,2201–2220,koi.png,,,2434,,,此
柴,NA,2202,10,H,,brushwood,brushwood,brushwood,サイ,しば,heisig_extra,K2207,2207,5,111,7,U67F4,067f4.svg,,,draft,2201–2220,koi.png,,, ,1406,,,柴
些,NA,2203,8,H,,whit,whit,whit,サ,ち-と,heisig_extra,K2208,2208,5,111,8,U4E9B,04e9b.svg,,,draft,2201–2220,koi.png,,, ,2786,,,些
砦,NA,2204,11,H,,fort,fort,fort,サイ,とりで,heisig_extra,K2209,2209,5,111,9,U7826,07826.svg,,,draft,2201–2220,koi.png,,, ,1899,,,砦
髭,NA,2205,16,H,,beard,beard,beard,シ,ひげ,heisig_extra,K2210,2210,5,111,10,U9AED,09aed.svg,,,draft,2201–2220,koi.png,,, ,2263,,,髭
禽,NA,2206,13,H,,fowl,fowl,fowl,キン,とり,heisig_extra,K2211,2211,5,111,11,U79BD,079bd.svg,,,draft,2201–2220,koi.png,,, ,2799,,,禽
檎,NA,2207,17,H,,apple,apple,apple,キン,,heisig_extra,K2212,2212,5,111,12,U6A8E,06a8e.svg,,,draft,2201–2220,koi.png,,, ,2603,,,檎
憐,NA,2208,16,H,,sympathize_with,sympathize_with,sympathize_with,レン,あわ-れむ,heisig_extra,K2213,2213,5,111,13,U6190,06190.svg,,,draft,2201–2220,koi.png,,, ,2471,,,憐
燐,NA,2209,17,H,,phosphorus,phosphorus,phosphorus,リン,,heisig_extra,K2214,2214,5,111,14,U71D0,071d0.svg,,,draft,2201–2220,koi.png,,, ,2646,,,燐
麟,NA,2210,24,H,N1,camelopard,camelopard,camelopard,リン,,heisig_extra,K2215,2215,5,111,15,U9E9F,09e9f.svg,,,draft,2201–2220,koi.png,,, ,2113,,,麟
鱗,NA,2211,24,H,,scaled,scaled,scaled,リン,うろこ,heisig_extra,K2216,2216,5,111,16,U9C57,09c57.svg,,,draft,2201–2220,koi.png,,, ,2152,,,鱗
奄,NA,2212,8,H,,encompassing,encompassing,encompassing,エン,おお-う,heisig_extra,K2217,2217,5,111,17,U5944,05944.svg,,,draft,2201–2220,koi.png,,, ,2377,,,奄
庵,NA,2213,11,H,,hermitage,hermitage,hermitage,アン,いおり,heisig_extra,K2218,2218,5,111,18,U5EB5,05eb5.svg,,,draft,2201–2220,koi.png,,, ,1802,,,庵
掩,NA,2214,11,H,,shrouded,shrouded,shrouded,エン,おお-う,heisig_extra,K2219,2219,5,111,19,U63A9,063a9.svg,,,draft,2201–2220,koi.png,,, ,2780,,,掩
悛,NA,2215,10,H,,make_amends,make_amends,make_amends,シュン,あらた-める,heisig_extra,K2220,2220,5,111,20,U609B,0609b.svg,,,draft,2201–2220,koi.png,,,,3009,,,悛
駿,NA,2216,17,H,N1,steed,steed,steed,シュン,すぐ-れる,heisig_extra,K2221,2221,5,112,1,U99FF,099ff.svg,,,draft,2221–2240,kujira.png,,, ,1577,,,駿
峻,NA,2217,10,H,N1,steep,steep,steep,シュン,けわ-しい,heisig_extra,K2222,2222,5,112,2,U5CFB,05cfb.svg,,,draft,2221–2240,kujira.png,,, ,2446,,,峻
竣,NA,2218,12,H,N1,complete_a_job,complete_a_job,complete_a_job,ドウ,わらわ,heisig_extra,K2223,2223,5,112,3,U7AE3,07ae3.svg,,,draft,2221–2240,kujira.png,,, ,1444,,,竣
犀,NA,2219,12,H,,rhinoceros,rhinoceros,rhinoceros,サイ,,heisig_extra,K2224,2224,5,112,4,U7280,07280.svg,,,draft,2221–2240,kujira.png,,, ,2685,,,犀
皐,NA,2220,11,H,N1,lunar_month,lunar_month,lunar_month,コウ,さつき,heisig_extra,K2225,2225,5,112,5,U7690,07690.svg,,,draft,2221–2240,kujira.png,,, ,2452,,,皐
畷,NA,2221,13,H,,rice_field_footpath,rice_field_footpath,rice_field_footpath,テツ,なわて,heisig_extra,K2226,2226,5,112,6,U7577,07577.svg,,,draft,2221–2240,kujira.png,,,,2830,,,畷
綴,NA,2222,14,H,,mend,mend,mend,テイ,と-じる,heisig_extra,K2227,2227,5,112,7,U7DB4,07db4.svg,,,draft,2221–2240,kujira.png,,, ,1989,,,綴
鎧,NA,2223,18,H,,suit_of_armor,suit_of_armor,suit_of_armor,カイ,よろ-う,heisig_extra,K2228,2228,5,112,8,U93A7,093a7.svg,,,draft,2221–2240,kujira.png,,, ,2033,,,鎧
凱,NA,2224,12,H,N1,triumph,triumph,triumph,ガイ,かちどき,heisig_extra,K2229,2229,5,112,9,U51F1,051f1.svg,,,draft,2221–2240,kujira.png,,, ,2086,,,凱
呑,NA,2225,7,H,,quaff,quaff,quaff,トン,の-む,heisig_extra,K2230,2230,5,112,10,U5451,05451.svg,,,draft,2221–2240,kujira.png,,, ,2371,,,呑
韮,NA,2226,12,H,,leek,leek,leek,キュウ,にら,heisig_extra,K2231,2231,5,112,11,U97EE,097ee.svg,,,draft,2221–2240,kujira.png,,, ,2497,,,韮
籤,NA,2227,23,H,,lottery,lottery,lottery,セン,くじ,heisig_extra,K2232,2232,5,112,12,U7C64,07c64.svg,,,draft,2221–2240,kujira.png,,, ,2970,,,籤
懺,NA,2228,20,H,,penitential,penitential,penitential,ザン,くい-る,heisig_extra,K2233,2233,5,112,13,U61FA,061fa.svg,,,draft,2221–2240,kujira.png,,, ,2794,,,懺
芻,NA,2229,10,H,,hay,hay,hay,スウ,まぐさ,heisig_extra,K2234,2234,5,112,14,U82BB,082bb.svg,,,draft,2221–2240,kujira.png,,, ,2987,,,芻
雛,NA,2230,18,H,N1,chick,chick,chick,スウ,ひな,heisig_extra,K2235,2235,5,112,15,U96DB,096db.svg,,,draft,2221–2240,kujira.png,,, ,2359,,,雛
趨,NA,2231,17,H,,scurry,scurry,scurry,スウ,しゅ,heisig_extra,K2236,2236,5,112,16,U8DA8,08da8.svg,,,draft,2221–2240,kujira.png,,, ,2897,,,趨
尤,NA,2232,4,H,,understandably,understandably,understandably,ユウ,もっと-も,heisig_extra,K2237,2237,5,112,17,U5C24,05c24.svg,,,draft,2221–2240,kujira.png,,, ,2763,,,尤
厖,NA,2233,9,H,,immense,immense,immense,ボウ,おおき-い,heisig_extra,K2238,2238,5,112,18,U5396,05396.svg,,,draft,2221–2240,kujira.png,,, ,3018,,,厖
或,NA,2234,8,H,,some,some,some,ワク,あ-る,heisig_extra,K2239,2239,5,112,19,U6216,06216.svg,,,draft,2221–2240,kujira.png,,, ,2290,,,或
兎,NA,2235,8,H,,rabbit,rabbit,rabbit,ト,うさぎ,heisig_extra,K2240,2240,5,112,20,U514E,0514e.svg,,,draft,2221–2240,kujira.png,,, ,2249,,,兎
也,NA,2236,3,H,N1,also,also,also,ヤ,なり,heisig_extra,K2241,2241,5,113,1,U4E5F,04e5f.svg,,,draft,2241–2260,mountain.png,,, ,809,,,也
巴,NA,2237,4,H,N1,swirl,swirl,swirl,ハ,ともえ,heisig_extra,K2242,2242,5,113,2,U5DF4,05df4.svg,,,draft,2241–2260,mountain.png,,, ,1978,,,巴
疋,NA,2238,5,H,,critters,critters,critters,ヒキ,あし,heisig_extra,K2243,2243,5,113,3,U758B,0758b.svg,,,draft,2241–2260,mountain.png,,, ,2819,,,疋
菫,NA,2239,11,H,N1,violet,violet,violet,キン,すみれ,heisig_extra,K2244,2244,5,113,4,U83EB,083eb.svg,,,draft,2241–2260,mountain.png,,, ,2861,,,菫
曼,NA,2240,11,H,,mandala,mandala,mandala,マン,なが-い,heisig_extra,K2245,2245,5,113,5,U66FC,066fc.svg,,,draft,2241–2260,mozuntain.png,,, ,2360,,,曼
云,NA,2241,4,H,,quote,quote,quote,ウン,い-う,heisig_extra,K2246,2246,5,113,6,U4E91,04e91.svg,,,draft,2241–2260,mountain.png,,, ,2296,,,云
莫,NA,2242,10,H,,shalt,shalt,shalt,バク,くれ,heisig_extra,K2247,2247,5,113,7,U83AB,083ab.svg,,,draft,2241–2260,mountain.png,,, ,2292,,,莫
而,NA,2243,6,H,,and_then,and_then,and_then,ジ,しこ-うして,heisig_extra,K2248,2248,5,113,8,U800C,0800c.svg,,,draft,2241–2260,mountain.png,,, ,2529,,,而
倭,NA,2244,10,H,N1,yamato,yamato,yamato,ワ,やまと,heisig_extra,K2249,2249,5,113,9,U502D,0502d.svg,,,draft,2241–2260,mountain.png,,, ,2304,,,倭
侠,NA,2245,8,H,,chivalry,chivalry,chivalry,キョウ,きゃん,heisig_extra,K2250,2250,5,113,10,U4FA0,04fa0.svg,,,draft,2241–2260,mountain.png,,, ,2253,,,侠
倦,NA,2246,11,H,,fed_up,fed_up,fed_up,ケン,あき-る,heisig_extra,K2251,2251,5,113,11,U5026,05026.svg,,,draft,2241–2260,mountain.png,,, ,2908,,,倦
俄,NA,2247,9,H,,abrupt,abrupt,abrupt,ガ,にわか,heisig_extra,K2252,2252,5,113,12,U4FC4,04fc4.svg,,,draft,2241–2260,mountain.png,,, ,2910,,,俄
佃,NA,2248,7,H,,work_a_field,work_a_field,work_a_field,テン,つくだ,heisig_extra,K2253,2253,5,113,13,U4F43,04f43.svg,,,draft,2241–2260,mountain.png,,, ,2596,,,佃
仔,NA,2249,5,H,,animal_offspring,animal_offspring,animal_offspring,シ,こ,heisig_extra,K2254,2254,5,113,14,U4ED4,04ed4.svg,,,draft,2241–2260,mountain.png,,, ,2325,,,仔
仇,NA,2250,4,H,,foe,foe,foe,キュウ,あだ,heisig_extra,K2255,2255,5,113,15,U4EC7,04ec7.svg,,,draft,2241–2260,mountain.png,,, ,2159,,,仇
伽,NA,2251,7,H,N1,look_after,look_after,look_after,カ,とぎ,heisig_extra,K2256,2256,5,113,16,U4F3D,04f3d.svg,,,draft,2241–2260,mountain.png,,, ,2114,,,伽
儲,NA,2252,17,H,,make_a_profit,make_a_profit,make_a_profit,チョ,もう-ける,heisig_extra,K2257,2257,5,113,17,U5132,05132.svg,,,draft,2241–2260,mountain.png,,, ,2244,,,儲
僑,NA,2253,14,H,,emigrant,emigrant,emigrant,キョウ,,heisig_extra,K2258,2258,5,113,18,U50D1,050d1.svg,,,draft,2241–2260,mountain.png,,, ,2700,,,僑
倶,NA,2254,10,H,,mate,mate,mate,グ,とも-に,heisig_extra,K2259,2259,5,113,19,U5036,05036.svg,,,draft,2241–2260,mountain.png,,, ,1657,,,倶
侃,NA,2255,8,H,N1,forthright,forthright,forthright,カン,つよ-い,heisig_extra,K2260,2260,5,113,20,U4F83,04f83.svg,,,draft,2241–2260,mountain.png,,, ,2844,,,侃
偲,NA,2256,11,H,N1,memorial,memorial,memorial,サイ,しの-ぶ,heisig_extra,K2261,2261,5,114,1,U5072,05072.svg,,,draft,2261–2280,tree.png,,, ,2663,,,偲
侭,NA,2257,8,H,,as_is,as_is,as_is,ジン,まま,heisig_extra,K2262,2262,5,114,2,U4FAD,04fad.svg,,,draft,2261–2280,tree.png,,, ,2996,,,侭
脩,NA,2258,11,H,N1,dried_meat,dried_meat,dried_meat,シュウ,おさ-める,heisig_extra,K2263,2263,5,114,3,U8129,08129.svg,,,draft,2261–2280,tree.png,,, ,2543,,,脩
倅,NA,2259,10,H,,my_son,my_son,my_son,サイ,せがれ,heisig_extra,K2264,2264,5,114,4,U5005,05005.svg,,,draft,2261–2280,tree.png,,, ,3002,,,倅
做,NA,2260,11,H,,make_do,make_do,make_do,サ,な-す,heisig_extra,K2265,2265,5,114,5,U505A,0505a.svg,,,draft,2261–2280,tree.png,,, ,2622,,,做
冴,NA,2261,7,H,N1,sharp,sharp,sharp,ゴ,さ-える,heisig_extra,K2266,2266,5,114,6,U51B4,051b4.svg,,,draft,2261–2280,tree.png,,, ,2321,,,冴
凋,NA,2262,10,H,,wilt,wilt,wilt,チョウ,しぼ-む,heisig_extra,K2267,2267,5,114,7,U51CB,051cb.svg,,,draft,2261–2280,tree.png,,, ,2902,,,凋
凌,NA,2263,10,H,N1,pull_through,pull_through,pull_through,リョウ,しの-ぐ,heisig_extra,K2268,2268,5,114,8,U51CC,051cc.svg,,,draft,2261–2280,tree.png,,, ,1996,,,凌
凛,NA,2264,15,H,,stately,stately,stately,リン,きびし-い,heisig_extra,K2269,2269,5,114,9,U51DB,051db.svg,,,draft,2261–2280,tree.png,,, ,2134,,,凛
凧,NA,2265,5,H,,kite,kite,kite,,いかのぼり,heisig_extra,K2270,2270,5,114,10,U51E7,051e7.svg,,,draft,2261–2280,tree.png,,, ,2806,,,凧
凪,NA,2266,6,H,N1,lull,lull,lull,,なぎ,heisig_extra,K2271,2271,5,114,11,U51EA,051ea.svg,,,draft,2261–2280,tree.png,,, ,2256,,,凪
夙,NA,2267,6,H,,earlybird,earlybird,earlybird,シュク,つとに,heisig_extra,K2272,2272,5,114,12,U5919,05919.svg,,,draft,2261–2280,tree.png,,, ,2890,,,夙
鳳,NA,2268,14,H,N1,phoenix,phoenix,phoenix,ホウ,,heisig_extra,K2273,2273,5,114,13,U9CF3,09cf3.svg,,,draft,2261–2280,tree.png,,, ,1739,,,鳳
剽,NA,2269,13,H,,menace,menace,menace,ヒョウ,おびや-かす,heisig_extra,K2274,2274,5,114,14,U527D,0527d.svg,,,draft,2261–2280,tree.png,,, ,2956,,,剽
劉,NA,2270,15,H,,slaughter,slaughter,slaughter,リュウ,ころ-す,heisig_extra,K2275,2275,5,114,15,U5289,05289.svg,,,draft,2261–2280,tree.png,,, ,1492,,,劉
剃,NA,2271,9,H,,shave,shave,shave,テイ,まい,heisig_extra,K2276,2276,5,114,16,U5243,05243.svg,,,draft,2261–2280,tree.png,,, ,2558,,,剃
厭,NA,2272,14,H,,despondent,despondent,despondent,エン,いや,heisig_extra,K2277,2277,5,114,17,U53AD,053ad.svg,,,draft,2261–2280,tree.png,,,,2612,,,厭
雁,NA,2273,12,H,,wild_goose,wild_goose,wild_goose,ガン,かり,heisig_extra,K2278,2278,5,114,18,U96C1,096c1.svg,,,draft,2261–2280,tree.png,,, ,2351,,,雁
贋,NA,2274,19,H,,counterfeit,counterfeit,counterfeit,ガン,にせ,heisig_extra,K2279,2279,5,114,19,U8D0B,08d0b.svg,,,draft,2261–2280,tree.png,,, ,2724,,,贋
厨,NA,2275,12,H,,kitchen,kitchen,kitchen,シュウ,くりや,heisig_extra,K2280,2280,5,114,20,U53A8,053a8.svg,,,draft,2261–2280,tree.png,,, ,2312,,,厨
仄,NA,2276,4,H,,insinuate,insinuate,insinuate,ソク,ほの-か,heisig_extra,K2281,2281,5,115,1,U4EC4,04ec4.svg,,,draft,2281–2300,bamboo.png,,, ,2847,,,仄
哨,NA,2277,10,H,,scout,scout,scout,ショウ,みはり,heisig_extra,K2282,2282,5,115,2,U54E8,054e8.svg,,,draft,2281–2300,bamboo.png,,, ,1908,,,哨
咎,NA,2278,8,H,,reprehend,reprehend,reprehend,キュウ,とが-める,heisig_extra,K2283,2283,5,115,3,U548E,0548e.svg,,,draft,2281–2300,bamboo.png,,, ,2638,,,咎
囁,NA,2279,21,H,,whisper,whisper,whisper,ショウ,ささや-く,heisig_extra,K2284,2284,5,115,4,U56C1,056c1.svg,,,draft,2281–2300,bamboo.png,,, ,2710,,,囁
喋,NA,2280,12,H,,chatter,chatter,chatter,チョウ,しゃべ-る,heisig_extra,K2285,2285,5,115,5,U558B,0558b.svg,,,draft,2281–2300,bamboo.png,,, ,2148,,,喋
嘩,NA,2281,13,H,,quarrel,quarrel,quarrel,カ,かまびす-しい,heisig_extra,K2286,2286,5,115,6,U5629,05629.svg,,,draft,2281–2300,bamboo.png,,, ,1952,,,嘩
噂,NA,2282,15,H,,gossip,gossip,gossip,ソン,うわさ,heisig_extra,K2287,2287,5,115,7,U5642,05642.svg,,,draft,2281–2300,bamboo.png,,, ,1824,,,噂
咳,NA,2283,9,H,,cough,cough,cough,カイ,せ-く,heisig_extra,K2288,2288,5,115,8,U54B3,054b3.svg,,,draft,2281–2300,bamboo.png,,, ,2732,,,咳
喧,NA,2284,12,H,,clamor,clamor,clamor,ケン,やかま-しい,heisig_extra,K2289,2289,5,115,9,U55A7,055a7.svg,,,draft,2281–2300,bamboo.png,,, ,1898,,,喧
叩,NA,2285,5,H,,bash,bash,bash,コウ,たた-く,heisig_extra,K2290,2290,5,115,10,U53E9,053e9.svg,,,draft,2281–2300,bamboo.png,,, ,1719,,,叩
嘘,NA,2286,14,H,,fib,fib,fib,キョ,うそ,heisig_extra,K2291,2291,5,115,11,U5618,05618.svg,,,draft,2281–2300,bamboo.png,,, ,1906,,,嘘
啄,NA,2287,10,H,N1,peck_at,peck_at,peck_at,タク,ついば-む,heisig_extra,K2292,2292,5,115,12,U5544,05544.svg,,,draft,2281–2300,bamboo.png,,, ,2836,,,啄
吠,NA,2288,7,H,,barking,barking,barking,ハイ,ほえ-る,heisig_extra,K2293,2293,5,115,13,U5420,05420.svg,,,draft,2281–2300,bamboo.png,,, ,2637,,,吠
吊,NA,2289,6,H,,dangle,dangle,dangle,チョウ,つ-る,heisig_extra,K2294,2294,5,115,14,U540A,0540a.svg,,,draft,2281–2300,bamboo.png,,, ,1993,,,吊
噛,NA,2290,15,H,,chew,chew,chew,コウ,か-む,heisig_extra,K2295,2295,5,115,15,U565B,0565b.svg,,,draft,2281–2300,bamboo.png,,, ,2120,,,噛
叶,NA,2291,5,H,N1,within_ability,within_ability,within_ability,キョウ,かな-える,heisig_extra,K2296,2296,5,115,16,U53F6,053f6.svg,,,draft,2281–2300,bamboo.png,,, ,1943,,,叶
吻,NA,2292,7,H,,sides_of_mouth,sides_of_mouth,sides_of_mouth,フン,くちわき,heisig_extra,K2297,2297,5,115,17,U543B,0543b.svg,,,draft,2281–2300,bamboo.png,,, ,2504,,,吻
吃,NA,2293,6,H,,stammer,stammer,stammer,キツ,ども-る,heisig_extra,K2298,2298,5,115,18,U5403,05403.svg,,,draft,2281–2300,bamboo.png,,, ,2722,,,吃
噺,NA,2294,16,H,,spin_a_tale,spin_a_tale,spin_a_tale,,はなし,heisig_extra,K2299,2299,5,115,19,U567A,0567a.svg,,,draft,2281–2300,bamboo.png,,, ,2467,,,噺
噌,NA,2295,14,H,,miso,miso,miso,ソウ,かまびす-しい,heisig_extra,K2300,2300,5,115,20,U564C,0564c.svg,,,draft,2281–2300,bamboo.png,,, ,2294,,,噌
邑,NA,2296,7,H,N1,city_walls,city_walls,city_walls,ユウ,むら,heisig_extra,K2301,2301,5,116,1,U9091,09091.svg,,,draft,2301–2320,castle.png,,, ,1891,,,邑
呆,NA,2297,7,H,,dumbfounded,dumbfounded,dumbfounded,ホウ,ほけ-る,heisig_extra,K2302,2302,5,116,2,U5446,05446.svg,,,draft,2301–2320,castle.png,,, ,2426,,,呆
喰,NA,2298,12,H,,ingest,ingest,ingest,,く-う,heisig_extra,K2303,2303,5,116,3,U55B0,055b0.svg,,,draft,2301–2320,castle.png,,, ,1918,,,喰
埴,NA,2299,11,H,,clay,clay,clay,ショク,はに,heisig_extra,K2304,2304,5,116,4,U57F4,057f4.svg,,,draft,2301–2320,castle.png,,, ,2372,,,埴
坤,NA,2300,8,H,,receptive,receptive,receptive,コン,つち,heisig_extra,K2305,2305,5,116,5,U5764,05764.svg,,,draft,2301–2320,castle.png,,, ,2828,,,坤
壕,NA,2301,17,H,,dugout,dugout,dugout,コウ,ほり,heisig_extra,K2306,2306,5,116,6,U58D5,058d5.svg,,,draft,2301–2320,castle.png,,, ,2268,,,壕
垢,NA,2302,9,H,,grime,grime,grime,コウ,あか,heisig_extra,K2307,2307,5,116,7,U57A2,057a2.svg,,,draft,2301–2320,castle.png,,, ,2684,,,垢
坦,NA,2303,8,H,,flat_level,flat_level,flat_level,タン,たいら,heisig_extra,K2308,2308,5,116,8,U5766,05766.svg,,,draft,2301–2320,castle.png,,, ,2397,,,坦
埠,NA,2304,11,H,,wharf,wharf,wharf,フ,つか,heisig_extra,K2309,2309,5,116,9,U57E0,057e0.svg,,,draft,2301–2320,castle.png,,, ,2429,,,埠
堰,NA,2305,12,H,,dam,dam,dam,エン,せき,heisig_extra,K2310,2310,5,116,10,U5830,05830.svg,,,draft,2301–2320,castle.png,,, ,2191,,,堰
堵,NA,2306,11,H,,railing,railing,railing,ト,かき,heisig_extra,K2311,2311,5,116,11,U5835,05835.svg,,,draft,2301–2320,castle.png,,, ,2582,,,堵
嬰,NA,2307,17,H,,suckling_infant,suckling_infant,suckling_infant,エイ,ふ-れる,heisig_extra,K2312,2312,5,116,12,U5B30,05b30.svg,,,draft,2301–2320,castle.png,,, ,2623,,,嬰
姦,NA,2308,9,H,,violate,violate,violate,カン,かん-する,heisig_extra,K2313,2313,5,116,13,U59E6,059e6.svg,,,draft,2301–2320,castle.png,,, ,2046,,,姦
婢,NA,2309,11,H,,handmaiden,handmaiden,handmaiden,ヒ,はしため,heisig_extra,K2314,2314,5,116,14,U5A62,05a62.svg,,,draft,2301–2320,castle.png,,, ,2881,,,婢
婉,NA,2310,11,H,,well_finished,well_finished,well_finished,エン,うつく-しい,heisig_extra,K2315,2315,5,116,15,U5A49,05a49.svg,,,draft,2301–2320,castle.png,,, ,2928,,,婉
娼,NA,2311,11,H,,harlot,harlot,harlot,ショウ,あそびめ,heisig_extra,K2316,2316,5,116,16,U5A3C,05a3c.svg,,,draft,2301–2320,castle.png,,,,2487,,,娼
妓,NA,2312,7,H,,courtesan,courtesan,courtesan,ギ,わざおぎ,heisig_extra,K2317,2317,5,116,17,U5993,05993.svg,,,draft,2301–2320,castle.png,,,,2498,,,妓
娃,NA,2313,9,H,,fair,fair,fair,ア,うつく-しい,heisig_extra,K2318,2318,5,116,18,U5A03,05a03.svg,,,draft,2301–2320,castle.png,,,,2978,,,娃
姪,NA,2314,9,H,,niece,niece,niece,テツ,めい,heisig_extra,K2319,2319,5,116,19,U59EA,059ea.svg,,,draft,2301–2320,castle.png,,,,2329,,,姪
嬬,NA,2315,17,H,,mistress,mistress,mistress,ジュ,よわ-い,heisig_extra,K2320,2320,5,116,20,U5B2C,05b2c.svg,,,draft,2301–2320,castle.png,,,,2891,,,嬬
姥,NA,2316,9,H,,aged_woman,aged_woman,aged_woman,ボ,うば,heisig_extra,K2321,2321,5,117,1,U59E5,059e5.svg,,,draft,2321–2340,koi.png,,,,2787,,,姥
姑,NA,2317,8,H,,motherinlaw,motherinlaw,motherinlaw,コ,しゅうとめ,heisig_extra,K2322,2322,5,117,2,U59D1,059d1.svg,,,draft,2321–2340,koi.png,,,,2570,,,姑
姐,NA,2318,8,H,,young_miss,young_miss,young_miss,ソ,あね,heisig_extra,K2323,2323,5,117,3,U59D0,059d0.svg,,,draft,2321–2340,koi.png,,,,2770,,,姐
嬉,NA,2319,15,H,N1,overjoyed,overjoyed,overjoyed,キ,うれ-しい,heisig_extra,K2324,2324,5,117,4,U5B09,05b09.svg,,,draft,2321–2340,koi.png,,,,2317,,,嬉
孕,NA,2320,5,H,,expecting,expecting,expecting,ヨウ,はら-む,heisig_extra,K2325,2325,5,117,5,U5B55,05b55.svg,,,draft,2321–2340,koi.png,,,,2751,,,孕
孜,NA,2321,7,H,,assiduous,assiduous,assiduous,シ,つと-める,heisig_extra,K2326,2326,5,117,6,U5B5C,05b5c.svg,,,draft,2321–2340,koi.png,,,,2892,,,孜
宥,NA,2322,9,H,N1,soothe,soothe,soothe,ユウ,なだ-める,heisig_extra,K2327,2327,5,117,7,U5BA5,05ba5.svg,,,draft,2321–2340,koi.png,,,,2716,,,宥
寓,NA,2323,12,H,,imply,imply,imply,グウ,ぐう-する,heisig_extra,K2328,2328,5,117,8,U5BD3,05bd3.svg,,,draft,2321–2340,koi.png,,,,2545,,,寓
宏,NA,2324,7,H,N1,extensive,extensive,extensive,コウ,ひろ-い,heisig_extra,K2329,2329,5,117,9,U5B8F,05b8f.svg,,,draft,2321–2340,koi.png,,,,1179,,,宏
牢,NA,2325,7,H,,jail,jail,jail,ロウ,かた-い,heisig_extra,K2330,2330,5,117,10,U7262,07262.svg,,,draft,2321–2340,koi.png,,,,2201,,,牢
宋,NA,2326,7,H,,sung_dynasty,sung_dynasty,sung_dynasty,ソウ,,heisig_extra,K2331,2331,5,117,11,U5B8B,05b8b.svg,,,draft,2321–2340,koi.png,,,,1722,,,宋
宍,NA,2327,7,H,,venison,venison,venison,ニク,しし,heisig_extra,K2332,2332,5,117,12,U5B8D,05b8d.svg,,,draft,2321–2340,koi.png,,,,2282,,,宍
屠,NA,2328,11,H,,butchering,butchering,butchering,ト,ほふ-る,heisig_extra,K2333,2333,5,117,13,U5C60,05c60.svg,,,draft,2321–2340,koi.png,,,,2713,,,屠
屁,NA,2329,7,H,,fart,fart,fart,ヒ,へ,heisig_extra,K2334,2334,5,117,14,U5C41,05c41.svg,,,draft,2321–2340,koi.png,,,,2917,,,屁
屑,NA,2330,10,H,,rubbish,rubbish,rubbish,セツ,くず,heisig_extra,K2335,2335,5,117,15,U5C51,05c51.svg,,,draft,2321–2340,koi.png,,,,2631,,,屑
屡,NA,2331,12,H,,frequently,frequently,frequently,ル,しばしば,heisig_extra,K2336,2336,5,117,16,U5C61,05c61.svg,,,draft,2321–2340,koi.png,,,,3016,,,屡
屍,NA,2332,9,H,,corpse,corpse,corpse,シ,しかばね,heisig_extra,K2337,2337,5,117,17,U5C4D,05c4d.svg,,,draft,2321–2340,koi.png,,,,2293,,,屍
屏,NA,2333,9,H,,folding_screen,folding_screen,folding_screen,ヘイ,おお-う,heisig_extra,K2338,2338,5,117,18,U5C4F,05c4f.svg,,,draft,2321–2340,koi.png,,,,2394,,,屏
嵩,NA,2334,13,H,N1,high_reaching,high_reaching,high_reaching,スウ,かさ,heisig_extra,K2339,2339,5,117,19,U5D69,05d69.svg,,,draft,2321–2340,koi.png,,,,2364,,,嵩
崚,NA,2335,11,H,N1,rugged_mountains,rugged_mountains,rugged_mountains,リョウ,,heisig_extra,K2340,2340,5,117,20,U5D1A,05d1a.svg,,,draft,2321–2340,koi.png,,,,2984,,,崚
嶺,NA,2336,17,H,N1,mountain_top,mountain_top,mountain_top,レイ,みね,heisig_extra,K2341,2341,5,118,1,U5DBA,05dba.svg,,,draft,2341–2360,kujira.png,,,,1817,,,嶺
嵌,NA,2337,12,H,,fit_into,fit_into,fit_into,カン,は-める,heisig_extra,K2342,2342,5,118,2,U5D4C,05d4c.svg,,,draft,2341–2360,kujira.png,,,,2597,,,嵌
帖,NA,2338,8,H,,quire,quire,quire,チョウ,かきもの,heisig_extra,K2343,2343,5,118,3,U5E16,05e16.svg,,,draft,2341–2360,kujira.png,,,,1872,,,帖
幡,NA,2339,15,H,,banner,banner,banner,マン,はた,heisig_extra,K2344,2344,5,118,4,U5E61,05e61.svg,,,draft,2341–2360,kujira.png,,,,1258,,,幡
幟,NA,2340,15,H,,pennant,pennant,pennant,シ,のぼり,heisig_extra,K2345,2345,5,118,5,U5E5F,05e5f.svg,,,draft,2341–2360,kujira.png,,,,2873,,,幟
庖,NA,2341,8,H,,cleaver,cleaver,cleaver,ホウ,くりや,heisig_extra,K2346,2346,5,118,6,U5E96,05e96.svg,,,draft,2341–2360,kujira.png,,,,3015,,,庖
廓,NA,2342,14,H,,licensed_quarters,licensed_quarters,licensed_quarters,カク,くるわ,heisig_extra,K2347,2347,5,118,7,U5ED3,05ed3.svg,,,draft,2341–2360,kujira.png,,,,2767,,,廓
庇,NA,2343,7,H,,overhang,overhang,overhang,ヒ,ひさし,heisig_extra,K2348,2348,5,118,8,U5E87,05e87.svg,,,draft,2341–2360,kujira.png,,,,2169,,,庇
鷹,NA,2344,24,H,N1,hawk,hawk,hawk,ヨウ,たか,heisig_extra,K2349,2349,5,118,9,U9DF9,09df9.svg,,,draft,2341–2360,kujira.png,,,,1467,,,鷹
庄,NA,2345,6,H,N1,shire,shire,shire,ショウ,,heisig_extra,K2350,2350,5,118,10,U5E84,05e84.svg,,,draft,2341–2360,kujira.png,,,,1280,,,庄
廟,NA,2346,15,H,,tomb_sanctuary,tomb_sanctuary,tomb_sanctuary,ビョウ,たまや,heisig_extra,K2351,2351,5,118,11,U5EDF,05edf.svg,,,draft,2341–2360,kujira.png,,,,2168,,,廟
彊,NA,2347,16,H,,strengthen,strengthen,strengthen,キョウ,つよ-い,heisig_extra,K2352,2352,5,118,12,U5F4A,05f4a.svg,,,draft,2341–2360,kujira.png,,,,2949,,,彊
弛,NA,2348,6,H,,loosen,loosen,loosen,チ,たる-む,heisig_extra,K2353,2353,5,118,13,U5F1B,05f1b.svg,,,draft,2341–2360,kujira.png,,,,2817,,,弛
粥,NA,2349,12,H,,rice_gruel,rice_gruel,rice_gruel,イク,かゆ,heisig_extra,K2354,2354,5,118,14,U7CA5,07ca5.svg,,,draft,2341–2360,kujira.png,,,,2746,,,粥
挽,NA,2350,10,H,,lathe,lathe,lathe,バン,ひ-く,heisig_extra,K2355,2355,5,118,15,U633D,0633d.svg,,,draft,2341–2360,kujira.png,,,,2469,,,挽
撞,NA,2351,15,H,,bump_into,bump_into,bump_into,ドウ,つ-く,heisig_extra,K2356,2356,5,118,16,U649E,0649e.svg,,,draft,2341–2360,kujira.png,,,,2954,,,撞
扮,NA,2352,7,H,,disguise,disguise,disguise,フン,ふん-する,heisig_extra,K2357,2357,5,118,17,U626E,0626e.svg,,,draft,2341–2360,kujira.png,,,,2208,,,扮
捏,NA,2353,10,H,,fabrication,fabrication,fabrication,ネツ,こ-ねる,heisig_extra,K2358,2358,5,118,18,U634F,0634f.svg,,,draft,2341–2360,kujira.png,,,,2671,,,捏
掴,NA,2354,11,H,,clutch,clutch,clutch,カク,つか-む,heisig_extra,K2359,2359,5,118,19,U63B4,063b4.svg,,,draft,2341–2360,kujira.png,,,,2069,,,掴
捺,NA,2355,11,H,N1,impress,impress,impress,ナツ,さ-す,heisig_extra,K2360,2360,5,118,20,U637A,0637a.svg,,,draft,2341–2360,kujira.png,,,,2792,,,捺
掻,NA,2356,11,H,,scratch,scratch,scratch,ソウ,か-く,heisig_extra,K2361,2361,5,119,1,U63BB,063bb.svg,,,draft,2361–2380,mountain.png,,,,2621,,,掻
撰,NA,2357,15,H,,assortment,assortment,assortment,サン,せん-する,heisig_extra,K2362,2362,5,119,2,U64B0,064b0.svg,,,draft,2361–2380,mountain.png,,,,2088,,,撰
揃,NA,2358,12,H,,muster,muster,muster,セン,そろ-える,heisig_extra,K2363,2363,5,119,3,U63C3,063c3.svg,,,draft,2361–2380,mountain.png,,,,1742,,,揃
捌,NA,2359,10,H,,deal_with,deal_with,deal_with,ハツ,さば-く,heisig_extra,K2364,2364,5,119,4,U634C,0634c.svg,,,draft,2361–2380,mountain.png,,,,2758,,,捌
按,NA,2360,9,H,,press_down_on,press_down_on,press_down_on,アン,おさ-える,K2365,2365,5,119,5,U6309,U6309,06309.svg,,draft,2361–2380,mountain.png,,,,,2392,,,按
播,NA,2361,15,H,,disseminate,disseminate,disseminate,ハ,ま-く,heisig_extra,K2366,2366,5,119,6,U64AD,064ad.svg,,,draft,2361–2380,mountain.png,,,,1829,,,播
揖,NA,2362,12,H,,bow,bow,bow,イツ,,heisig_extra,K2367,2367,5,119,7,U63D6,063d6.svg,,,draft,2361–2380,mountain.png,,,,2324,,,揖
托,NA,2363,6,H,,receptacle,receptacle,receptacle,タク,たく-する,heisig_extra,K2368,2368,5,119,8,U6258,06258.svg,,,draft,2361–2380,mountain.png,,,,2838,,,托
捧,NA,2364,11,H,,devote,devote,devote,ホウ,ささ-げる,heisig_extra,K2369,2369,5,119,9,U6367,06367.svg,,,draft,2361–2380,mountain.png,,,,1959,,,捧
撚,NA,2365,15,H,,twirl,twirl,twirl,ネン,よ-る,heisig_extra,K2370,2370,5,119,10,U649A,0649a.svg,,,draft,2361–2380,mountain.png,,,,2966,,,撚
挺,NA,2366,10,H,,upright,upright,upright,チョウ,ぬ-く,heisig_extra,K2371,2371,5,119,11,U633A,0633a.svg,,,draft,2361–2380,mountain.png,,,,2141,,,挺
擾,NA,2367,18,H,,commotion,commotion,commotion,ジョウ,みだ-れる,heisig_extra,K2372,2372,5,119,12,U64FE,064fe.svg,,,draft,2361–2380,mountain.png,,,,2785,,,擾
撫,NA,2368,15,H,,petting,petting,petting,ブ,な-でる,heisig_extra,K2373,2373,5,119,13,U64AB,064ab.svg,,,draft,2361–2380,mountain.png,,,,2267,,,撫
撒,NA,2369,15,H,,sprinkle,sprinkle,sprinkle,サン,ま-く,heisig_extra,K2374,2374,5,119,14,U6492,06492.svg,,,draft,2361–2380,mountain.png,,,,2416,,,撒
擢,NA,2370,17,H,,outstanding,outstanding,outstanding,テキ,ぬ-く,heisig_extra,K2375,2375,5,119,15,U64E2,064e2.svg,,,draft,2361–2380,mountain.png,,,,2108,,,擢
摺,NA,2371,14,H,,rubbing,rubbing,rubbing,ショウ,す-る,heisig_extra,K2376,2376,5,119,16,U647A,0647a.svg,,,draft,2361–2380,mountain.png,,,,2390,,,摺
捷,NA,2372,11,H,N1,spoils,spoils,spoils,ショウ,はや-い,heisig_extra,K2377,2377,5,119,17,U6377,06377.svg,,,draft,2361–2380,mountain.png,,,,2423,,,捷
抉,NA,2373,7,H,,gouge_out,gouge_out,gouge_out,ケツ,えぐ-る,heisig_extra,K2378,2378,5,119,18,U6289,06289.svg,,,draft,2361–2380,mountain.png,,,,2922,,,抉
怯,NA,2374,8,H,,wince,wince,wince,キョウ,ひる-む,heisig_extra,K2379,2379,5,119,19,U602F,0602f.svg,,,draft,2361–2380,mountain.png,,,,2403,,,怯
惟,NA,2375,11,H,N1,ponder,ponder,ponder,イ,おも-んみる,heisig_extra,K2380,2380,5,119,20,U60DF,060df.svg,,,draft,2361–2380,mountain.png,,,,2310,,,惟
惚,NA,2376,11,H,,infatuation,infatuation,infatuation,コツ,ほけ-る,heisig_extra,K2381,2381,5,120,1,U60DA,060da.svg,,,draft,2381–2400,tree.png,,,,2051,,,惚
怜,NA,2377,8,H,N1,quickwitted,quickwitted,quickwitted,レイ,あわ-れむ,heisig_extra,K2382,2382,5,120,2,U601C,0601c.svg,,,draft,2381–2400,tree.png,,,,2369,,,怜
惇,NA,2378,11,H,N1,considerate,considerate,considerate,シュン,あつ-い,heisig_extra,K2383,2383,5,120,3,U60C7,060c7.svg,,,draft,2381–2400,tree.png,,,,2645,,,惇
恰,NA,2379,9,H,,as_if,as_if,as_if,コウ,あたか-も,heisig_extra,K2384,2384,5,120,4,U6070,06070.svg,,,draft,2381–2400,tree.png,,,,2855,,,恰
恢,NA,2380,9,H,,enlarge,enlarge,enlarge,カイ,ひろ-い,heisig_extra,K2385,2385,5,120,5,U6062,06062.svg,,,draft,2381–2400,tree.png,,,,2994,,,恢
悌,NA,2381,10,H,N1,respect_for_elders,respect_for_elders,respect_for_elders,テイ,,heisig_extra,K2386,2386,5,120,6,U608C,0608c.svg,,,draft,2381–2400,tree.png,,,,2653,,,悌
澪,NA,2382,16,H,N1,canal,canal,canal,レイ,みお,heisig_extra,K2387,2387,5,120,7,U6FAA,06faa.svg,,,draft,2381–2400,tree.png,,,,2489,,,澪
洸,NA,2383,9,H,N1,glistening,glistening,glistening,コウ,,K2388,2388,5,120,8,U6D38,U6D38,06d38.svg,,draft,2381–2400,tree.png,,,,,2695,,,洸
滉,NA,2384,13,H,N1,expanse,expanse,expanse,コウ,ひろ-い,heisig_extra,K2389,2389,5,120,9,U6EC9,06ec9.svg,,,draft,2381–2400,tree.png,,,,2808,,,滉
漱,NA,2385,14,H,N1,gargle,gargle,gargle,ソウ,くちすす-ぐ,heisig_extra,K2390,2390,5,120,10,U6F31,06f31.svg,,,draft,2381–2400,tree.png,,,,2355,,,漱
洲,NA,2386,9,H,N1,continent,continent,continent,シュウ,しま,heisig_extra,K2391,2391,5,120,11,U6D32,06d32.svg,,,draft,2381–2400,tree.png,,,,1372,,,洲
洵,NA,2387,9,H,N1,swirling_waters,swirling_waters,swirling_waters,ジュン,の-ぶ,heisig_extra,K2392,2392,5,120,12,U6D35,06d35.svg,,,draft,2381–2400,tree.png,,,,2940,,,洵
滲,NA,2388,14,H,,seep,seep,seep,シン,し-みる,heisig_extra,K2393,2393,5,120,13,U6EF2,06ef2.svg,,,draft,2381–2400,tree.png,,,,2915,,,滲
洒,NA,2389,9,H,,rinse,rinse,rinse,シャ,すす-ぐ,heisig_extra,K2394,2394,5,120,14,U6D12,06d12.svg,,,draft,2381–2400,tree.png,,,,2650,,,洒
沐,NA,2390,7,H,,douse,douse,douse,モク,もく-する,heisig_extra,K2395,2395,5,120,15,U6C90,06c90.svg,,,draft,2381–2400,tree.png,,,,2945,,,沐
泪,NA,2391,8,H,,teardrops,teardrops,teardrops,ルイ,なみだ,heisig_extra,K2396,2396,5,120,16,U6CEA,06cea.svg,,,draft,2381–2400,tree.png,,,,2858,,,泪
渾,NA,2392,12,H,,gushing,gushing,gushing,コン,すべ-て,heisig_extra,K2397,2397,5,120,17,U6E3E,06e3e.svg,,,draft,2381–2400,tree.png,,,,2548,,,渾
涜,NA,2393,10,H,,blaspheme,blaspheme,blaspheme,トク,けが-す,heisig_extra,K2398,2398,5,120,18,U6D9C,06d9c.svg,,,draft,2381–2400,tree.png,,,,2907,,,涜
梁,NA,2394,11,H,,roofbeam,roofbeam,roofbeam,リョウ,はり,heisig_extra,K2399,2399,5,120,19,U6881,06881.svg,,,draft,2381–2400,tree.png,,,,1462,,,梁
澱,NA,2395,16,H,,sediment,sediment,sediment,デン,おり,heisig_extra,K2400,2400,5,120,20,U6FB1,06fb1.svg,,,draft,2381–2400,tree.png,,,,2874,,,澱
洛,NA,2396,9,H,,old_kyoto,old_kyoto,old_kyoto,ラク,,heisig_extra,K2401,2401,5,121,1,U6D1B,06d1b.svg,,,draft,2401–2420,bamboo.png,,,,1909,,,洛
汝,NA,2397,6,H,,thee,thee,thee,ジョ,なんじ,heisig_extra,K2402,2402,5,121,2,U6C5D,06c5d.svg,,,draft,2401–2420,bamboo.png,,,,2516,,,汝
漉,NA,2398,14,H,,filter,filter,filter,ロク,こ-し,heisig_extra,K2403,2403,5,121,3,U6F09,06f09.svg,,,draft,2401–2420,bamboo.png,,,,2920,,,漉
瀕,NA,2399,20,H,,on_verge_of,on_verge_of,on_verge_of,ヒン,ほとり,heisig_extra,K2404,2404,5,121,4,U7015,07015.svg,,,draft,2401–2420,bamboo.png,,,,2350,,,瀕
濠,NA,2400,17,H,,moat,moat,moat,ゴウ,ほり,heisig_extra,K2405,2405,5,121,5,U6FE0,06fe0.svg,,,draft,2401–2420,bamboo.png,,,,2639,,,濠
溌,NA,2401,12,H,,spray,spray,spray,ハツ,も-る,heisig_extra,K2406,2406,5,121,6,U6E8C,06e8c.svg,,,draft,2401–2420,bamboo.png,,,,3006,,,溌
湊,NA,2402,12,H,,port,port,port,ソウ,みなと,heisig_extra,K2407,2407,5,121,7,U6E4A,06e4a.svg,,,draft,2401–2420,bamboo.png,,,,1849,,,湊
淋,NA,2403,11,H,,solitude,solitude,solitude,リン,さび-しい,heisig_extra,K2408,2408,5,121,8,U6DCB,06dcb.svg,,,draft,2401–2420,bamboo.png,,,,2864,,,淋
浩,NA,2404,10,H,N1,abounding,abounding,abounding,コウ,おおき-い,heisig_extra,K2409,2409,5,121,9,U6D69,06d69.svg,,,draft,2401–2420,bamboo.png,,,,1052,,,浩
汀,NA,2405,5,H,N1,waters_edge,waters_edge,waters_edge,テイ,みぎわ,heisig_extra,K2410,2410,5,121,10,U6C40,06c40.svg,,,draft,2401–2420,bamboo.png,,,,2840,,,汀
鴻,NA,2406,17,H,N1,large_goose,large_goose,large_goose,コウ,おおとり,heisig_extra,K2411,2411,5,121,11,U9D3B,09d3b.svg,,,draft,2401–2420,bamboo.png,,,,2049,,,鴻
潅,NA,2407,14,H,,souse,souse,souse,カン,そそ-ぐ,heisig_extra,K2412,2412,5,121,12,U6F45,06f45.svg,,,draft,2401–2420,bamboo.png,,,,3007,,,潅
溢,NA,2408,13,H,,brimming,brimming,brimming,イツ,こぼ-れる,heisig_extra,K2413,2413,5,121,13,U6EA2,06ea2.svg,,,draft,2401–2420,bamboo.png,,,,2227,,,溢
湛,NA,2409,12,H,,inundate,inundate,inundate,タン,しず-む,heisig_extra,K2414,2414,5,121,14,U6E5B,06e5b.svg,,,draft,2401–2420,bamboo.png,,,,2533,,,湛
淳,NA,2410,11,H,N1,immaculate,immaculate,immaculate,ジュン,あつ-い,heisig_extra,K2415,2415,5,121,15,U6DF3,06df3.svg,,,draft,2401–2420,bamboo.png,,,,1403,,,淳
渥,NA,2411,12,H,N1,moisten,moisten,moisten,アク,あつ-い,heisig_extra,K2416,2416,5,121,16,U6E25,06e25.svg,,,draft,2401–2420,bamboo.png,,,,2522,,,渥
灘,NA,2412,21,H,,rough_seas,rough_seas,rough_seas,タン,なだ,heisig_extra,K2417,2417,5,121,17,U7058,07058.svg,,,draft,2401–2420,bamboo.png,,,,2065,,,灘
汲,NA,2413,7,H,,draw_water,draw_water,draw_water,キュウ,く-む,heisig_extra,K2418,2418,5,121,18,U6C72,06c72.svg,,,draft,2401–2420,bamboo.png,,,,2180,,,汲
溜,NA,2415,13,H,,cumulation,cumulation,cumulation,リュウ,た-まる,heisig_extra,K2420,2420,5,121,20,U6E9C,06e9c.svg,,,draft,2401–2420,bamboo.png,,,,2012,,,溜
渕,NA,2416,11,H,,abyss_variant,abyss_variant,abyss_variant,エン,ふち,heisig_extra,K2421,2421,5,122,1,U6E15,06e15.svg,,,draft,2421–2440,castle.png,,,,1904,,,渕
沌,NA,2417,7,H,,chaos,chaos,chaos,トン,くら-い,heisig_extra,K2422,2422,5,122,2,U6C8C,06c8c.svg,,,draft,2421–2440,castle.png,,,,2619,,,沌
濾,NA,2418,18,H,,strainer,strainer,strainer,ロ,こ-す,heisig_extra,K2423,2423,5,122,3,U6FFE,06ffe.svg,,,draft,2421–2440,castle.png,,,,2743,,,濾
濡,NA,2419,17,H,,drench,drench,drench,ジュ,ぬれ-る,heisig_extra,K2424,2424,5,122,4,U6FE1,06fe1.svg,,,draft,2421–2440,castle.png,,,,2212,,,濡
淀,NA,2420,11,H,,eddy,eddy,eddy,テン,よど-む,heisig_extra,K2425,2425,5,122,5,U6DC0,06dc0.svg,,,draft,2421–2440,castle.png,,,,1826,,,淀
涅,NA,2421,10,H,,black_soil,black_soil,black_soil,ネツ,そ-める,heisig_extra,K2426,2426,5,122,6,U6D85,06d85.svg,,,draft,2421–2440,castle.png,,,,2766,,,涅
斧,NA,2422,8,H,,hatchet,hatchet,hatchet,フ,おの,heisig_extra,K2427,2427,5,122,7,U65A7,065a7.svg,,,draft,2421–2440,castle.png,,,,2297,,,斧
爺,NA,2423,13,H,,grandpa,grandpa,grandpa,ヤ,じい,heisig_extra,K2428,2428,5,122,8,U723A,0723a.svg,,,draft,2421–2440,castle.png,,,,2337,,,爺
猾,NA,2424,13,H,,sly,sly,sly,カツ,わるがしこ-い,heisig_extra,K2429,2429,5,122,9,U733E,0733e.svg,,,draft,2421–2440,castle.png,,,,2833,,,猾
猥,NA,2425,12,H,,indecent,indecent,indecent,ワイ,みだ-ら,heisig_extra,K2430,2430,5,122,10,U7325,07325.svg,,,draft,2421–2440,castle.png,,,,2652,,,猥
狡,NA,2426,9,H,,cunning,cunning,cunning,コウ,ずる-い,heisig_extra,K2431,2431,5,122,11,U72E1,072e1.svg,,,draft,2421–2440,castle.png,,,,2676,,,狡
狸,NA,2427,10,H,,racoon_dog,racoon_dog,racoon_dog,リ,たぬき,heisig_extra,K2432,2432,5,122,12,U72F8,072f8.svg,,,draft,2421–2440,castle.png,,,,2461,,,狸
狼,NA,2428,10,H,,wolf,wolf,wolf,ロウ,おおかみ,heisig_extra,K2433,2433,5,122,13,U72FC,072fc.svg,,,draft,2421–2440,castle.png,,,,1510,,,狼
狽,NA,2429,10,H,,flustered,flustered,flustered,ケン,,heisig_extra,K2434,2434,5,122,14,U72FD,072fd.svg,,,draft,2421–2440,castle.png,,,,2913,,,狽
狗,NA,2430,8,H,,pup,pup,pup,ク,いぬ,heisig_extra,K2435,2435,5,122,15,U72D7,072d7.svg,,,draft,2421–2440,castle.png,,,,2131,,,狗
狐,NA,2431,9,H,,fox,fox,fox,コ,きつね,heisig_extra,K2436,2436,5,122,16,U72D0,072d0.svg,,,draft,2421–2440,castle.png,,,,2135,,,狐
狛,NA,2432,8,H,,komainu,komainu,komainu,ハク,こま,heisig_extra,K2437,2437,5,122,17,U72DB,072db.svg,,,draft,2421–2440,castle.png,,,,2602,,,狛
獅,NA,2433,13,H,,lion,lion,lion,シ,しし,heisig_extra,K2438,2438,5,122,18,U7345,07345.svg,,,draft,2421–2440,castle.png,,,,1854,,,獅
狒,NA,2434,8,H,,baboon,baboon,baboon,ヒ,ひひ,heisig_extra,K2439,2439,5,122,19,U72D2,072d2.svg,,,draft,2421–2440,castle.png,,,,3017,,,狒
莨,NA,2435,10,H,,tobacco,tobacco,tobacco,ロウ,たばこ,heisig_extra,K2440,2440,5,122,20,U83A8,083a8.svg,,,draft,2421–2440,castle.png,,,,3011,,,莨
茉,NA,2436,8,H,N1,jasmine,jasmine,jasmine,マツ,,heisig_extra,K2441,2441,5,123,1,U8309,08309.svg,,,draft,2441–2460,koi.png,,,,2252,,,茉
莉,NA,2437,10,H,N1,hawthorn,hawthorn,hawthorn,リ,,heisig_extra,K2442,2442,5,123,2,U8389,08389.svg,,,draft,2441–2460,koi.png,,,,1746,,,莉
苺,NA,2438,8,H,,strawberry,strawberry,strawberry,バイ,いちご,heisig_extra,K2443,2443,5,123,3,U82FA,082fa.svg,,,draft,2441–2460,koi.png,,,,2741,,,苺
萩,NA,2439,12,H,N1,bush_clover,bush_clover,bush_clover,シュウ,はぎ,heisig_extra,K2444,2444,5,123,4,U8429,08429.svg,,,draft,2441–2460,koi.png,,,,1524,,,萩
藝,NA,2440,18,H,,technique_old,technique_old,technique_old,ゲイ,う-える,heisig_extra,K2445,2445,5,123,5,U85DD,085dd.svg,,,draft,2441–2460,koi.png,,,,1679,,,藝
薙,NA,2441,16,H,,trim,trim,trim,テイ,な-ぐ,heisig_extra,K2446,2446,5,123,6,U8599,08599.svg,,,draft,2441–2460,koi.png,,,,2347,,,薙
蓑,NA,2442,13,H,,straw_raincoat,straw_raincoat,straw_raincoat,サ,みの,heisig_extra,K2447,2447,5,123,7,U84D1,084d1.svg,,,draft,2441–2460,koi.png,,,,2712,,,蓑
苔,NA,2443,8,H,,moss,moss,moss,タイ,こけ,heisig_extra,K2448,2448,5,123,8,U82D4,082d4.svg,,,draft,2441–2460,koi.png,,,,2480,,,苔
蕩,NA,2444,15,H,,prodigal,prodigal,prodigal,トウ,とろ-かす,heisig_extra,K2449,2449,5,123,9,U8569,08569.svg,,,draft,2441–2460,koi.png,,,,2680,,,蕩
蔓,NA,2445,14,H,,tendril,tendril,tendril,マン,はびこ-る,heisig_extra,K2450,2450,5,123,10,U8513,08513.svg,,,draft,2441–2460,koi.png,,,,2514,,,蔓
蓮,NA,2446,13,H,N1,lotus,lotus,lotus,レン,はす,heisig_extra,K2451,2451,5,123,11,U84EE,084ee.svg,,,draft,2441–2460,koi.png,,,,1352,,,蓮
芙,NA,2447,7,H,N1,lotus_flower,lotus_flower,lotus_flower,フ,,heisig_extra,K2452,2452,5,123,12,U8299,08299.svg,,,draft,2441–2460,koi.png,,,,2219,,,芙
蓉,NA,2448,13,H,N1,lotus_blossom,lotus_blossom,lotus_blossom,ヨウ,,heisig_extra,K2453,2453,5,123,13,U84C9,084c9.svg,,,draft,2441–2460,koi.png,,,,2240,,,蓉
蘭,NA,2449,19,H,N1,orchid,orchid,orchid,ラン,,heisig_extra,K2454,2454,5,123,14,U862D,0862d.svg,,,draft,2441–2460,koi.png,,,,1447,,,蘭
芦,NA,2450,7,H,,hollow_reed,hollow_reed,hollow_reed,ロ,あし,heisig_extra,K2455,2455,5,123,15,U82A6,082a6.svg,,,draft,2441–2460,koi.png,,,,1723,,,芦
薯,NA,2451,16,H,,yam,yam,yam,ショ,いも,heisig_extra,K2456,2456,5,123,16,U85AF,085af.svg,,,draft,2441–2460,koi.png,,,,2932,,,薯
菖,NA,2452,11,H,N1,iris,iris,iris,ショウ,,heisig_extra,K2457,2457,5,123,17,U83D6,083d6.svg,,,draft,2441–2460,koi.png,,,,2564,,,菖
蕉,NA,2453,15,H,N1,banana,banana,banana,ショウ,,heisig_extra,K2458,2458,5,123,18,U8549,08549.svg,,,draft,2441–2460,koi.png,,,,2451,,,蕉
蕎,NA,2454,15,H,,buckwheat,buckwheat,buckwheat,キョウ,そば,heisig_extra,K2459,2459,5,123,19,U854E,0854e.svg,,,draft,2441–2460,koi.png,,,,2547,,,蕎
蕗,NA,2455,16,H,N1,butterbur,butterbur,butterbur,ロ,ふき,heisig_extra,K2460,2460,5,123,20,U8557,08557.svg,,,draft,2441–2460,koi.png,,,,2909,,,蕗
茄,NA,2456,8,H,N1,eggplant,eggplant,eggplant,カ,,heisig_extra,K2461,2461,5,124,1,U8304,08304.svg,,,draft,2461–2480,kujira.png,,,,2827,,,茄
蔭,NA,2457,14,H,,behind_the_scenes,behind_the_scenes,behind_the_scenes,イン,かげ,heisig_extra,K2462,2462,5,124,2,U852D,0852d.svg,,,draft,2461–2480,kujira.png,,,,2409,,,蔭
蓬,NA,2458,13,H,,wormwood,wormwood,wormwood,ホウ,よもぎ,heisig_extra,2463,5,124,3,U84EC,U84EC,084ec.svg,,draft,2461–2480,kujira.png,,,,,2502,,,蓬
芥,NA,2459,7,H,,mustard,mustard,mustard,カイ,からし,heisig_extra,K2464,2464,5,124,4,U82A5,082a5.svg,,,draft,2461–2480,kujira.png,,,,2242,,,芥
萌,NA,2460,11,H,N1,germinate,germinate,germinate,ホウ,も-える,heisig_extra,K2465,2465,5,124,5,U840C,0840c.svg,,,draft,2461–2480,kujira.png,,,,1778,,,萌
葡,NA,2461,12,H,,grape,grape,grape,ブ,,heisig_extra,K2466,2466,5,124,6,U8461,08461.svg,,,draft,2461–2480,kujira.png,,,,2531,,,葡
萄,NA,2462,11,H,,grape_vine,grape_vine,grape_vine,ドウ,,heisig_extra,K2467,2467,5,124,7,U8404,08404.svg,,,draft,2461–2480,kujira.png,,,,2595,,,萄
蘇,NA,2463,19,H,,resurrect,resurrect,resurrect,ソ,よみがえ-る,heisig_extra,K2468,2468,5,124,8,U8607,08607.svg,,,draft,2461–2480,kujira.png,,,,1483,,,蘇
蕃,NA,2464,15,H,,grow_wild,grow_wild,grow_wild,バン,,heisig_extra,K2469,2469,5,124,9,U8543,08543.svg,,,draft,2461–2480,kujira.png,,,,2550,,,蕃
苓,NA,2465,8,H,,cocklebur,cocklebur,cocklebur,レイ,みみなぐさ,heisig_extra,K2470,2470,5,124,10,U82D3,082d3.svg,,,draft,2461–2480,kujira.png,,,,2919,,,苓
菰,NA,2466,12,H,,rush_mat,rush_mat,rush_mat,コ,こも,heisig_extra,K2471,2471,5,124,11,U83F0,083f0.svg,,,draft,2461–2480,kujira.png,,,,2887,,,菰
蒙,NA,2467,13,H,,darken,darken,darken,モウ,こうむ-る,heisig_extra,K2472,2472,5,124,12,U8499,08499.svg,,,draft,2461–2480,kujira.png,,,,2094,,,蒙
茅,NA,2468,8,H,N1,grassy_reed,grassy_reed,grassy_reed,ボウ,かや,heisig_extra,K2473,2473,5,124,13,U8305,08305.svg,,,draft,2461–2480,kujira.png,,,,1944,,,茅
芭,NA,2469,7,H,,plantain,plantain,plantain,バ,,heisig_extra,K2474,2474,5,124,14,U82AD,082ad.svg,,,draft,2461–2480,kujira.png,,,,2443,,,芭
苅,NA,2470,7,H,,mow,mow,mow,ガイ,か-る,heisig_extra,K2475,2475,5,124,15,U82C5,082c5.svg,,,draft,2461–2480,kujira.png,,,,2509,,,苅
葱,NA,2471,12,H,,onion,onion,onion,ソウ,ねぎ,heisig_extra,K2476,2476,5,124,16,U8471,08471.svg,,,draft,2461–2480,kujira.png,,,,2918,,,葱
葵,NA,2472,12,H,N1,hollyhock,hollyhock,hollyhock,キ,あおい,heisig_extra,K2477,2477,5,124,17,U8475,08475.svg,,,draft,2461–2480,kujira.png,,,,1795,,,葵
葺,NA,2473,12,H,,shingling,shingling,shingling,シュウ,あし,heisig_extra,K2478,2478,5,124,18,U847A,0847a.svg,,,draft,2461–2480,kujira.png,,,,2232,,,葺
蕊,NA,2474,15,H,,stamen,stamen,stamen,ズイ,しべ,heisig_extra,K2479,2479,5,124,19,U854A,0854a.svg,,,draft,2461–2480,kujira.png,,,,2813,,,蕊
茸,NA,2475,9,H,,mushroom,mushroom,mushroom,ジョウ,きのこ,heisig_extra,K2480,2480,5,124,20,U8338,08338.svg,,,draft,2461–2480,kujira.png,,,,2810,,,茸
蒔,NA,2476,13,H,N1,sowing,sowing,sowing,シ,う-える,heisig_extra,K2481,2481,5,125,1,U8494,08494.svg,,,draft,2481–2500,mountain.png,,,,2536,,,蒔
芹,NA,2477,7,H,N1,parsley,parsley,parsley,キン,せり,heisig_extra,K2482,2482,5,125,2,U82B9,082b9.svg,,,draft,2481–2500,mountain.png,,,,2275,,,芹
苫,NA,2478,8,H,,thatching,thatching,thatching,セン,とま,heisig_extra,K2483,2483,5,125,3,U82EB,082eb.svg,,,draft,2481–2500,mountain.png,,,,2181,,,苫
蒼,NA,2479,13,H,N1,pale_blue,pale_blue,pale_blue,ソウ,あお-い,heisig_extra,K2484,2484,5,125,4,U84BC,084bc.svg,,,draft,2481–2500,mountain.png,,,,1783,,,蒼
藁,NA,2480,17,H,,straw,straw,straw,コウ,わら,heisig_extra,K2485,2485,5,125,5,U85C1,085c1.svg,,,draft,2481–2500,mountain.png,,,,2747,,,藁
蕪,NA,2481,15,H,,turnip,turnip,turnip,ブ,かぶ,heisig_extra,K2486,2486,5,125,6,U856A,0856a.svg,,,draft,2481–2500,mountain.png,,,,2706,,,蕪
藷,NA,2482,18,H,,sweet_potato,sweet_potato,sweet_potato,ショ,いも,heisig_extra,K2487,2487,5,125,7,U85F7,085f7.svg,,,draft,2481–2500,mountain.png,,,,3003,,,藷
薮,NA,2483,16,H,,quack,quack,quack,ソウ,やぶ,heisig_extra,K2488,2488,5,125,8,U85AE,085ae.svg,,,draft,2481–2500,mountain.png,,,,2721,,,薮
蒜,NA,2484,13,H,,garlic,garlic,garlic,サン,にんにく,heisig_extra,K2489,2489,5,125,9,U849C,0849c.svg,,,draft,2481–2500,mountain.png,,,,2888,,,蒜
蕨,NA,2485,15,H,,bracken,bracken,bracken,ケツ,わらび,heisig_extra,K2490,2490,5,125,10,U8568,08568.svg,,,draft,2481–2500,mountain.png,,,,2571,,,蕨
蔚,NA,2486,14,H,,grow_plentiful,grow_plentiful,grow_plentiful,ウツ,うち,heisig_extra,K2491,2491,5,125,11,U851A,0851a.svg,,,draft,2481–2500,mountain.png,,,,2781,,,蔚
茜,NA,2487,9,H,N1,madder_red,madder_red,madder_red,セン,あかね,heisig_extra,K2492,2492,5,125,12,U831C,0831c.svg,,,draft,2481–2500,mountain.png,,,,2189,,,茜
莞,NA,2488,10,H,N1,candle_rush,candle_rush,candle_rush,カン,い,heisig_extra,K2493,2493,5,125,13,U839E,0839e.svg,,,draft,2481–2500,mountain.png,,,,2809,,,莞
蒐,NA,2489,13,H,,collector,collector,collector,シュウ,あかね,heisig_extra,K2494,2494,5,125,14,U8490,08490.svg,,,draft,2481–2500,mountain.png,,,,2723,,,蒐
菅,NA,2490,11,H,,sedge,sedge,sedge,カン,すげ,heisig_extra,K2495,2495,5,125,15,U83C5,083c5.svg,,,draft,2481–2500,mountain.png,,,,1391,,,菅
葦,NA,2491,13,H,,ditch_reed,ditch_reed,ditch_reed,イ,あし,heisig_extra,K2496,2496,5,125,16,U8466,08466.svg,,,draft,2481–2500,mountain.png,,,,2484,,,葦
迪,NA,2492,8,H,N1,way,way,way,テキ,みち,heisig_extra,K2497,2497,5,125,17,U8FEA,08fea.svg,,,draft,2481–2500,mountain.png,,,,2837,,,迪
辿,NA,2493,6,H,,track_down,track_down,track_down,テン,たど-る,heisig_extra,K2498,2498,5,125,18,U8FBF,08fbf.svg,,,draft,2481–2500,mountain.png,,,,2200,,,辿
這,NA,2494,10,H,,crawl,crawl,crawl,シャ,は-う,heisig_extra,K2499,2499,5,125,19,U9019,09019.svg,,,draft,2481–2500,mountain.png,,,,2456,,,這
迂,NA,2495,6,H,,detour,detour,detour,ウ,,heisig_extra,K2500,2500,5,125,20,U8FC2,08fc2.svg,,,draft,2481–2500,mountain.png,,,,2410,,,迂
遁,NA,2496,12,H,,shirk,shirk,shirk,トン,のが-れる,heisig_extra,K2501,2501,6,126,1,U9041,09041.svg,,,draft,2501–2520,tree.png,,,,2692,,,遁
逢,NA,2497,10,H,,tryst,tryst,tryst,ホウ,あ-う,heisig_extra,K2502,2502,6,126,2,U9022,09022.svg,,,draft,2501–2520,tree.png,,,,1842,,,逢
遥,NA,2498,12,H,N1,far_off,far_off,far_off,ヨウ,はる-か,heisig_extra,K2503,2503,6,126,3,U9065,09065.svg,,,draft,2501–2520,tree.png,,,,1776,,,遥
遼,NA,2499,15,H,N1,faraway,faraway,faraway,リョウ,,heisig_extra,K2504,2504,6,126,4,U907C,0907c.svg,,,draft,2501–2520,tree.png,,,,1910,,,遼
逼,NA,2500,12,H,,pressing,pressing,pressing,フク,せま-る,heisig_extra,K2505,2505,6,126,5,U903C,0903c.svg,,,draft,2501–2520,tree.png,,,,2788,,,逼
迄,NA,2501,6,H,,until,until,until,キツ,まで,heisig_extra,K2506,2506,6,126,6,U8FC4,08fc4.svg,,,draft,2501–2520,tree.png,,,,2702,,,迄
逗,NA,2502,10,H,,standstill,standstill,standstill,トウ,とど-まる,heisig_extra,K2507,2507,6,126,7,U9017,09017.svg,,,draft,2501–2520,tree.png,,,,2481,,,逗
鄭,NA,2503,15,H,,courtesy,courtesy,courtesy,テイ,,heisig_extra,K2508,2508,6,126,8,U912D,0912d.svg,,,draft,2501–2520,tree.png,,,,2079,,,鄭
隕,NA,2504,13,H,,falling,falling,falling,イン,おち-る,heisig_extra,K2509,2509,6,126,9,U9695,09695.svg,,,draft,2501–2520,tree.png,,,,2463,,,隕
隈,NA,2505,12,H,,nook,nook,nook,ワイ,くま,heisig_extra,K2510,2510,6,126,10,U9688,09688.svg,,,draft,2501–2520,tree.png,,,,1834,,,隈
憑,NA,2506,16,H,,possessed,possessed,possessed,ヒョウ,つ-く,heisig_extra,K2511,2511,6,126,11,U6191,06191.svg,,,draft,2501–2520,tree.png,,,,2027,,,憑
惹,NA,2507,12,H,,attract,attract,attract,ジャク,ひ-く,heisig_extra,K2512,2512,6,126,12,U60F9,060f9.svg,,,draft,2501–2520,tree.png,,,,2156,,,惹
悉,NA,2508,11,H,,all,all,all,シツ,つ-きる,heisig_extra,K2513,2513,6,126,13,U6089,06089.svg,,,draft,2501–2520,tree.png,,,,2791,,,悉
忽,NA,2509,8,H,,instantaneously,instantaneously,instantaneously,コツ,たちま-ち,heisig_extra,K2514,2514,6,126,14,U5FFD,05ffd.svg,,,draft,2501–2520,tree.png,,,,2754,,,忽
惣,NA,2510,12,H,N1,firstborn_son,firstborn_son,firstborn_son,ソウ,すべ-て,heisig_extra,K2515,2515,6,126,15,U60E3,060e3.svg,,,draft,2501–2520,tree.png,,,,2063,,,惣
愈,NA,2511,13,H,,all_the_more,all_the_more,all_the_more,ユ,いよいよ,heisig_extra,K2516,2516,6,126,16,U6108,06108.svg,,,draft,2501–2520,tree.png,,,,3004,,,愈
恕,NA,2512,10,H,N1,sensitive,sensitive,sensitive,ジョ,ゆる-す,heisig_extra,K2517,2517,6,126,17,U6055,06055.svg,,,draft,2501–2520,tree.png,,,,2849,,,恕
昴,NA,2513,9,H,N1,over_arching,over_arching,over_arching,コウ,すばる,heisig_extra,K2518,2518,6,126,18,U6634,06634.svg,,,draft,2501–2520,tree.png,,,,2698,,,昴
晋,NA,2514,10,H,N1,progress,progress,progress,シン,すす-む,heisig_extra,K2519,2519,6,126,19,U664B,0664b.svg,,,draft,2501–2520,tree.png,,,,1559,,,晋
晟,NA,2515,10,H,N1,aglow,aglow,aglow,セイ,あきらか,heisig_extra,K2520,2520,6,126,20,U665F,0665f.svg,,,draft,2501–2520,tree.png,,,,2834,,,晟
暈,NA,2516,13,H,,halo,halo,halo,ウン,ぼか-す,heisig_extra,K2521,2521,6,127,1,U6688,06688.svg,,,draft,2521–2540,bamboo.png,,,,2948,,,暈
暉,NA,2517,13,H,N1,glitter,glitter,glitter,キ,かが-やく,heisig_extra,K2522,2522,6,127,2,U6689,06689.svg,,,draft,2521–2540,bamboo.png,,,,2635,,,暉
旱,NA,2518,7,H,,dry_weather,dry_weather,dry_weather,カン,ひでり,heisig_extra,K2523,2523,6,127,3,U65F1,065f1.svg,,,draft,2521–2540,bamboo.png,,,,2875,,,旱
晏,NA,2519,10,H,N1,clear_skies,clear_skies,clear_skies,アン,おそ-い,heisig_extra,K2524,2524,6,127,4,U664F,0664f.svg,,,draft,2521–2540,bamboo.png,,,,2914,,,晏
晨,NA,2520,11,H,N1,morrow,morrow,morrow,シン,あした,heisig_extra,K2525,2525,6,127,5,U6668,06668.svg,,,draft,2521–2540,bamboo.png,,,,2886,,,晨
晒,NA,2521,10,H,,bleaching,bleaching,bleaching,サイ,さら-す,heisig_extra,K2526,2526,6,127,6,U6652,06652.svg,,,draft,2521–2540,bamboo.png,,,,2405,,,晒
晃,NA,2522,10,H,N1,limpid,limpid,limpid,コウ,あきらか,heisig_extra,K2527,2527,6,127,7,U6643,06643.svg,,,draft,2521–2540,bamboo.png,,,,1572,,,晃
曝,NA,2523,19,H,,expose,expose,expose,バク,さら-す,heisig_extra,K2528,2528,6,127,8,U66DD,066dd.svg,,,draft,2521–2540,bamboo.png,,,,2610,,,曝
曙,NA,2524,17,H,N1,daybreak,daybreak,daybreak,ショ,あけぼの,heisig_extra,K2529,2529,6,127,9,U66D9,066d9.svg,,,draft,2521–2540,bamboo.png,,,,2462,,,曙
昂,NA,2525,8,H,N1,elevate,elevate,elevate,コウ,あ-がる,heisig_extra,K2530,2530,6,127,10,U6602,06602.svg,,,draft,2521–2540,bamboo.png,,,,2413,,,昂
昏,NA,2526,8,H,,dusk,dusk,dusk,コン,くら-い,heisig_extra,K2531,2531,6,127,11,U660F,0660f.svg,,,draft,2521–2540,bamboo.png,,,,2279,,,昏
晦,NA,2527,10,H,,dark,dark,dark,カイ,つごもり,heisig_extra,K2532,2532,6,127,12,U6666,06666.svg,,,draft,2521–2540,bamboo.png,,,,2465,,,晦
膿,NA,2528,17,H,,pus,pus,pus,ノウ,う-む,heisig_extra,K2533,2533,6,127,13,U81BF,081bf.svg,,,draft,2521–2540,bamboo.png,,,,2578,,,膿
腑,NA,2529,12,H,,viscera,viscera,viscera,フ,はらわた,heisig_extra,K2534,2534,6,127,14,U8151,08151.svg,,,draft,2521–2540,bamboo.png,,,,2979,,,腑
胱,NA,2530,10,H,,bladder,bladder,bladder,コウ,,heisig_extra,K2535,2535,6,127,15,U80F1,080f1.svg,,,draft,2521–2540,bamboo.png,,,,2862,,,胱
胚,NA,2531,9,H,,embryo,embryo,embryo,ハイ,はらみ,heisig_extra,K2536,2536,6,127,16,U80DA,080da.svg,,,draft,2521–2540,bamboo.png,,,,2609,,,胚
肛,NA,2532,7,H,,anus,anus,anus,コウ,,heisig_extra,K2537,2537,6,127,17,U809B,0809b.svg,,,draft,2521–2540,bamboo.png,,,,2681,,,肛
脆,NA,2533,10,H,,fragile,fragile,fragile,ゼイ,もろ-い,heisig_extra,K2538,2538,6,127,18,U8106,08106.svg,,,draft,2521–2540,bamboo.png,,,,2370,,,脆
肋,NA,2534,6,H,,rib,rib,rib,ロク,あばら,heisig_extra,K2539,2539,6,127,19,U808B,0808b.svg,,,draft,2521–2540,bamboo.png,,,,2701,,,肋
腔,NA,2535,12,H,,body_cavity,body_cavity,body_cavity,コウ,,heisig_extra,K2540,2540,6,127,20,U8154,08154.svg,,,draft,2521–2540,bamboo.png,,,,2147,,,腔
肱,NA,2536,8,H,,armrest,armrest,armrest,コウ,かいな,heisig_extra,K2541,2541,6,128,1,U80B1,080b1.svg,,,draft,2541–2560,castle.png,,,,2879,,,肱
胡,NA,2537,9,H,N1,waning_moon,waning_moon,waning moon,ウ,なんぞ,heisig_extra,K2542,2542,6,128,2,U80E1,080e1.svg,,,draft,2541–2560,castle.png,,,waning moon,1812,,,胡
楓,NA,2538,13,H,N1,maple,maple,maple,フウ,かえで,heisig_extra,K2543,2543,6,128,3,U6953,06953.svg,,,draft,2541–2560,castle.png,,,,2096,,,楓
楊,NA,2539,13,H,N1,purple_willow,purple_willow,purple_willow,ヨウ,やなぎ,heisig_extra,K2544,2544,6,128,4,U694A,0694a.svg,,,draft,2541–2560,castle.png,,,,1903,,,楊
椋,NA,2540,12,H,N1,elm,elm,elm,リョウ,むく,heisig_extra,K2545,2545,6,128,5,U690B,0690b.svg,,,draft,2541–2560,castle.png,,,,2566,,,椋
榛,NA,2541,14,H,N1,hazel,hazel,hazel,シン,はしばみ,heisig_extra,K2546,2546,6,128,6,U699B,0699b.svg,,,draft,2541–2560,castle.png,,,,2342,,,榛
櫛,NA,2542,17,H,,comb,comb,comb,シツ,くし,heisig_extra,K2547,2547,6,128,7,U6ADB,06adb.svg,,,draft,2541–2560,castle.png,,,,2323,,,櫛
槌,NA,2543,13,H,,sledgehammer,sledgehammer,sledgehammer,ツイ,つち,heisig_extra,K2548,2548,6,128,8,U69CC,069cc.svg,,,draft,2541–2560,castle.png,,,,2506,,,槌
樵,NA,2544,16,H,,mallet,mallet,mallet,ショウ,きこ-る,heisig_extra,K2549,2549,6,128,9,U6A35,06a35.svg,,,draft,2541–2560,castle.png,,,,2931,,,樵
梯,NA,2545,11,H,,ladder,ladder,ladder,テイ,はしご,heisig_extra,K2550,2550,6,128,10,U68AF,068af.svg,,,draft,2541–2560,castle.png,,,,2513,,,梯
柑,NA,2546,9,H,,citrus_tree,citrus_tree,citrus_tree,コン,,heisig_extra,K2551,2551,6,128,11,U67D1,067d1.svg,,,draft,2541–2560,castle.png,,,,2535,,,柑
杭,NA,2547,8,H,,picket,picket,picket,コウ,くい,heisig_extra,K2552,2552,6,128,12,U676D,0676d.svg,,,draft,2541–2560,castle.png,,,,2361,,,杭
柊,NA,2548,9,H,N1,holly,holly,holly,シュ,ひいらぎ,heisig_extra,K2553,2553,6,128,13,U67CA,067ca.svg,,,draft,2541–2560,castle.png,,,,2339,,,柊
柚,NA,2549,9,H,N1,citron,citron,citron,ユ,ゆず,heisig_extra,K2554,2554,6,128,14,U67DA,067da.svg,,,draft,2541–2560,castle.png,,,,2149,,,柚
椀,NA,2550,12,H,,wooden_bowl,wooden_bowl,wooden_bowl,ワン,はち,heisig_extra,K2555,2555,6,128,15,U6900,06900.svg,,,draft,2541–2560,castle.png,,,,2831,,,椀
栂,NA,2551,9,H,,hemlock,hemlock,hemlock,,つが,heisig_extra,K2556,2556,6,128,16,U6802,06802.svg,,,draft,2541–2560,castle.png,,,,2905,,,栂
柾,NA,2552,9,H,N1,spindle_tree,spindle_tree,spindle_tree,,まさ,heisig_extra,K2557,2557,6,128,17,U67FE,067fe.svg,,,draft,2541–2560,castle.png,,,,2605,,,柾
榊,NA,2553,13,H,,sacred_tree,sacred_tree,sacred_tree,,さかき,heisig_extra,K2558,2558,6,128,18,U698A,0698a.svg,,,draft,2541–2560,castle.png,,,,2091,,,榊
樫,NA,2554,16,H,,evergreen_oak,evergreen_oak,evergreen_oak,,かし,heisig_extra,K2559,2559,6,128,19,U6A2B,06a2b.svg,,,draft,2541–2560,castle.png,,,,2177,,,樫
槙,NA,2555,14,H,N1,black_pine,black_pine,black_pine,テン,まき,heisig_extra,K2560,2560,6,128,20,U69D9,069d9.svg,,,draft,2541–2560,castle.png,,,,2552,,,槙
楢,NA,2556,13,H,,japanese_oak,japanese_oak,japanese_oak,シュウ,なら,heisig_extra,K2561,2561,6,129,1,U6962,06962.svg,,,draft,2561–2580,koi.png,,,,2479,,,楢
橘,NA,2557,16,H,N1,tangerine,tangerine,tangerine,キツ,たちばな,heisig_extra,K2562,2562,6,129,2,U6A58,06a58.svg,,,draft,2561–2580,koi.png,,,,1744,,,橘
桧,NA,2558,10,H,,hinoki_variant,hinoki_variant,hinoki_variant,カイ,ひのき,heisig_extra,K2563,2563,6,129,3,U6867,06867.svg,,,draft,2561–2580,koi.png,,,,2617,,,桧
棲,NA,2559,12,H,,roost,roost,roost,セイ,す-む,heisig_extra,K2564,2564,6,129,4,U68F2,068f2.svg,,,draft,2561–2580,koi.png,,,,1950,,,棲
栖,NA,2560,10,H,,nestle,nestle,nestle,セイ,す-む,heisig_extra,K2565,2565,6,129,5,U6816,06816.svg,,,draft,2561–2580,koi.png,,,,1843,,,栖
桔,NA,2561,10,H,,bellflower,bellflower,bellflower,キツ,,heisig_extra,K2566,2566,6,129,6,U6854,06854.svg,,,draft,2561–2580,koi.png,,,,2590,,,桔
杜,NA,2562,7,H,N1,temple_grove,temple_grove,temple_grove,ト,もり,heisig_extra,K2567,2567,6,129,7,U675C,0675c.svg,,,draft,2561–2580,koi.png,,,,1895,,,杜
杷,NA,2563,8,H,,grain_rake,grain_rake,grain_rake,ハ,つか,heisig_extra,K2568,2568,6,129,8,U6777,06777.svg,,,draft,2561–2580,koi.png,,,,2719,,,杷
梶,NA,2564,11,H,,oar,oar,oar,ビ,かじ,heisig_extra,K2569,2569,6,129,9,U68B6,068b6.svg,,,draft,2561–2580,koi.png,,,,1794,,,梶
杵,NA,2565,8,H,,wooden_pestle,wooden_pestle,wooden_pestle,ショ,きね,heisig_extra,K2570,2570,6,129,10,U6775,06775.svg,,,draft,2561–2580,koi.png,,,,2140,,,杵
杖,NA,2566,7,H,,cane,cane,cane,ジョウ,つえ,heisig_extra,K2571,2571,6,129,11,U6756,06756.svg,,,draft,2561–2580,koi.png,,,,2082,,,杖
樽,NA,2567,16,H,,barrel,barrel,barrel,ソン,たる,heisig_extra,K2572,2572,6,129,12,U6A3D,06a3d.svg,,,draft,2561–2580,koi.png,,,,1879,,,樽
櫓,NA,2568,19,H,,turret,turret,turret,ロ,やぐら,heisig_extra,K2573,2573,6,129,13,U6AD3,06ad3.svg,,,draft,2561–2580,koi.png,,,,2530,,,櫓
橿,NA,2569,17,H,,sturdy_oak,sturdy_oak,sturdy_oak,キョウ,かし,heisig_extra,K2574,2574,6,129,14,U6A7F,06a7f.svg,,,draft,2561–2580,koi.png,,,,2581,,,橿
杓,NA,2570,7,H,,wooden_ladle,wooden_ladle,wooden_ladle,シャク,ひしゃく,heisig_extra,K2575,2575,6,129,15,U6753,06753.svg,,,draft,2561–2580,koi.png,,,,2903,,,杓
李,NA,2571,7,H,N1,damson,damson,damson,リ,すもも,heisig_extra,K2576,2576,6,129,16,U674E,0674e.svg,,,draft,2561–2580,koi.png,,,,1283,,,李
棉,NA,2572,12,H,,raw_cotton,raw_cotton,raw_cotton,メン,わた,heisig_extra,K2577,2577,6,129,17,U68C9,068c9.svg,,,draft,2561–2580,koi.png,,,,3021,,,棉
楯,NA,2573,13,H,,escutcheon,escutcheon,escutcheon,ジュン,たて,heisig_extra,K2578,2578,6,129,18,U696F,0696f.svg,,,draft,2561–2580,koi.png,,,,2433,,,楯
榎,NA,2574,14,H,,hackberry,hackberry,hackberry,カ,えのき,heisig_extra,K2579,2579,6,129,19,U698E,0698e.svg,,,draft,2561–2580,koi.png,,,,2097,,,榎
樺,NA,2575,14,H,N1,birch,birch,birch,カ,かば,heisig_extra,K2580,2580,6,129,20,U6A3A,06a3a.svg,,,draft,2561–2580,koi.png,,,,1968,,,樺
槍,NA,2576,14,H,,lance,lance,lance,ソウ,やり,heisig_extra,K2581,2581,6,130,1,U69CD,069cd.svg,,,draft,2581–2600,kujira.png,,,,1949,,,槍
柘,NA,2577,9,H,,wild_mulberry,wild_mulberry,wild_mulberry,シャ,そ,heisig_extra,K2582,2582,6,130,2,U67D8,067d8.svg,,,draft,2581–2600,kujira.png,,,,2734,,,柘
梱,NA,2578,11,H,,bale,bale,bale,コン,こう-る,heisig_extra,K2583,2583,6,130,3,U68B1,068b1.svg,,,draft,2581–2600,kujira.png,,,,2188,,,梱
枇,NA,2579,8,H,,loquat,loquat,loquat,ビ,,heisig_extra,K2584,2584,6,130,4,U6787,06787.svg,,,draft,2581–2600,kujira.png,,,,2784,,,枇
樋,NA,2580,14,H,,downspout,downspout,downspout,トウ,ひ,heisig_extra,K2585,2585,6,130,5,U6A0B,06a0b.svg,,,draft,2581–2600,kujira.png,,,,1871,,,樋
橇,NA,2581,16,H,,sled,sled,sled,キョウ,そり,heisig_extra,K2586,2586,6,130,6,U6A47,06a47.svg,,,draft,2581–2600,kujira.png,,,,2983,,,橇
槃,NA,2582,14,H,,enjoyment,enjoyment,enjoyment,ハン,たら-い,heisig_extra,K2587,2587,6,130,7,U69C3,069c3.svg,,,draft,2581–2600,kujira.png,,,,2769,,,槃
栞,NA,2583,10,H,N1,bookmark,bookmark,bookmark,カン,しおり,heisig_extra,K2588,2588,6,130,8,U681E,0681e.svg,,,draft,2581–2600,kujira.png,,,,2611,,,栞
椰,NA,2584,13,H,N1,coconut,coconut,coconut,ヤ,やし,heisig_extra,K2589,2589,6,130,9,U6930,06930.svg,,,draft,2581–2600,kujira.png,,,,2852,,,椰
檀,NA,2585,17,H,N1,sandalwood,sandalwood,sandalwood,ダン,まゆみ,heisig_extra,K2590,2590,6,130,10,U6A80,06a80.svg,,,draft,2581–2600,kujira.png,,,,2283,,,檀
樗,NA,2586,15,H,,sumac,sumac,sumac,チョ,おおち,heisig_extra,K2591,2591,6,130,11,U6A17,06a17.svg,,,draft,2581–2600,kujira.png,,,,2964,,,樗
槻,NA,2587,15,H,N1,zelkova,zelkova,zelkova,キ,つき,heisig_extra,K2592,2592,6,130,12,U69FB,069fb.svg,,,draft,2581–2600,kujira.png,,,,1628,,,槻
椙,NA,2588,12,H,,cryptomeria,cryptomeria,cryptomeria,,すぎ,heisig_extra,K2593,2593,6,130,13,U6919,06919.svg,,,draft,2581–2600,kujira.png,,,,2803,,,椙
彬,NA,2589,11,H,N1,copious,copious,copious,ヒン,うるわ-しい,heisig_extra,K2594,2594,6,130,14,U5F6C,05f6c.svg,,,draft,2581–2600,kujira.png,,,,2358,,,彬
桶,NA,2590,11,H,,bucket,bucket,bucket,ヨウ,おけ,heisig_extra,K2595,2595,6,130,15,U6876,06876.svg,,,draft,2581–2600,kujira.png,,,,2246,,,桶
楕,NA,2591,13,H,,ellipse,ellipse,ellipse,ダ,,heisig_extra,K2596,2596,6,130,16,U6955,06955.svg,,,draft,2581–2600,kujira.png,,,,2285,,,楕
樒,NA,2592,15,H,,staranise,staranise,staranise,ミツ,しきみ,heisig_extra,K2597,2597,6,130,17,U6A12,06a12.svg,,,draft,2581–2600,kujira.png,,,,3020,,,樒
毬,NA,2593,11,H,N1,furball,furball,furball,キュウ,いが,heisig_extra,K2598,2598,6,130,18,U6BEC,06bec.svg,,,draft,2581–2600,kujira.png,,,,2689,,,毬
燿,NA,2594,18,H,N1,twinkle,twinkle,twinkle,ヨウ,かがや-く,heisig_extra,K2599,2599,6,130,19,U71FF,071ff.svg,,,draft,2581–2600,kujira.png,,,,2811,,,燿
燎,NA,2595,16,H,N1,watchfire,watchfire,watchfire,リョウ,かがりび,heisig_extra,K2600,2600,6,130,20,U71CE,071ce.svg,,,draft,2581–2600,kujira.png,,,,2972,,,燎
炬,NA,2596,9,H,,torch,torch,torch,コ,,heisig_extra,K2601,2601,6,131,1,U70AC,070ac.svg,,,draft,2601–2620,mountain.png,,,,3000,,,炬
焚,NA,2597,12,H,,kindle,kindle,kindle,フン,た-く,heisig_extra,K2602,2602,6,131,2,U711A,0711a.svg,,,draft,2601–2620,mountain.png,,,,2577,,,焚
灸,NA,2598,7,H,,moxa,moxa,moxa,キュウ,やいと,heisig_extra,K2603,2603,6,131,3,U7078,07078.svg,,,draft,2601–2620,mountain.png,,,,2501,,,灸
煽,NA,2599,14,H,,fanning,fanning,fanning,セン,あお-る,heisig_extra,K2604,2604,6,131,4,U717D,0717d.svg,,,draft,2601–2620,mountain.png,,,,2428,,,煽
煤,NA,2600,13,H,,soot,soot,soot,バイ,すす,heisig_extra,K2605,2605,6,131,5,U7164,07164.svg,,,draft,2601–2620,mountain.png,,,,2865,,,煤
煉,NA,2601,12,H,,firing,firing,firing,レン,ね-る,heisig_extra,K2606,2606,6,131,6,U7149,07149.svg,,,draft,2601–2620,mountain.png,,,,2196,,,煉
燦,NA,2602,17,H,N1,dazzling,dazzling,dazzling,サン,さん-たる,heisig_extra,K2607,2607,6,131,7,U71E6,071e6.svg,,,draft,2601–2620,mountain.png,,,,2740,,,燦
灼,NA,2603,7,H,,refulgent,refulgent,refulgent,シャク,あらた,heisig_extra,K2608,2608,6,131,8,U707C,0707c.svg,,,draft,2601–2620,mountain.png,,,,2587,,,灼
烙,NA,2604,10,H,,branding,branding,branding,ラク,や-く,heisig_extra,K2609,2609,6,131,9,U70D9,070d9.svg,,,draft,2601–2620,mountain.png,,,,2877,,,烙
焔,NA,2605,11,H,,flames,flames,flames,エン,ほのお,heisig_extra,K2610,2610,6,131,10,U7114,07114.svg,,,draft,2601–2620,mountain.png,,,,2697,,,焔
烹,NA,2606,11,H,,stew,stew,stew,ホウ,に-る,heisig_extra,K2611,2611,6,131,11,U70F9,070f9.svg,,,draft,2601–2620,mountain.png,,,,2898,,,烹
牽,NA,2607,11,H,,tug,tug,tug,ケン,ひ-く,heisig_extra,K2612,2612,6,131,12,U727D,0727d.svg,,,draft,2601–2620,mountain.png,,,,1846,,,牽
牝,NA,2608,6,H,,female_animal,female_animal,female_animal,ヒン,めす,heisig_extra,K2613,2613,6,131,13,U725D,0725d.svg,,,draft,2601–2620,mountain.png,,,,1890,,,牝
牡,NA,2609,7,H,,male_animal,male_animal,male_animal,ボ,おす,heisig_extra,K2614,2614,6,131,14,U7261,07261.svg,,,draft,2601–2620,mountain.png,,,,1677,,,牡
琳,NA,2610,12,H,N1,chime,chime,chime,リン,,heisig_extra,K2615,2615,6,131,15,U7433,07433.svg,,,draft,2601–2620,mountain.png,,,,2670,,,琳
琉,NA,2611,11,H,N1,lapis_lazuli,lapis_lazuli,lapis_lazuli,リュウ,,heisig_extra,,K2616,2616,6,131,U7409,07409.svg,u7409.svg,,,draft,2601–2620,mountain.png,,,1702,,,琉
瑳,NA,2612,14,H,N1,burnish,burnish,burnish,サ,みが-く,heisig_extra,K2617,2617,6,131,17,U7473,07473.svg,,,draft,2601–2620,mountain.png,,,,2839,,,瑳
琢,NA,2613,11,H,N1,hone,hone,hone,タク,みが-く,heisig_extra,K2618,2618,6,131,18,U7422,07422.svg,,,draft,2601–2620,mountain.png,,,,2356,,,琢
珊,NA,2614,9,H,,coral,coral,coral,サン,さんち,heisig_extra,K2619,2619,6,131,19,U73CA,073ca.svg,,,draft,2601–2620,mountain.png,,,,2629,,,珊
瑚,NA,2615,13,H,N1,coral_reef,coral_reef,coral_reef,コ,,heisig_extra,K2620,2620,6,131,20,U745A,0745a.svg,,,draft,2601–2620,mountain.png,,,,2660,,,瑚
瑞,NA,2616,13,H,N1,fortunate,fortunate,fortunate,ズイ,みず-,heisig_extra,K2621,2621,6,132,1,U745E,0745e.svg,,,draft,2621–2640,tree.png,,,,1454,,,瑞
玖,NA,2617,7,H,N1,jet,jet,jet,キュウ,,heisig_extra,K2622,2622,6,132,2,U7396,07396.svg,,,draft,2621–2640,tree.png,,,,2287,,,玖
瑛,NA,2618,12,,N1,crystal,crystal,crystal,エイ,,heisig_extra,K2623,2623,6,132,3,U745B,0745b.svg,,,draft,2621–2640,tree.png,,,,2404,,,瑛
玲,NA,2619,9,H,N1,tinkling,tinkling,tinkling,レイ,,heisig_extra,K2624,2624,6,132,4,U73B2,073b2.svg,,,draft,2621–2640,tree.png,,,,1708,,,玲
畢,NA,2620,11,H,,lastly,lastly,lastly,ヒツ,おわ-る,heisig_extra,K2625,2625,6,132,5,U7562,07562.svg,,,draft,2621–2640,tree.png,,,,2925,,,畢
畦,NA,2621,11,H,,paddyfield,paddyfield,paddyfield,ケイ,あぜ,heisig_extra,K2626,2626,6,132,6,U7566,07566.svg,,,draft,2621–2640,tree.png,,,,2885,,,畦
痒,NA,2622,11,H,,itch,itch,itch,ヨウ,かゆ-がる,heisig_extra,K2627,2627,6,132,7,U75D2,075d2.svg,,,draft,2621–2640,tree.png,,,,2947,,,痒
痰,NA,2623,13,H,,phlegm,phlegm,phlegm,タン,,heisig_extra,K2628,2628,6,132,8,U75F0,075f0.svg,,,draft,2621–2640,tree.png,,,,2921,,,痰
疹,NA,2624,10,H,,measles,measles,measles,シン,はしか,heisig_extra,K2629,2629,6,132,9,U75B9,075b9.svg,,,draft,2621–2640,tree.png,,,,2594,,,疹
痔,NA,2625,11,H,,hemorrhoids,hemorrhoids,hemorrhoids,ヂ,しもがさ,heisig_extra,K2630,2630,6,132,10,U75D4,075d4.svg,,,draft,2621–2640,tree.png,,,,2933,,,痔
癌,NA,2626,17,H,,cancer,cancer,cancer,ガン,,heisig_extra,K2631,2631,6,132,11,U764C,0764c.svg,,,draft,2621–2640,tree.png,,,,1881,,,癌
痺,NA,2627,13,H,,paralysis,paralysis,paralysis,ヒ,しび-れる,heisig_extra,K2632,2632,6,132,12,U75FA,075fa.svg,,,draft,2621–2640,tree.png,,,,2264,,,痺
眸,NA,2628,11,H,N1,eye_pupil,eye_pupil,eye_pupil,ボウ,ひとみ,heisig_extra,K2633,2633,6,132,13,U7738,07738.svg,,,draft,2621–2640,tree.png,,,,3010,,,眸
眩,NA,2629,10,H,,dizzy,dizzy,dizzy,ゲン,げん-す,heisig_extra,K2634,2634,6,132,14,U7729,07729.svg,,,draft,2621–2640,tree.png,,,,2725,,,眩
雉,NA,2630,13,H,,pheasant,pheasant,pheasant,ジ,きじ,heisig_extra,K2635,2635,6,132,15,U96C9,096c9.svg,,,draft,2621–2640,tree.png,,,,2737,,,雉
矩,NA,2631,10,H,N1,carpenters_square,carpenters_square,carpenters_square,ク,かね,heisig_extra,K2636,2636,6,132,16,U77E9,077e9.svg,,,draft,2621–2640,tree.png,,,,2327,,,矩
磐,NA,2632,15,H,,bedrock,bedrock,bedrock,バン,いわ,heisig_extra,K2637,2637,6,132,17,U78D0,078d0.svg,,,draft,2621–2640,tree.png,,,,1606,,,磐
碇,NA,2633,13,H,,grapnel,grapnel,grapnel,テイ,いかり,heisig_extra,K2638,2638,6,132,18,U7887,07887.svg,,,draft,2621–2640,tree.png,,,,2687,,,碇
碧,NA,2634,14,H,N1,blue_green,blue_green,blue_green,ヘキ,,heisig_extra,K2639,2639,6,132,19,U78A7,078a7.svg,,,draft,2621–2640,tree.png,,,,2006,,,碧
硯,NA,2635,12,H,,inkstone,inkstone,inkstone,ケン,すずり,heisig_extra,K2640,2640,6,132,20,U786F,0786f.svg,,,draft,2621–2640,tree.png,,,,2845,,,硯
砥,NA,2636,10,H,,grindstone,grindstone,grindstone,シ,と,heisig_extra,K2641,2641,6,133,1,U7825,07825.svg,,,draft,2641–2660,bamboo.png,,,,2493,,,砥
碗,NA,2637,13,H,,teacup,teacup,teacup,ワン,こばち,heisig_extra,K2642,2642,6,133,2,U7897,07897.svg,,,draft,2641–2660,bamboo.png,,,,2773,,,碗
碍,NA,2638,13,H,,obstacle,obstacle,obstacle,ガイ,さまた-げる,heisig_extra,K2643,2643,6,133,3,U788D,0788d.svg,,,draft,2641–2660,bamboo.png,,,,2829,,,碍
碩,NA,2639,14,H,N1,illustrious,illustrious,illustrious,セキ,おお-きい,heisig_extra,K2644,2644,6,133,4,U78A9,078a9.svg,,,draft,2641–2660,bamboo.png,,,,2573,,,碩
磯,NA,2640,17,H,N1,rocky_beach,rocky_beach,rocky_beach,キ,いそ,heisig_extra,K2645,2645,6,133,5,U78EF,078ef.svg,,,draft,2641–2660,bamboo.png,,,,1582,,,磯
砺,NA,2641,10,H,,whetstone,whetstone,whetstone,レイ,あらと,heisig_extra,K2646,2646,6,133,6,U783A,0783a.svg,,,draft,2641–2660,bamboo.png,,,,2527,,,砺
碓,NA,2642,13,H,,mill,mill,mill,カク,たし-か,heisig_extra,K2647,2647,6,133,7,U7893,07893.svg,,,draft,2641–2660,bamboo.png,,,,2541,,,碓
禦,NA,2643,17,H,,fend_off,fend_off,fend_off,ギョ,ふせ-ぐ,heisig_extra,K2648,2648,6,133,8,U79A6,079a6.svg,,,draft,2641–2660,bamboo.png,,,,2980,,,禦
祷,NA,2644,11,H,,beseech,beseech,beseech,トウ,いの-る,heisig_extra,K2649,2649,6,133,9,U7977,07977.svg,,,draft,2641–2660,bamboo.png,,,,2432,,,祷
祐,NA,2645,9,H,N1,ancestral_tablet,ancestral_tablet,ancestral_tablet,ユウ,たす-ける,heisig_extra,K2650,2650,6,133,10,U7950,07950.svg,,,draft,2641–2660,bamboo.png,,,,1241,,,祐
祇,NA,2646,8,H,,local_god,local_god,local_god,ギ,くにつかみ,heisig_extra,K2651,2651,6,133,11,U7947,07947.svg,,,draft,2641–2660,bamboo.png,,,,2081,,,祇
祢,NA,2647,9,,,ancestral_shrine,ancestral_shrine,ancestral_shrine,ネ,,heisig_extra,K2652,2652,6,133,12,U7962,07962.svg,,,draft,2641–2660,bamboo.png,,,,2579,,,祢
禄,NA,2648,12,H,N1,salarium,salarium,salarium,ロク,さいわ-い,heisig_extra,K2653,2653,6,133,13,U7984,07984.svg,,,draft,2641–2660,bamboo.png,,,,1440,,,禄
禎,NA,2649,13,H,N1,felicitation,felicitation,felicitation,テイ,さいわ-い,heisig_extra,K2654,2654,6,133,14,U798E,0798e.svg,,,draft,2641–2660,bamboo.png,,,,2365,,,禎
秤,NA,2650,10,H,,balancing_scales,balancing_scales,balancing_scales,ショウ,はかり,heisig_extra,K2655,2655,6,133,15,U79E4,079e4.svg,,,draft,2641–2660,bamboo.png,,,,2679,,,秤
黍,NA,2651,12,H,,millet,millet,millet,ショ,きび,heisig_extra,K2656,2656,6,133,16,U9ECD,09ecd.svg,,,draft,2641–2660,bamboo.png,,,,2965,,,黍
禿,NA,2652,7,H,,bald,bald,bald,トク,ちび-る,heisig_extra,K2657,2657,6,133,17,U79BF,079bf.svg,,,draft,2641–2660,bamboo.png,,,,2656,,,禿
稔,NA,2653,13,H,N1,bear_fruit,bear_fruit,bear_fruit,ネン,みの-る,heisig_extra,K2658,2658,6,133,18,U7A14,07a14.svg,,,draft,2641–2660,bamboo.png,,,,1994,,,稔
稗,NA,2654,14,H,,crabgrass,crabgrass,crabgrass,ハイ,ひえ,heisig_extra,K2659,2659,6,133,19,U7A17,07a17.svg,,,draft,2641–2660,bamboo.png,,,,2782,,,稗
穣,NA,2655,18,H,N1,bumper_crop,bumper_crop,bumper_crop,ジョウ,わら,heisig_extra,K2660,2660,6,133,20,U7A63,07a63.svg,,,draft,2641–2660,bamboo.png,,,,2553,,,穣
稜,NA,2656,13,H,N1,imperial_authority,imperial_authority,imperial_authority,リョウ,いつ,heisig_extra,K2661,2661,6,134,1,U7A1C,07a1c.svg,,,draft,2661–2680,castle.png,,,,2254,,,稜
稀,NA,2657,12,H,N1,sparse,sparse,sparse,キ,まれ,heisig_extra,K2662,2662,6,134,2,U7A00,07a00.svg,,,draft,2661–2680,castle.png,,,,1831,,,稀
穆,NA,2658,16,H,,obeisant,obeisant,obeisant,ボク,やわ-らぐ,ボク,K2663,2663,6,134,3,U7A46,07a46.svg,,,draft,2661–2680,castle.png,,, ,2678,,,穆
窺,NA,2659,16,H,,peep,peep,peep,キ,うかが-う,heisig_extra,K2664,2664,6,134,4,U7ABA,07aba.svg,,,draft,2661–2680,castle.png,,,,2421,,,窺
窄,NA,2660,10,H,,tight,tight,tight,サク,すぼ-める,heisig_extra,K2665,2665,6,134,5,U7A84,07a84.svg,,,draft,2661–2680,castle.png,,,,2906,,,窄
穿,NA,2661,10,H,,drill,drill,drill,セン,うが-つ,heisig_extra,K2666,2666,6,134,6,U7A7F,07a7f.svg,,,draft,2661–2680,castle.png,,,,2565,,,穿
竃,NA,2662,17,H,,kitchen_stove,kitchen_stove,kitchen_stove,ソウ,かまど,heisig_extra,K2667,2667,6,134,7,U7AC3,07ac3.svg,,,draft,2661–2680,castle.png,,,,2991,,,竃
竪,NA,2663,14,H,,longness,longness,longness,ジュ,たて,heisig_extra,K2668,2668,6,134,8,U7AEA,07aea.svg,,,draft,2661–2680,castle.png,,,,2525,,,竪
颯,NA,2664,14,H,N1,rustling,rustling,rustling,サツ,さっ-と,heisig_extra,K2669,2669,6,134,9,U98AF,098af.svg,,,draft,2661–2680,castle.png,,,,2458,,,颯
站,NA,2665,10,H,,outpost,outpost,outpost,タン,た-つ,heisig_extra,K2670,2670,6,134,10,U7AD9,07ad9.svg,,,draft,2661–2680,castle.png,,,,2336,,,站
靖,NA,2666,13,H,N1,repose,repose,repose,セイ,やす-んじる,heisig_extra,K2671,2671,6,134,11,U9756,09756.svg,,,draft,2661–2680,castle.png,,,,1652,,,靖
妾,NA,2667,8,H,,concubine,concubine,concubine,ショウ,めかけ,heisig_extra,K2672,2672,6,134,12,U59BE,059be.svg,,,draft,2661–2680,castle.png,,,,2546,,,妾
衿,NA,2668,9,H,N1,lapel,lapel,lapel,キン,えり,heisig_extra,K2673,2673,6,134,13,U887F,0887f.svg,,,draft,2661–2680,castle.png,,,,2894,,,衿
袷,NA,2669,11H,H,,lined_kimono,lined_kimono,lined_kimono,コウ,あわせ,heisig_extra,K2674,2674,6,134,14,U88B7,088b7.svg,,,draft,2661–2680,castle.png,,,,3019,,,袷
袴,NA,2670,11,H,,pleated_skirt,pleated_skirt,pleated_skirt,コ,はかま,heisig_extra,K2675,2675,6,134,15,U88B4,088b4.svg,,,draft,2661–2680,castle.png,,,,2466,,,袴
襖,NA,2671,17,H,,sliding_door,sliding_door,sliding_door,オウ,ふすま,heisig_extra,K2676,2676,6,134,16,U8956,08956.svg,,,draft,2661–2680,castle.png,,,,2869,,,襖
笙,NA,2672,11,H,N1,panpipe,panpipe,panpipe,ショウ,ふえ,heisig_extra,K2677,2677,6,134,17,U7B19,07b19.svg,,,draft,2661–2680,castle.png,,,,2843,,,笙
筏,NA,2673,12,H,,raft,raft,raft,バツ,いかだ,heisig_extra,K2678,2678,6,134,18,U7B4F,07b4f.svg,,,draft,2661–2680,castle.png,,,,2735,,,筏
簾,NA,2674,19,H,,bamboo_blinds,bamboo_blinds,bamboo_blinds,レン,すだれ,heisig_extra,K2679,2679,6,134,19,U7C3E,07c3e.svg,,,draft,2661–2680,castle.png,,,,2682,,,簾
箪,NA,2675,15,H,,rattan_box,rattan_box,rattan_box,タン,はこ,heisig_extra,,K2680,2680,6,134,U7BAA,07baa.svg,u7baa.svg,,,draft,2661–2680,castle.png,,,2853,,,箪
竿,NA,2676,9,H,,pole,pole,pole,カン,さお,heisig_extra,K2681,2681,6,135,1,U7AFF,07aff.svg,,,draft,2681–2700,koi.png,,,,2604,,,竿
箆,NA,2677,14,H,,spatula,spatula,spatula,ヘイ,へら,heisig_extra,K2682,2682,6,135,2,U7B86,07b86.svg,,,draft,2681–2700,koi.png,,,,2998,,,箆
箔,NA,2678,14,H,,foil,foil,foil,ハク,すだれ,heisig_extra,K2683,2683,6,135,3,U7B94,07b94.svg,,,draft,2681–2700,koi.png,,,,2615,,,箔
笥,NA,2679,11,H,,wardrobe,wardrobe,wardrobe,ス,け,heisig_extra,K2684,2684,6,135,4,U7B25,07b25.svg,,,draft,2681–2700,koi.png,,,,2901,,,笥
箭,NA,2680,15,H,,arrow_shaft,arrow_shaft,arrow_shaft,セン,や,heisig_extra,K2685,2685,6,135,5,U7BAD,07bad.svg,,,draft,2681–2700,koi.png,,,,2677,,,箭
筑,NA,2681,12,H,,ancient_harp,ancient_harp,ancient_harp,チク,,heisig_extra,K2686,2686,6,135,6,U7B51,07b51.svg,,,draft,2681–2700,koi.png,,,,1289,,,筑
篠,NA,2682,17,H,,slender_bamboo,slender_bamboo,slender_bamboo,ゾウ,しの,heisig_extra,K2687,2687,6,135,7,U7BE0,07be0.svg,,,draft,2681–2700,koi.png,,,,1437,,,篠
纂,NA,2683,20,H,,redaction,redaction,redaction,サン,あつ-める,heisig_extra,K2688,2688,6,135,8,U7E82,07e82.svg,,,draft,2681–2700,koi.png,,,,1534,,,纂
竺,NA,2684,8,H,,bamboo_cane,bamboo_cane,bamboo_cane,ジク,,heisig_extra,K2689,2689,6,135,9,U7AFA,07afa.svg,,,draft,2681–2700,koi.png,,,,2772,,,竺
箕,NA,2685,14,H,,winnowing_fan,winnowing_fan,winnowing_fan,キ,み,heisig_extra,K2690,2690,6,135,10,U7B95,07b95.svg,,,draft,2681–2700,koi.png,,,,1974,,,箕
笈,NA,2686,9,H,,backpack,backpack,backpack,キュウ,,heisig_extra,K2691,2691,6,135,11,U7B08,07b08.svg,,,draft,2681–2700,koi.png,,,,2969,,,笈
篇,NA,2687,15,H,,livraison,livraison,livraison,ヘン,,heisig_extra,K2692,2692,6,135,12,U7BC7,07bc7.svg,,,draft,2681–2700,koi.png,,,,1156,,,篇
筈,NA,2688,12,H,,should,should,should,カツ,はず,heisig_extra,K2693,2693,6,135,13,U7B48,07b48.svg,,,draft,2681–2700,koi.png,,,,2651,,,筈
簸,NA,2689,19,H,,winnow,winnow,winnow,ハ,ひ-る,heisig_extra,K2694,2694,6,135,14,U7C38,07c38.svg,,,draft,2681–2700,koi.png,,,,2992,,,簸
粕,NA,2690,11,H,,settlings,settlings,settlings,ハク,かす,heisig_extra,K2695,2695,6,135,15,U7C95,07c95.svg,,,draft,2681–2700,koi.png,,,,2523,,,粕
糟,NA,2691,17,H,,lees,lees,lees,コウ,ぬか,heisig_extra,K2696,2696,6,135,16,U7CDF,07cdf.svg,,,draft,2681–2700,koi.png,,,,2691,,,糟
糊,NA,2692,15,H,,paste,paste,paste,コ,のり,heisig_extra,K2697,2697,6,135,17,U7CCA,07cca.svg,,,draft,2681–2700,koi.png,,,,2790,,,糊
籾,NA,2693,9,H,,unhulled_rice,unhulled_rice,unhulled_rice,,もみ,heisig_extra,K2698,2698,6,135,18,U7C7E,07c7e.svg,,,draft,2681–2700,koi.png,,,,2750,,,籾
糠,NA,2694,17,H,,rice_bran,rice_bran,rice_bran,コウ,ぬか,heisig_extra,K2699,2699,6,135,19,U7CE0,07ce0.svg,,,draft,2681–2700,koi.png,,,,2731,,,糠
糞,NA,2695,17,H,,excrement,excrement,excrement,フン,くそ,heisig_extra,K2700,2700,6,135,20,U7CDE,07cde.svg,,,draft,2681–2700,koi.png,,,,2519,,,糞
粟,NA,2696,12,H,,foxtail_millet,foxtail_millet,foxtail_millet,ゾク,あわ,heisig_extra,K2701,2701,6,136,1,U7C9F,07c9f.svg,,,draft,2701–2720,kujira.png,,,,1971,,,粟
繋,NA,2697,17,H,,link_up,link_up,link_up,ケイ,つな-ぐ,heisig_extra,K2702,2702,6,136,2,U7E4B,07e4b.svg,,,draft,2701–2720,kujira.png,,,,1453,,,繋
綸,NA,2698,14,H,N1,twine,twine,twine,リン,いと,heisig_extra,K2703,2703,6,136,3,U7DB8,07db8.svg,,,draft,2701–2720,kujira.png,,,,2752,,,綸
絨,NA,2699,12,H,,carpet_yarn,carpet_yarn,carpet_yarn,ジュウ,,heisig_extra,K2704,2704,6,136,4,U7D68,07d68.svg,,,draft,2701–2720,kujira.png,,,,2655,,,絨
絆,NA,2700,11,H,,ties,ties,ties,ハン,きずな,heisig_extra,K2705,2705,6,136,5,U7D46,07d46.svg,,,draft,2701–2720,kujira.png,,,,1990,,,絆
緋,NA,2701,14,H,N1,scarlet,scarlet,scarlet,ヒ,あけ,heisig_extra,K2706,2706,6,136,6,U7DCB,07dcb.svg,,,draft,2701–2720,kujira.png,,,,2261,,,緋
綜,NA,2702,14,H,N1,synthesis,synthesis,synthesis,ソウ,おさ-める,heisig_extra,K2707,2707,6,136,7,U7D9C,07d9c.svg,,,draft,2701–2720,kujira.png,,,,2455,,,綜
紐,NA,2703,10,H,,string,string,string,チュウ,ひも,heisig_extra,K2708,2708,6,136,8,U7D10,07d10.svg,,,draft,2701–2720,kujira.png,,,,2307,,,紐
紘,NA,2704,10,H,N1,chinstrap,chinstrap,chinstrap,コウ,おおづな,heisig_extra,K2709,2709,6,136,9,U7D18,07d18.svg,,,draft,2701–2720,kujira.png,,,,2185,,,紘
纏,NA,2705,21,H,,summarize,summarize,summarize,テン,まつ-わる,heisig_extra,K2710,2710,6,136,10,U7E8F,07e8f.svg,,,draft,2701–2720,kujira.png,,,,2060,,,纏
絢,NA,2706,12,H,N1,gorgeous,gorgeous,gorgeous,ケン,,heisig_extra,K2711,2711,6,136,11,U7D62,07d62.svg,,,draft,2701–2720,kujira.png,,,,2368,,,絢
繍,NA,2707,17,H,,embroidery,embroidery,embroidery,シュウ,ぬいとり,heisig_extra,K2712,2712,6,136,12,U7E4D,07e4d.svg,,,draft,2701–2720,kujira.png,,,,2640,,,繍
紬,NA,2708,11,H,N1,pongee,pongee,pongee,チュウ,つむぎ,heisig_extra,K2713,2713,6,136,13,U7D2C,07d2c.svg,,,draft,2701–2720,kujira.png,,,,2820,,,紬
綺,NA,2709,14,H,N1,ornate,ornate,ornate,キ,あや,heisig_extra,K2714,2714,6,136,14,U7DBA,07dba.svg,,,draft,2701–2720,kujira.png,,,,2278,,,綺
綾,NA,2710,14,H,N1,twill_fabric,twill_fabric,twill_fabric,リン,あや,heisig_extra,K2715,2715,6,136,15,U7DBE,07dbe.svg,,,draft,2701–2720,kujira.png,,,,1359,,,綾
絃,NA,2711,11,H,N1,catgut,catgut,catgut,ゲン,いと,heisig_extra,K2716,2716,6,136,16,U7D43,07d43.svg,,,draft,2701–2720,kujira.png,,,,2866,,,絃
縞,NA,2712,16,H,,stripe,stripe,stripe,コウ,しま,heisig_extra,K2717,2717,6,136,17,U7E1E,07e1e.svg,,,draft,2701–2720,kujira.png,,,,2468,,,縞
綬,NA,2713,14,H,,gimp,gimp,gimp,ジュ,ひも,heisig_extra,K2718,2718,6,136,18,U7DAC,07dac.svg,,,draft,2701–2720,kujira.png,,,,2001,,,綬
紗,NA,2714,10,H,N1,silk_gauze,silk_gauze,silk_gauze,サ,うすぎぬ,heisig_extra,K2719,2719,6,136,19,U7D17,07d17.svg,,,draft,2701–2720,kujira.png,,,,1655,,,紗
舵,NA,2715,11,H,,rudder,rudder,rudder,ダ,かじ,heisig_extra,K2720,2720,6,136,20,U8235,08235.svg,,,draft,2701–2720,kujira.png,,,,2316,,,舵
聯,NA,2716,17,H,,strung_together,strung_together,strung_together,レン,つら-なる,heisig_extra,K2721,2721,6,137,1,U806F,0806f.svg,,,draft,2721–2740,mountain.png,,,,2326,,,聯
聡,NA,2717,14,H,N1,attentive,attentive,attentive,ソウ,さと-い,heisig_extra,K2722,2722,6,137,2,U8061,08061.svg,,,draft,2721–2740,mountain.png,,,,1654,,,聡
聘,NA,2718,13,H,,summons,summons,summons,ヘイ,へい-する,heisig_extra,K2723,2723,6,137,3,U8058,08058.svg,,,draft,2721–2740,mountain.png,,,,2233,,,聘
耽,NA,2719,10,H,,addiction,addiction,addiction,タン,ふけ-る,heisig_extra,K2724,2724,6,137,4,U803D,0803d.svg,,,draft,2721–2740,mountain.png,,,,2705,,,耽
耶,NA,2720,9,H,N1,exclamation,exclamation,exclamation,ヤ,か,heisig_extra,K2725,2725,6,137,5,U8036,08036.svg,,,draft,2721–2740,mountain.png,,,,1970,,,耶
蚤,NA,2721,10,H,,flea,flea,flea,ソウ,のみ,heisig_extra,K2726,2726,6,137,6,U86A4,086a4.svg,,,draft,2721–2740,mountain.png,,,,3013,,,蚤
蟹,NA,2722,19,H,,crab,crab,crab,カイ,かに,heisig_extra,K2727,2727,6,137,7,U87F9,087f9.svg,,,draft,2721–2740,mountain.png,,,,2407,,,蟹
蛋,NA,2723,11,H,,protein,protein,protein,タン,,heisig_extra,K2728,2728,6,137,8,U86CB,086cb.svg,,,draft,2721–2740,mountain.png,,,,2607,,,蛋
蟄,NA,2724,17,H,,hibernation,hibernation,hibernation,チツ,ちっ-する,heisig_extra,K2729,2729,6,137,9,U87C4,087c4.svg,,,draft,2721–2740,mountain.png,,,,2846,,,蟄
蝿,NA,2725,15,H,,housefly,housefly,housefly,ヨウ,はえ,heisig_extra,K2730,2730,6,137,10,U877F,0877f.svg,,,draft,2721–2740,mountain.png,,,,2943,,,蝿
蟻,NA,2726,19,H,,ant,ant,ant,ギ,あり,heisig_extra,K2731,2731,6,137,11,U87FB,087fb.svg,,,draft,2721–2740,mountain.png,,,,2601,,,蟻
蝋,NA,2727,14,H,,wax,wax,wax,ロウ,みつろう,heisig_extra,K2732,2732,6,137,12,U874B,0874b.svg,,,draft,2721–2740,mountain.png,,,,2686,,,蝋
蝦,NA,2728,15,H,,shrimp,shrimp,shrimp,カ,えび,heisig_extra,K2733,2733,6,137,13,U8766,08766.svg,,,draft,2721–2740,mountain.png,,,,2379,,,蝦
蛸,NA,2729,13,H,,octopus,octopus,octopus,ソウ,たこ,heisig_extra,K2734,2734,6,137,14,U86F8,086f8.svg,,,draft,2721–2740,mountain.png,,,,2848,,,蛸
螺,NA,2730,17,H,,screw,screw,screw,ラ,にし,heisig_extra,K2735,2735,6,137,15,U87BA,087ba.svg,,,draft,2721–2740,mountain.png,,,,2411,,,螺
蝉,NA,2731,15,H,,cicada,cicada,cicada,セン,せみ,heisig_extra,K2736,2736,6,137,16,U8749,08749.svg,,,draft,2721–2740,mountain.png,,,,2675,,,蝉
蛙,NA,2732,12,H,,frog,frog,frog,ア,かえる,heisig_extra,K2737,2737,6,137,17,U86D9,086d9.svg,,,draft,2721–2740,mountain.png,,,,2542,,,蛙
蛾,NA,2733,13,H,,moth,moth,moth,ギ,ひむし,heisig_extra,K2738,2738,6,137,18,U86FE,086fe.svg,,,draft,2721–2740,mountain.png,,,,2814,,,蛾
蛤,NA,2734,12,H,,clam,clam,clam,コウ,はまぐり,heisig_extra,K2739,2739,6,137,19,U86E4,086e4.svg,,,draft,2721–2740,mountain.png,,,,2986,,,蛤
蛭,NA,2735,12,H,,leech,leech,leech,シツ,ひる,heisig_extra,K2740,2740,6,137,20,U86ED,086ed.svg,,,draft,2721–2740,mountain.png,,,,2632,,,蛭
蛎,NA,2736,11,H,,oyster,oyster,oyster,レイ,かき,heisig_extra,K2741,2741,6,138,1,U86CE,086ce.svg,,,draft,2741–2760,tree.png,,,,2973,,,蛎
罫,NA,2737,13,H,,ruled_lines,ruled_lines,ruled_lines,ケイ,,heisig_extra,K2742,2742,6,138,2,U7F6B,07f6b.svg,,,draft,2741–2760,tree.png,,,,2975,,,罫
袈,NA,2738,11,H,N1,stole,stole,stole,ケ,,heisig_extra,K2743,2743,6,138,3,U8888,08888.svg,,,draft,2741–2760,tree.png,,,,2703,,,袈
裟,NA,2739,13,H,N1,monks_sash,monks_sash,monks_sash,サ,,heisig_extra,K2744,2744,6,138,4,U88DF,088df.svg,,,draft,2741–2760,tree.png,,,,2666,,,裟
截,NA,2740,14,H,,incision,incision,incision,セツ,き-る,heisig_extra,K2745,2745,6,138,5,U622A,0622a.svg,,,draft,2741–2760,tree.png,,, ,2924,,,截
哉,NA,2741,9,H,N1,alas,alas,alas,サイ,かな,heisig_extra,K2746,2746,6,138,6,U54C9,054c9.svg,,,draft,2741–2760,tree.png,,, ,1433,,,哉
詢,NA,2742,13,H,N1,counsel,counsel,counsel,ジュン,はか-る,heisig_extra,K2747,2747,6,138,7,U8A62,08a62.svg,,,draft,2741–2760,tree.png,,, ,2733,,,詢
諄,NA,2743,15,H,N1,polite,polite,polite,シュン,ひちくど-い,heisig_extra,K2748,2748,6,138,8,U8AC4,08ac4.svg,,,draft,2741–2760,tree.png,,, ,2985,,,諄
讐,NA,2744,23,H,,vendetta,vendetta,vendetta,シュウ,あだ,heisig_extra,K2749,2749,6,138,9,U8B90,08b90.svg,,,draft,2741–2760,tree.png,,, ,1748,,,讐
諌,NA,2745,15,H,,remonstrate,remonstrate,remonstrate,カン,いさ-め,heisig_extra,K2750,2750,6,138,10,U8ACC,08acc.svg,,,draft,2741–2760,tree.png,,, ,2822,,,諌
諒,NA,2746,15,H,N1,verify,verify,verify,リョウ,あきら-か,heisig_extra,K2751,2751,6,138,11,U8AD2,08ad2.svg,,,draft,2741–2760,tree.png,,, ,2515,,,諒
讃,NA,2747,22,H,,compliment,compliment,compliment,サン,ほ-める,heisig_extra,K2752,2752,6,138,12,U8B83,08b83.svg,,,draft,2741–2760,tree.png,,, ,1807,,,讃
訊,NA,2748,10,H,,query,query,query,ジン,き-く,heisig_extra,K2753,2753,6,138,13,U8A0A,08a0a.svg,,,draft,2741–2760,tree.png,,, ,2647,,,訊
訣,NA,2749,11,H,,split_up,split_up,split_up,ケツ,わかれ,heisig_extra,K2754,2754,6,138,14,U8A23,08a23.svg,,,draft,2741–2760,tree.png,,, ,2704,,,訣
詫,NA,2750,13,H,,apologize,apologize,apologize,タ,わび,heisig_extra,K2755,2755,6,138,15,U8A6B,08a6b.svg,,,draft,2741–2760,tree.png,,, ,2485,,,詫
誼,NA,2751,15,H,N1,familiarity,familiarity,familiarity,ギ,よしみ,heisig_extra,K2756,2756,6,138,16,U8ABC,08abc.svg,,,draft,2741–2760,tree.png,,, ,2851,,,誼
謬,NA,2752,18,H,,fallible,fallible,fallible,ビュウ,あやま-る,heisig_extra,K2757,2757,6,138,17,U8B2C,08b2c.svg,,,draft,2741–2760,tree.png,,, ,2860,,,謬
訝,NA,2753,12,H,,wary,wary,wary,ガ,いぶか-る,heisig_extra,K2758,2758,6,138,18,U8A1D,08a1d.svg,,,draft,2741–2760,tree.png,,, ,2944,,,訝
諺,NA,2754,16,H,,proverb,proverb,proverb,ゲン,ことわざ,heisig_extra,K2759,2759,6,138,19,U8AFA,08afa.svg,,,draft,2741–2760,tree.png,,, ,2895,,,諺
誹,NA,2755,15,H,,slander,slander,slander,ヒ,そし-る,heisig_extra,K2760,2760,6,138,20,U8AB9,08ab9.svg,,,draft,2741–2760,tree.png,,, ,2744,,,誹
謂,NA,2756,16,H,,so_called,so_called,so_called,イ,い-う,heisig_extra,K2761,2761,6,139,1,U8B02,08b02.svg,,,draft,2761–2780,bamboo.png,,, ,2618,,,謂
諜,NA,2757,16,H,,spying,spying,spying,チョウ,ちょう-ずる,heisig_extra,K2762,2762,6,139,2,U8ADC,08adc.svg,,,draft,2761–2780,bamboo.png,,, ,2235,,,諜
註,NA,2758,12,H,,footnote,footnote,footnote,チュウ,,heisig_extra,K2763,2763,6,139,3,U8A3B,08a3b.svg,,,draft,2761–2780,bamboo.png,,, ,2133,,,註
譬,NA,2759,20,H,,parable,parable,parable,ヒ,たと-える,heisig_extra,K2764,2764,6,139,4,U8B6C,08b6c.svg,,,draft,2761–2780,bamboo.png,,, ,2993,,,譬
轟,NA,2760,21,H,,rumble,rumble,rumble,ゴウ,とどろ-かす,party_kanji,K2765,2765,6,139,5,U8F5F,08f5f.svg,車 + 車 + 車,three_cars,draft,2761–2780,bamboo.png,,,Three cars,2259,,,轟
輔,NA,2761,14,H,N1,reinforce,reinforce,reinforce,ホ,たす-ける,heisig_extra,K2766,2766,6,139,6,U8F14,08f14.svg,,,draft,2761–2780,bamboo.png,,, ,1266,,,輔
輻,NA,2762,16,H,,spoke,spoke,spoke,フク,や,heisig_extra,K2767,2767,6,139,7,U8F3B,08f3b.svg,,,draft,2761–2780,bamboo.png,,, ,2882,,,輻
輯,NA,2763,16,H,,assemble,assemble,assemble,シュウ,あつ-める,heisig_extra,K2768,2768,6,139,8,U8F2F,08f2f.svg,,,draft,2761–2780,bamboo.png,,, ,2340,,,輯
豹,NA,2764,10,H,,panther,panther,panther,ヒョウ,,heisig_extra,K2769,2769,6,139,9,U8C79,08c79.svg,,,draft,2761–2780,bamboo.png,,, ,2472,,,豹
賎,NA,2765,13,H,,despicable,despicable,despicable,セン,いや-しい,heisig_extra,K2770,2770,6,139,10,U8CCE,08cce.svg,,,draft,2761–2780,bamboo.png,,, ,2958,,,賎
貰,NA,2766,12,H,,get,get,get,セイ,もら-う,heisig_extra,K2771,2771,6,139,11,U8CB0,08cb0.svg,,,draft,2761–2780,bamboo.png,,, ,2121,,,貰
賑,NA,2767,14,H,,bustling,bustling,bustling,シン,にぎ-わい,heisig_extra,K2772,2772,6,139,12,U8CD1,08cd1.svg,,,draft,2761–2780,bamboo.png,,, ,2357,,,賑
贖,NA,2768,22,H,,expiate,expiate,expiate,ショク,あがな-う,heisig_extra,K2773,2773,6,139,13,U8D16,08d16.svg,,,draft,2761–2780,bamboo.png,,, ,2778,,,贖
躓,NA,2769,22,H,,stumble,stumble,stumble,チ,つまず-く,heisig_extra,K2774,2774,6,139,14,U8E93,08e93.svg,,,draft,2761–2780,bamboo.png,,, ,2971,,,躓
蹄,NA,2770,16,H,,hoof,hoof,hoof,テイ,ひづめ,heisig_extra,K2775,2775,6,139,15,U8E44,08e44.svg,,,draft,2761–2780,bamboo.png,,, ,2438,,,蹄
蹟,NA,2771,18,H,,vestiges,vestiges,vestiges,セキ,あと,heisig_extra,K2776,2776,6,139,16,U8E5F,08e5f.svg,,,draft,2761–2780,bamboo.png,,, ,2400,,,蹟
跨,NA,2772,13,H,,straddle,straddle,straddle,コ,また-がる,heisig_extra,K2777,2777,6,139,17,U8DE8,08de8.svg,,,draft,2761–2780,bamboo.png,,, ,2084,,,跨
跪,NA,2773,13,H,,kneel,kneel,kneel,キ,ひざまず-く,heisig_extra,K2778,2778,6,139,18,U8DEA,08dea.svg,,,draft,2761–2780,bamboo.png,,, ,2946,,,跪
醤,NA,2774,17,H,,soy_sauce,soy_sauce,soy_sauce,ショウ,ひしお,heisig_extra,K2779,2779,6,139,19,U91A4,091a4.svg,,,draft,2761–2780,bamboo.png,,, ,2211,,,醤
醍,NA,2775,16,H,,whey,whey,whey,ダイ,,heisig_extra,K2780,2780,6,139,20,U918D,0918d.svg,,,draft,2761–2780,bamboo.png,,, ,2363,,,醍
醐,NA,2776,16,H,,ghee,ghee,ghee,ゴ,,heisig_extra,K2781,2781,6,140,1,U9190,09190.svg,,,draft,2781–2800,castle.png,,, ,2352,,,醐
醇,NA,2777,15,H,N1,strong_sake,strong_sake,strong_sake,ジュン,もっぱら,heisig_extra,K2782,2782,6,140,2,U9187,09187.svg,,,draft,2781–2800,castle.png,,, ,2926,,,醇
麹,NA,2778,15,H,,malt,malt,malt,キク,こうじ,heisig_extra,K2783,2783,6,140,3,U9EB9,09eb9.svg,,,draft,2781–2800,castle.png,,, ,2457,,,麹
釦,NA,2779,11,H,,button,button,button,コウ,ぼたん,heisig_extra,K2784,2784,6,140,4,U91E6,091e6.svg,,,draft,2781–2800,castle.png,,, ,2997,,,釦
銚,NA,2780,14,H,,keg,keg,keg,チョウ,なべ,heisig_extra,K2785,2785,6,140,5,U929A,0929a.svg,,,draft,2781–2800,castle.png,,, ,2334,,,銚
鋤,NA,2781,15,H,,plow,plow,plow,ジョ,す-く,heisig_extra,K2786,2786,6,140,6,U92E4,092e4.svg,,,draft,2781–2800,castle.png,,, ,2870,,,鋤
鋸,NA,2782,16,H,,hand_saw,hand_saw,hand_saw,キョ,のこ,heisig_extra,K2787,2787,6,140,7,U92F8,092f8.svg,,,draft,2781–2800,castle.png,,, ,2580,,,鋸
錐,NA,2783,16,H,,awl,awl,awl,スイ,きり,heisig_extra,K2788,2788,6,140,8,U9310,09310.svg,,,draft,2781–2800,castle.png,,, ,2343,,,錐
鍬,NA,2784,17,H,,hoe,hoe,hoe,ショウ,くわ,heisig_extra,K2789,2789,6,140,9,U936C,0936c.svg,,,draft,2781–2800,castle.png,,, ,2696,,,鍬
鋲,NA,2785,15,H,,rivet,rivet,rivet,,びょう,heisig_extra,K2790,2790,6,140,10,U92F2,092f2.svg,,,draft,2781–2800,castle.png,,, ,2927,,,鋲
錫,NA,2786,16,H,,tin,tin,tin,セキ,すず,heisig_extra,K2791,2791,6,140,11,U932B,0932b.svg,,,draft,2781–2800,castle.png,,, ,2388,,,錫
錨,NA,2787,16,H,,anchor,anchor,anchor,ビョウ,いかり,heisig_extra,K2792,2792,6,140,12,U9328,09328.svg,,,draft,2781–2800,castle.png,,, ,2800,,,錨
釘,NA,2788,10,H,,nail,nail,nail,テイ,くぎ,heisig_extra,K2793,2793,6,140,13,U91D8,091d8.svg,,,draft,2781–2800,castle.png,,, ,2374,,,釘
鑓,NA,2789,21,H,,javelin,javelin,javelin,,やり,heisig_extra,K2794,2794,6,140,14,U9453,09453.svg,,,draft,2781–2800,castle.png,,, ,2962,,,鑓
鋒,NA,2790,15,H,,swords_point,swords_point,swords_point,ホウ,きっさき,heisig_extra,K2795,2795,6,140,15,U92D2,092d2.svg,,,draft,2781–2800,castle.png,,, ,2507,,,鋒
鎚,NA,2791,17,H,,iron_hammer,iron_hammer,iron_hammer,ツイ,つち,heisig_extra,K2796,2796,6,140,16,U939A,0939a.svg,,,draft,2781–2800,castle.png,,, ,2936,,,鎚
鉦,NA,2792,13,H,,carillion,carillion,carillion,セイ,かね,heisig_extra,K2797,2797,6,140,17,U9266,09266.svg,,,draft,2781–2800,castle.png,,, ,2935,,,鉦
錆,NA,2793,16,H,,rust,rust,rust,ショウ,さび,heisig_extra,K2798,2798,6,140,18,U9306,09306.svg,,,draft,2781–2800,castle.png,,, ,2583,,,錆
鍾,NA,2794,17,H,,cluster,cluster,cluster,ショウ,あつ-める,heisig_extra,K2799,2799,6,140,19,U937E,0937e.svg,,,draft,2781–2800,castle.png,,, ,2478,,,鍾
鋏,NA,2795,15,H,,scissors,scissors,scissors,キョウ,はさみ,heisig_extra,K2800,2800,6,140,20,U92CF,092cf.svg,,,draft,2781–2800,castle.png,,, ,2714,,,鋏
閃,NA,2796,10,H,,flash,flash,flash,セン,ひらめ-く,heisig_extra,K2801,2801,6,141,1,U9583,09583.svg,,,draft,2801–2820,koi.png,,, ,2341,,,閃
悶,NA,2797,12,H,,agony,agony,agony,モン,もだ-える,heisig_extra,K2802,2802,6,141,2,U60B6,060b6.svg,,,draft,2801–2820,koi.png,,, ,2613,,,悶
閤,NA,2798,14,H,,side_gate,side_gate,side_gate,コウ,くぐりど,heisig_extra,K2803,2803,6,141,3,U95A4,095a4.svg,,,draft,2801–2820,koi.png,,, ,2532,,,閤
雫,NA,2799,11,H,,trickle,trickle,trickle,ダ,しずく,heisig_extra,K2804,2804,6,141,4,U96EB,096eb.svg,,,draft,2801–2820,koi.png,,, ,2483,,,雫
霞,NA,2800,17,H,N1,haze,haze,haze,カ,かすみ,heisig_extra,K2805,2805,6,141,5,U971E,0971e.svg,,,draft,2801–2820,koi.png,,, ,1848,,,霞
翰,NA,2801,16,H,,quill,quill,quill,カン,はね,heisig_extra,K2806,2806,6,141,6,U7FF0,07ff0.svg,,,draft,2801–2820,koi.png,,, ,2600,,,翰
斡,NA,2802,14,H,,auspices,auspices,auspices,アツ,めぐ-る,heisig_extra,K2807,2807,6,141,7,U65A1,065a1.svg,,,draft,2801–2820,koi.png,,, ,2496,,,斡
鞍,NA,2803,15,H,,saddle,saddle,saddle,アン,くら,heisig_extra,K2808,2808,6,141,8,U978D,0978d.svg,,,draft,2801–2820,koi.png,,, ,1922,,,鞍
鞭,NA,2804,18,H,,whip,whip,whip,ベン,むち,heisig_extra,K2809,2809,6,141,9,U97AD,097ad.svg,,,draft,2801–2820,koi.png,,, ,1988,,,鞭
鞘,NA,2805,16,H,,saddle_straps,saddle_straps,saddle_straps,ショウ,さや,heisig_extra,K2810,2810,6,141,10,U9798,09798.svg,,,draft,2801–2820,koi.png,,, ,2490,,,鞘
鞄,NA,2806,14,H,,briefcase,briefcase,briefcase,ハク,かばん,heisig_extra,K2811,2811,6,141,11,U9784,09784.svg,,,draft,2801–2820,koi.png,,, ,2775,,,鞄
靭,NA,2807,12,H,,pliable,pliable,pliable,ジン,うつぼ,heisig_extra,K2812,2812,6,141,12,U976D,0976d.svg,,,draft,2801–2820,koi.png,,, ,2440,,,靭
鞠,NA,2808,17,H,N1,terminate,terminate,terminate,キク,まり,heisig_extra,K2813,2813,6,141,13,U97A0,097a0.svg,,,draft,2801–2820,koi.png,,, ,2644,,,鞠
顛,NA,2809,19,H,,overturn,overturn,overturn,テン,いただき,heisig_extra,K2814,2814,6,141,14,U985B,0985b.svg,,,draft,2801–2820,koi.png,,, ,2765,,,顛
穎,NA,2810,16,H,,brush_tip,brush_tip,brush_tip,エイ,ほさき,heisig_extra,K2815,2815,6,141,15,U7A4E,07a4e.svg,,,draft,2801–2820,koi.png,,, ,2859,,,穎
頗,NA,2811,14,H,,exceedingly,exceedingly,exceedingly,ハ,すこぶ-る,heisig_extra,K2816,2816,6,141,16,U9817,09817.svg,,,draft,2801–2820,koi.png,,, ,2963,,,頗
頌,NA,2812,13,H,N1,accolade,accolade,accolade,ショウ,かたち,heisig_extra,K2817,2817,6,141,17,U980C,0980c.svg,,,draft,2801–2820,koi.png,,, ,2728,,,頌
頚,NA,2813,14,H,,cervical,cervical,cervical,ケイ,くび,heisig_extra,K2818,2818,6,141,18,U981A,0981a.svg,,,draft,2801–2820,koi.png,,, ,2745,,,頚
餐,NA,2814,16,H,,repast,repast,repast,サン,の-む,heisig_extra,K2819,2819,6,141,19,U9910,09910.svg,,,draft,2801–2820,koi.png,,, ,2544,,,餐
饗,NA,2815,22,H,,feast,feast,feast,キョウ,う-ける,heisig_extra,K2820,2820,6,141,20,U9957,09957.svg,,,draft,2801–2820,koi.png,,, ,2554,,,饗
蝕,NA,2816,14,H,,eclipse,eclipse,eclipse,ショク,むしば-む,heisig_extra,K2821,2821,6,142,1,U8755,08755.svg,,,draft,2821–2840,kujira.png,,, ,2563,,,蝕
飴,NA,2817,13,H,,sweets,sweets,sweets,イ,あめ,heisig_extra,K2822,2822,6,142,2,U98F4,098f4.svg,,,draft,2821–2840,kujira.png,,, ,2606,,,飴
駕,NA,2818,15,H,,stretcher,stretcher,stretcher,カ,かご,heisig_extra,K2823,2823,6,142,3,U99D5,099d5.svg,,,draft,2821–2840,kujira.png,,, ,2474,,,駕
騨,NA,2819,19,H,,dappled_horse,dappled_horse,dappled_horse,タン,,heisig_extra,K2824,2824,6,142,4,U9A28,09a28.svg,,,draft,2821–2840,kujira.png,,, ,2174,,,騨
馳,NA,2820,13,H,,rush,rush,rush,チ,は-せる,heisig_extra,K2825,2825,6,142,5,U99B3,099b3.svg,,,draft,2821–2840,kujira.png,,, ,2402,,,馳
騙,NA,2821,19,H,,cheat,cheat,cheat,ヘン,かた-る,heisig_extra,K2826,2826,6,142,6,U9A19,09a19.svg,,,draft,2821–2840,kujira.png,,, ,2170,,,騙
馴,NA,2822,13,H,,tame,tame,tame,ジュン,な-れる,heisig_extra,K2827,2827,6,142,7,U99B4,099b4.svg,,,draft,2821–2840,kujira.png,,, ,1801,,,馴
駁,NA,2823,14,H,,rebuttal,rebuttal,rebuttal,ハク,ぶち,heisig_extra,K2828,2828,6,142,8,U99C1,099c1.svg,,,draft,2821–2840,kujira.png,,, ,2889,,,駁
駈,NA,2824,15,H,,gallop,gallop,gallop,ク,か-ける,heisig_extra,K2829,2829,6,142,9,U99C8,099c8.svg,,,draft,2821–2840,kujira.png,,, ,2896,,,駈
驢,NA,2825,26,H,,donkey,donkey,donkey,ロ,うさぎうま,heisig_extra,K2830,2830,6,142,10,U9A62,09a62.svg,,,draft,2821–2840,kujira.png,,, ,3012,,,驢
鰻,NA,2826,22,H,,eel,eel,eel,マン,うなぎ,heisig_extra,K2831,2831,6,142,11,U9C3B,09c3b.svg,,,draft,2821–2840,kujira.png,,, ,2748,,,鰻
鯛,NA,2827,19,H,N1,sea_bream,sea_bream,sea_bream,チョウ,たい,heisig_extra,K2832,2832,6,142,12,U9BDB,09bdb.svg,,,draft,2821–2840,kujira.png,,, ,2625,,,鯛
鰯,NA,2828,21,H,,sardine,sardine,sardine,,いわし,heisig_extra,K2833,2833,6,142,13,U9C2F,09c2f.svg,,,draft,2821–2840,kujira.png,,, ,2950,,,鰯
鱒,NA,2829,23,H,,trout,trout,trout,ソン,ます,heisig_extra,K2834,2834,6,142,14,U9C52,09c52.svg,,,draft,2821–2840,kujira.png,,, ,2856,,,鱒
鮭,NA,2830,17,H,,salmon,salmon,salmon,カイ,さけ,heisig_extra,K2835,2835,6,142,15,U9BAD,09bad.svg,,,draft,2821–2840,kujira.png,,, ,2815,,,鮭
鮪,NA,2831,17,H,,tuna,tuna,tuna,キ,まぐろ,heisig_extra,K2836,2836,6,142,16,U9BAA,09baa.svg,,,draft,2821–2840,kujira.png,,, ,2999,,,鮪
鮎,NA,2832,16,H,N1,smelt,smelt,smelt,デン,あゆ,heisig_extra,K2837,2837,6,142,17,U9B8E,09b8e.svg,,,draft,2821–2840,kujira.png,,, ,2206,,,鮎
鯵,NA,2833,19,H,,horse_mackeral,horse_mackeral,horse_mackeral,ソウ,あじ,heisig_extra,K2838,2838,6,142,18,U9BF5,09bf5.svg,,,draft,2821–2840,kujira.png,,, ,2990,,,鯵
鱈,NA,2834,22,H,,cod,cod,cod,セツ,たら,heisig_extra,K2839,2839,6,142,19,U9C48,09c48.svg,,,draft,2821–2840,kujira.png,,, ,2976,,,鱈
鯖,NA,2835,19,H,,mackerel,mackerel,mackerel,セイ,さば,heisig_extra,K2840,2840,6,142,20,U9BD6,09bd6.svg,,,draft,2821–2840,kujira.png,,, ,2574,,,鯖
鮫,NA,2836,17,H,,shark,shark,shark,コウ,さめ,heisig_extra,K2841,2841,6,143,1,U9BAB,09bab.svg,,,draft,2841–2860,mountain.png,,, ,2380,,,鮫
鰹,NA,2837,23,H,,bonito,bonito,bonito,ケン,かつお,heisig_extra,K2842,2842,6,143,2,U9C39,09c39.svg,,,draft,2841–2860,mountain.png,,, ,2854,,,鰹
鰍,NA,2838,20,H,,bullhead,bullhead,bullhead,シュウ,かじか,heisig_extra,K2843,2843,6,143,3,U9C0D,09c0d.svg,,,draft,2841–2860,mountain.png,,, ,2995,,,鰍
鰐,NA,2839,20,H,,alligator,alligator,alligator,ガク,わに,heisig_extra,K2844,2844,6,143,4,U9C10,09c10.svg,,,draft,2841–2860,mountain.png,,, ,2674,,,鰐
鮒,NA,2840,16,H,,crucian,crucian,crucian,ホ,ふな,heisig_extra,K2845,2845,6,143,5,U9B92,09b92.svg,,,draft,2841–2860,mountain.png,,, ,2930,,,鮒
鮨,NA,2841,17,H,,sushi,sushi,sushi,シ,すし,heisig_extra,K2846,2846,6,143,6,U9BA8,09ba8.svg,,,draft,2841–2860,mountain.png,,, ,2959,,,鮨
鰭,NA,2842,21,H,,fish_fin,fish_fin,fish_fin,キ,ひれ,heisig_extra,K2847,2847,6,143,7,U9C2D,09c2d.svg,,,draft,2841–2860,mountain.png,,, ,2273,,,鰭
鴎,NA,2843,15,H,,seagull,seagull,seagull,オウ,かもめ,heisig_extra,K2848,2848,6,143,8,U9D0E,09d0e.svg,,,draft,2841–2860,mountain.png,,, ,2779,,,鴎
鵬,NA,2844,19,H,N1,roc,roc,roc,ホウ,おおとり,heisig_extra,K2849,2849,6,143,9,U9D6C,09d6c.svg,,,draft,2841–2860,mountain.png,,, ,2072,,,鵬
鸚,NA,2845,28,H,,parakeet,parakeet,parakeet,イン,,heisig_extra,K2850,2850,6,143,10,U9E1A,09e1a.svg,,,draft,2841–2860,mountain.png,,, ,2937,,,鸚
鵡,NA,2846,19,H,,parrot,parrot,parrot,ブ,,heisig_extra,K2851,2851,6,143,11,U9D61,09d61.svg,,,draft,2841–2860,mountain.png,,, ,2876,,,鵡
鵜,NA,2847,18,H,,cormorant,cormorant,cormorant,テイ,う,heisig_extra,K2852,2852,6,143,12,U9D5C,09d5c.svg,,,draft,2841–2860,mountain.png,,, ,2067,,,鵜
鷺,NA,2848,24,H,,heron,heron,heron,ロ,さぎ,heisig_extra,K2853,2853,6,143,13,U9DFA,09dfa.svg,,,draft,2841–2860,mountain.png,,, ,2216,,,鷺
鷲,NA,2849,23,H,,eagle,eagle,eagle,シュウ,わし,heisig_extra,K2854,2854,6,143,14,U9DF2,09df2.svg,,,draft,2841–2860,mountain.png,,, ,1790,,,鷲
鴨,NA,2850,16,H,,wild_duck,wild_duck,wild_duck,オウ,かも,heisig_extra,K2855,2855,6,143,15,U9D28,09d28.svg,,,draft,2841–2860,mountain.png,,, ,1833,,,鴨
鳶,NA,2851,14,H,,black_kite,black_kite,black_kite,エン,とび,heisig_extra,K2856,2856,6,143,16,U9CF6,09cf6.svg,,,draft,2841–2860,mountain.png,,, ,2718,,,鳶
梟,NA,2852,11,H,,owl,owl,owl,キョウ,ふくろう,heisig_extra,K2857,2857,6,143,17,U689F,0689f.svg,,,draft,2841–2860,mountain.png,,, ,2825,,,梟
塵,NA,2853,14,H,,dust,dust,dust,チン,ちり,heisig_extra,K2858,2858,6,143,18,U5875,05875.svg,,,draft,2841–2860,mountain.png,,, ,2160,,,塵
麒,NA,2854,19,H,,giraffe,giraffe,giraffe,キ,,heisig_extra,K2859,2859,6,143,19,U9E92,09e92.svg,,,draft,2841–2860,mountain.png,,, ,2348,,,麒
舅,NA,2855,13,H,,fatherinlaw,fatherinlaw,fatherinlaw,キュウ,しゅうと,heisig_extra,K2860,2860,6,143,20,U8205,08205.svg,,,draft,2841–2860,mountain.png,,, ,2929,,,舅
鼠,NA,2856,13,H,,mouse,mouse,mouse,ソ,ねずみ,heisig_extra,K2861,2861,6,144,1,U9F20,09f20.svg,,,draft,2861–2880,tree.png,,, ,2418,,,鼠
鑿,NA,2857,28,H,,bore,bore,bore,サク,のみ,heisig_extra,K2862,2862,6,144,2,U947F,0947f.svg,,,draft,2861–2880,tree.png,,, ,2977,,,鑿
艘,NA,2858,16,H,,small_craft,small_craft,small_craft,ショウ,ふね,heisig_extra,K2863,2863,6,144,3,U8258,08258.svg,,,draft,2861–2880,tree.png,,, ,2884,,,艘
瞑,NA,2859,15,H,,close_eyes,close_eyes,close_eyes,メイ,めい-する,heisig_extra,K2864,2864,6,144,4,U7791,07791.svg,,,draft,2861–2880,tree.png,,, ,2694,,,瞑
暝,NA,2860,14,H,,murky,murky,murky,メイ,くら-い,heisig_extra,K2865,2865,6,144,5,U669D,0669d.svg,,,draft,2861–2880,tree.png,,, ,3037,,,暝
坐,NA,2861,7,H,,sitting,sitting,sitting,ザ,すわ-る,heisig_extra,K2866,2866,6,144,6,U5750,05750.svg,,,draft,2861–2880,tree.png,,, ,2237,,,坐
朔,NA,2862,10,H,N1,first_day,first_day,first_day,サク,ついたち,heisig_extra,K2867,2867,6,144,7,U6714,06714.svg,,,draft,2861–2880,tree.png,,, ,2349,,,朔
曳,NA,2863,6,H,,tow,tow,tow,エイ,ひ-く,heisig_extra,K2868,2868,6,144,8,U66F3,066f3.svg,,,draft,2861–2880,tree.png,,, ,2098,,,曳
洩,NA,2864,9,H,,dribble_out,dribble_out,dribble_out,エイ,も-らす,heisig_extra,K2869,2869,6,144,9,U6D29,06d29.svg,,,draft,2861–2880,tree.png,,, ,2608,,,洩
彗,NA,2865,11,H,N1,comet,comet,comet,スイ,ほうき,heisig_extra,K2870,2870,6,144,10,U5F57,05f57.svg,,,draft,2861–2880,tree.png,,, ,2083,,,彗
慧,NA,2866,15,H,N1,astute,astute,astute,ケイ,さとい,heisig_extra,K2871,2871,6,144,11,U6167,06167.svg,,,draft,2861–2880,tree.png,,, ,2288,,,慧
爾,NA,2867,14,H,N1,thou,thou,thou,ジ,なんじ,heisig_extra,K2872,2872,6,144,12,U723E,0723e.svg,,,draft,2861–2880,tree.png,,, ,2130,,,爾
嘉,NA,2868,14,H,N1,applaud,applaud,applaud,カ,よみ-する,heisig_extra,K2873,2873,6,144,13,U5609,05609.svg,,,draft,2861–2880,tree.png,,, ,1245,,,嘉
兇,NA,2869,6,H,,evil,evil,evil,キョウ,おそ-れる,heisig_extra,K2874,2874,6,144,14,U5147,05147.svg,,,draft,2861–2880,tree.png,,, ,2783,,,兇
兜,NA,2870,11,H,,helmet,helmet,helmet,トウ,かぶと,heisig_extra,K2875,2875,6,144,15,U515C,0515c.svg,,,draft,2861–2880,tree.png,,, ,2280,,,兜
靄,NA,2871,24,H,,mist,mist,mist,アイ,もや,heisig_extra,K2876,2876,6,144,16,U9744,09744.svg,,,draft,2861–2880,tree.png,,, ,2967,,,靄
劫,NA,2872,7,H,,kalpa,kalpa,kalpa,コウ,おびや-かす,heisig_extra,K2877,2877,6,144,17,U52AB,052ab.svg,,,draft,2861–2880,tree.png,,, ,2821,,,劫
歎,NA,2873,14,H,,bemoan,bemoan,bemoan,タン,なげ-く,heisig_extra,K2878,2878,6,144,18,U6B4E,06b4e.svg,,,draft,2861–2880,tree.png,,, ,2968,,,歎
輿,NA,2874,17,H,,palanquin,palanquin,palanquin,ヨ,かご,heisig_extra,K2879,2879,6,144,19,U8F3F,08f3f.svg,,,draft,2861–2880,tree.png,,, ,2137,,,輿
歪,NA,2875,9,H,,warped,warped,warped,ワイ,いが-む,heisig_extra,K2880,2880,6,144,20,U6B6A,06b6a.svg,,,draft,2861–2880,tree.png,,, ,2194,,,歪
翠,NA,2876,14,H,N1,jade_green,jade_green,jade_green,スイ,かわせみ,heisig_extra,K2881,2881,6,145,1,U7FE0,07fe0.svg,,,draft,2881–2900,bamboo.png,,, ,2153,,,翠
黛,NA,2877,16,H,N1,blue_black,blue_black,blue_black,タイ,まゆずみ,heisig_extra,K2882,2882,6,145,2,U9EDB,09edb.svg,,,draft,2881–2900,bamboo.png,,, ,2764,,,黛
鼎,NA,2878,13,H,,tripod,tripod,tripod,テイ,かなえ,heisig_extra,K2883,2883,6,145,3,U9F0E,09f0e.svg,,,draft,2881–2900,bamboo.png,,, ,2569,,,鼎
鹵,NA,2879,11,H,,rocksalt,rocksalt,rocksalt,ロ,しお,heisig_extra,K2884,2884,6,145,4,U9E75,09e75.svg,,,draft,2881–2900,bamboo.png,,, ,2630,,,鹵
鹸,NA,2880,19,H,,lye,lye,lye,ケン,あ-く,heisig_extra,K2885,2885,6,145,5,U9E78,09e78.svg,,,draft,2881–2900,bamboo.png,,, ,2649,,,鹸
虔,NA,2881,10,H,,reserved,reserved,reserved,ケン,つつし-む,heisig_extra,K2886,2886,6,145,6,U8654,08654.svg,,,draft,2881–2900,bamboo.png,,, ,2576,,,虔
燕,NA,2882,16,H,,swallow,swallow,swallow,エン,つばめ,heisig_extra,K2887,2887,6,145,7,U71D5,071d5.svg,,,draft,2881–2900,bamboo.png,,, ,1984,,,燕
嘗,NA,2883,14,H,,lick,lick,lick,ショウ,かつ-て,heisig_extra,K2888,2888,6,145,8,U5617,05617.svg,,,draft,2881–2900,bamboo.png,,, ,2673,,,嘗
殆,NA,2884,9,H,,almost,almost,almost,タイ,ほとほと,heisig_extra,K2889,2889,6,145,9,U6B86,06b86.svg,,,draft,2881–2900,bamboo.png,,, ,2054,,,殆
牌,NA,2885,12,H,,mahjong_tiles,mahjong_tiles,mahjong_tiles,ハイ,ぱい,heisig_extra,K2890,2890,6,145,10,U724C,0724c.svg,,,draft,2881–2900,bamboo.png,,, ,2258,,,牌
覗,NA,2886,12,H,,peek,peek,peek,シ,のぞ-く,heisig_extra,K2891,2891,6,145,11,U8997,08997.svg,,,draft,2881–2900,bamboo.png,,, ,2447,,,覗
齟,NA,2887,20,H,,disagree,disagree,disagree,ソ,かむ,heisig_extra,K2892,2892,6,145,12,U9F5F,09f5f.svg,,,draft,2881–2900,bamboo.png,,, ,2941,,,齟
齬,NA,2888,22,H,,discord,discord,discord,ゴ,,heisig_extra,K2893,2893,6,145,13,U9F6C,09f6c.svg,,,draft,2881–2900,bamboo.png,,, ,2942,,,齬
秦,NA,2889,10,H,N1,manchu_dynasty,manchu_dynasty,manchu_dynasty,シン,はた,heisig_extra,K2894,2894,6,145,14,U79E6,079e6.svg,,,draft,2881–2900,bamboo.png,,, ,1629,,,秦
雀,NA,2890,11,H,,sparrow,sparrow,sparrow,ジャク,すずめ,heisig_extra,K2895,2895,6,145,15,U96C0,096c0.svg,,,draft,2881–2900,bamboo.png,,, ,1596,,,雀
隼,NA,2891,10,H,N1,peregrine_falcon,peregrine_falcon,peregrine_falcon,シュン,はやぶさ,heisig_extra,K2896,2896,6,145,16,U96BC,096bc.svg,,,draft,2881–2900,bamboo.png,,, ,1796,,,隼
耀,NA,2892,20,H,N1,shimmering,shimmering,shimmering,ヨウ,かがや-く,heisig_extra,K2897,2897,6,145,17,U8000,08000.svg,,,draft,2881–2900,bamboo.png,,, ,2491,,,耀
夷,NA,2893,6,H,,ebisu,ebisu,ebisu,イ,えびす,heisig_extra,K2898,2898,6,145,18,U5937,05937.svg,,,draft,2881–2900,bamboo.png,,, ,1884,,,夷
嚢,NA,2894,18,H,,cyst,cyst,cyst,ノウ,ふくろ,heisig_extra,K2899,2899,6,145,19,U56A2,056a2.svg,,,draft,2881–2900,bamboo.png,,, ,2243,,,嚢
暢,NA,2895,14,H,N1,carefree,carefree,carefree,チョウ,のび-る,heisig_extra,K2900,2900,6,145,20,U66A2,066a2.svg,,,draft,2881–2900,bamboo.png,,, ,2225,,,暢
廻,NA,2896,9,H,,circling,circling,circling,カイ,まわ-る,heisig_extra,K2901,2901,6,146,1,U5EFB,05efb.svg,,,draft,2901–2920,castle.png,,, ,1961,,,廻
欣,NA,2897,8,H,N1,elation,elation,elation,キン,よろこ-ぶ,heisig_extra,K2902,2902,6,146,2,U6B23,06b23.svg,,,draft,2901–2920,castle.png,,, ,2425,,,欣
毅,NA,2898,15,H,N1,stalwart,stalwart,stalwart,キ,つよ-い,heisig_extra,K2903,2903,6,146,3,U6BC5,06bc5.svg,,,draft,2901–2920,castle.png,,, ,1847,,,毅
斯,NA,2899,12,H,,thus,thus,thus,シ,か,heisig_extra,K2904,2904,6,146,4,U65AF,065af.svg,,,draft,2901–2920,castle.png,,, ,2229,,,斯
匙,NA,2900,11,H,,wooden_spoon,wooden_spoon,wooden_spoon,シ,さじ,heisig_extra,K2905,2905,6,146,5,U5319,05319.svg,,,draft,2901–2920,castle.png,,, ,2938,,,匙
匡,NA,2901,6,H,N1,set_straight,set_straight,set_straight,キョウ,すく-う,heisig_extra,K2906,2906,6,146,6,U5321,05321.svg,,,draft,2901–2920,castle.png,,, ,2265,,,匡
肇,NA,2902,14,H,N1,founding,founding,founding,チョウ,はじ-める,heisig_extra,K2907,2907,6,146,7,U8087,08087.svg,,,draft,2901–2920,castle.png,,, ,2305,,,肇
麿,NA,2903,18,H,N1,utamaro,utamaro,utamaro,,まろ,heisig_extra,K2908,2908,6,146,8,U9EBF,09ebf.svg,,,draft,2901–2920,castle.png,,, ,2320,,,麿
叢,NA,2904,18,H,,conglomerate,conglomerate,conglomerate,ソウ,くさむら,heisig_extra,K2909,2909,6,146,9,U53E2,053e2.svg,,,draft,2901–2920,castle.png,,, ,1585,,,叢
肴,NA,2905,8,H,,entreat,entreat,entreat,コウ,さかな,heisig_extra,K2910,2910,6,146,10,U80B4,080b4.svg,,,draft,2901–2920,castle.png,,, ,2857,,,肴
斐,NA,2906,12,H,N1,symmetrical,symmetrical,symmetrical,ヒ,,heisig_extra,K2911,2911,6,146,11,U6590,06590.svg,,,draft,2901–2920,castle.png,,, ,1523,,,斐
卿,NA,2907,12,H,,magistrate,magistrate,magistrate,ケイ,きみ,heisig_extra,K2912,2912,6,146,12,U537F,0537f.svg,,,draft,2901–2920,castle.png,,, ,1542,,,卿
翫,NA,2908,15,H,,fiddle,fiddle,fiddle,ガン,もてあそ-ぶ,heisig_extra,K2913,2913,6,146,13,U7FEB,07feb.svg,,,draft,2901–2920,castle.png,,, ,2960,,,翫
於,NA,2909,8,H,N1,within,within,within,オ,おい-て,heisig_extra,K2914,2914,6,146,14,U65BC,065bc.svg,,,draft,2901–2920,castle.png,,, ,1853,,,於
套,NA,2910,10,H,,hackneyed,hackneyed,hackneyed,トウ,かさ-ねる,heisig_extra,K2915,2915,6,146,15,U5957,05957.svg,,,draft,2901–2920,castle.png,,, ,2762,,,套
叛,NA,2911,9,H,,rebellion,rebellion,rebellion,ハン,そむ-く,heisig_extra,K2916,2916,6,146,16,U53DB,053db.svg,,,draft,2901–2920,castle.png,,, ,2538,,,叛
尖,NA,2912,6,H,,sharp_point,sharp_point,sharp_point,セン,とが-る,heisig_extra,K2917,2917,6,146,17,U5C16,05c16.svg,,,draft,2901–2920,castle.png,,, ,2145,,,尖
壷,NA,2913,11,H,,crock,crock,crock,コ,つぼ,heisig_extra,K2918,2918,6,146,18,U58F7,058f7.svg,,,draft,2901–2920,castle.png,,, ,2727,,,壷
叡,NA,2914,16,H,N1,sapience,sapience,sapience,エイ,あき-らか,heisig_extra,K2919,2919,6,146,19,U53E1,053e1.svg,,,draft,2901–2920,castle.png,,, ,2286,,,叡
酋,NA,2915,9,H,,chieftain,chieftain,chieftain,シュウ,おさ,heisig_extra,K2920,2920,6,146,20,U914B,0914b.svg,,,draft,2901–2920,castle.png,,, ,2715,,,酋
鴬,NA,2916,16,H,,nightingale,nightingale,nightingale,オウ,うぐいす,heisig_extra,K2921,2921,6,147,1,U9D2C,09d2c.svg,,,draft,2921–2940,koi.png,,, ,2982,,,鴬
赫,NA,2917,14,H,,incandescent,incandescent,incandescent,カク,あかい,heisig_extra,K2922,2922,6,147,2,U8D6B,08d6b.svg,,,draft,2921–2940,koi.png,,, ,2720,,,赫
臥,NA,2918,9,H,,supinate,supinate,supinate,ガ,ふせ-る,heisig_extra,K2923,2923,6,147,3,U81E5,081e5.svg,,,draft,2921–2940,koi.png,,, ,2616,,,臥
甥,NA,2919,12,H,,nephew,nephew,nephew,セイ,おい,heisig_extra,K2924,2924,6,147,4,U7525,07525.svg,,,draft,2921–2940,koi.png,,, ,1986,,,甥
瓢,NA,2920,17,H,,gourd,gourd,gourd,ヒョウ,ひさご,heisig_extra,K2925,2925,6,147,5,U74E2,074e2.svg,,,draft,2921–2940,koi.png,,,,2832,,,瓢
琵,NA,2921,12,H,,biwa,biwa,biwa,ビ,,heisig_extra,K2926,2926,6,147,6,U7435,07435.svg,,,draft,2921–2940,koi.png,,, ,2300,,,琵
琶,NA,2922,12,H,,lute,lute,lute,ハ,,heisig_extra,K2927,2927,6,147,7,U7436,07436.svg,,,draft,2921–2940,koi.png,,, ,2295,,,琶
叉,NA,2923,3,H,,forked,forked,forked,サ,また,heisig_extra,K2928,2928,6,147,8,U53C9,053c9.svg,,,draft,2921–2940,koi.png,,, ,2202,,,叉
乖,NA,2924,8,H,,disobey,disobey,disobey,カイ,そむ-く,heisig_extra,K2929,2929,6,147,9,U4E56,04e56.svg,,,draft,2921–2940,koi.png,,, ,2816,,,乖
畠,NA,2925,10,H,,dry_field,dry_field,dry_field,,はたけ,heisig_extra,K2930,2930,6,147,10,U7560,07560.svg,,,draft,2921–2940,koi.png,,, ,1875,,,畠
圃,NA,2926,10,H,,vegetable_patch,vegetable_patch,vegetable_patch,ホ,はたけ,heisig_extra,K2931,2931,6,147,11,U5703,05703.svg,,,draft,2921–2940,koi.png,,, ,2756,,,圃
丞,NA,2927,6,H,N1,helping_hand,helping_hand,helping_hand,ジョウ,すく-う,heisig_extra,K2932,2932,6,147,12,U4E1E,04e1e.svg,,,draft,2921–2940,koi.png,,, ,2125,,,丞
亮,NA,2928,9,H,N1,translucent,translucent,translucent,リョウ,あきらか,heisig_extra,K2933,2933,6,147,13,U4EAE,04eae.svg,,,draft,2921–2940,koi.png,,, ,1417,,,亮
胤,NA,2929,9,H,N1,blood_relative,blood_relative,blood_relative,イン,たね,heisig_extra,K2934,2934,6,147,14,U80E4,080e4.svg,,,draft,2921–2940,koi.png,,, ,2057,,,胤
疏,NA,2930,12,H,,transcription,transcription,transcription,ソ,あら-い,heisig_extra,K2935,2935,6,147,15,U758F,0758f.svg,,,draft,2921–2940,koi.png,,, ,2657,,,疏
膏,NA,2931,14,H,,ointment,ointment,ointment,コウ,あぶら,heisig_extra,K2936,2936,6,147,16,U818F,0818f.svg,,,draft,2921–2940,koi.png,,, ,2634,,,膏
魁,NA,2932,14,H,N1,pioneer,pioneer,pioneer,カイ,さきがけ,heisig_extra,K2937,2937,6,147,17,U9B41,09b41.svg,,,draft,2921–2940,koi.png,,, ,2277,,,魁
馨,NA,2933,20,H,N1,ambrosial,ambrosial,ambrosial,ケイ,かお-る,heisig_extra,K2938,2938,6,147,18,U99A8,099a8.svg,,,draft,2921–2940,koi.png,,, ,2556,,,馨
牒,NA,2934,13,H,,label,label,label,チョウ,ふだ,heisig_extra,K2939,2939,6,147,19,U7252,07252.svg,,,draft,2921–2940,koi.png,,, ,2749,,,牒
瞥,NA,2935,17,H,,glimpse,glimpse,glimpse,ベツ,,heisig_extra,K2940,2940,6,147,20,U77A5,077a5.svg,,,draft,2921–2940,koi.png,,, ,2939,,,瞥
睾,NA,2936,14,H,,testicle,testicle,testicle,コウ,,heisig_extra,K2941,2941,6,148,1,U777E,0777e.svg,,,draft,2941–2960,kujira.png,,, ,2916,,,睾
巫,NA,2937,7,H,,sorceress,sorceress,sorceress,フ,みこ,heisig_extra,K2942,2942,6,148,2,U5DEB,05deb.svg,,,draft,2941–2960,kujira.png,,, ,2109,,,巫
敦,NA,2938,12,H,N1,empathetic,empathetic,empathetic,トン,あつ-い,heisig_extra,K2943,2943,6,148,3,U6566,06566.svg,,,draft,2941–2960,kujira.png,,, ,1571,,,敦
奎,NA,2939,9,H,N1,andromeda,andromeda,andromeda,ケイ,,heisig_extra,K2944,2944,6,148,4,U594E,0594e.svg,,,draft,2941–2960,kujira.png,,, ,2753,,,奎
翔,NA,2940,12,H,N1,soar,soar,soar,ショウ,かけ-る,heisig_extra,K2945,2945,6,148,5,U7FD4,07fd4.svg,,,draft,2941–2960,kujira.png,,, ,1383,,,翔
皓,NA,2941,12,H,N1,beaming,beaming,beaming,コウ,しろ-い,heisig_extra,K2946,2946,6,148,6,U7693,07693.svg,,,draft,2941–2960,kujira.png,,, ,2636,,,皓
黎,NA,2942,15,H,N1,tenebrous,tenebrous,tenebrous,レイ,くろ-い,heisig_extra,,K2947,2947,6,148,U9ECE,09ece.svg,u9ece.svg,,,draft,2941–2960,kujira.png,,,2023,,,黎
赳,NA,2943,10,H,N1,bold,bold,bold,キュウ,,heisig_extra,K2948,2948,6,148,8,U8D73,08d73.svg,,,draft,2941–2960,kujira.png,,, ,2842,,,赳
已,NA,2944,3,H,,stop_short,stop_short,stop_short,イ,や-む,heisig_extra,K2949,2949,6,148,9,U5DF2,05df2.svg,,,draft,2941–2960,kujira.png,,, ,2899,,,已
棘,NA,2945,12,H,,thornbush,thornbush,thornbush,キョク,いばら,heisig_extra,K2950,2950,6,148,10,U68D8,068d8.svg,,,draft,2941–2960,kujira.png,,, ,2378,,,棘
祟,NA,2946,10,H,,haunt,haunt,haunt,スイ,たた-る,heisig_extra,K2951,2951,6,148,11,U795F,0795f.svg,,,draft,2941–2960,kujira.png,,, ,2760,,,祟
甦,NA,2947,12,H,,resuscitate,resuscitate,resuscitate,ソ,よみがえ-る,heisig_extra,K2952,2952,6,148,12,U7526,07526.svg,,,draft,2941–2960,kujira.png,,, ,2672,,,甦
剪,NA,2948,11,H,,pruning,pruning,pruning,セン,き-る,heisig_extra,K2953,2953,6,148,13,U526A,0526a.svg,,,draft,2941–2960,kujira.png,,, ,2911,,,剪
躾,NA,2949,16,H,,upbringing,upbringing,upbringing,,しつ-ける,heisig_extra,K2954,2954,6,148,14,U8EBE,08ebe.svg,,,draft,2941–2960,kujira.png,,, ,2923,,,躾
夥,NA,2950,14,H,,plentiful,plentiful,plentiful,カ,おびただ-しい,heisig_extra,K2955,2955,6,148,15,U5925,05925.svg,,,draft,2941–2960,kujira.png,,, ,3008,,,夥
鼾,NA,2951,17,H,,snore,snore,snore,カン,いびき,heisig_extra,K2956,2956,6,148,16,U9F3E,09f3e.svg,,,draft,2941–2960,kujira.png,,, ,3028,,,鼾
陀,NA,2952,8,H,,steeply_inclined,steeply_inclined,steeply_inclined,タ,けわ-しい,heisig_extra,K2957,2957,6,148,17,U9640,09640.svg,,,draft,2941–2960,kujira.png,,, ,1912,,,陀
粁,NA,2953,9,H,,kilometer,kilometer,kilometer,,,heisig_extra,K2958,2958,6,148,18,U7C81,07c81.svg,,,draft,2941–2960,kujira.png,,, ,2955,,,粁
糎,NA,2954,15,H,,centimeter,centimeter,centimeter,,,heisig_extra,K2959,2959,6,148,19,U7CCE,07cce.svg,,,draft,2941–2960,kujira.png,,, ,2871,,,糎
粍,NA,2955,10,H,,millimeter,millimeter,millimeter,,,heisig_extra,K2960,2960,6,148,20,U7C8D,07c8d.svg,,,draft,2941–2960,kujira.png,,, ,2961,,,粍
噸,NA,2956,16,H,,ton,ton,ton,トン,,heisig_extra,K2961,2961,6,149,1,U5678,05678.svg,,,draft,2961–2980,mountain.png,,, ,3025,,,噸
哩,NA,2957,10,H,,mile,mile,mile,リ,まいる,heisig_extra,K2962,2962,6,149,2,U54E9,054e9.svg,,,draft,2961–2980,mountain.png,,, ,2981,,,哩
浬,NA,2958,10,H,,nautical_mile,nautical_mile,nautical_mile,リ,かいり,heisig_extra,K2963,2963,6,149,3,U6D6C,06d6c.svg,,,draft,2961–2980,mountain.png,,, ,2900,,,浬
吋,NA,2959,6,H,,inch,inch,inch,トウ,,heisig_extra,K2964,2964,6,149,4,U540B,0540b.svg,,,draft,2961–2980,mountain.png,,, ,3026,,,吋
呎,NA,2960,7,H,,foot,foot,foot,シャク,ふいいと,heisig_extra,K2965,2965,6,149,5,U544E,0544e.svg,,,draft,2961–2980,mountain.png,,, ,3024,,,呎
梵,NA,2961,11,H,,brahman,brahman,brahman,ボン,,heisig_extra,K2966,2966,6,149,6,U68B5,068b5.svg,,,draft,2961–2980,mountain.png,,, ,2395,,,梵
薩,NA,2962,17,H,,bodhisattva,bodhisattva,bodhisattva,サツ,,heisig_extra,K2967,2967,6,149,7,U85A9,085a9.svg,,,draft,2961–2980,mountain.png,,, ,1525,,,薩
菩,NA,2963,11,H,,bo_tree,bo_tree,bo_tree,ボ,,heisig_extra,K2968,2968,6,149,8,U83E9,083e9.svg,,,draft,2961–2980,mountain.png,,, ,1856,,,菩
唖,NA,2964,10,H,,babble,babble,babble,ア,おし,heisig_extra,K2969,2969,6,149,9,U5516,05516.svg,,,draft,2961–2980,mountain.png,,, ,2793,,,唖
牟,NA,2965,6,H,,low,low,low,ボウ,,heisig_extra,K2970,2970,6,149,10,U725F,0725f.svg,,,draft,2961–2980,mountain.png,,, ,1927,,,牟
迦,NA,2966,8,H,,sanskrit_ka,sanskrit_ka,sanskrit_ka,カ,,heisig_extra,K2971,2971,6,149,11,U8FE6,08fe6.svg,,,draft,2961–2980,mountain.png,,, ,2112,,,迦
珈,NA,2967,9,H,,jeweled_hairpin,jeweled_hairpin,jeweled_hairpin,カ,かみかざり,heisig_extra,K2972,2972,6,149,12,U73C8,073c8.svg,,,draft,2961–2980,mountain.png,,, ,2777,,,珈
琲,NA,2968,12,H,,beaded_hairpin,beaded_hairpin,beaded_hairpin,ハイ,つらぬく,heisig_extra,K2973,2973,6,149,13,U7432,07432.svg,,,draft,2961–2980,mountain.png,,, ,2789,,,琲
檜,NA,2969,17,H,,hinoki,hinoki,hinoki,カイ,ひのき,heisig_extra,K2974,2974,6,149,14,U6A9C,06a9c.svg,,,draft,2961–2980,mountain.png,,, ,2303,,,檜
轡,NA,2970,22,H,,tinkling_bell,tinkling_bell,tinkling_bell,ヒ,くつわ,heisig_extra,K2975,2975,6,149,15,U8F61,08f61.svg,,,draft,2961–2980,mountain.png,,, ,3001,,,轡
淵,NA,2971,12,H,,abyss,abyss,abyss,エン,ふち,heisig_extra,K2976,2976,6,149,16,U6DF5,06df5.svg,,,draft,2961–2980,mountain.png,,, ,1751,,,淵
伍,NA,2972,6,H,N1,formal_five,formal_five,formal_five,ゴ,いつつ,heisig_extra,K2977,2977,6,149,17,U4F0D,04f0d.svg,,,draft,2961–2980,mountain.png,,, ,2281,,,伍
什,NA,2973,4,H,,formal_ten,formal_ten,formal_ten,ジュウ,,heisig_extra,K2978,2978,6,149,18,U4EC0,04ec0.svg,,,draft,2961–2980,mountain.png,,, ,2880,,,什
萬,NA,2974,12,H,,ten_thousand_old,ten_thousand_old,ten_thousand_old,マン,よろず,heisig_extra,K2979,2979,6,149,19,U842C,0842c.svg,,,draft,2961–2980,mountain.png,,, ,1965,,,萬
邁,NA,2975,17,H,,push_forward,push_forward,push_forward,マイ,ゆ-く,heisig_extra,K2980,2980,6,149,20,U9081,09081.svg,,,draft,2961–2980,mountain.png,,, ,2730,,,邁
燭,NA,2976,17,H,,candlelight,candlelight,candlelight,ソク,ともしび,heisig_extra,K2981,2981,6,150,1,U71ED,071ed.svg,,,draft,2981–3000,tree.png,,, ,2801,,,燭
逞,NA,2977,11,H,,tough,tough,tough,テイ,たくま-しい,heisig_extra,K2982,2982,6,150,2,U901E,0901e.svg,,,draft,2981–3000,tree.png,,, ,2835,,,逞
燈,NA,2978,16,H,,lamp_old,lamp_old,lamp_old,トウ,ひ,heisig_extra,K2983,2983,6,150,3,U71C8,071c8.svg,,,draft,2981–3000,tree.png,,, ,2176,,,燈
裡,NA,2979,12,H,,back_old,back_old,back_old,リ,うち,heisig_extra,K2984,2984,6,150,4,U88E1,088e1.svg,,,draft,2981–3000,tree.png,,, ,2841,,,裡
薗,NA,2980,16,H,,garden_name,garden_name,garden_name,エン,その,heisig_extra,K2985,2985,6,150,5,U8597,08597.svg,,,draft,2981–3000,tree.png,,, ,2537,,,薗
鋪,NA,2981,15,H,,shop_variant,shop_variant,shop_variant,ホ,しく,heisig_extra,K2986,2986,6,150,6,U92EA,092ea.svg,,,draft,2981–3000,tree.png,,, ,2893,,,鋪
嶋,NA,2982,14,H,,island_variant,island_variant,island_variant,トウ,しま,heisig_extra,K2987,2987,6,150,7,U5D8B,05d8b.svg,,,draft,2981–3000,tree.png,,, ,1350,,,嶋
峯,NA,2983,10,H,,summit_variant,summit_variant,summit_variant,ホウ,みね,heisig_extra,K2988,2988,6,150,8,U5CEF,05cef.svg,,,draft,2981–3000,tree.png,,, ,1921,,,峯
埜,NA,2984,11,H,,plains_variant,plains_variant,plains_variant,ヤ,の,heisig_extra,K2989,2989,6,150,9,U57DC,057dc.svg,,,draft,2981–3000,tree.png,,, ,2707,,,埜
龍,NA,2985,16,H,,dragon_old,dragon_old,dragon_old,リュウ,たつ,heisig_extra,K2990,2990,6,150,10,U9F8D,09f8d.svg,,,draft,2981–3000,tree.png,,, ,850,,,龍
寵,NA,2986,19,H,,patronage,patronage,patronage,チョウ,めぐ-み,heisig_extra,K2991,2991,6,150,11,U5BF5,05bf5.svg,,,draft,2981–3000,tree.png,,, ,2473,,,寵
聾,NA,2987,22,H,,deafness,deafness,deafness,ロウ,ろう-する,heisig_extra,K2992,2992,6,150,12,U807E,0807e.svg,,,draft,2981–3000,tree.png,,, ,2755,,,聾
慾,NA,2988,15,H,,longing_old,longing_old,longing_old,ヨク,,heisig_extra,K2993,2993,6,150,13,U617E,0617e.svg,,,draft,2981–3000,tree.png,,, ,2988,,,慾
嶽,NA,2989,17,H,,point_old,point_old,point_old,ガク,たけ,heisig_extra,K2994,2994,6,150,14,U5DBD,05dbd.svg,,,draft,2981–3000,tree.png,,, ,2260,,,嶽
國,NA,2990,11,H,,country_old,country_old,country_old,コク,くに,heisig_extra,K2995,2995,6,150,15,U570B,0570b.svg,,,draft,2981–3000,tree.png,,, ,1480,,,國
脛,NA,2991,11,H,,shin,shin,shin,ケイ,すね,heisig_extra,K2996,2996,6,150,16,U811B,0811b.svg,,,draft,2981–3000,tree.png,,, ,2699,,,脛
勁,NA,2992,9,H,N1,formidable,formidable,formidable,ケイ,つよ-い,heisig_extra,K2997,2997,6,150,17,U52C1,052c1.svg,,,draft,2981–3000,tree.png,,, ,2460,,,勁
祀,NA,2993,8,H,,enshrine,enshrine,enshrine,シ,まつ-る,heisig_extra,K2998,2998,6,150,18,U7940,07940.svg,,,draft,2981–3000,tree.png,,, ,1664,,,祀
祓,NA,2994,9,H,,exorcism,exorcism,exorcism,フツ,はら-う,heisig_extra,K2999,2999,6,150,19,U7953,07953.svg,,,draft,2981–3000,tree.png,,, ,2518,,,祓
躇,NA,2995,19,H,,dither,dither,dither,チョ,ためら-う,heisig_extra,K3000,3000,6,150,20,U8E87,08e87.svg,,,draft,2981–3000,tree.png,,, ,2560,,,躇
壽,NA,2996,14,H,,longevity_old,longevity_old,longevity_old,ジュ,ことぶき,heisig_extra,K3001,3001,7,151,1,U58FD,058fd.svg,,,draft,3001–3020,bamboo.png,,, ,2319,,,壽
躊,NA,2997,21,H,,hesitate,hesitate,hesitate,チュウ,ためら-う,heisig_extra,K3002,3002,7,151,2,U8E8A,08e8a.svg,,,draft,3001–3020,bamboo.png,,, ,2559,,,躊
饅,NA,2998,20,H,,bean_jam,bean_jam,bean_jam,マン,,heisig_extra,K3003,3003,7,151,3,U9945,09945.svg,,,draft,3001–3020,bamboo.png,,, ,2717,,,饅
嘔,NA,2999,14,H,,retch,retch,retch,オウ,は-く,heisig_extra,K3004,3004,7,151,4,U5614,05614.svg,,,draft,3001–3020,bamboo.png,,, ,2690,,,嘔
鼈,NA,3000,25,H,,snapping_turtle,snapping_turtle,snapping_turtle,ベツ,すっぽん,heisig_extra,K3005,3005,7,151,5,U9F08,09f08.svg,,,draft,3001–3020,bamboo.png,,, ,2989,,,鼈
𠮟,830,3001,5,S,,scold_old,scold_old,scold_old,シツ,しか-る,joyo,K0830,830,2,42,10,U20B9F,20b9f.svg,,,draft,821–840,tree.png,,,,3029,,,𠮟
塡,1479,3002,13,S,,fill_in,fill_in,fill_in,テン,はま-る,joyo,K1479,1479,3,74,19,U5861,05861.svg,,,draft,1461–1480,castle.png,,,,3027,,,塡
剝,1635,3003,10,S,,peel,peel,peel,ハク,へ-ぐ,joyo,K1635,1635,4,82,15,U525D,0525d.svg,,,draft,1621–1640,kujira.png,,,,3014,,,剝
頰,1874,3004,16,S,,cheek_old,cheek_old,cheek_old,キョウ,ほお,joyo,K1874,1874,4,94,14,U9830,09830.svg,,,draft,1861–1880,kujira.png,,,,3023,,,頰
籠,2124,3005,22,S,,basket_variant,basket_variant,basket_variant,ロウ,かご,joyo,K2124,2124,5,107,4,U7C60,07c60.svg,,,draft,2121–2140,mountain.png,,,,1726,,,籠
亙,NA,3006,6,H,,span_alt,span_alt,span_alt,コウ,わた-る,heisig_extra,K3006,3006,7,151,6,U4E99,04e99.svg,,,draft,3001–3020,bamboo.png,,,,2957,,,亙
亨,NA,3007,7,H,N1,go_smoothly,go_smoothly,go_smoothly,コウ,とお-る,heisig_extra,K3007,3007,7,151,7,U4EA8,04ea8.svg,,,draft,3001–3020,bamboo.png,,,,2262,,,亨
伶,NA,3008,7,H,N1,actor,actor,actor,レイ,わざおぎ,heisig_extra,K3008,3008,7,151,8,U4F36,04f36.svg,,,draft,3001–3020,bamboo.png,,,,2826,,,伶
佑,NA,3009,7,H,N1,aid,aid,aid,ユウ,たす-ける,heisig_extra,K3009,3009,7,151,9,U4F51,04f51.svg,,,draft,3001–3020,bamboo.png,,,,1774,,,佑
佼,NA,3010,8,H,,beautiful,beautiful,beautiful,キョウ,こう-す,heisig_extra,K3010,3010,7,151,10,U4F7C,04f7c.svg,,,draft,3001–3020,bamboo.png,,,,2824,,,佼
侑,NA,3011,8,H,N1,coax,coax,coax,ユウ,すす-める,heisig_extra,K3011,3011,7,151,11,U4F91,04f91.svg,,,draft,3001–3020,bamboo.png,,,,2436,,,侑
俣,NA,3012,9,H,,fork,fork,fork,,また,heisig_extra,K3012,3012,7,151,12,U4FE3,04fe3.svg,,,draft,3001–3020,bamboo.png,,,,1756,,,俣
倖,NA,3013,10,H,N1,good_fortune,good_fortune,good_fortune,コウ,しあわ-せ,heisig_extra,K3013,3013,7,151,13,U5016,05016.svg,,,draft,3001–3020,bamboo.png,,,,2759,,,倖
傭,NA,3014,13,H,,hire,hire,hire,ヨウ,やと-う,heisig_extra,K3014,3014,7,151,14,U50AD,050ad.svg,,,draft,3001–3020,bamboo.png,,,,2182,,,傭
僻,NA,3015,15,H,,prejudice,prejudice,prejudice,ヘキ,へき-する,heisig_extra,K3015,3015,7,151,15,U50FB,050fb.svg,,,draft,3001–3020,bamboo.png,,,,2904,,,僻
卜,NA,3016,2,H,,divination,divination,divination,ボク,うらな-う,heisig_extra,K3016,3016,7,151,16,U535C,0535c.svg,,,draft,3001–3020,bamboo.png,,,,2624,,,卜
喬,NA,3017,12,H,N1,lofty,lofty,lofty,キョウ,たか-い,heisig_extra,K3017,3017,7,151,17,U55AC,055ac.svg,,,draft,3001–3020,bamboo.png,,,,2271,,,喬
孟,NA,3018,8,H,N1,eldest,eldest,eldest,モウ,かしら,heisig_extra,K3018,3018,7,151,18,U5B5F,05b5f.svg,,,draft,3001–3020,bamboo.png,,,,2309,,,孟
尭,NA,3019,8,H,N1,noble,noble,noble,ギョウ,たか-い,heisig_extra,K3019,3019,7,151,19,U5C2D,05c2d.svg,,,draft,3001–3020,bamboo.png,,,,2850,,,尭
峨,NA,3020,10,H,,towering,towering,towering,ガ,けわ-しい,heisig_extra,K3020,3020,7,151,20,U5CE8,05ce8.svg,,,draft,3001–3020,bamboo.png,,,,2311,,,峨
嵯,NA,3021,13,H,N1,craggy,craggy,craggy,サ,,heisig_extra,K3021,3021,7,152,1,U5D6F,05d6f.svg,,,draft,3021–3040,castle.png,,,,2389,,,嵯
巌,NA,3022,20,H,N1,crag,crag,crag,ガン,いわ,heisig_extra,K3022,3022,7,152,2,U5DCC,05dcc.svg,,,draft,3021–3040,castle.png,,,,2228,,,巌
巽,NA,3023,12,H,N1,southeast,southeast,southeast,ソン,たつみ,heisig_extra,K3023,3023,7,152,3,U5DFD,05dfd.svg,,,draft,3021–3040,castle.png,,,,2593,,,巽
彪,NA,3024,11,H,N1,spotted,spotted,spotted,ヒョウ,あや,heisig_extra,K3024,3024,7,152,4,U5F6A,05f6a.svg,,,draft,3021–3040,castle.png,,,,2796,,,彪
掟,NA,3025,11,H,,code,code,code,トウ,おきて,heisig_extra,K3025,3025,7,152,5,U639F,0639f.svg,,,draft,3021–3040,castle.png,,,,2475,,,掟
掠,NA,3026,11,H,,pillage,pillage,pillage,リャク,かす-める,heisig_extra,K3026,3026,7,152,6,U63A0,063a0.svg,,,draft,3021–3040,castle.png,,,,2771,,,掠
撹,NA,3027,15,H,,agitate,agitate,agitate,カク,みだ-す,heisig_extra,K3027,3027,7,152,7,U64B9,064b9.svg,,,draft,3021–3040,castle.png,,,,2867,,,撹
梧,NA,3028,11,H,N1,parasol_tree,parasol_tree,parasol_tree,ゴ,あおぎり,heisig_extra,K3028,3028,7,152,8,U68A7,068a7.svg,,,draft,3021–3040,castle.png,,,,2599,,,梧
欝,NA,3029,26,H,,gloom,gloom,gloom,ウツ,うっ-する,heisig_extra,K3029,3029,7,152,9,U6B1D,06b1d.svg,,,draft,3021–3040,castle.png,,,,3022,,,欝
欽,NA,3030,12,H,N1,revere,revere,revere,キン,つつし-む,heisig_extra,K3030,3030,7,152,10,U6B3D,06b3d.svg,,,draft,3021–3040,castle.png,,,,2218,,,欽
煕,NA,3031,13,H,,shine,shine,shine,キ,たのし-む,heisig_extra,K3031,3031,7,152,11,U7155,07155.svg,,,draft,3021–3040,castle.png,,,,2614,,,煕
熔,NA,3032,14,H,,fuse,fuse,fuse,ヨウ,と-ける,heisig_extra,K3032,3032,7,152,12,U7194,07194.svg,,,draft,3021–3040,castle.png,,,,2953,,,熔
珪,NA,3033,10,H,,jade_scepter,jade_scepter,jade_scepter,ケイ,たま,heisig_extra,K3033,3033,7,152,13,U73EA,073ea.svg,,,draft,3021–3040,castle.png,,,,2742,,,珪
瑶,NA,3034,13,H,N1,beautiful_jewel,beautiful_jewel,beautiful_jewel,ヨウ,たま,heisig_extra,K3034,3034,7,152,14,U7476,07476.svg,,,draft,3021–3040,castle.png,,,,2951,,,瑶
甫,NA,3035,7,H,N1,newly,newly,newly,ホ,はじ-めて,heisig_extra,K3035,3035,7,152,15,U752B,0752b.svg,,,draft,3021–3040,castle.png,,,,2353,,,甫
聚,NA,3036,14,H,,congregate,congregate,congregate,シュウ,あつ-まる,heisig_extra,K3036,3036,7,152,16,U805A,0805a.svg,,,draft,3021–3040,castle.png,,,,2517,,,聚
舘,NA,3037,16,H,,mansion,mansion,mansion,カン,やかた,heisig_extra,K3037,3037,7,152,17,U8218,08218.svg,,,draft,3021–3040,castle.png,,,,2052,,,舘
舜,NA,3038,13,H,N1,morning_glory,morning_glory,morning_glory,シュン,,heisig_extra,K3038,3038,7,152,18,U821C,0821c.svg,,,draft,3021–3040,castle.png,,,,2633,,,舜
詑,NA,3039,12,H,,deceive,deceive,deceive,イ,わ-びる,heisig_extra,K3039,3039,7,152,19,U8A51,08a51.svg,,,draft,3021–3040,castle.png,,,,3030,,,詑
諏,NA,3040,15,H,,consult,consult,consult,シュ,そう,heisig_extra,K3040,3040,7,152,20,U8ACF,08acf.svg,,,draft,3021–3040,castle.png,,,,1713,,,諏
躯,NA,3041,11,H,,torso,torso,torso,ク,むくろ,heisig_extra,K3041,3041,7,153,1,U8EAF,08eaf.svg,,,draft,3041–3060,koi.png,,,,2567,,,躯
郁,NA,3042,9,H,N1,elegant,elegant,elegant,イク,,heisig_extra,K3042,3042,7,153,2,U90C1,090c1.svg,,,draft,3041–3060,koi.png,,,,1864,,,郁
鏑,NA,3043,19,H,,arrowhead,arrowhead,arrowhead,テキ,かぶら,heisig_extra,K3043,3043,7,153,3,U93D1,093d1.svg,,,draft,3041–3060,koi.png,,,,2669,,,鏑
子,760,3044,3,1,N5,rat_zodiac,rat_zodiac,rat_zodiac,シ,こ,zodiac,K0760,760,2,38,20,U5B50,05b50.svg,,,draft,741–760,castle.png,,,,18,子,rat_zodiac,子
午,578,3045,4,2,N5,horse_zodiac,horse_zodiac,horse_zodiac,ゴ,うま,zodiac,K0578,578,2,29,18,U5348,05348.svg,,,draft,561–580,mountain.png,,,,1154,,,午
未,1910,3046,5,4,N3,sheep_zodiac,sheep_zodiac,sheep_zodiac,ミ,いま-だ,zodiac,K1910,1910,4,96,10,U672A,0672a.svg,,,draft,1901–1920,tree.png,,,,589,木|一,tree|one,未
申,1042,3047,5,3,N3,monkey_zodiac,monkey_zodiac,monkey_zodiac,シン,もう-す,zodiac,K1042,1042,3,53,2,U7533,07533.svg,,,draft,1041–1060,mountain.png,,,,1056,日,sun,申
酉,NA,3048,7,H,N1,rooster_zodiac,rooster_zodiac,rooster_zodiac,ユウ,とり,zodiac,K2185,2185,5,110,5,U9149,09149.svg,,,draft,2181–2200,castle.png,,,,2736,一,one,酉
戌,NA,3044,6,H,,dog_zodiac,dog_zodiac,dog_zodiac,ジュツ,いぬ,zodiac,K0000,0,0,0,0,U620C,0620c.svg,,,,,koi.png,,,,3036,,,戌
亥,NA,3045,6,H,N1,boar_zodiac,boar_zodiac,boar_zodiac,ガイ,い,zodiac,K2188,2188,5,110,8,U4EA5,04ea5.svg,,,draft,2181–2200,castle.png,,,,2628,lid,lid,亥
苟,NA,3046,8,H,,if_at_all,if_at_all,if_at_all,コウ,いやし-く,heisig_extra,K3046,3046,7,153,4,U82DF,082df.svg,,,draft,3041–3060,koi.png,,,,2995,,,苟
戉,NA,3047,8,H,,axe_old,axe_old,axe_old,エツ,まさかり,heisig_extra,K3047,3047,7,153,5,U6229,06229.svg,,,draft,3041–3060,koi.png,,,,2996,,,戉
楚,NA,3048,14,H,,thicket,thicket,thicket,ソ,いばら,heisig_extra,K3048,3048,7,153,6,U695A,0695a.svg,,,draft,3041–3060,koi.png,,,,2997,,,楚
此,NA,3049,6,H,,this_old,this_old,this_old,シ,これ,heisig_extra,K3049,3049,7,153,7,U6B64,06b64.svg,,,draft,3041–3060,koi.png,,,,2998,,,此
其,NA,3050,7,H,,that_old,that_old,that_old,キ,それ,heisig_extra,K3050,3050,7,153,8,U5176,05176.svg,,,draft,3041–3060,koi.png,,,,2999,,,其
肆,NA,3051,11,H,,shop_old,shop_old,shop_old,シ,よろず,heisig_extra,K3051,3051,7,153,9,U8086,08086.svg,,,draft,3041–3060,koi.png,,,,3000,,,肆
昜,NA,3052,8,H,,shine_old,shine_old,shine_old,ヨウ,あ-がる,heisig_extra,K3052,3052,7,153,10,U66D9,066d9.svg,,,draft,3041–3060,koi.png,,,,3001,,,昜
卦,NA,3053,8,H,,divination_old,divination_old,divination_old,カ,うらな-い,heisig_extra,K3053,3053,7,153,11,U5366,05366.svg,,,draft,3041–3060,koi.png,,,,3002,,,卦
孚,NA,3054,10,H,,sincere,sincere,sincere,フ,まこと,heisig_extra,K3054,3054,7,153,12,U5B5A,05b5a.svg,,,draft,3041–3060,koi.png,,,,3003,,,孚
奻,NA,3055,6,H,,quarrel,quarrel,quarrel,ダン,いいあらそ.う,heisig_extra,K3055,3055,5,154,1,U597B,0597b.svg,,,draft,3061–3080,koi.png,,,,3004,,,奻
嫐,NA,3056,13,H,,tease,tease,tease,ドウ,なぶ.る,heisig_extra,K3056,3056,5,154,2,U5AD0,05ad0.svg,,,draft,3061–3080,koi.png,,,,3005,,,嫐
嬲,NA,3057,17,H,,torment,torment,torment,ドウ,なぶ.る,heisig_extra,K3057,3057,5,154,3,U5B32,05b32.svg,,,draft,3061–3080,koi.png,,,,3006,,,嬲
婪,NA,3058,11,H,,covet,covet,covet,ラン,むさぼ.る,heisig_extra,K3058,3058,5,154,4,U5A6A,05a6a.svg,,,draft,3061–3080,koi.png,,,,3007,,,婪
孌,NA,3059,22,H,,lovely,lovely,lovely,レン,みめよ.い,heisig_extra,K3059,3059,5,154,5,U5B4C,05b4c.svg,,,draft,3061–3080,koi.png,,,,3008,,,孌
妁,NA,3060,6,H,,matchmaker,matchmaker,matchmaker,シャク,なこうど,heisig_extra,K3060,3060,5,154,6,U5981,05981.svg,,,draft,3061–3080,koi.png,,,,3009,,,妁
妣,NA,3061,7,H,,departed_mother,departed_mother,departed_mother,ヒ,,heisig_extra,K3061,3061,5,154,7,U59A3,059a3.svg,,,draft,3061–3080,koi.png,,,,3010,,,妣
妲,NA,3062,8,H,,temptress,temptress,temptress,ダツ,,heisig_extra,K3062,3062,5,154,8,U59B2,059b2.svg,,,draft,3061–3080,koi.png,,,,3011,,,妲
姆,NA,3063,8,H,,nursemaid,nursemaid,nursemaid,ボ,うば,heisig_extra,K3063,3063,5,154,9,U59C6,059c6.svg,,,draft,3061–3080,koi.png,,,,3012,,,姆
婀,NA,3064,11,H,,graceful,graceful,graceful,ア,たお.やか,heisig_extra,K3064,3064,5,154,10,U5A40,05a40.svg,,,draft,3061–3080,koi.png,,,,3013,,,婀
娉,NA,3065,10,H,,charming,charming,charming,ヘイ,,heisig_extra,K3065,3065,5,154,11,U5A09,05a09.svg,,,draft,3061–3080,koi.png,,,,3014,,,娉
嫋,NA,3066,13,H,,delicate,delicate,delicate,ジョウ,たお.やか,heisig_extra,K3066,3066,5,154,12,U5ACB,05acb.svg,,,draft,3061–3080,koi.png,,,,3015,,,嫋
媼,NA,3067,13,H,,grandmother,grandmother,grandmother,オウ,おうな,heisig_extra,K3067,3067,5,154,13,U5ABC,05abc.svg,,,draft,3061–3080,koi.png,,,,3016,,,媼
嫗,NA,3068,14,H,,old_woman,old_woman,old_woman,ウ,おうな,heisig_extra,K3068,3068,5,154,14,U5AD7,05ad7.svg,,,draft,3061–3080,koi.png,,,,3017,,,嫗
嬶,NA,3069,17,H,,wife,wife,wife,,かかあ,heisig_extra,K3069,3069,5,154,15,U5B36,05b36.svg,,,draft,3061–3080,koi.png,,,,3018,,,嬶
嬾,NA,3070,19,H,,lazy,lazy,lazy,ラン,おこた.る,heisig_extra,K3070,3070,5,154,16,U5B3E,05b3e.svg,,,draft,3061–3080,koi.png,,,,3019,,,嬾
毓,NA,3071,14,H,,nurture,nurture,nurture,イク,そだ.つ,heisig_extra,K3071,3071,4,154,17,U6BD3,06bd3.svg,,,draft,3061–3080,koi.png,,,,3020,,,毓
孵,NA,3072,14,H,,hatch,hatch,hatch,フ,かえ.す,heisig_extra,K3072,3072,7,154,18,U5B75,05b75.svg,,,draft,3061–3080,koi.png,,,,3021,,,孵
𰻞,NA,3073,58,H,,biang_noodles,biang_noodles,biang_noodles,,,party_kanji,K3073,3073,162,155,1,U30EDE,30ede.svg,Shaanxi noodle name,legendary,draft,3081–3100,koi.png,,,biáng,3022,,,𰻞
鱻,NA,3074,33,H,,three_fish,three_fish,three_fish,セン,あたらしい,party_kanji,K3074,3074,195,155,2,U9C7B,09c7b.svg,魚 + 魚 + 魚,triplicate,draft,3081–3100,koi.png,,,Three fish,3045,,,鱻
鑫,NA,3075,24,H,,three_gold,three_gold,three_gold,キン,,party_kanji,K3075,3075,167,155,3,U946B,0946b.svg,金 + 金 + 金,triplicate,draft,3081–3100,koi.png,,,Three gold,3046,,,鑫
淼,NA,3076,12,H,,three_water,three_water,three_water,ビョウ,ひろ.い,party_kanji,K3076,3076,85,155,4,U6DFC,06dfc.svg,水 + 水 + 水,triplicate,draft,3081–3100,koi.png,,,Three water,3047,,,淼
焱,NA,3077,12,H,,three_fire,three_fire,three_fire,エン,ほのお,party_kanji,K3077,3077,86,155,5,U7131,07131.svg,火 + 火 + 火,triplicate,draft,3081–3100,koi.png,,,Three fire,3048,,,焱
垚,NA,3078,9,H,,three_earth,three_earth,three_earth,ギョウ,,party_kanji,K3078,3078,32,155,6,U579A,0579a.svg,土 + 土 + 土,triplicate,draft,3081–3100,koi.png,,,Three earth,3049,,,垚
毳,NA,3079,12,H,,three_fur,three_fur,three_fur,ゼイ,けば,party_kanji,K3079,3079,82,155,7,U6BF3,06bf3.svg,毛 + 毛 + 毛,triplicate,draft,3081–3100,koi.png,,,Three fur,3050,,,毳
犇,NA,3080,12,H,,three_oxen,three_oxen,three_oxen,ホン,ひし.めく,party_kanji,K3080,3080,93,155,8,U7287,07287.svg,牛 + 牛 + 牛,triplicate,draft,3081–3100,koi.png,,,Three oxen,3051,,,犇
猋,NA,3081,12,H,,three_dogs,three_dogs,three_dogs,ヒョウ,,party_kanji,K3081,3081,94,155,9,U730B,0730b.svg,犬 + 犬 + 犬,triplicate,draft,3081–3100,koi.png,,,Three dogs,3052,,,猋
麤,NA,3082,33,H,,three_deer,three_deer,three_deer,ソ,はな.れる,party_kanji,K3082,3082,198,155,10,U9EA4,09ea4.svg,鹿 + 鹿 + 鹿,triplicate,draft,3081–3100,koi.png,,,Three deer,3053,,,麤
龘,NA,3083,48,H,,three_dragons,three_dragons,three_dragons,トウ,,party_kanji,K3083,3083,212,155,11,U9F98,09f98.svg,龍 + 龍 + 龍,triplicate,draft,3081–3100,koi.png,,,Three dragons,3054,,,龘
靐,NA,3084,39,H,,three_thunder,three_thunder,three_thunder,ビン,,party_kanji,K3084,3084,173,155,12,U9760,09760.svg,雷 + 雷 + 雷,triplicate,draft,3081–3100,koi.png,,,Three thunder,3055,,,靐
䨻,NA,3085,52,H,,four_thunder,four_thunder,four_thunder,ヘイ,,party_kanji,K3085,3085,173,155,13,U4A3B,04a3b.svg,雷 + 雷 + 雷 + 雷,quadruplicate,draft,3081–3100,koi.png,,,Four thunder,3056,,,䨻
㗊,NA,3086,12,H,,four_mouths,four_mouths,four_mouths,シュウ,,party_kanji,K3086,3086,30,155,14,U35CA,035ca.svg,口 + 口 + 口 + 口,quadruplicate,draft,3081–3100,koi.png,,,Four mouths,3057,,,㗊
雥,NA,3087,24,H,,three_birds,three_birds,three_birds,シュウ,,party_kanji,K3087,3087,172,155,15,U96E5,096e5.svg,隹 + 隹 + 隹,triplicate,draft,3081–3100,koi.png,,,Three birds,3058,,,雥
瞐,NA,3088,15,H,,three_eyes,three_eyes,three_eyes,ボウ,,party_kanji,K3088,3088,109,155,16,U7790,07790.svg,目 + 目 + 目,triplicate,draft,3081–3100,koi.png,,,Three eyes,3059,,,瞐
驫,NA,3089,30,H,,three_horses,three_horses,three_horses,ヒョウ,,party_kanji,K3089,3089,187,155,17,U9A6B,09a6b.svg,馬 + 馬 + 馬,triplicate,draft,3081–3100,koi.png,,,Three horses,3060,,,驫

