kanji,slug,keyword,prompt
湖,lake,lake,"64x64 pixel art, minimal style, 3-5 colors, no text, clean pixel edges, simple composition,water on the left, gravestone center, moon right"
一,one,one,"a thick solid horizontal rectangle centered on a plain background, bold and clearly visible"
二,two,two,"64x64 pixel art, minimal style, 3-5 colors, no text, clean pixel edges, simple composition, two parallel horizontal lines with clear spacing, centered"
三,three,three,"64x64 pixel art, minimal style, 3-5 colors, no text, clean pixel edges, simple composition, three evenly stacked horizontal lines, balanced and centered"
四,four,four,"64x64 pixel art, minimal style, 3-5 colors, no text, clean pixel edges, simple composition, four small squares arranged in a 2x2 grid, evenly spaced"
五,five,five,"64x64 pixel art, minimal style, 3-5 colors, no text, clean pixel edges, simple composition, five dots arranged in a cross pattern, one center and four around"
六,six,six,"64x64 pixel art, minimal style, 3-5 colors, no text, clean pixel edges, simple composition, six small dots arranged in two rows of three, evenly spaced"
七,seven,seven,"64x64 pixel art, minimal style, 3-5 colors, no text, clean pixel edges, simple composition, two diverging lines forming an open V shape, centered"
八,eight,eight,"64x64 pixel art, minimal style, 3-5 colors, no text, clean pixel edges, simple composition, a curved hook shape suggesting bending or turning, bold and simple"
九,nine,nine,"64x64 pixel art, minimal style, 3-5 colors, no text, clean pixel edges, simple composition, a curved hook shape suggesting bending or turning, bold and simple"
十,ten,ten,"64x64 pixel art, minimal style, 3-5 colors, no text, clean pixel edges, simple composition, a simple cross shape with vertical and horizontal lines intersecting"
口,mouth,mouth,"64x64 pixel art, minimal style, 3-5 colors, no text, clean pixel edges, simple composition, a simplified human mouth, bold outline, centered composition"
日,day,day,"64x64 pixel art, minimal style, 3-5 colors, no text, clean pixel edges, simple composition, a bright sun inside a square frame, glowing strongly"
月,month,month,"64x64 pixel art, minimal style, 3-5 colors, no text, clean pixel edges, simple composition, a crescent moon glowing in a dark sky, soft contrast"
田,rice_field,rice_field,"64x64 pixel art, minimal style, 3-5 colors, no text, clean pixel edges, simple composition, a square divided into sections representing rice_field"
目,eye,eye,"64x64 pixel art, minimal style, 3-5 colors, no text, clean pixel edges, simple composition, a simplified human eye, bold outline, centered composition"
古,old,old,"64x64 pixel art, minimal style, 3-5 colors, no text, clean pixel edges, simple composition, an old worn object representing old, cracked texture"
吾,i,i,"64x64 pixel art, minimal style, 3-5 colors, no text, clean pixel edges, simple composition, a simple person pointing to themselves, centered"
冒,risk,risk,"64x64 pixel art, minimal style, 3-5 colors, no text, clean pixel edges, simple composition, a small figure approaching danger representing risk"
明,bright,bright,"64x64 pixel art, minimal style, 3-5 colors, no text, clean pixel edges, simple composition, sun and moon side by side emitting strong light"
唱,chant,chant,"64x64 pixel art, minimal style, 3-5 colors, no text, clean pixel edges, simple composition, open mouth with sound waves radiating outward"
晶,sparkle,sparkle,"64x64 pixel art, minimal style, 3-5 colors, no text, clean pixel edges, simple composition, three glowing lights forming a triangular cluster"
品,goods,goods,"64x64 pixel art, minimal style, 3-5 colors, no text, clean pixel edges, simple composition, stacked simple items representing goods"
呂,spine,spine,"64x64 pixel art, minimal style, 3-5 colors, no text, clean pixel edges, simple composition, a simplified human spine, bold outline, centered composition"
昌,prosperous,prosperous,"64x64 pixel art, minimal style, 3-5 colors, no text, clean pixel edges, simple composition, a symbolic representation of prosperous, simple abstract form"
早,early,early,"64x64 pixel art, minimal style, 3-5 colors, no text, clean pixel edges, simple composition, sun near horizon suggesting early"
旭,rising_sun,rising_sun,"64x64 pixel art, minimal style, 3-5 colors, no text, clean pixel edges, simple composition, a symbolic representation of rising_sun, simple abstract form"
世,generation,generation,"64x64 pixel art, minimal style, 3-5 colors, no text, clean pixel edges, simple composition, a symbolic representation of generation, simple abstract form"
胃,stomach,stomach,"64x64 pixel art, minimal style, 3-5 colors, no text, clean pixel edges, simple composition, a symbolic representation of stomach, simple abstract form"
旦,dawn,dawn,"64x64 pixel art, minimal style, 3-5 colors, no text, clean pixel edges, simple composition, a glowing dawn in a simple sky with soft gradient background"
胆,gallbladder,gallbladder,"64x64 pixel art, minimal style, 3-5 colors, no text, clean pixel edges, simple composition, a symbolic representation of gallbladder, simple abstract form"
亘,span,span,"64x64 pixel art, minimal style, 3-5 colors, no text, clean pixel edges, simple composition, a symbolic representation of span, simple abstract form"
凹,concave,concave,"64x64 pixel art, minimal style, 3-5 colors, no text, clean pixel edges, simple composition, a symbolic representation of concave, simple abstract form"
凸,convex,convex,"64x64 pixel art, minimal style, 3-5 colors, no text, clean pixel edges, simple composition, a symbolic representation of convex, simple abstract form"
旧,olden_times,olden_times,"64x64 pixel art, minimal style, 3-5 colors, no text, clean pixel edges, simple composition, a symbolic representation of olden_times, simple abstract form"
自,oneself,oneself,"64x64 pixel art, minimal style, 3-5 colors, no text, clean pixel edges, simple composition, a symbolic representation of oneself, simple abstract form"
白,white,white,"64x64 pixel art, minimal style, 3-5 colors, no text, clean pixel edges, simple composition, a symbolic representation of white, simple abstract form"
百,hundred,hundred,"64x64 pixel art, minimal style, 3-5 colors, no text, clean pixel edges, simple composition, a symbolic representation of hundred, simple abstract form"
中,middle,middle,"64x64 pixel art, minimal style, 3-5 colors, no text, clean pixel edges, simple composition, a symbolic representation of middle, simple abstract form"
千,thousand,thousand,"64x64 pixel art, minimal style, 3-5 colors, no text, clean pixel edges, simple composition, a symbolic representation of thousand, simple abstract form"
舌,tongue,tongue,"64x64 pixel art, minimal style, 3-5 colors, no text, clean pixel edges, simple composition, a symbolic representation of tongue, simple abstract form"
升,measuring_box,measuring_box,"64x64 pixel art, minimal style, 3-5 colors, no text, clean pixel edges, simple composition, a symbolic representation of measuring_box, simple abstract form"
昇,rise,rise,"64x64 pixel art, minimal style, 3-5 colors, no text, clean pixel edges, simple composition, a symbolic representation of rise, simple abstract form"
丸,round,round,"64x64 pixel art, minimal style, 3-5 colors, no text, clean pixel edges, simple composition, a symbolic representation of round, simple abstract form"
寸,measurement,measurement,"64x64 pixel art, minimal style, 3-5 colors, no text, clean pixel edges, simple composition, a symbolic representation of measurement, simple abstract form"
肘,elbow,elbow,"64x64 pixel art, minimal style, 3-5 colors, no text, clean pixel edges, simple composition, a symbolic representation of elbow, simple abstract form"
専,specialty,specialty,"64x64 pixel art, minimal style, 3-5 colors, no text, clean pixel edges, simple composition, a symbolic representation of specialty, simple abstract form"
博,knowledgeable,knowledgeable,"64x64 pixel art, minimal style, 3-5 colors, no text, clean pixel edges, simple composition, a symbolic representation of knowledgeable, simple abstract form"
占,fortune_telling,fortune_telling,"64x64 pixel art, minimal style, 3-5 colors, no text, clean pixel edges, simple composition, a symbolic representation of fortune_telling, simple abstract form"
上,up,up,"64x64 pixel art, minimal style, 3-5 colors, no text, clean pixel edges, simple composition, a symbolic representation of up, simple abstract form"
下,below,below,"64x64 pixel art, minimal style, 3-5 colors, no text, clean pixel edges, simple composition, a symbolic representation of below, simple abstract form"
卓,eminent,eminent,"64x64 pixel art, minimal style, 3-5 colors, no text, clean pixel edges, simple composition, a symbolic representation of eminent, simple abstract form"
朝,morning,morning,"64x64 pixel art, minimal style, 3-5 colors, no text, clean pixel edges, simple composition, a symbolic representation of morning, simple abstract form"
嘲,derision,derision,"64x64 pixel art, minimal style, 3-5 colors, no text, clean pixel edges, simple composition, a symbolic representation of derision, simple abstract form"
只,only,only,"64x64 pixel art, minimal style, 3-5 colors, no text, clean pixel edges, simple composition, a symbolic representation of only, simple abstract form"
貝,shellfish,shellfish,"64x64 pixel art, minimal style, 3-5 colors, no text, clean pixel edges, simple composition, a symbolic representation of shellfish, simple abstract form"
唄,pop_song,pop_song,"64x64 pixel art, minimal style, 3-5 colors, no text, clean pixel edges, simple composition, a symbolic representation of pop_song, simple abstract form"
貞,virtue,virtue,"64x64 pixel art, minimal style, 3-5 colors, no text, clean pixel edges, simple composition, a symbolic representation of virtue, simple abstract form"
員,employee,employee,"64x64 pixel art, minimal style, 3-5 colors, no text, clean pixel edges, simple composition, a symbolic representation of employee, simple abstract form"
貼,post_a_bill,post_a_bill,"64x64 pixel art, minimal style, 3-5 colors, no text, clean pixel edges, simple composition, a symbolic representation of post_a_bill, simple abstract form"
見,see,see,"64x64 pixel art, minimal style, 3-5 colors, no text, clean pixel edges, simple composition, a symbolic representation of see, simple abstract form"
児,newborn,newborn,"64x64 pixel art, minimal style, 3-5 colors, no text, clean pixel edges, simple composition, a symbolic representation of newborn, simple abstract form"
元,beginning,beginning,"64x64 pixel art, minimal style, 3-5 colors, no text, clean pixel edges, simple composition, a symbolic representation of beginning, simple abstract form"
頁,page,page,"64x64 pixel art, minimal style, 3-5 colors, no text, clean pixel edges, simple composition, a symbolic representation of page, simple abstract form"
頑,stubborn,stubborn,"64x64 pixel art, minimal style, 3-5 colors, no text, clean pixel edges, simple composition, a symbolic representation of stubborn, simple abstract form"
凡,mediocre,mediocre,"64x64 pixel art, minimal style, 3-5 colors, no text, clean pixel edges, simple composition, a symbolic representation of mediocre, simple abstract form"
負,defeat,defeat,"64x64 pixel art, minimal style, 3-5 colors, no text, clean pixel edges, simple composition, a symbolic representation of defeat, simple abstract form"
万,ten_thousand,ten_thousand,"64x64 pixel art, minimal style, 3-5 colors, no text, clean pixel edges, simple composition, a symbolic representation of ten_thousand, simple abstract form"
句,phrase,phrase,"64x64 pixel art, minimal style, 3-5 colors, no text, clean pixel edges, simple composition, a symbolic representation of phrase, simple abstract form"
肌,texture,texture,"64x64 pixel art, minimal style, 3-5 colors, no text, clean pixel edges, simple composition, a symbolic representation of texture, simple abstract form"
旬,ten_days,ten_days,"64x64 pixel art, minimal style, 3-5 colors, no text, clean pixel edges, simple composition, a symbolic representation of ten_days, simple abstract form"
勺,ladle,ladle,"64x64 pixel art, minimal style, 3-5 colors, no text, clean pixel edges, simple composition, a symbolic representation of ladle, simple abstract form"
的,bulls_eye,bulls_eye,"64x64 pixel art, minimal style, 3-5 colors, no text, clean pixel edges, simple composition, a symbolic representation of bulls_eye, simple abstract form"
首,neck,neck,"64x64 pixel art, minimal style, 3-5 colors, no text, clean pixel edges, simple composition, a symbolic representation of neck, simple abstract form"
乙,fish_guts,fish_guts,"64x64 pixel art, minimal style, 3-5 colors, no text, clean pixel edges, simple composition, a symbolic representation of fish_guts, simple abstract form"
乱,riot,riot,"64x64 pixel art, minimal style, 3-5 colors, no text, clean pixel edges, simple composition, a symbolic representation of riot, simple abstract form"
直,straightaway,straightaway,"64x64 pixel art, minimal style, 3-5 colors, no text, clean pixel edges, simple composition, a symbolic representation of straightaway, simple abstract form"
具,tool,tool,"64x64 pixel art, minimal style, 3-5 colors, no text, clean pixel edges, simple composition, a symbolic representation of tool, simple abstract form"
真,true,true,"64x64 pixel art, minimal style, 3-5 colors, no text, clean pixel edges, simple composition, a symbolic representation of true, simple abstract form"
工,craft,craft,"64x64 pixel art, minimal style, 3-5 colors, no text, clean pixel edges, simple composition, a symbolic representation of craft, simple abstract form"
左,left,left,"64x64 pixel art, minimal style, 3-5 colors, no text, clean pixel edges, simple composition, a symbolic representation of left, simple abstract form"
右,right,right,"64x64 pixel art, minimal style, 3-5 colors, no text, clean pixel edges, simple composition, a symbolic representation of right, simple abstract form"
有,possess,possess,"64x64 pixel art, minimal style, 3-5 colors, no text, clean pixel edges, simple composition, a symbolic representation of possess, simple abstract form"
賄,bribe,bribe,"64x64 pixel art, minimal style, 3-5 colors, no text, clean pixel edges, simple composition, a symbolic representation of bribe, simple abstract form"
貢,tribute,tribute,"64x64 pixel art, minimal style, 3-5 colors, no text, clean pixel edges, simple composition, a symbolic representation of tribute, simple abstract form"
項,paragraph,paragraph,"64x64 pixel art, minimal style, 3-5 colors, no text, clean pixel edges, simple composition, a symbolic representation of paragraph, simple abstract form"
刀,sword,sword,"64x64 pixel art, minimal style, 3-5 colors, no text, clean pixel edges, simple composition, a symbolic representation of sword, simple abstract form"
刃,blade,blade,"64x64 pixel art, minimal style, 3-5 colors, no text, clean pixel edges, simple composition, a symbolic representation of blade, simple abstract form"
切,cut,cut,"64x64 pixel art, minimal style, 3-5 colors, no text, clean pixel edges, simple composition, a symbolic representation of cut, simple abstract form"
召,seduce,seduce,"64x64 pixel art, minimal style, 3-5 colors, no text, clean pixel edges, simple composition, a symbolic representation of seduce, simple abstract form"
昭,shining,shining,"64x64 pixel art, minimal style, 3-5 colors, no text, clean pixel edges, simple composition, a symbolic representation of shining, simple abstract form"
則,rule,rule,"64x64 pixel art, minimal style, 3-5 colors, no text, clean pixel edges, simple composition, a symbolic representation of rule, simple abstract form"
副,vice,vice,"64x64 pixel art, minimal style, 3-5 colors, no text, clean pixel edges, simple composition, a symbolic representation of vice, simple abstract form"
別,separate,separate,"64x64 pixel art, minimal style, 3-5 colors, no text, clean pixel edges, simple composition, a symbolic representation of separate, simple abstract form"
丁,street,street,"64x64 pixel art, minimal style, 3-5 colors, no text, clean pixel edges, simple composition, a symbolic representation of street, simple abstract form"
町,town,town,"64x64 pixel art, minimal style, 3-5 colors, no text, clean pixel edges, simple composition, a symbolic representation of town, simple abstract form"
可,possible,possible,"64x64 pixel art, minimal style, 3-5 colors, no text, clean pixel edges, simple composition, a symbolic representation of possible, simple abstract form"
頂,top,top,"64x64 pixel art, minimal style, 3-5 colors, no text, clean pixel edges, simple composition, a symbolic representation of top, simple abstract form"
子,child,child,"64x64 pixel art, minimal style, 3-5 colors, no text, clean pixel edges, simple composition, a simple human figure representing child, minimal pose"
孔,cavity,cavity,"64x64 pixel art, minimal style, 3-5 colors, no text, clean pixel edges, simple composition, a symbolic representation of cavity, simple abstract form"
了,finish,finish,"64x64 pixel art, minimal style, 3-5 colors, no text, clean pixel edges, simple composition, a symbolic representation of finish, simple abstract form"
女,woman,woman,"64x64 pixel art, minimal style, 3-5 colors, no text, clean pixel edges, simple composition, a simple human figure representing woman, minimal pose"
好,fond_of,fond_of,"64x64 pixel art, minimal style, 3-5 colors, no text, clean pixel edges, simple composition, a symbolic representation of fond_of, simple abstract form"
如,likeness,likeness,"64x64 pixel art, minimal style, 3-5 colors, no text, clean pixel edges, simple composition, a symbolic representation of likeness, simple abstract form"
母,mother,mother,"64x64 pixel art, minimal style, 3-5 colors, no text, clean pixel edges, simple composition, a symbolic representation of mother, simple abstract form"
貫,pierce,pierce,"64x64 pixel art, minimal style, 3-5 colors, no text, clean pixel edges, simple composition, a symbolic representation of pierce, simple abstract form"
兄,older_brother,older_brother,"64x64 pixel art, minimal style, 3-5 colors, no text, clean pixel edges, simple composition, a symbolic representation of older_brother, simple abstract form"
呪,curse,curse,"64x64 pixel art, minimal style, 3-5 colors, no text, clean pixel edges, simple composition, a symbolic representation of curse, simple abstract form"
克,overcome,overcome,"64x64 pixel art, minimal style, 3-5 colors, no text, clean pixel edges, simple composition, a symbolic representation of overcome, simple abstract form"
小,small,small,"64x64 pixel art, minimal style, 3-5 colors, no text, clean pixel edges, simple composition, a symbolic representation of small, simple abstract form"
少,few,few,"64x64 pixel art, minimal style, 3-5 colors, no text, clean pixel edges, simple composition, a symbolic representation of few, simple abstract form"
大,large,large,"64x64 pixel art, minimal style, 3-5 colors, no text, clean pixel edges, simple composition, a symbolic representation of large, simple abstract form"
多,many,many,"64x64 pixel art, minimal style, 3-5 colors, no text, clean pixel edges, simple composition, a symbolic representation of many, simple abstract form"
夕,evening,evening,"64x64 pixel art, minimal style, 3-5 colors, no text, clean pixel edges, simple composition, a symbolic representation of evening, simple abstract form"
汐,eventide,eventide,"64x64 pixel art, minimal style, 3-5 colors, no text, clean pixel edges, simple composition, a symbolic representation of eventide, simple abstract form"
外,outside,outside,"64x64 pixel art, minimal style, 3-5 colors, no text, clean pixel edges, simple composition, a symbolic representation of outside, simple abstract form"
名,name,name,"64x64 pixel art, minimal style, 3-5 colors, no text, clean pixel edges, simple composition, a symbolic representation of name, simple abstract form"
石,stone,stone,"64x64 pixel art, minimal style, 3-5 colors, no text, clean pixel edges, simple composition, a symbolic representation of stone, simple abstract form"
肖,resemblance,resemblance,"64x64 pixel art, minimal style, 3-5 colors, no text, clean pixel edges, simple composition, a symbolic representation of resemblance, simple abstract form"
硝,nitrate,nitrate,"64x64 pixel art, minimal style, 3-5 colors, no text, clean pixel edges, simple composition, a symbolic representation of nitrate, simple abstract form"
砕,smash,smash,"64x64 pixel art, minimal style, 3-5 colors, no text, clean pixel edges, simple composition, a symbolic representation of smash, simple abstract form"
砂,sand,sand,"64x64 pixel art, minimal style, 3-5 colors, no text, clean pixel edges, simple composition, a symbolic representation of sand, simple abstract form"
妬,jealousy,jealousy,"64x64 pixel art, minimal style, 3-5 colors, no text, clean pixel edges, simple composition, a symbolic representation of jealousy, simple abstract form"
削,plane,plane,"64x64 pixel art, minimal style, 3-5 colors, no text, clean pixel edges, simple composition, a symbolic representation of plane, simple abstract form"
光,ray,ray,"64x64 pixel art, minimal style, 3-5 colors, no text, clean pixel edges, simple composition, a symbolic representation of ray, simple abstract form"
太,plump,plump,"64x64 pixel art, minimal style, 3-5 colors, no text, clean pixel edges, simple composition, a symbolic representation of plump, simple abstract form"
器,utensil,utensil,"64x64 pixel art, minimal style, 3-5 colors, no text, clean pixel edges, simple composition, a symbolic representation of utensil, simple abstract form"
臭,stinking,stinking,"64x64 pixel art, minimal style, 3-5 colors, no text, clean pixel edges, simple composition, a symbolic representation of stinking, simple abstract form"
嗅,sniff,sniff,"64x64 pixel art, minimal style, 3-5 colors, no text, clean pixel edges, simple composition, a symbolic representation of sniff, simple abstract form"
妙,exquisite,exquisite,"64x64 pixel art, minimal style, 3-5 colors, no text, clean pixel edges, simple composition, a symbolic representation of exquisite, simple abstract form"
省,government_ministry,government_ministry,"64x64 pixel art, minimal style, 3-5 colors, no text, clean pixel edges, simple composition, a symbolic representation of government_ministry, simple abstract form"
厚,thick,thick,"64x64 pixel art, minimal style, 3-5 colors, no text, clean pixel edges, simple composition, a symbolic representation of thick, simple abstract form"
奇,strange,strange,"64x64 pixel art, minimal style, 3-5 colors, no text, clean pixel edges, simple composition, a symbolic representation of strange, simple abstract form"
川,river,river,"64x64 pixel art, minimal style, 3-5 colors, no text, clean pixel edges, simple composition, a symbolic representation of river, simple abstract form"
州,state,state,"64x64 pixel art, minimal style, 3-5 colors, no text, clean pixel edges, simple composition, a symbolic representation of state, simple abstract form"
順,follow,follow,"64x64 pixel art, minimal style, 3-5 colors, no text, clean pixel edges, simple composition, a symbolic representation of follow, simple abstract form"
水,water,water,"64x64 pixel art, minimal style, 3-5 colors, no text, clean pixel edges, simple composition, a symbolic representation of water, simple abstract form"
氷,ice,ice,"64x64 pixel art, minimal style, 3-5 colors, no text, clean pixel edges, simple composition, a symbolic representation of ice, simple abstract form"
永,eternity,eternity,"64x64 pixel art, minimal style, 3-5 colors, no text, clean pixel edges, simple composition, a symbolic representation of eternity, simple abstract form"
泉,spring,spring,"64x64 pixel art, minimal style, 3-5 colors, no text, clean pixel edges, simple composition, a symbolic representation of spring, simple abstract form"
腺,gland,gland,"64x64 pixel art, minimal style, 3-5 colors, no text, clean pixel edges, simple composition, a symbolic representation of gland, simple abstract form"
原,meadow,meadow,"64x64 pixel art, minimal style, 3-5 colors, no text, clean pixel edges, simple composition, a symbolic representation of meadow, simple abstract form"
願,petition,petition,"64x64 pixel art, minimal style, 3-5 colors, no text, clean pixel edges, simple composition, a symbolic representation of petition, simple abstract form"
泳,swim,swim,"64x64 pixel art, minimal style, 3-5 colors, no text, clean pixel edges, simple composition, a symbolic representation of swim, simple abstract form"
沼,marsh,marsh,"64x64 pixel art, minimal style, 3-5 colors, no text, clean pixel edges, simple composition, a symbolic representation of marsh, simple abstract form"
沖,open_sea,open_sea,"64x64 pixel art, minimal style, 3-5 colors, no text, clean pixel edges, simple composition, a symbolic representation of open_sea, simple abstract form"
汎,general,general,"64x64 pixel art, minimal style, 3-5 colors, no text, clean pixel edges, simple composition, a symbolic representation of general, simple abstract form"
江,creek,creek,"64x64 pixel art, minimal style, 3-5 colors, no text, clean pixel edges, simple composition, a symbolic representation of creek, simple abstract form"
汰,cleanse,cleanse,"64x64 pixel art, minimal style, 3-5 colors, no text, clean pixel edges, simple composition, a symbolic representation of cleanse, simple abstract form"
汁,soup,soup,"64x64 pixel art, minimal style, 3-5 colors, no text, clean pixel edges, simple composition, a symbolic representation of soup, simple abstract form"
沙,grains_of_sand,grains_of_sand,"64x64 pixel art, minimal style, 3-5 colors, no text, clean pixel edges, simple composition, a symbolic representation of grains_of_sand, simple abstract form"
潮,tide,tide,"64x64 pixel art, minimal style, 3-5 colors, no text, clean pixel edges, simple composition, a symbolic representation of tide, simple abstract form"
源,source,source,"64x64 pixel art, minimal style, 3-5 colors, no text, clean pixel edges, simple composition, a symbolic representation of source, simple abstract form"
活,lively,lively,"64x64 pixel art, minimal style, 3-5 colors, no text, clean pixel edges, simple composition, a symbolic representation of lively, simple abstract form"
消,extinguish,extinguish,"64x64 pixel art, minimal style, 3-5 colors, no text, clean pixel edges, simple composition, a symbolic representation of extinguish, simple abstract form"
況,condition,condition,"64x64 pixel art, minimal style, 3-5 colors, no text, clean pixel edges, simple composition, a symbolic representation of condition, simple abstract form"
河,large_river,large_river,"64x64 pixel art, minimal style, 3-5 colors, no text, clean pixel edges, simple composition, a symbolic representation of large_river, simple abstract form"
泊,overnight,overnight,"64x64 pixel art, minimal style, 3-5 colors, no text, clean pixel edges, simple composition, a symbolic representation of overnight, simple abstract form"
湖,lake,lake,"64x64 pixel art, minimal style, 3-5 colors, no text, clean pixel edges, simple composition, a symbolic representation of lake, simple abstract form"
測,fathom,fathom,"64x64 pixel art, minimal style, 3-5 colors, no text, clean pixel edges, simple composition, a symbolic representation of fathom, simple abstract form"
土,soil,soil,"64x64 pixel art, minimal style, 3-5 colors, no text, clean pixel edges, simple composition, a symbolic representation of soil, simple abstract form"
吐,spit,spit,"64x64 pixel art, minimal style, 3-5 colors, no text, clean pixel edges, simple composition, a symbolic representation of spit, simple abstract form"
圧,pressure,pressure,"64x64 pixel art, minimal style, 3-5 colors, no text, clean pixel edges, simple composition, a symbolic representation of pressure, simple abstract form"
埼,cape,cape,"64x64 pixel art, minimal style, 3-5 colors, no text, clean pixel edges, simple composition, a symbolic representation of cape, simple abstract form"
垣,hedge,hedge,"64x64 pixel art, minimal style, 3-5 colors, no text, clean pixel edges, simple composition, a symbolic representation of hedge, simple abstract form"
填,inlay,inlay,"64x64 pixel art, minimal style, 3-5 colors, no text, clean pixel edges, simple composition, a symbolic representation of inlay, simple abstract form"
圭,jade,jade,"64x64 pixel art, minimal style, 3-5 colors, no text, clean pixel edges, simple composition, a symbolic representation of jade, simple abstract form"
封,seal,seal,"64x64 pixel art, minimal style, 3-5 colors, no text, clean pixel edges, simple composition, a symbolic representation of seal, simple abstract form"
涯,horizon,horizon,"64x64 pixel art, minimal style, 3-5 colors, no text, clean pixel edges, simple composition, a symbolic representation of horizon, simple abstract form"
寺,temple,temple,"64x64 pixel art, minimal style, 3-5 colors, no text, clean pixel edges, simple composition, a symbolic representation of temple, simple abstract form"
時,time,time,"64x64 pixel art, minimal style, 3-5 colors, no text, clean pixel edges, simple composition, a symbolic representation of time, simple abstract form"
均,level,level,"64x64 pixel art, minimal style, 3-5 colors, no text, clean pixel edges, simple composition, a symbolic representation of level, simple abstract form"
火,fire,fire,"64x64 pixel art, minimal style, 3-5 colors, no text, clean pixel edges, simple composition, a symbolic representation of fire, simple abstract form"
炎,inflammation,inflammation,"64x64 pixel art, minimal style, 3-5 colors, no text, clean pixel edges, simple composition, a symbolic representation of inflammation, simple abstract form"
煩,anxiety,anxiety,"64x64 pixel art, minimal style, 3-5 colors, no text, clean pixel edges, simple composition, a symbolic representation of anxiety, simple abstract form"
淡,faint,faint,"64x64 pixel art, minimal style, 3-5 colors, no text, clean pixel edges, simple composition, a symbolic representation of faint, simple abstract form"
灯,lamp,lamp,"64x64 pixel art, minimal style, 3-5 colors, no text, clean pixel edges, simple composition, a symbolic representation of lamp, simple abstract form"
畑,farm,farm,"64x64 pixel art, minimal style, 3-5 colors, no text, clean pixel edges, simple composition, a symbolic representation of farm, simple abstract form"
災,disaster,disaster,"64x64 pixel art, minimal style, 3-5 colors, no text, clean pixel edges, simple composition, a symbolic representation of disaster, simple abstract form"
灰,ashes,ashes,"64x64 pixel art, minimal style, 3-5 colors, no text, clean pixel edges, simple composition, a symbolic representation of ashes, simple abstract form"
点,point,point,"64x64 pixel art, minimal style, 3-5 colors, no text, clean pixel edges, simple composition, a symbolic representation of point, simple abstract form"
照,illuminate,illuminate,"64x64 pixel art, minimal style, 3-5 colors, no text, clean pixel edges, simple composition, a symbolic representation of illuminate, simple abstract form"
魚,fish,fish,"64x64 pixel art, minimal style, 3-5 colors, no text, clean pixel edges, simple composition, a symbolic representation of fish, simple abstract form"
漁,fishing,fishing,"64x64 pixel art, minimal style, 3-5 colors, no text, clean pixel edges, simple composition, a symbolic representation of fishing, simple abstract form"
里,home_village,home_village,"64x64 pixel art, minimal style, 3-5 colors, no text, clean pixel edges, simple composition, a symbolic representation of home_village, simple abstract form"
黒,black,black,"64x64 pixel art, minimal style, 3-5 colors, no text, clean pixel edges, simple composition, a symbolic representation of black, simple abstract form"
墨,black_ink,black_ink,"64x64 pixel art, minimal style, 3-5 colors, no text, clean pixel edges, simple composition, a symbolic representation of black_ink, simple abstract form"
鯉,carp,carp,"64x64 pixel art, minimal style, 3-5 colors, no text, clean pixel edges, simple composition, a symbolic representation of carp, simple abstract form"
量,quantity,quantity,"64x64 pixel art, minimal style, 3-5 colors, no text, clean pixel edges, simple composition, a symbolic representation of quantity, simple abstract form"
厘,thousandth,thousandth,"64x64 pixel art, minimal style, 3-5 colors, no text, clean pixel edges, simple composition, a symbolic representation of thousandth, simple abstract form"
埋,bury,bury,"64x64 pixel art, minimal style, 3-5 colors, no text, clean pixel edges, simple composition, a symbolic representation of bury, simple abstract form"
同,same,same,"64x64 pixel art, minimal style, 3-5 colors, no text, clean pixel edges, simple composition, a symbolic representation of same, simple abstract form"
洞,den,den,"64x64 pixel art, minimal style, 3-5 colors, no text, clean pixel edges, simple composition, a symbolic representation of den, simple abstract form"
胴,trunk,trunk,"64x64 pixel art, minimal style, 3-5 colors, no text, clean pixel edges, simple composition, a symbolic representation of trunk, simple abstract form"
向,yonder,yonder,"64x64 pixel art, minimal style, 3-5 colors, no text, clean pixel edges, simple composition, a symbolic representation of yonder, simple abstract form"
尚,esteem,esteem,"64x64 pixel art, minimal style, 3-5 colors, no text, clean pixel edges, simple composition, a symbolic representation of esteem, simple abstract form"
字,letter,letter,"64x64 pixel art, minimal style, 3-5 colors, no text, clean pixel edges, simple composition, a symbolic representation of letter, simple abstract form"
守,guard,guard,"64x64 pixel art, minimal style, 3-5 colors, no text, clean pixel edges, simple composition, a symbolic representation of guard, simple abstract form"
完,complete,complete,"64x64 pixel art, minimal style, 3-5 colors, no text, clean pixel edges, simple composition, a symbolic representation of complete, simple abstract form"
宣,proclaim,proclaim,"64x64 pixel art, minimal style, 3-5 colors, no text, clean pixel edges, simple composition, a symbolic representation of proclaim, simple abstract form"
宵,early_morning,early_morning,"64x64 pixel art, minimal style, 3-5 colors, no text, clean pixel edges, simple composition, a symbolic representation of early_morning, simple abstract form"
安,relax,relax,"64x64 pixel art, minimal style, 3-5 colors, no text, clean pixel edges, simple composition, a symbolic representation of relax, simple abstract form"
宴,banquet,banquet,"64x64 pixel art, minimal style, 3-5 colors, no text, clean pixel edges, simple composition, a symbolic representation of banquet, simple abstract form"
寄,draw_near,draw_near,"64x64 pixel art, minimal style, 3-5 colors, no text, clean pixel edges, simple composition, a symbolic representation of draw_near, simple abstract form"
富,wealth,wealth,"64x64 pixel art, minimal style, 3-5 colors, no text, clean pixel edges, simple composition, a symbolic representation of wealth, simple abstract form"
貯,savings,savings,"64x64 pixel art, minimal style, 3-5 colors, no text, clean pixel edges, simple composition, a symbolic representation of savings, simple abstract form"
木,tree,tree,"64x64 pixel art, minimal style, 3-5 colors, no text, clean pixel edges, simple composition, a simple tree with clean shape and natural colors"
林,woods,woods,"64x64 pixel art, minimal style, 3-5 colors, no text, clean pixel edges, simple composition, a cluster of woodss grouped together"
森,forest,forest,"64x64 pixel art, minimal style, 3-5 colors, no text, clean pixel edges, simple composition, a cluster of forests grouped together"
桂,judas_tree,judas_tree,"64x64 pixel art, minimal style, 3-5 colors, no text, clean pixel edges, simple composition, a symbolic representation of judas_tree, simple abstract form"
柏,oak,oak,"64x64 pixel art, minimal style, 3-5 colors, no text, clean pixel edges, simple composition, a symbolic representation of oak, simple abstract form"
枠,frame,frame,"64x64 pixel art, minimal style, 3-5 colors, no text, clean pixel edges, simple composition, a symbolic representation of frame, simple abstract form"
梢,treetops,treetops,"64x64 pixel art, minimal style, 3-5 colors, no text, clean pixel edges, simple composition, a symbolic representation of treetops, simple abstract form"
棚,shelf,shelf,"64x64 pixel art, minimal style, 3-5 colors, no text, clean pixel edges, simple composition, a symbolic representation of shelf, simple abstract form"
杏,apricot,apricot,"64x64 pixel art, minimal style, 3-5 colors, no text, clean pixel edges, simple composition, a symbolic representation of apricot, simple abstract form"
桐,paulownia_tree,paulownia_tree,"64x64 pixel art, minimal style, 3-5 colors, no text, clean pixel edges, simple composition, a symbolic representation of paulownia_tree, simple abstract form"
植,plant,plant,"64x64 pixel art, minimal style, 3-5 colors, no text, clean pixel edges, simple composition, a symbolic representation of plant, simple abstract form"
椅,chair,chair,"64x64 pixel art, minimal style, 3-5 colors, no text, clean pixel edges, simple composition, a symbolic representation of chair, simple abstract form"
枯,wither,wither,"64x64 pixel art, minimal style, 3-5 colors, no text, clean pixel edges, simple composition, a symbolic representation of wither, simple abstract form"
朴,crude,crude,"64x64 pixel art, minimal style, 3-5 colors, no text, clean pixel edges, simple composition, a symbolic representation of crude, simple abstract form"
村,village,village,"64x64 pixel art, minimal style, 3-5 colors, no text, clean pixel edges, simple composition, a symbolic representation of village, simple abstract form"
相,mutual,mutual,"64x64 pixel art, minimal style, 3-5 colors, no text, clean pixel edges, simple composition, a symbolic representation of mutual, simple abstract form"
机,desk,desk,"64x64 pixel art, minimal style, 3-5 colors, no text, clean pixel edges, simple composition, a symbolic representation of desk, simple abstract form"
本,book,book,"64x64 pixel art, minimal style, 3-5 colors, no text, clean pixel edges, simple composition, a symbolic representation of book, simple abstract form"
札,tag,tag,"64x64 pixel art, minimal style, 3-5 colors, no text, clean pixel edges, simple composition, a symbolic representation of tag, simple abstract form"
暦,calendar,calendar,"64x64 pixel art, minimal style, 3-5 colors, no text, clean pixel edges, simple composition, a symbolic representation of calendar, simple abstract form"
案,plan,plan,"64x64 pixel art, minimal style, 3-5 colors, no text, clean pixel edges, simple composition, a symbolic representation of plan, simple abstract form"
燥,parch,parch,"64x64 pixel art, minimal style, 3-5 colors, no text, clean pixel edges, simple composition, a symbolic representation of parch, simple abstract form"
未,not_yet,not_yet,"64x64 pixel art, minimal style, 3-5 colors, no text, clean pixel edges, simple composition, a symbolic representation of not_yet, simple abstract form"
末,extremity,extremity,"64x64 pixel art, minimal style, 3-5 colors, no text, clean pixel edges, simple composition, a symbolic representation of extremity, simple abstract form"
昧,obscure,obscure,"64x64 pixel art, minimal style, 3-5 colors, no text, clean pixel edges, simple composition, a symbolic representation of obscure, simple abstract form"
沫,splash,splash,"64x64 pixel art, minimal style, 3-5 colors, no text, clean pixel edges, simple composition, a symbolic representation of splash, simple abstract form"
味,flavor,flavor,"64x64 pixel art, minimal style, 3-5 colors, no text, clean pixel edges, simple composition, a symbolic representation of flavor, simple abstract form"
妹,younger_sister,younger_sister,"64x64 pixel art, minimal style, 3-5 colors, no text, clean pixel edges, simple composition, a symbolic representation of younger_sister, simple abstract form"
朱,vermilion,vermilion,"64x64 pixel art, minimal style, 3-5 colors, no text, clean pixel edges, simple composition, a symbolic representation of vermilion, simple abstract form"
株,stocks,stocks,"64x64 pixel art, minimal style, 3-5 colors, no text, clean pixel edges, simple composition, a symbolic representation of stocks, simple abstract form"
若,young,young,"64x64 pixel art, minimal style, 3-5 colors, no text, clean pixel edges, simple composition, a symbolic representation of young, simple abstract form"
草,grass,grass,"64x64 pixel art, minimal style, 3-5 colors, no text, clean pixel edges, simple composition, a symbolic representation of grass, simple abstract form"
苦,suffering,suffering,"64x64 pixel art, minimal style, 3-5 colors, no text, clean pixel edges, simple composition, a symbolic representation of suffering, simple abstract form"
苛,bullying,bullying,"64x64 pixel art, minimal style, 3-5 colors, no text, clean pixel edges, simple composition, a symbolic representation of bullying, simple abstract form"
寛,tolerant,tolerant,"64x64 pixel art, minimal style, 3-5 colors, no text, clean pixel edges, simple composition, a symbolic representation of tolerant, simple abstract form"
薄,dilute,dilute,"64x64 pixel art, minimal style, 3-5 colors, no text, clean pixel edges, simple composition, a symbolic representation of dilute, simple abstract form"
葉,leaf,leaf,"64x64 pixel art, minimal style, 3-5 colors, no text, clean pixel edges, simple composition, a symbolic representation of leaf, simple abstract form"
模,imitation,imitation,"64x64 pixel art, minimal style, 3-5 colors, no text, clean pixel edges, simple composition, a symbolic representation of imitation, simple abstract form"
漠,vague,vague,"64x64 pixel art, minimal style, 3-5 colors, no text, clean pixel edges, simple composition, a symbolic representation of vague, simple abstract form"
墓,grave,grave,"64x64 pixel art, minimal style, 3-5 colors, no text, clean pixel edges, simple composition, a symbolic representation of grave, simple abstract form"
暮,livelihood,livelihood,"64x64 pixel art, minimal style, 3-5 colors, no text, clean pixel edges, simple composition, a symbolic representation of livelihood, simple abstract form"
膜,membrane,membrane,"64x64 pixel art, minimal style, 3-5 colors, no text, clean pixel edges, simple composition, a symbolic representation of membrane, simple abstract form"
苗,seedling,seedling,"64x64 pixel art, minimal style, 3-5 colors, no text, clean pixel edges, simple composition, a symbolic representation of seedling, simple abstract form"
兆,portent,portent,"64x64 pixel art, minimal style, 3-5 colors, no text, clean pixel edges, simple composition, a symbolic representation of portent, simple abstract form"
桃,peach_tree,peach_tree,"64x64 pixel art, minimal style, 3-5 colors, no text, clean pixel edges, simple composition, a symbolic representation of peach_tree, simple abstract form"
眺,stare,stare,"64x64 pixel art, minimal style, 3-5 colors, no text, clean pixel edges, simple composition, a symbolic representation of stare, simple abstract form"
犬,dog,dog,"64x64 pixel art, minimal style, 3-5 colors, no text, clean pixel edges, simple composition, a symbolic representation of dog, simple abstract form"
状,status_quo,status_quo,"64x64 pixel art, minimal style, 3-5 colors, no text, clean pixel edges, simple composition, a symbolic representation of status_quo, simple abstract form"
黙,silence,silence,"64x64 pixel art, minimal style, 3-5 colors, no text, clean pixel edges, simple composition, a symbolic representation of silence, simple abstract form"
然,sort_of_thing,sort_of_thing,"64x64 pixel art, minimal style, 3-5 colors, no text, clean pixel edges, simple composition, a symbolic representation of sort_of_thing, simple abstract form"
荻,reed,reed,"64x64 pixel art, minimal style, 3-5 colors, no text, clean pixel edges, simple composition, a symbolic representation of reed, simple abstract form"
狩,hunt,hunt,"64x64 pixel art, minimal style, 3-5 colors, no text, clean pixel edges, simple composition, a symbolic representation of hunt, simple abstract form"
猫,cat,cat,"64x64 pixel art, minimal style, 3-5 colors, no text, clean pixel edges, simple composition, a symbolic representation of cat, simple abstract form"
牛,cow,cow,"64x64 pixel art, minimal style, 3-5 colors, no text, clean pixel edges, simple composition, a symbolic representation of cow, simple abstract form"
特,special,special,"64x64 pixel art, minimal style, 3-5 colors, no text, clean pixel edges, simple composition, a symbolic representation of special, simple abstract form"
告,revelation,revelation,"64x64 pixel art, minimal style, 3-5 colors, no text, clean pixel edges, simple composition, a symbolic representation of revelation, simple abstract form"
先,previous,previous,"64x64 pixel art, minimal style, 3-5 colors, no text, clean pixel edges, simple composition, a symbolic representation of previous, simple abstract form"
洗,wash,wash,"64x64 pixel art, minimal style, 3-5 colors, no text, clean pixel edges, simple composition, a symbolic representation of wash, simple abstract form"
介,jammed_in,jammed_in,"64x64 pixel art, minimal style, 3-5 colors, no text, clean pixel edges, simple composition, a symbolic representation of jammed_in, simple abstract form"
界,world,world,"64x64 pixel art, minimal style, 3-5 colors, no text, clean pixel edges, simple composition, a symbolic representation of world, simple abstract form"
茶,tea,tea,"64x64 pixel art, minimal style, 3-5 colors, no text, clean pixel edges, simple composition, a symbolic representation of tea, simple abstract form"
脊,stature,stature,"64x64 pixel art, minimal style, 3-5 colors, no text, clean pixel edges, simple composition, a symbolic representation of stature, simple abstract form"
合,fit,fit,"64x64 pixel art, minimal style, 3-5 colors, no text, clean pixel edges, simple composition, a symbolic representation of fit, simple abstract form"
塔,pagoda,pagoda,"64x64 pixel art, minimal style, 3-5 colors, no text, clean pixel edges, simple composition, a symbolic representation of pagoda, simple abstract form"
王,king,king,"64x64 pixel art, minimal style, 3-5 colors, no text, clean pixel edges, simple composition, a symbolic representation of king, simple abstract form"
玉,ball,ball,"64x64 pixel art, minimal style, 3-5 colors, no text, clean pixel edges, simple composition, a symbolic representation of ball, simple abstract form"
宝,treasure,treasure,"64x64 pixel art, minimal style, 3-5 colors, no text, clean pixel edges, simple composition, a symbolic representation of treasure, simple abstract form"
珠,pearl,pearl,"64x64 pixel art, minimal style, 3-5 colors, no text, clean pixel edges, simple composition, a symbolic representation of pearl, simple abstract form"
現,present,present,"64x64 pixel art, minimal style, 3-5 colors, no text, clean pixel edges, simple composition, a symbolic representation of present, simple abstract form"
玩,toy_with,toy_with,"64x64 pixel art, minimal style, 3-5 colors, no text, clean pixel edges, simple composition, a symbolic representation of toy_with, simple abstract form"
狂,lunatic,lunatic,"64x64 pixel art, minimal style, 3-5 colors, no text, clean pixel edges, simple composition, a symbolic representation of lunatic, simple abstract form"
旺,flourishing,flourishing,"64x64 pixel art, minimal style, 3-5 colors, no text, clean pixel edges, simple composition, a symbolic representation of flourishing, simple abstract form"
皇,emperor,emperor,"64x64 pixel art, minimal style, 3-5 colors, no text, clean pixel edges, simple composition, a symbolic representation of emperor, simple abstract form"
呈,display,display,"64x64 pixel art, minimal style, 3-5 colors, no text, clean pixel edges, simple composition, a symbolic representation of display, simple abstract form"
全,whole,whole,"64x64 pixel art, minimal style, 3-5 colors, no text, clean pixel edges, simple composition, a symbolic representation of whole, simple abstract form"
栓,plug,plug,"64x64 pixel art, minimal style, 3-5 colors, no text, clean pixel edges, simple composition, a symbolic representation of plug, simple abstract form"
理,logic,logic,"64x64 pixel art, minimal style, 3-5 colors, no text, clean pixel edges, simple composition, a symbolic representation of logic, simple abstract form"
主,master,master,"64x64 pixel art, minimal style, 3-5 colors, no text, clean pixel edges, simple composition, a symbolic representation of master, simple abstract form"
注,pour,pour,"64x64 pixel art, minimal style, 3-5 colors, no text, clean pixel edges, simple composition, a symbolic representation of pour, simple abstract form"
柱,pillar,pillar,"64x64 pixel art, minimal style, 3-5 colors, no text, clean pixel edges, simple composition, a symbolic representation of pillar, simple abstract form"
金,gold,gold,"64x64 pixel art, minimal style, 3-5 colors, no text, clean pixel edges, simple composition, a symbolic representation of gold, simple abstract form"
銑,pig_iron,pig_iron,"64x64 pixel art, minimal style, 3-5 colors, no text, clean pixel edges, simple composition, a symbolic representation of pig_iron, simple abstract form"
鉢,bowl,bowl,"64x64 pixel art, minimal style, 3-5 colors, no text, clean pixel edges, simple composition, a symbolic representation of bowl, simple abstract form"
銅,copper,copper,"64x64 pixel art, minimal style, 3-5 colors, no text, clean pixel edges, simple composition, a symbolic representation of copper, simple abstract form"
釣,angling,angling,"64x64 pixel art, minimal style, 3-5 colors, no text, clean pixel edges, simple composition, a symbolic representation of angling, simple abstract form"
針,needle,needle,"64x64 pixel art, minimal style, 3-5 colors, no text, clean pixel edges, simple composition, a symbolic representation of needle, simple abstract form"
銘,inscription,inscription,"64x64 pixel art, minimal style, 3-5 colors, no text, clean pixel edges, simple composition, a symbolic representation of inscription, simple abstract form"
鎮,tranquilize,tranquilize,"64x64 pixel art, minimal style, 3-5 colors, no text, clean pixel edges, simple composition, a symbolic representation of tranquilize, simple abstract form"
道,road,road,"64x64 pixel art, minimal style, 3-5 colors, no text, clean pixel edges, simple composition, a symbolic representation of road, simple abstract form"
導,guidance,guidance,"64x64 pixel art, minimal style, 3-5 colors, no text, clean pixel edges, simple composition, a symbolic representation of guidance, simple abstract form"
辻,crossing,crossing,"64x64 pixel art, minimal style, 3-5 colors, no text, clean pixel edges, simple composition, a symbolic representation of crossing, simple abstract form"
迅,swift,swift,"64x64 pixel art, minimal style, 3-5 colors, no text, clean pixel edges, simple composition, a symbolic representation of swift, simple abstract form"
造,create,create,"64x64 pixel art, minimal style, 3-5 colors, no text, clean pixel edges, simple composition, a symbolic representation of create, simple abstract form"
迫,urge,urge,"64x64 pixel art, minimal style, 3-5 colors, no text, clean pixel edges, simple composition, a symbolic representation of urge, simple abstract form"
逃,escape,escape,"64x64 pixel art, minimal style, 3-5 colors, no text, clean pixel edges, simple composition, a symbolic representation of escape, simple abstract form"
辺,environs,environs,"64x64 pixel art, minimal style, 3-5 colors, no text, clean pixel edges, simple composition, a symbolic representation of environs, simple abstract form"
巡,patrol,patrol,"64x64 pixel art, minimal style, 3-5 colors, no text, clean pixel edges, simple composition, a symbolic representation of patrol, simple abstract form"
車,car,car,"64x64 pixel art, minimal style, 3-5 colors, no text, clean pixel edges, simple composition, a symbolic representation of car, simple abstract form"
連,take_along,take_along,"64x64 pixel art, minimal style, 3-5 colors, no text, clean pixel edges, simple composition, a symbolic representation of take_along, simple abstract form"
軌,rut,rut,"64x64 pixel art, minimal style, 3-5 colors, no text, clean pixel edges, simple composition, a symbolic representation of rut, simple abstract form"
輸,transport,transport,"64x64 pixel art, minimal style, 3-5 colors, no text, clean pixel edges, simple composition, a symbolic representation of transport, simple abstract form"
喩,metaphor,metaphor,"64x64 pixel art, minimal style, 3-5 colors, no text, clean pixel edges, simple composition, a symbolic representation of metaphor, simple abstract form"
前,in_front,in_front,"64x64 pixel art, minimal style, 3-5 colors, no text, clean pixel edges, simple composition, a symbolic representation of in_front, simple abstract form"
煎,roast,roast,"64x64 pixel art, minimal style, 3-5 colors, no text, clean pixel edges, simple composition, a symbolic representation of roast, simple abstract form"
各,each,each,"64x64 pixel art, minimal style, 3-5 colors, no text, clean pixel edges, simple composition, a symbolic representation of each, simple abstract form"
格,status,status,"64x64 pixel art, minimal style, 3-5 colors, no text, clean pixel edges, simple composition, a symbolic representation of status, simple abstract form"
賂,graft,graft,"64x64 pixel art, minimal style, 3-5 colors, no text, clean pixel edges, simple composition, a symbolic representation of graft, simple abstract form"
略,abbreviation,abbreviation,"64x64 pixel art, minimal style, 3-5 colors, no text, clean pixel edges, simple composition, a symbolic representation of abbreviation, simple abstract form"
客,guest,guest,"64x64 pixel art, minimal style, 3-5 colors, no text, clean pixel edges, simple composition, a symbolic representation of guest, simple abstract form"
額,amount,amount,"64x64 pixel art, minimal style, 3-5 colors, no text, clean pixel edges, simple composition, a symbolic representation of amount, simple abstract form"
夏,summer,summer,"64x64 pixel art, minimal style, 3-5 colors, no text, clean pixel edges, simple composition, a symbolic representation of summer, simple abstract form"
処,dispose,dispose,"64x64 pixel art, minimal style, 3-5 colors, no text, clean pixel edges, simple composition, a symbolic representation of dispose, simple abstract form"
条,clause,clause,"64x64 pixel art, minimal style, 3-5 colors, no text, clean pixel edges, simple composition, a symbolic representation of clause, simple abstract form"
落,fall,fall,"64x64 pixel art, minimal style, 3-5 colors, no text, clean pixel edges, simple composition, a symbolic representation of fall, simple abstract form"
冗,superfluous,superfluous,"64x64 pixel art, minimal style, 3-5 colors, no text, clean pixel edges, simple composition, a symbolic representation of superfluous, simple abstract form"
冥,hades,hades,"64x64 pixel art, minimal style, 3-5 colors, no text, clean pixel edges, simple composition, a symbolic representation of hades, simple abstract form"
軍,army,army,"64x64 pixel art, minimal style, 3-5 colors, no text, clean pixel edges, simple composition, a symbolic representation of army, simple abstract form"
輝,radiance,radiance,"64x64 pixel art, minimal style, 3-5 colors, no text, clean pixel edges, simple composition, a symbolic representation of radiance, simple abstract form"
運,carry,carry,"64x64 pixel art, minimal style, 3-5 colors, no text, clean pixel edges, simple composition, a symbolic representation of carry, simple abstract form"
冠,crown,crown,"64x64 pixel art, minimal style, 3-5 colors, no text, clean pixel edges, simple composition, a symbolic representation of crown, simple abstract form"
夢,dream,dream,"64x64 pixel art, minimal style, 3-5 colors, no text, clean pixel edges, simple composition, a symbolic representation of dream, simple abstract form"
坑,pit,pit,"64x64 pixel art, minimal style, 3-5 colors, no text, clean pixel edges, simple composition, a symbolic representation of pit, simple abstract form"
高,tall,tall,"64x64 pixel art, minimal style, 3-5 colors, no text, clean pixel edges, simple composition, a symbolic representation of tall, simple abstract form"
享,receive,receive,"64x64 pixel art, minimal style, 3-5 colors, no text, clean pixel edges, simple composition, a symbolic representation of receive, simple abstract form"
塾,cram_school,cram_school,"64x64 pixel art, minimal style, 3-5 colors, no text, clean pixel edges, simple composition, a symbolic representation of cram_school, simple abstract form"
熟,ripe,ripe,"64x64 pixel art, minimal style, 3-5 colors, no text, clean pixel edges, simple composition, a symbolic representation of ripe, simple abstract form"
亭,pavilion,pavilion,"64x64 pixel art, minimal style, 3-5 colors, no text, clean pixel edges, simple composition, a symbolic representation of pavilion, simple abstract form"
京,capital,capital,"64x64 pixel art, minimal style, 3-5 colors, no text, clean pixel edges, simple composition, a symbolic representation of capital, simple abstract form"
涼,refreshing,refreshing,"64x64 pixel art, minimal style, 3-5 colors, no text, clean pixel edges, simple composition, a symbolic representation of refreshing, simple abstract form"
景,scenery,scenery,"64x64 pixel art, minimal style, 3-5 colors, no text, clean pixel edges, simple composition, a symbolic representation of scenery, simple abstract form"
鯨,whale,whale,"64x64 pixel art, minimal style, 3-5 colors, no text, clean pixel edges, simple composition, a symbolic representation of whale, simple abstract form"
舎,cottage,cottage,"64x64 pixel art, minimal style, 3-5 colors, no text, clean pixel edges, simple composition, a symbolic representation of cottage, simple abstract form"
周,circumference,circumference,"64x64 pixel art, minimal style, 3-5 colors, no text, clean pixel edges, simple composition, a symbolic representation of circumference, simple abstract form"
週,week,week,"64x64 pixel art, minimal style, 3-5 colors, no text, clean pixel edges, simple composition, a symbolic representation of week, simple abstract form"
士,gentleman,gentleman,"64x64 pixel art, minimal style, 3-5 colors, no text, clean pixel edges, simple composition, a symbolic representation of gentleman, simple abstract form"
吉,good_luck,good_luck,"64x64 pixel art, minimal style, 3-5 colors, no text, clean pixel edges, simple composition, a symbolic representation of good_luck, simple abstract form"
壮,robust,robust,"64x64 pixel art, minimal style, 3-5 colors, no text, clean pixel edges, simple composition, a symbolic representation of robust, simple abstract form"
荘,villa,villa,"64x64 pixel art, minimal style, 3-5 colors, no text, clean pixel edges, simple composition, a symbolic representation of villa, simple abstract form"
売,sell,sell,"64x64 pixel art, minimal style, 3-5 colors, no text, clean pixel edges, simple composition, a symbolic representation of sell, simple abstract form"
学,study,study,"64x64 pixel art, minimal style, 3-5 colors, no text, clean pixel edges, simple composition, a symbolic representation of study, simple abstract form"
覚,memorize,memorize,"64x64 pixel art, minimal style, 3-5 colors, no text, clean pixel edges, simple composition, a symbolic representation of memorize, simple abstract form"
栄,flourish,flourish,"64x64 pixel art, minimal style, 3-5 colors, no text, clean pixel edges, simple composition, a symbolic representation of flourish, simple abstract form"
書,write,write,"64x64 pixel art, minimal style, 3-5 colors, no text, clean pixel edges, simple composition, a symbolic representation of write, simple abstract form"
津,haven,haven,"64x64 pixel art, minimal style, 3-5 colors, no text, clean pixel edges, simple composition, a symbolic representation of haven, simple abstract form"
牧,breed,breed,"64x64 pixel art, minimal style, 3-5 colors, no text, clean pixel edges, simple composition, a symbolic representation of breed, simple abstract form"
攻,aggression,aggression,"64x64 pixel art, minimal style, 3-5 colors, no text, clean pixel edges, simple composition, a symbolic representation of aggression, simple abstract form"
敗,failure,failure,"64x64 pixel art, minimal style, 3-5 colors, no text, clean pixel edges, simple composition, a symbolic representation of failure, simple abstract form"
枚,sheet_of,sheet_of,"64x64 pixel art, minimal style, 3-5 colors, no text, clean pixel edges, simple composition, a symbolic representation of sheet_of, simple abstract form"
故,happenstance,happenstance,"64x64 pixel art, minimal style, 3-5 colors, no text, clean pixel edges, simple composition, a symbolic representation of happenstance, simple abstract form"
敬,awe,awe,"64x64 pixel art, minimal style, 3-5 colors, no text, clean pixel edges, simple composition, a symbolic representation of awe, simple abstract form"
言,say,say,"64x64 pixel art, minimal style, 3-5 colors, no text, clean pixel edges, simple composition, a symbolic representation of say, simple abstract form"
警,admonish,admonish,"64x64 pixel art, minimal style, 3-5 colors, no text, clean pixel edges, simple composition, a symbolic representation of admonish, simple abstract form"
計,plot,plot,"64x64 pixel art, minimal style, 3-5 colors, no text, clean pixel edges, simple composition, a symbolic representation of plot, simple abstract form"
詮,elucidate,elucidate,"64x64 pixel art, minimal style, 3-5 colors, no text, clean pixel edges, simple composition, a symbolic representation of elucidate, simple abstract form"
獄,prison,prison,"64x64 pixel art, minimal style, 3-5 colors, no text, clean pixel edges, simple composition, a symbolic representation of prison, simple abstract form"
訂,revise,revise,"64x64 pixel art, minimal style, 3-5 colors, no text, clean pixel edges, simple composition, a symbolic representation of revise, simple abstract form"
訃,obituary,obituary,"64x64 pixel art, minimal style, 3-5 colors, no text, clean pixel edges, simple composition, a symbolic representation of obituary, simple abstract form"
討,chastise,chastise,"64x64 pixel art, minimal style, 3-5 colors, no text, clean pixel edges, simple composition, a symbolic representation of chastise, simple abstract form"
訓,instruction,instruction,"64x64 pixel art, minimal style, 3-5 colors, no text, clean pixel edges, simple composition, a symbolic representation of instruction, simple abstract form"
詔,imperial_edict,imperial_edict,"64x64 pixel art, minimal style, 3-5 colors, no text, clean pixel edges, simple composition, a symbolic representation of imperial_edict, simple abstract form"
詰,packed,packed,"64x64 pixel art, minimal style, 3-5 colors, no text, clean pixel edges, simple composition, a symbolic representation of packed, simple abstract form"
話,talk,talk,"64x64 pixel art, minimal style, 3-5 colors, no text, clean pixel edges, simple composition, a symbolic representation of talk, simple abstract form"
詠,recitation,recitation,"64x64 pixel art, minimal style, 3-5 colors, no text, clean pixel edges, simple composition, a symbolic representation of recitation, simple abstract form"
詩,poem,poem,"64x64 pixel art, minimal style, 3-5 colors, no text, clean pixel edges, simple composition, a symbolic representation of poem, simple abstract form"
語,language,language,"64x64 pixel art, minimal style, 3-5 colors, no text, clean pixel edges, simple composition, a symbolic representation of language, simple abstract form"
読,read,read,"64x64 pixel art, minimal style, 3-5 colors, no text, clean pixel edges, simple composition, a symbolic representation of read, simple abstract form"
調,tune,tune,"64x64 pixel art, minimal style, 3-5 colors, no text, clean pixel edges, simple composition, a symbolic representation of tune, simple abstract form"
談,discuss,discuss,"64x64 pixel art, minimal style, 3-5 colors, no text, clean pixel edges, simple composition, a symbolic representation of discuss, simple abstract form"
諾,consent,consent,"64x64 pixel art, minimal style, 3-5 colors, no text, clean pixel edges, simple composition, a symbolic representation of consent, simple abstract form"
諭,rebuke,rebuke,"64x64 pixel art, minimal style, 3-5 colors, no text, clean pixel edges, simple composition, a symbolic representation of rebuke, simple abstract form"
式,style,style,"64x64 pixel art, minimal style, 3-5 colors, no text, clean pixel edges, simple composition, a symbolic representation of style, simple abstract form"
試,test,test,"64x64 pixel art, minimal style, 3-5 colors, no text, clean pixel edges, simple composition, a symbolic representation of test, simple abstract form"
弐,formal_two,formal_two,"64x64 pixel art, minimal style, 3-5 colors, no text, clean pixel edges, simple composition, a symbolic representation of formal_two, simple abstract form"
域,range,range,"64x64 pixel art, minimal style, 3-5 colors, no text, clean pixel edges, simple composition, a symbolic representation of range, simple abstract form"
賊,burglar,burglar,"64x64 pixel art, minimal style, 3-5 colors, no text, clean pixel edges, simple composition, a symbolic representation of burglar, simple abstract form"
栽,plantation,plantation,"64x64 pixel art, minimal style, 3-5 colors, no text, clean pixel edges, simple composition, a symbolic representation of plantation, simple abstract form"
載,load,load,"64x64 pixel art, minimal style, 3-5 colors, no text, clean pixel edges, simple composition, a symbolic representation of load, simple abstract form"
茂,overgrown,overgrown,"64x64 pixel art, minimal style, 3-5 colors, no text, clean pixel edges, simple composition, a symbolic representation of overgrown, simple abstract form"
戚,relatives,relatives,"64x64 pixel art, minimal style, 3-5 colors, no text, clean pixel edges, simple composition, a symbolic representation of relatives, simple abstract form"
成,become,become,"64x64 pixel art, minimal style, 3-5 colors, no text, clean pixel edges, simple composition, a symbolic representation of become, simple abstract form"
城,castle,castle,"64x64 pixel art, minimal style, 3-5 colors, no text, clean pixel edges, simple composition, a symbolic representation of castle, simple abstract form"
誠,sincerity,sincerity,"64x64 pixel art, minimal style, 3-5 colors, no text, clean pixel edges, simple composition, a symbolic representation of sincerity, simple abstract form"
威,intimidate,intimidate,"64x64 pixel art, minimal style, 3-5 colors, no text, clean pixel edges, simple composition, a symbolic representation of intimidate, simple abstract form"
滅,destroy,destroy,"64x64 pixel art, minimal style, 3-5 colors, no text, clean pixel edges, simple composition, a symbolic representation of destroy, simple abstract form"
減,dwindle,dwindle,"64x64 pixel art, minimal style, 3-5 colors, no text, clean pixel edges, simple composition, a symbolic representation of dwindle, simple abstract form"
蔑,disdain,disdain,"64x64 pixel art, minimal style, 3-5 colors, no text, clean pixel edges, simple composition, a symbolic representation of disdain, simple abstract form"
桟,scaffold,scaffold,"64x64 pixel art, minimal style, 3-5 colors, no text, clean pixel edges, simple composition, a symbolic representation of scaffold, simple abstract form"
銭,coin,coin,"64x64 pixel art, minimal style, 3-5 colors, no text, clean pixel edges, simple composition, a symbolic representation of coin, simple abstract form"
浅,shallow,shallow,"64x64 pixel art, minimal style, 3-5 colors, no text, clean pixel edges, simple composition, a symbolic representation of shallow, simple abstract form"
止,stop,stop,"64x64 pixel art, minimal style, 3-5 colors, no text, clean pixel edges, simple composition, a symbolic representation of stop, simple abstract form"
歩,walk,walk,"64x64 pixel art, minimal style, 3-5 colors, no text, clean pixel edges, simple composition, a symbolic representation of walk, simple abstract form"
渉,ford,ford,"64x64 pixel art, minimal style, 3-5 colors, no text, clean pixel edges, simple composition, a symbolic representation of ford, simple abstract form"
頻,repeatedly,repeatedly,"64x64 pixel art, minimal style, 3-5 colors, no text, clean pixel edges, simple composition, a symbolic representation of repeatedly, simple abstract form"
肯,agreement,agreement,"64x64 pixel art, minimal style, 3-5 colors, no text, clean pixel edges, simple composition, a symbolic representation of agreement, simple abstract form"
企,undertake,undertake,"64x64 pixel art, minimal style, 3-5 colors, no text, clean pixel edges, simple composition, a symbolic representation of undertake, simple abstract form"
歴,curriculum,curriculum,"64x64 pixel art, minimal style, 3-5 colors, no text, clean pixel edges, simple composition, a symbolic representation of curriculum, simple abstract form"
武,warrior,warrior,"64x64 pixel art, minimal style, 3-5 colors, no text, clean pixel edges, simple composition, a symbolic representation of warrior, simple abstract form"
賦,levy,levy,"64x64 pixel art, minimal style, 3-5 colors, no text, clean pixel edges, simple composition, a symbolic representation of levy, simple abstract form"
正,correct,correct,"64x64 pixel art, minimal style, 3-5 colors, no text, clean pixel edges, simple composition, a symbolic representation of correct, simple abstract form"
証,evidence,evidence,"64x64 pixel art, minimal style, 3-5 colors, no text, clean pixel edges, simple composition, a symbolic representation of evidence, simple abstract form"
政,politics,politics,"64x64 pixel art, minimal style, 3-5 colors, no text, clean pixel edges, simple composition, a symbolic representation of politics, simple abstract form"
定,determine,determine,"64x64 pixel art, minimal style, 3-5 colors, no text, clean pixel edges, simple composition, a symbolic representation of determine, simple abstract form"
錠,lock,lock,"64x64 pixel art, minimal style, 3-5 colors, no text, clean pixel edges, simple composition, a symbolic representation of lock, simple abstract form"
走,run,run,"64x64 pixel art, minimal style, 3-5 colors, no text, clean pixel edges, simple composition, a symbolic representation of run, simple abstract form"
超,transcend,transcend,"64x64 pixel art, minimal style, 3-5 colors, no text, clean pixel edges, simple composition, a symbolic representation of transcend, simple abstract form"
赴,proceed,proceed,"64x64 pixel art, minimal style, 3-5 colors, no text, clean pixel edges, simple composition, a symbolic representation of proceed, simple abstract form"
越,surpass,surpass,"64x64 pixel art, minimal style, 3-5 colors, no text, clean pixel edges, simple composition, a symbolic representation of surpass, simple abstract form"
是,just_so,just_so,"64x64 pixel art, minimal style, 3-5 colors, no text, clean pixel edges, simple composition, a symbolic representation of just_so, simple abstract form"
題,topic,topic,"64x64 pixel art, minimal style, 3-5 colors, no text, clean pixel edges, simple composition, a symbolic representation of topic, simple abstract form"
堤,dike,dike,"64x64 pixel art, minimal style, 3-5 colors, no text, clean pixel edges, simple composition, a symbolic representation of dike, simple abstract form"
建,build,build,"64x64 pixel art, minimal style, 3-5 colors, no text, clean pixel edges, simple composition, a symbolic representation of build, simple abstract form"
鍵,key,key,"64x64 pixel art, minimal style, 3-5 colors, no text, clean pixel edges, simple composition, a symbolic representation of key, simple abstract form"
延,prolong,prolong,"64x64 pixel art, minimal style, 3-5 colors, no text, clean pixel edges, simple composition, a symbolic representation of prolong, simple abstract form"
誕,nativity,nativity,"64x64 pixel art, minimal style, 3-5 colors, no text, clean pixel edges, simple composition, a symbolic representation of nativity, simple abstract form"
礎,cornerstone,cornerstone,"64x64 pixel art, minimal style, 3-5 colors, no text, clean pixel edges, simple composition, a symbolic representation of cornerstone, simple abstract form"
婿,bridegroom,bridegroom,"64x64 pixel art, minimal style, 3-5 colors, no text, clean pixel edges, simple composition, a symbolic representation of bridegroom, simple abstract form"
衣,garment,garment,"64x64 pixel art, minimal style, 3-5 colors, no text, clean pixel edges, simple composition, a symbolic representation of garment, simple abstract form"
裁,judge,judge,"64x64 pixel art, minimal style, 3-5 colors, no text, clean pixel edges, simple composition, a symbolic representation of judge, simple abstract form"
装,attire,attire,"64x64 pixel art, minimal style, 3-5 colors, no text, clean pixel edges, simple composition, a symbolic representation of attire, simple abstract form"
裏,reverse_side,reverse_side,"64x64 pixel art, minimal style, 3-5 colors, no text, clean pixel edges, simple composition, a symbolic representation of reverse_side, simple abstract form"
壊,demolition,demolition,"64x64 pixel art, minimal style, 3-5 colors, no text, clean pixel edges, simple composition, a symbolic representation of demolition, simple abstract form"
哀,pathetic,pathetic,"64x64 pixel art, minimal style, 3-5 colors, no text, clean pixel edges, simple composition, a symbolic representation of pathetic, simple abstract form"
遠,far,far,"64x64 pixel art, minimal style, 3-5 colors, no text, clean pixel edges, simple composition, a symbolic representation of far, simple abstract form"
猿,monkey,monkey,"64x64 pixel art, minimal style, 3-5 colors, no text, clean pixel edges, simple composition, a symbolic representation of monkey, simple abstract form"
初,first_time,first_time,"64x64 pixel art, minimal style, 3-5 colors, no text, clean pixel edges, simple composition, a symbolic representation of first_time, simple abstract form"
巾,towel,towel,"64x64 pixel art, minimal style, 3-5 colors, no text, clean pixel edges, simple composition, a symbolic representation of towel, simple abstract form"
布,linen,linen,"64x64 pixel art, minimal style, 3-5 colors, no text, clean pixel edges, simple composition, a symbolic representation of linen, simple abstract form"
帆,sail,sail,"64x64 pixel art, minimal style, 3-5 colors, no text, clean pixel edges, simple composition, a symbolic representation of sail, simple abstract form"
幅,breadth,breadth,"64x64 pixel art, minimal style, 3-5 colors, no text, clean pixel edges, simple composition, a symbolic representation of breadth, simple abstract form"
帽,cap,cap,"64x64 pixel art, minimal style, 3-5 colors, no text, clean pixel edges, simple composition, a symbolic representation of cap, simple abstract form"
幕,curtain,curtain,"64x64 pixel art, minimal style, 3-5 colors, no text, clean pixel edges, simple composition, a symbolic representation of curtain, simple abstract form"
幌,canopy,canopy,"64x64 pixel art, minimal style, 3-5 colors, no text, clean pixel edges, simple composition, a symbolic representation of canopy, simple abstract form"
錦,brocade,brocade,"64x64 pixel art, minimal style, 3-5 colors, no text, clean pixel edges, simple composition, a symbolic representation of brocade, simple abstract form"
市,market,market,"64x64 pixel art, minimal style, 3-5 colors, no text, clean pixel edges, simple composition, a symbolic representation of market, simple abstract form"
柿,persimmon,persimmon,"64x64 pixel art, minimal style, 3-5 colors, no text, clean pixel edges, simple composition, a symbolic representation of persimmon, simple abstract form"
姉,older_sister,older_sister,"64x64 pixel art, minimal style, 3-5 colors, no text, clean pixel edges, simple composition, a symbolic representation of older_sister, simple abstract form"
肺,lungs,lungs,"64x64 pixel art, minimal style, 3-5 colors, no text, clean pixel edges, simple composition, a symbolic representation of lungs, simple abstract form"
帯,sash,sash,"64x64 pixel art, minimal style, 3-5 colors, no text, clean pixel edges, simple composition, a symbolic representation of sash, simple abstract form"
滞,stagnate,stagnate,"64x64 pixel art, minimal style, 3-5 colors, no text, clean pixel edges, simple composition, a symbolic representation of stagnate, simple abstract form"
刺,thorn,thorn,"64x64 pixel art, minimal style, 3-5 colors, no text, clean pixel edges, simple composition, a symbolic representation of thorn, simple abstract form"
制,control,control,"64x64 pixel art, minimal style, 3-5 colors, no text, clean pixel edges, simple composition, a symbolic representation of control, simple abstract form"
製,made_in,made_in,"64x64 pixel art, minimal style, 3-5 colors, no text, clean pixel edges, simple composition, a symbolic representation of made_in, simple abstract form"
転,revolve,revolve,"64x64 pixel art, minimal style, 3-5 colors, no text, clean pixel edges, simple composition, a symbolic representation of revolve, simple abstract form"
芸,art,art,"64x64 pixel art, minimal style, 3-5 colors, no text, clean pixel edges, simple composition, a symbolic representation of art, simple abstract form"
雨,rain,rain,"64x64 pixel art, minimal style, 3-5 colors, no text, clean pixel edges, simple composition, a symbolic representation of rain, simple abstract form"
雲,cloud,cloud,"64x64 pixel art, minimal style, 3-5 colors, no text, clean pixel edges, simple composition, a symbolic representation of cloud, simple abstract form"
曇,cloudy_weather,cloudy_weather,"64x64 pixel art, minimal style, 3-5 colors, no text, clean pixel edges, simple composition, a symbolic representation of cloudy_weather, simple abstract form"
雷,thunder,thunder,"64x64 pixel art, minimal style, 3-5 colors, no text, clean pixel edges, simple composition, a symbolic representation of thunder, simple abstract form"
霜,frost,frost,"64x64 pixel art, minimal style, 3-5 colors, no text, clean pixel edges, simple composition, a symbolic representation of frost, simple abstract form"
冬,winter,winter,"64x64 pixel art, minimal style, 3-5 colors, no text, clean pixel edges, simple composition, a symbolic representation of winter, simple abstract form"
天,heaven,heaven,"64x64 pixel art, minimal style, 3-5 colors, no text, clean pixel edges, simple composition, a symbolic representation of heaven, simple abstract form"
妖,bewitched,bewitched,"64x64 pixel art, minimal style, 3-5 colors, no text, clean pixel edges, simple composition, a symbolic representation of bewitched, simple abstract form"
沃,fertile,fertile,"64x64 pixel art, minimal style, 3-5 colors, no text, clean pixel edges, simple composition, a symbolic representation of fertile, simple abstract form"
橋,bridge,bridge,"64x64 pixel art, minimal style, 3-5 colors, no text, clean pixel edges, simple composition, a symbolic representation of bridge, simple abstract form"
嬌,attractive,attractive,"64x64 pixel art, minimal style, 3-5 colors, no text, clean pixel edges, simple composition, a symbolic representation of attractive, simple abstract form"
立,stand_up,stand_up,"64x64 pixel art, minimal style, 3-5 colors, no text, clean pixel edges, simple composition, a symbolic representation of stand_up, simple abstract form"
泣,cry,cry,"64x64 pixel art, minimal style, 3-5 colors, no text, clean pixel edges, simple composition, a symbolic representation of cry, simple abstract form"
章,chapter,chapter,"64x64 pixel art, minimal style, 3-5 colors, no text, clean pixel edges, simple composition, a symbolic representation of chapter, simple abstract form"
競,compete,compete,"64x64 pixel art, minimal style, 3-5 colors, no text, clean pixel edges, simple composition, a symbolic representation of compete, simple abstract form"
帝,sovereign,sovereign,"64x64 pixel art, minimal style, 3-5 colors, no text, clean pixel edges, simple composition, a symbolic representation of sovereign, simple abstract form"
諦,renunciation,renunciation,"64x64 pixel art, minimal style, 3-5 colors, no text, clean pixel edges, simple composition, a symbolic representation of renunciation, simple abstract form"
童,juvenile,juvenile,"64x64 pixel art, minimal style, 3-5 colors, no text, clean pixel edges, simple composition, a symbolic representation of juvenile, simple abstract form"
瞳,pupil,pupil,"64x64 pixel art, minimal style, 3-5 colors, no text, clean pixel edges, simple composition, a symbolic representation of pupil, simple abstract form"
鐘,bell,bell,"64x64 pixel art, minimal style, 3-5 colors, no text, clean pixel edges, simple composition, a symbolic representation of bell, simple abstract form"
商,deal,deal,"64x64 pixel art, minimal style, 3-5 colors, no text, clean pixel edges, simple composition, a symbolic representation of deal, simple abstract form"
嫡,legitimate_wife,legitimate_wife,"64x64 pixel art, minimal style, 3-5 colors, no text, clean pixel edges, simple composition, a symbolic representation of legitimate_wife, simple abstract form"
適,suitable,suitable,"64x64 pixel art, minimal style, 3-5 colors, no text, clean pixel edges, simple composition, a symbolic representation of suitable, simple abstract form"
滴,drip,drip,"64x64 pixel art, minimal style, 3-5 colors, no text, clean pixel edges, simple composition, a symbolic representation of drip, simple abstract form"
敵,enemy,enemy,"64x64 pixel art, minimal style, 3-5 colors, no text, clean pixel edges, simple composition, a symbolic representation of enemy, simple abstract form"
匕,spoon,spoon,"64x64 pixel art, minimal style, 3-5 colors, no text, clean pixel edges, simple composition, a symbolic representation of spoon, simple abstract form"
叱,scold,scold,"64x64 pixel art, minimal style, 3-5 colors, no text, clean pixel edges, simple composition, a symbolic representation of scold, simple abstract form"
匂,scent,scent,"64x64 pixel art, minimal style, 3-5 colors, no text, clean pixel edges, simple composition, a symbolic representation of scent, simple abstract form"
頃,about_that_time,about_that_time,"64x64 pixel art, minimal style, 3-5 colors, no text, clean pixel edges, simple composition, a symbolic representation of about_that_time, simple abstract form"
北,north,north,"64x64 pixel art, minimal style, 3-5 colors, no text, clean pixel edges, simple composition, a symbolic representation of north, simple abstract form"
背,back,back,"64x64 pixel art, minimal style, 3-5 colors, no text, clean pixel edges, simple composition, a symbolic representation of back, simple abstract form"
比,compare,compare,"64x64 pixel art, minimal style, 3-5 colors, no text, clean pixel edges, simple composition, a symbolic representation of compare, simple abstract form"
昆,descendants,descendants,"64x64 pixel art, minimal style, 3-5 colors, no text, clean pixel edges, simple composition, a symbolic representation of descendants, simple abstract form"
皆,everyone,everyone,"64x64 pixel art, minimal style, 3-5 colors, no text, clean pixel edges, simple composition, a symbolic representation of everyone, simple abstract form"
楷,block_letters,block_letters,"64x64 pixel art, minimal style, 3-5 colors, no text, clean pixel edges, simple composition, a symbolic representation of block_letters, simple abstract form"
諧,orderliness,orderliness,"64x64 pixel art, minimal style, 3-5 colors, no text, clean pixel edges, simple composition, a symbolic representation of orderliness, simple abstract form"
混,mix,mix,"64x64 pixel art, minimal style, 3-5 colors, no text, clean pixel edges, simple composition, a symbolic representation of mix, simple abstract form"
渇,thirst,thirst,"64x64 pixel art, minimal style, 3-5 colors, no text, clean pixel edges, simple composition, a symbolic representation of thirst, simple abstract form"
謁,audience,audience,"64x64 pixel art, minimal style, 3-5 colors, no text, clean pixel edges, simple composition, a symbolic representation of audience, simple abstract form"
褐,brown,brown,"64x64 pixel art, minimal style, 3-5 colors, no text, clean pixel edges, simple composition, a symbolic representation of brown, simple abstract form"
喝,hoarse,hoarse,"64x64 pixel art, minimal style, 3-5 colors, no text, clean pixel edges, simple composition, a symbolic representation of hoarse, simple abstract form"
葛,kudzu,kudzu,"64x64 pixel art, minimal style, 3-5 colors, no text, clean pixel edges, simple composition, a symbolic representation of kudzu, simple abstract form"
旨,delicious,delicious,"64x64 pixel art, minimal style, 3-5 colors, no text, clean pixel edges, simple composition, a symbolic representation of delicious, simple abstract form"
脂,fat,fat,"64x64 pixel art, minimal style, 3-5 colors, no text, clean pixel edges, simple composition, a symbolic representation of fat, simple abstract form"
詣,visit_shrine,visit_shrine,"64x64 pixel art, minimal style, 3-5 colors, no text, clean pixel edges, simple composition, a symbolic representation of visit_shrine, simple abstract form"
壱,formal_one,formal_one,"64x64 pixel art, minimal style, 3-5 colors, no text, clean pixel edges, simple composition, a symbolic representation of formal_one, simple abstract form"
毎,every,every,"64x64 pixel art, minimal style, 3-5 colors, no text, clean pixel edges, simple composition, a symbolic representation of every, simple abstract form"
敏,cleverness,cleverness,"64x64 pixel art, minimal style, 3-5 colors, no text, clean pixel edges, simple composition, a symbolic representation of cleverness, simple abstract form"
梅,ume,ume,"64x64 pixel art, minimal style, 3-5 colors, no text, clean pixel edges, simple composition, a symbolic representation of ume, simple abstract form"
海,sea,sea,"64x64 pixel art, minimal style, 3-5 colors, no text, clean pixel edges, simple composition, a symbolic representation of sea, simple abstract form"
乞,beg,beg,"64x64 pixel art, minimal style, 3-5 colors, no text, clean pixel edges, simple composition, a symbolic representation of beg, simple abstract form"
乾,drought,drought,"64x64 pixel art, minimal style, 3-5 colors, no text, clean pixel edges, simple composition, a symbolic representation of drought, simple abstract form"
腹,abdomen,abdomen,"64x64 pixel art, minimal style, 3-5 colors, no text, clean pixel edges, simple composition, a symbolic representation of abdomen, simple abstract form"
複,duplicate,duplicate,"64x64 pixel art, minimal style, 3-5 colors, no text, clean pixel edges, simple composition, a symbolic representation of duplicate, simple abstract form"
欠,lack,lack,"64x64 pixel art, minimal style, 3-5 colors, no text, clean pixel edges, simple composition, a symbolic representation of lack, simple abstract form"
吹,blow,blow,"64x64 pixel art, minimal style, 3-5 colors, no text, clean pixel edges, simple composition, a symbolic representation of blow, simple abstract form"
炊,cook,cook,"64x64 pixel art, minimal style, 3-5 colors, no text, clean pixel edges, simple composition, a symbolic representation of cook, simple abstract form"
歌,song,song,"64x64 pixel art, minimal style, 3-5 colors, no text, clean pixel edges, simple composition, a symbolic representation of song, simple abstract form"
軟,soft,soft,"64x64 pixel art, minimal style, 3-5 colors, no text, clean pixel edges, simple composition, a symbolic representation of soft, simple abstract form"
次,next,next,"64x64 pixel art, minimal style, 3-5 colors, no text, clean pixel edges, simple composition, a symbolic representation of next, simple abstract form"
茨,briar,briar,"64x64 pixel art, minimal style, 3-5 colors, no text, clean pixel edges, simple composition, a symbolic representation of briar, simple abstract form"
資,assets,assets,"64x64 pixel art, minimal style, 3-5 colors, no text, clean pixel edges, simple composition, a symbolic representation of assets, simple abstract form"
姿,figure,figure,"64x64 pixel art, minimal style, 3-5 colors, no text, clean pixel edges, simple composition, a symbolic representation of figure, simple abstract form"
諮,consult_with,consult_with,"64x64 pixel art, minimal style, 3-5 colors, no text, clean pixel edges, simple composition, a symbolic representation of consult_with, simple abstract form"
賠,compensation,compensation,"64x64 pixel art, minimal style, 3-5 colors, no text, clean pixel edges, simple composition, a symbolic representation of compensation, simple abstract form"
培,cultivate,cultivate,"64x64 pixel art, minimal style, 3-5 colors, no text, clean pixel edges, simple composition, a symbolic representation of cultivate, simple abstract form"
剖,divide,divide,"64x64 pixel art, minimal style, 3-5 colors, no text, clean pixel edges, simple composition, a symbolic representation of divide, simple abstract form"
音,sound,sound,"64x64 pixel art, minimal style, 3-5 colors, no text, clean pixel edges, simple composition, a symbolic representation of sound, simple abstract form"
暗,darkness,darkness,"64x64 pixel art, minimal style, 3-5 colors, no text, clean pixel edges, simple composition, a symbolic representation of darkness, simple abstract form"
韻,rhyme,rhyme,"64x64 pixel art, minimal style, 3-5 colors, no text, clean pixel edges, simple composition, a symbolic representation of rhyme, simple abstract form"
識,discriminating,discriminating,"64x64 pixel art, minimal style, 3-5 colors, no text, clean pixel edges, simple composition, a symbolic representation of discriminating, simple abstract form"
鏡,mirror,mirror,"64x64 pixel art, minimal style, 3-5 colors, no text, clean pixel edges, simple composition, a symbolic representation of mirror, simple abstract form"
境,boundary,boundary,"64x64 pixel art, minimal style, 3-5 colors, no text, clean pixel edges, simple composition, a symbolic representation of boundary, simple abstract form"
亡,deceased,deceased,"64x64 pixel art, minimal style, 3-5 colors, no text, clean pixel edges, simple composition, a symbolic representation of deceased, simple abstract form"
盲,blind,blind,"64x64 pixel art, minimal style, 3-5 colors, no text, clean pixel edges, simple composition, a symbolic representation of blind, simple abstract form"
妄,delusion,delusion,"64x64 pixel art, minimal style, 3-5 colors, no text, clean pixel edges, simple composition, a symbolic representation of delusion, simple abstract form"
荒,laid_waste,laid_waste,"64x64 pixel art, minimal style, 3-5 colors, no text, clean pixel edges, simple composition, a symbolic representation of laid_waste, simple abstract form"
望,ambition,ambition,"64x64 pixel art, minimal style, 3-5 colors, no text, clean pixel edges, simple composition, a symbolic representation of ambition, simple abstract form"
方,direction,direction,"64x64 pixel art, minimal style, 3-5 colors, no text, clean pixel edges, simple composition, a symbolic representation of direction, simple abstract form"
妨,disturb,disturb,"64x64 pixel art, minimal style, 3-5 colors, no text, clean pixel edges, simple composition, a symbolic representation of disturb, simple abstract form"
坊,boy,boy,"64x64 pixel art, minimal style, 3-5 colors, no text, clean pixel edges, simple composition, a symbolic representation of boy, simple abstract form"
芳,perfume,perfume,"64x64 pixel art, minimal style, 3-5 colors, no text, clean pixel edges, simple composition, a symbolic representation of perfume, simple abstract form"
肪,obese,obese,"64x64 pixel art, minimal style, 3-5 colors, no text, clean pixel edges, simple composition, a symbolic representation of obese, simple abstract form"
訪,call_on,call_on,"64x64 pixel art, minimal style, 3-5 colors, no text, clean pixel edges, simple composition, a symbolic representation of call_on, simple abstract form"
放,release,release,"64x64 pixel art, minimal style, 3-5 colors, no text, clean pixel edges, simple composition, a symbolic representation of release, simple abstract form"
激,violent,violent,"64x64 pixel art, minimal style, 3-5 colors, no text, clean pixel edges, simple composition, a symbolic representation of violent, simple abstract form"
脱,undress,undress,"64x64 pixel art, minimal style, 3-5 colors, no text, clean pixel edges, simple composition, a symbolic representation of undress, simple abstract form"
説,theory,theory,"64x64 pixel art, minimal style, 3-5 colors, no text, clean pixel edges, simple composition, a symbolic representation of theory, simple abstract form"
鋭,pointed,pointed,"64x64 pixel art, minimal style, 3-5 colors, no text, clean pixel edges, simple composition, a symbolic representation of pointed, simple abstract form"
曽,formerly,formerly,"64x64 pixel art, minimal style, 3-5 colors, no text, clean pixel edges, simple composition, a symbolic representation of formerly, simple abstract form"
増,increase,increase,"64x64 pixel art, minimal style, 3-5 colors, no text, clean pixel edges, simple composition, a symbolic representation of increase, simple abstract form"
贈,presents,presents,"64x64 pixel art, minimal style, 3-5 colors, no text, clean pixel edges, simple composition, a symbolic representation of presents, simple abstract form"
東,east,east,"64x64 pixel art, minimal style, 3-5 colors, no text, clean pixel edges, simple composition, a symbolic representation of east, simple abstract form"
棟,ridgepole,ridgepole,"64x64 pixel art, minimal style, 3-5 colors, no text, clean pixel edges, simple composition, a symbolic representation of ridgepole, simple abstract form"
凍,frozen,frozen,"64x64 pixel art, minimal style, 3-5 colors, no text, clean pixel edges, simple composition, a symbolic representation of frozen, simple abstract form"
妊,pregnancy,pregnancy,"64x64 pixel art, minimal style, 3-5 colors, no text, clean pixel edges, simple composition, a symbolic representation of pregnancy, simple abstract form"
廷,courts,courts,"64x64 pixel art, minimal style, 3-5 colors, no text, clean pixel edges, simple composition, a symbolic representation of courts, simple abstract form"
染,dye,dye,"64x64 pixel art, minimal style, 3-5 colors, no text, clean pixel edges, simple composition, a symbolic representation of dye, simple abstract form"
燃,burn,burn,"64x64 pixel art, minimal style, 3-5 colors, no text, clean pixel edges, simple composition, a symbolic representation of burn, simple abstract form"
賓,vip,vip,"64x64 pixel art, minimal style, 3-5 colors, no text, clean pixel edges, simple composition, a symbolic representation of vip, simple abstract form"
歳,year_end,year_end,"64x64 pixel art, minimal style, 3-5 colors, no text, clean pixel edges, simple composition, a symbolic representation of year_end, simple abstract form"
県,prefecture,prefecture,"64x64 pixel art, minimal style, 3-5 colors, no text, clean pixel edges, simple composition, a symbolic representation of prefecture, simple abstract form"
栃,horse_chestnut,horse_chestnut,"64x64 pixel art, minimal style, 3-5 colors, no text, clean pixel edges, simple composition, a symbolic representation of horse_chestnut, simple abstract form"
地,ground,ground,"64x64 pixel art, minimal style, 3-5 colors, no text, clean pixel edges, simple composition, a symbolic representation of ground, simple abstract form"
池,pond,pond,"64x64 pixel art, minimal style, 3-5 colors, no text, clean pixel edges, simple composition, a symbolic representation of pond, simple abstract form"
虫,insect,insect,"64x64 pixel art, minimal style, 3-5 colors, no text, clean pixel edges, simple composition, a symbolic representation of insect, simple abstract form"
蛍,lightning_bug,lightning_bug,"64x64 pixel art, minimal style, 3-5 colors, no text, clean pixel edges, simple composition, a symbolic representation of lightning_bug, simple abstract form"
蛇,snake,snake,"64x64 pixel art, minimal style, 3-5 colors, no text, clean pixel edges, simple composition, a symbolic representation of snake, simple abstract form"
虹,rainbow,rainbow,"64x64 pixel art, minimal style, 3-5 colors, no text, clean pixel edges, simple composition, a symbolic representation of rainbow, simple abstract form"
蝶,butterfly,butterfly,"64x64 pixel art, minimal style, 3-5 colors, no text, clean pixel edges, simple composition, a symbolic representation of butterfly, simple abstract form"
独,alone,alone,"64x64 pixel art, minimal style, 3-5 colors, no text, clean pixel edges, simple composition, a symbolic representation of alone, simple abstract form"
蚕,silkworm,silkworm,"64x64 pixel art, minimal style, 3-5 colors, no text, clean pixel edges, simple composition, a symbolic representation of silkworm, simple abstract form"
風,wind,wind,"64x64 pixel art, minimal style, 3-5 colors, no text, clean pixel edges, simple composition, a symbolic representation of wind, simple abstract form"
己,self,self,"64x64 pixel art, minimal style, 3-5 colors, no text, clean pixel edges, simple composition, a symbolic representation of self, simple abstract form"
起,wake_up,wake_up,"64x64 pixel art, minimal style, 3-5 colors, no text, clean pixel edges, simple composition, a symbolic representation of wake_up, simple abstract form"
妃,queen,queen,"64x64 pixel art, minimal style, 3-5 colors, no text, clean pixel edges, simple composition, a symbolic representation of queen, simple abstract form"
改,reformation,reformation,"64x64 pixel art, minimal style, 3-5 colors, no text, clean pixel edges, simple composition, a symbolic representation of reformation, simple abstract form"
記,scribe,scribe,"64x64 pixel art, minimal style, 3-5 colors, no text, clean pixel edges, simple composition, a symbolic representation of scribe, simple abstract form"
包,wrap,wrap,"64x64 pixel art, minimal style, 3-5 colors, no text, clean pixel edges, simple composition, a symbolic representation of wrap, simple abstract form"
胞,placenta,placenta,"64x64 pixel art, minimal style, 3-5 colors, no text, clean pixel edges, simple composition, a symbolic representation of placenta, simple abstract form"
砲,cannon,cannon,"64x64 pixel art, minimal style, 3-5 colors, no text, clean pixel edges, simple composition, a symbolic representation of cannon, simple abstract form"
泡,bubbles,bubbles,"64x64 pixel art, minimal style, 3-5 colors, no text, clean pixel edges, simple composition, a symbolic representation of bubbles, simple abstract form"
亀,turtle,turtle,"64x64 pixel art, minimal style, 3-5 colors, no text, clean pixel edges, simple composition, a symbolic representation of turtle, simple abstract form"
電,electricity,electricity,"64x64 pixel art, minimal style, 3-5 colors, no text, clean pixel edges, simple composition, a symbolic representation of electricity, simple abstract form"
竜,dragon,dragon,"64x64 pixel art, minimal style, 3-5 colors, no text, clean pixel edges, simple composition, a symbolic representation of dragon, simple abstract form"
滝,waterfall,waterfall,"64x64 pixel art, minimal style, 3-5 colors, no text, clean pixel edges, simple composition, a symbolic representation of waterfall, simple abstract form"
豚,pork,pork,"64x64 pixel art, minimal style, 3-5 colors, no text, clean pixel edges, simple composition, a symbolic representation of pork, simple abstract form"
逐,pursue,pursue,"64x64 pixel art, minimal style, 3-5 colors, no text, clean pixel edges, simple composition, a symbolic representation of pursue, simple abstract form"
遂,consummate,consummate,"64x64 pixel art, minimal style, 3-5 colors, no text, clean pixel edges, simple composition, a symbolic representation of consummate, simple abstract form"
家,house,house,"64x64 pixel art, minimal style, 3-5 colors, no text, clean pixel edges, simple composition, a symbolic representation of house, simple abstract form"
嫁,marry_into,marry_into,"64x64 pixel art, minimal style, 3-5 colors, no text, clean pixel edges, simple composition, a symbolic representation of marry_into, simple abstract form"
豪,overpowering,overpowering,"64x64 pixel art, minimal style, 3-5 colors, no text, clean pixel edges, simple composition, a symbolic representation of overpowering, simple abstract form"
腸,intestines,intestines,"64x64 pixel art, minimal style, 3-5 colors, no text, clean pixel edges, simple composition, a symbolic representation of intestines, simple abstract form"
場,location,location,"64x64 pixel art, minimal style, 3-5 colors, no text, clean pixel edges, simple composition, a symbolic representation of location, simple abstract form"
湯,hot_water,hot_water,"64x64 pixel art, minimal style, 3-5 colors, no text, clean pixel edges, simple composition, a symbolic representation of hot_water, simple abstract form"
羊,sheep,sheep,"64x64 pixel art, minimal style, 3-5 colors, no text, clean pixel edges, simple composition, a symbolic representation of sheep, simple abstract form"
美,beauty,beauty,"64x64 pixel art, minimal style, 3-5 colors, no text, clean pixel edges, simple composition, a symbolic representation of beauty, simple abstract form"
洋,ocean,ocean,"64x64 pixel art, minimal style, 3-5 colors, no text, clean pixel edges, simple composition, a symbolic representation of ocean, simple abstract form"
詳,detailed,detailed,"64x64 pixel art, minimal style, 3-5 colors, no text, clean pixel edges, simple composition, a symbolic representation of detailed, simple abstract form"
鮮,fresh,fresh,"64x64 pixel art, minimal style, 3-5 colors, no text, clean pixel edges, simple composition, a symbolic representation of fresh, simple abstract form"
達,attain,attain,"64x64 pixel art, minimal style, 3-5 colors, no text, clean pixel edges, simple composition, a symbolic representation of attain, simple abstract form"
羨,envious,envious,"64x64 pixel art, minimal style, 3-5 colors, no text, clean pixel edges, simple composition, a symbolic representation of envious, simple abstract form"
差,distinction,distinction,"64x64 pixel art, minimal style, 3-5 colors, no text, clean pixel edges, simple composition, a symbolic representation of distinction, simple abstract form"
着,wear,wear,"64x64 pixel art, minimal style, 3-5 colors, no text, clean pixel edges, simple composition, a symbolic representation of wear, simple abstract form"
唯,solely,solely,"64x64 pixel art, minimal style, 3-5 colors, no text, clean pixel edges, simple composition, a symbolic representation of solely, simple abstract form"
堆,piled_high,piled_high,"64x64 pixel art, minimal style, 3-5 colors, no text, clean pixel edges, simple composition, a symbolic representation of piled_high, simple abstract form"
椎,sweet_oak,sweet_oak,"64x64 pixel art, minimal style, 3-5 colors, no text, clean pixel edges, simple composition, a symbolic representation of sweet_oak, simple abstract form"
誰,who,who,"64x64 pixel art, minimal style, 3-5 colors, no text, clean pixel edges, simple composition, a symbolic representation of who, simple abstract form"
焦,char,char,"64x64 pixel art, minimal style, 3-5 colors, no text, clean pixel edges, simple composition, a symbolic representation of char, simple abstract form"
礁,reef,reef,"64x64 pixel art, minimal style, 3-5 colors, no text, clean pixel edges, simple composition, a symbolic representation of reef, simple abstract form"
集,gather,gather,"64x64 pixel art, minimal style, 3-5 colors, no text, clean pixel edges, simple composition, a symbolic representation of gather, simple abstract form"
准,quasi,quasi,"64x64 pixel art, minimal style, 3-5 colors, no text, clean pixel edges, simple composition, a symbolic representation of quasi, simple abstract form"
進,advance,advance,"64x64 pixel art, minimal style, 3-5 colors, no text, clean pixel edges, simple composition, a symbolic representation of advance, simple abstract form"
雑,miscellaneous,miscellaneous,"64x64 pixel art, minimal style, 3-5 colors, no text, clean pixel edges, simple composition, a symbolic representation of miscellaneous, simple abstract form"
雌,female,female,"64x64 pixel art, minimal style, 3-5 colors, no text, clean pixel edges, simple composition, a symbolic representation of female, simple abstract form"
準,conform,conform,"64x64 pixel art, minimal style, 3-5 colors, no text, clean pixel edges, simple composition, a symbolic representation of conform, simple abstract form"
奮,stirred_up,stirred_up,"64x64 pixel art, minimal style, 3-5 colors, no text, clean pixel edges, simple composition, a symbolic representation of stirred_up, simple abstract form"
奪,rob,rob,"64x64 pixel art, minimal style, 3-5 colors, no text, clean pixel edges, simple composition, a symbolic representation of rob, simple abstract form"
確,assurance,assurance,"64x64 pixel art, minimal style, 3-5 colors, no text, clean pixel edges, simple composition, a symbolic representation of assurance, simple abstract form"
午,noon,noon,"64x64 pixel art, minimal style, 3-5 colors, no text, clean pixel edges, simple composition, a symbolic representation of noon, simple abstract form"
許,permit,permit,"64x64 pixel art, minimal style, 3-5 colors, no text, clean pixel edges, simple composition, a symbolic representation of permit, simple abstract form"
歓,delight,delight,"64x64 pixel art, minimal style, 3-5 colors, no text, clean pixel edges, simple composition, a symbolic representation of delight, simple abstract form"
権,rights,rights,"64x64 pixel art, minimal style, 3-5 colors, no text, clean pixel edges, simple composition, a symbolic representation of rights, simple abstract form"
観,observe,observe,"64x64 pixel art, minimal style, 3-5 colors, no text, clean pixel edges, simple composition, a symbolic representation of observe, simple abstract form"
羽,feathers,feathers,"64x64 pixel art, minimal style, 3-5 colors, no text, clean pixel edges, simple composition, a symbolic representation of feathers, simple abstract form"
習,learn,learn,"64x64 pixel art, minimal style, 3-5 colors, no text, clean pixel edges, simple composition, a symbolic representation of learn, simple abstract form"
翌,following_day,following_day,"64x64 pixel art, minimal style, 3-5 colors, no text, clean pixel edges, simple composition, a symbolic representation of following_day, simple abstract form"
曜,weekday,weekday,"64x64 pixel art, minimal style, 3-5 colors, no text, clean pixel edges, simple composition, a symbolic representation of weekday, simple abstract form"
濯,laundry,laundry,"64x64 pixel art, minimal style, 3-5 colors, no text, clean pixel edges, simple composition, a symbolic representation of laundry, simple abstract form"
曰,sayeth,sayeth,"64x64 pixel art, minimal style, 3-5 colors, no text, clean pixel edges, simple composition, a symbolic representation of sayeth, simple abstract form"
困,quandary,quandary,"64x64 pixel art, minimal style, 3-5 colors, no text, clean pixel edges, simple composition, a symbolic representation of quandary, simple abstract form"
固,hard,hard,"64x64 pixel art, minimal style, 3-5 colors, no text, clean pixel edges, simple composition, a symbolic representation of hard, simple abstract form"
錮,weld,weld,"64x64 pixel art, minimal style, 3-5 colors, no text, clean pixel edges, simple composition, a symbolic representation of weld, simple abstract form"
国,country,country,"64x64 pixel art, minimal style, 3-5 colors, no text, clean pixel edges, simple composition, a symbolic representation of country, simple abstract form"
団,group,group,"64x64 pixel art, minimal style, 3-5 colors, no text, clean pixel edges, simple composition, a symbolic representation of group, simple abstract form"
因,reason,reason,"64x64 pixel art, minimal style, 3-5 colors, no text, clean pixel edges, simple composition, a symbolic representation of reason, simple abstract form"
姻,matrimony,matrimony,"64x64 pixel art, minimal style, 3-5 colors, no text, clean pixel edges, simple composition, a symbolic representation of matrimony, simple abstract form"
咽,gullet,gullet,"64x64 pixel art, minimal style, 3-5 colors, no text, clean pixel edges, simple composition, a symbolic representation of gullet, simple abstract form"
園,garden,garden,"64x64 pixel art, minimal style, 3-5 colors, no text, clean pixel edges, simple composition, a symbolic representation of garden, simple abstract form"
回,occurrences,occurrences,"64x64 pixel art, minimal style, 3-5 colors, no text, clean pixel edges, simple composition, a symbolic representation of occurrences, simple abstract form"
壇,podium,podium,"64x64 pixel art, minimal style, 3-5 colors, no text, clean pixel edges, simple composition, a symbolic representation of podium, simple abstract form"
店,store,store,"64x64 pixel art, minimal style, 3-5 colors, no text, clean pixel edges, simple composition, a symbolic representation of store, simple abstract form"
庫,storage,storage,"64x64 pixel art, minimal style, 3-5 colors, no text, clean pixel edges, simple composition, a symbolic representation of storage, simple abstract form"
庭,courtyard,courtyard,"64x64 pixel art, minimal style, 3-5 colors, no text, clean pixel edges, simple composition, a symbolic representation of courtyard, simple abstract form"
庁,government_office,government_office,"64x64 pixel art, minimal style, 3-5 colors, no text, clean pixel edges, simple composition, a symbolic representation of government_office, simple abstract form"
床,bed,bed,"64x64 pixel art, minimal style, 3-5 colors, no text, clean pixel edges, simple composition, a symbolic representation of bed, simple abstract form"
麻,hemp,hemp,"64x64 pixel art, minimal style, 3-5 colors, no text, clean pixel edges, simple composition, a symbolic representation of hemp, simple abstract form"
磨,grind,grind,"64x64 pixel art, minimal style, 3-5 colors, no text, clean pixel edges, simple composition, a symbolic representation of grind, simple abstract form"
心,heart,heart,"64x64 pixel art, minimal style, 3-5 colors, no text, clean pixel edges, simple composition, a symbolic representation of heart, simple abstract form"
忘,forget,forget,"64x64 pixel art, minimal style, 3-5 colors, no text, clean pixel edges, simple composition, a symbolic representation of forget, simple abstract form"
恣,selfish,selfish,"64x64 pixel art, minimal style, 3-5 colors, no text, clean pixel edges, simple composition, a symbolic representation of selfish, simple abstract form"
忍,endure_silently,endure_silently,"64x64 pixel art, minimal style, 3-5 colors, no text, clean pixel edges, simple composition, a symbolic representation of endure_silently, simple abstract form"
認,acknowledge,acknowledge,"64x64 pixel art, minimal style, 3-5 colors, no text, clean pixel edges, simple composition, a symbolic representation of acknowledge, simple abstract form"
忌,mourning,mourning,"64x64 pixel art, minimal style, 3-5 colors, no text, clean pixel edges, simple composition, a symbolic representation of mourning, simple abstract form"
志,intention,intention,"64x64 pixel art, minimal style, 3-5 colors, no text, clean pixel edges, simple composition, a symbolic representation of intention, simple abstract form"
誌,document,document,"64x64 pixel art, minimal style, 3-5 colors, no text, clean pixel edges, simple composition, a symbolic representation of document, simple abstract form"
芯,core,core,"64x64 pixel art, minimal style, 3-5 colors, no text, clean pixel edges, simple composition, a symbolic representation of core, simple abstract form"
忠,loyalty,loyalty,"64x64 pixel art, minimal style, 3-5 colors, no text, clean pixel edges, simple composition, a symbolic representation of loyalty, simple abstract form"
串,skewer,skewer,"64x64 pixel art, minimal style, 3-5 colors, no text, clean pixel edges, simple composition, a symbolic representation of skewer, simple abstract form"
患,afflicted,afflicted,"64x64 pixel art, minimal style, 3-5 colors, no text, clean pixel edges, simple composition, a symbolic representation of afflicted, simple abstract form"
思,think,think,"64x64 pixel art, minimal style, 3-5 colors, no text, clean pixel edges, simple composition, a symbolic representation of think, simple abstract form"
恩,grace,grace,"64x64 pixel art, minimal style, 3-5 colors, no text, clean pixel edges, simple composition, a symbolic representation of grace, simple abstract form"
応,respond,respond,"64x64 pixel art, minimal style, 3-5 colors, no text, clean pixel edges, simple composition, a symbolic representation of respond, simple abstract form"
意,idea,idea,"64x64 pixel art, minimal style, 3-5 colors, no text, clean pixel edges, simple composition, a symbolic representation of idea, simple abstract form"
臆,cowardice,cowardice,"64x64 pixel art, minimal style, 3-5 colors, no text, clean pixel edges, simple composition, a symbolic representation of cowardice, simple abstract form"
想,concept,concept,"64x64 pixel art, minimal style, 3-5 colors, no text, clean pixel edges, simple composition, a symbolic representation of concept, simple abstract form"
息,breath,breath,"64x64 pixel art, minimal style, 3-5 colors, no text, clean pixel edges, simple composition, a symbolic representation of breath, simple abstract form"
憩,recess,recess,"64x64 pixel art, minimal style, 3-5 colors, no text, clean pixel edges, simple composition, a symbolic representation of recess, simple abstract form"
恵,favor,favor,"64x64 pixel art, minimal style, 3-5 colors, no text, clean pixel edges, simple composition, a symbolic representation of favor, simple abstract form"
恐,fear,fear,"64x64 pixel art, minimal style, 3-5 colors, no text, clean pixel edges, simple composition, a symbolic representation of fear, simple abstract form"
惑,beguile,beguile,"64x64 pixel art, minimal style, 3-5 colors, no text, clean pixel edges, simple composition, a symbolic representation of beguile, simple abstract form"
感,feeling,feeling,"64x64 pixel art, minimal style, 3-5 colors, no text, clean pixel edges, simple composition, a symbolic representation of feeling, simple abstract form"
憂,melancholy,melancholy,"64x64 pixel art, minimal style, 3-5 colors, no text, clean pixel edges, simple composition, a symbolic representation of melancholy, simple abstract form"
寡,widow,widow,"64x64 pixel art, minimal style, 3-5 colors, no text, clean pixel edges, simple composition, a symbolic representation of widow, simple abstract form"
忙,busy,busy,"64x64 pixel art, minimal style, 3-5 colors, no text, clean pixel edges, simple composition, a symbolic representation of busy, simple abstract form"
悦,ecstasy,ecstasy,"64x64 pixel art, minimal style, 3-5 colors, no text, clean pixel edges, simple composition, a symbolic representation of ecstasy, simple abstract form"
恒,constancy,constancy,"64x64 pixel art, minimal style, 3-5 colors, no text, clean pixel edges, simple composition, a symbolic representation of constancy, simple abstract form"
悼,lament,lament,"64x64 pixel art, minimal style, 3-5 colors, no text, clean pixel edges, simple composition, a symbolic representation of lament, simple abstract form"
悟,enlightenment,enlightenment,"64x64 pixel art, minimal style, 3-5 colors, no text, clean pixel edges, simple composition, a symbolic representation of enlightenment, simple abstract form"
怖,dreadful,dreadful,"64x64 pixel art, minimal style, 3-5 colors, no text, clean pixel edges, simple composition, a symbolic representation of dreadful, simple abstract form"
慌,disconcerted,disconcerted,"64x64 pixel art, minimal style, 3-5 colors, no text, clean pixel edges, simple composition, a symbolic representation of disconcerted, simple abstract form"
悔,repent,repent,"64x64 pixel art, minimal style, 3-5 colors, no text, clean pixel edges, simple composition, a symbolic representation of repent, simple abstract form"
憎,hate,hate,"64x64 pixel art, minimal style, 3-5 colors, no text, clean pixel edges, simple composition, a symbolic representation of hate, simple abstract form"
慣,accustomed,accustomed,"64x64 pixel art, minimal style, 3-5 colors, no text, clean pixel edges, simple composition, a symbolic representation of accustomed, simple abstract form"
愉,pleasure,pleasure,"64x64 pixel art, minimal style, 3-5 colors, no text, clean pixel edges, simple composition, a symbolic representation of pleasure, simple abstract form"
惰,lazy,lazy,"64x64 pixel art, minimal style, 3-5 colors, no text, clean pixel edges, simple composition, a symbolic representation of lazy, simple abstract form"
慎,humility,humility,"64x64 pixel art, minimal style, 3-5 colors, no text, clean pixel edges, simple composition, a symbolic representation of humility, simple abstract form"
憾,remorse,remorse,"64x64 pixel art, minimal style, 3-5 colors, no text, clean pixel edges, simple composition, a symbolic representation of remorse, simple abstract form"
憶,recollection,recollection,"64x64 pixel art, minimal style, 3-5 colors, no text, clean pixel edges, simple composition, a symbolic representation of recollection, simple abstract form"
惧,disquieting,disquieting,"64x64 pixel art, minimal style, 3-5 colors, no text, clean pixel edges, simple composition, a symbolic representation of disquieting, simple abstract form"
憧,desire,desire,"64x64 pixel art, minimal style, 3-5 colors, no text, clean pixel edges, simple composition, a symbolic representation of desire, simple abstract form"
憬,long_for,long_for,"64x64 pixel art, minimal style, 3-5 colors, no text, clean pixel edges, simple composition, a symbolic representation of long_for, simple abstract form"
慕,pining,pining,"64x64 pixel art, minimal style, 3-5 colors, no text, clean pixel edges, simple composition, a symbolic representation of pining, simple abstract form"
添,annexed,annexed,"64x64 pixel art, minimal style, 3-5 colors, no text, clean pixel edges, simple composition, a symbolic representation of annexed, simple abstract form"
必,invariably,invariably,"64x64 pixel art, minimal style, 3-5 colors, no text, clean pixel edges, simple composition, a symbolic representation of invariably, simple abstract form"
泌,ooze,ooze,"64x64 pixel art, minimal style, 3-5 colors, no text, clean pixel edges, simple composition, a symbolic representation of ooze, simple abstract form"
手,hand,hand,"64x64 pixel art, minimal style, 3-5 colors, no text, clean pixel edges, simple composition, a symbolic representation of hand, simple abstract form"
看,watch_over,watch_over,"64x64 pixel art, minimal style, 3-5 colors, no text, clean pixel edges, simple composition, a symbolic representation of watch_over, simple abstract form"
摩,chafe,chafe,"64x64 pixel art, minimal style, 3-5 colors, no text, clean pixel edges, simple composition, a symbolic representation of chafe, simple abstract form"
我,ego,ego,"64x64 pixel art, minimal style, 3-5 colors, no text, clean pixel edges, simple composition, a symbolic representation of ego, simple abstract form"
義,righteousness,righteousness,"64x64 pixel art, minimal style, 3-5 colors, no text, clean pixel edges, simple composition, a symbolic representation of righteousness, simple abstract form"
議,deliberation,deliberation,"64x64 pixel art, minimal style, 3-5 colors, no text, clean pixel edges, simple composition, a symbolic representation of deliberation, simple abstract form"
犠,sacrifice,sacrifice,"64x64 pixel art, minimal style, 3-5 colors, no text, clean pixel edges, simple composition, a symbolic representation of sacrifice, simple abstract form"
抹,rub,rub,"64x64 pixel art, minimal style, 3-5 colors, no text, clean pixel edges, simple composition, a symbolic representation of rub, simple abstract form"
拭,wipe,wipe,"64x64 pixel art, minimal style, 3-5 colors, no text, clean pixel edges, simple composition, a symbolic representation of wipe, simple abstract form"
拉,yank,yank,"64x64 pixel art, minimal style, 3-5 colors, no text, clean pixel edges, simple composition, a symbolic representation of yank, simple abstract form"
抱,embrace,embrace,"64x64 pixel art, minimal style, 3-5 colors, no text, clean pixel edges, simple composition, a symbolic representation of embrace, simple abstract form"
搭,board,board,"64x64 pixel art, minimal style, 3-5 colors, no text, clean pixel edges, simple composition, a symbolic representation of board, simple abstract form"
抄,extract,extract,"64x64 pixel art, minimal style, 3-5 colors, no text, clean pixel edges, simple composition, a symbolic representation of extract, simple abstract form"
抗,confront,confront,"64x64 pixel art, minimal style, 3-5 colors, no text, clean pixel edges, simple composition, a symbolic representation of confront, simple abstract form"
批,criticism,criticism,"64x64 pixel art, minimal style, 3-5 colors, no text, clean pixel edges, simple composition, a symbolic representation of criticism, simple abstract form"
招,beckon,beckon,"64x64 pixel art, minimal style, 3-5 colors, no text, clean pixel edges, simple composition, a symbolic representation of beckon, simple abstract form"
拓,clear_land,clear_land,"64x64 pixel art, minimal style, 3-5 colors, no text, clean pixel edges, simple composition, a symbolic representation of clear_land, simple abstract form"
拍,clap,clap,"64x64 pixel art, minimal style, 3-5 colors, no text, clean pixel edges, simple composition, a symbolic representation of clap, simple abstract form"
打,strike,strike,"64x64 pixel art, minimal style, 3-5 colors, no text, clean pixel edges, simple composition, a symbolic representation of strike, simple abstract form"
拘,arrest,arrest,"64x64 pixel art, minimal style, 3-5 colors, no text, clean pixel edges, simple composition, a symbolic representation of arrest, simple abstract form"
捨,discard,discard,"64x64 pixel art, minimal style, 3-5 colors, no text, clean pixel edges, simple composition, a symbolic representation of discard, simple abstract form"
拐,kidnap,kidnap,"64x64 pixel art, minimal style, 3-5 colors, no text, clean pixel edges, simple composition, a symbolic representation of kidnap, simple abstract form"
摘,pinch,pinch,"64x64 pixel art, minimal style, 3-5 colors, no text, clean pixel edges, simple composition, a symbolic representation of pinch, simple abstract form"
挑,challenge,challenge,"64x64 pixel art, minimal style, 3-5 colors, no text, clean pixel edges, simple composition, a symbolic representation of challenge, simple abstract form"
指,finger,finger,"64x64 pixel art, minimal style, 3-5 colors, no text, clean pixel edges, simple composition, a symbolic representation of finger, simple abstract form"
持,hold,hold,"64x64 pixel art, minimal style, 3-5 colors, no text, clean pixel edges, simple composition, a symbolic representation of hold, simple abstract form"
拶,imminent,imminent,"64x64 pixel art, minimal style, 3-5 colors, no text, clean pixel edges, simple composition, a symbolic representation of imminent, simple abstract form"
括,fasten,fasten,"64x64 pixel art, minimal style, 3-5 colors, no text, clean pixel edges, simple composition, a symbolic representation of fasten, simple abstract form"
揮,brandish,brandish,"64x64 pixel art, minimal style, 3-5 colors, no text, clean pixel edges, simple composition, a symbolic representation of brandish, simple abstract form"
推,infer,infer,"64x64 pixel art, minimal style, 3-5 colors, no text, clean pixel edges, simple composition, a symbolic representation of infer, simple abstract form"
揚,hoist,hoist,"64x64 pixel art, minimal style, 3-5 colors, no text, clean pixel edges, simple composition, a symbolic representation of hoist, simple abstract form"
提,propose,propose,"64x64 pixel art, minimal style, 3-5 colors, no text, clean pixel edges, simple composition, a symbolic representation of propose, simple abstract form"
損,damage,damage,"64x64 pixel art, minimal style, 3-5 colors, no text, clean pixel edges, simple composition, a symbolic representation of damage, simple abstract form"
拾,pick_up,pick_up,"64x64 pixel art, minimal style, 3-5 colors, no text, clean pixel edges, simple composition, a symbolic representation of pick_up, simple abstract form"
担,shouldering,shouldering,"64x64 pixel art, minimal style, 3-5 colors, no text, clean pixel edges, simple composition, a symbolic representation of shouldering, simple abstract form"
拠,foothold,foothold,"64x64 pixel art, minimal style, 3-5 colors, no text, clean pixel edges, simple composition, a symbolic representation of foothold, simple abstract form"
描,sketch,sketch,"64x64 pixel art, minimal style, 3-5 colors, no text, clean pixel edges, simple composition, a symbolic representation of sketch, simple abstract form"
操,maneuver,maneuver,"64x64 pixel art, minimal style, 3-5 colors, no text, clean pixel edges, simple composition, a symbolic representation of maneuver, simple abstract form"
接,touch,touch,"64x64 pixel art, minimal style, 3-5 colors, no text, clean pixel edges, simple composition, a symbolic representation of touch, simple abstract form"
掲,put_up_notice,put_up_notice,"64x64 pixel art, minimal style, 3-5 colors, no text, clean pixel edges, simple composition, a symbolic representation of put_up_notice, simple abstract form"
掛,hang,hang,"64x64 pixel art, minimal style, 3-5 colors, no text, clean pixel edges, simple composition, a symbolic representation of hang, simple abstract form"
捗,make_headway,make_headway,"64x64 pixel art, minimal style, 3-5 colors, no text, clean pixel edges, simple composition, a symbolic representation of make_headway, simple abstract form"
研,sharpen,sharpen,"64x64 pixel art, minimal style, 3-5 colors, no text, clean pixel edges, simple composition, a symbolic representation of sharpen, simple abstract form"
戒,commandment,commandment,"64x64 pixel art, minimal style, 3-5 colors, no text, clean pixel edges, simple composition, a symbolic representation of commandment, simple abstract form"
弄,tinker_with,tinker_with,"64x64 pixel art, minimal style, 3-5 colors, no text, clean pixel edges, simple composition, a symbolic representation of tinker_with, simple abstract form"
械,contraption,contraption,"64x64 pixel art, minimal style, 3-5 colors, no text, clean pixel edges, simple composition, a symbolic representation of contraption, simple abstract form"
鼻,nose,nose,"64x64 pixel art, minimal style, 3-5 colors, no text, clean pixel edges, simple composition, a symbolic representation of nose, simple abstract form"
刑,punish,punish,"64x64 pixel art, minimal style, 3-5 colors, no text, clean pixel edges, simple composition, a symbolic representation of punish, simple abstract form"
型,mould,mould,"64x64 pixel art, minimal style, 3-5 colors, no text, clean pixel edges, simple composition, a symbolic representation of mould, simple abstract form"
才,genius,genius,"64x64 pixel art, minimal style, 3-5 colors, no text, clean pixel edges, simple composition, a symbolic representation of genius, simple abstract form"
財,property,property,"64x64 pixel art, minimal style, 3-5 colors, no text, clean pixel edges, simple composition, a symbolic representation of property, simple abstract form"
材,lumber,lumber,"64x64 pixel art, minimal style, 3-5 colors, no text, clean pixel edges, simple composition, a symbolic representation of lumber, simple abstract form"
存,suppose,suppose,"64x64 pixel art, minimal style, 3-5 colors, no text, clean pixel edges, simple composition, a symbolic representation of suppose, simple abstract form"
在,exist,exist,"64x64 pixel art, minimal style, 3-5 colors, no text, clean pixel edges, simple composition, a symbolic representation of exist, simple abstract form"
乃,no,no,"64x64 pixel art, minimal style, 3-5 colors, no text, clean pixel edges, simple composition, a symbolic representation of no, simple abstract form"
携,portable,portable,"64x64 pixel art, minimal style, 3-5 colors, no text, clean pixel edges, simple composition, a symbolic representation of portable, simple abstract form"
及,reach_out,reach_out,"64x64 pixel art, minimal style, 3-5 colors, no text, clean pixel edges, simple composition, a symbolic representation of reach_out, simple abstract form"
吸,suck,suck,"64x64 pixel art, minimal style, 3-5 colors, no text, clean pixel edges, simple composition, a symbolic representation of suck, simple abstract form"
扱,handle,handle,"64x64 pixel art, minimal style, 3-5 colors, no text, clean pixel edges, simple composition, a symbolic representation of handle, simple abstract form"
丈,length,length,"64x64 pixel art, minimal style, 3-5 colors, no text, clean pixel edges, simple composition, a symbolic representation of length, simple abstract form"
史,history,history,"64x64 pixel art, minimal style, 3-5 colors, no text, clean pixel edges, simple composition, a symbolic representation of history, simple abstract form"
吏,officer,officer,"64x64 pixel art, minimal style, 3-5 colors, no text, clean pixel edges, simple composition, a symbolic representation of officer, simple abstract form"
更,further,further,"64x64 pixel art, minimal style, 3-5 colors, no text, clean pixel edges, simple composition, a symbolic representation of further, simple abstract form"
硬,stiff,stiff,"64x64 pixel art, minimal style, 3-5 colors, no text, clean pixel edges, simple composition, a symbolic representation of stiff, simple abstract form"
梗,spiny,spiny,"64x64 pixel art, minimal style, 3-5 colors, no text, clean pixel edges, simple composition, a symbolic representation of spiny, simple abstract form"
又,or_again,or_again,"64x64 pixel art, minimal style, 3-5 colors, no text, clean pixel edges, simple composition, a symbolic representation of or_again, simple abstract form"
双,pair,pair,"64x64 pixel art, minimal style, 3-5 colors, no text, clean pixel edges, simple composition, a symbolic representation of pair, simple abstract form"
桑,mulberry,mulberry,"64x64 pixel art, minimal style, 3-5 colors, no text, clean pixel edges, simple composition, a symbolic representation of mulberry, simple abstract form"
隻,vessels,vessels,"64x64 pixel art, minimal style, 3-5 colors, no text, clean pixel edges, simple composition, a symbolic representation of vessels, simple abstract form"
護,safeguard,safeguard,"64x64 pixel art, minimal style, 3-5 colors, no text, clean pixel edges, simple composition, a symbolic representation of safeguard, simple abstract form"
獲,seize,seize,"64x64 pixel art, minimal style, 3-5 colors, no text, clean pixel edges, simple composition, a symbolic representation of seize, simple abstract form"
奴,guy,guy,"64x64 pixel art, minimal style, 3-5 colors, no text, clean pixel edges, simple composition, a symbolic representation of guy, simple abstract form"
怒,angry,angry,"64x64 pixel art, minimal style, 3-5 colors, no text, clean pixel edges, simple composition, a symbolic representation of angry, simple abstract form"
友,friend,friend,"64x64 pixel art, minimal style, 3-5 colors, no text, clean pixel edges, simple composition, a symbolic representation of friend, simple abstract form"
抜,slip_out,slip_out,"64x64 pixel art, minimal style, 3-5 colors, no text, clean pixel edges, simple composition, a symbolic representation of slip_out, simple abstract form"
投,throw,throw,"64x64 pixel art, minimal style, 3-5 colors, no text, clean pixel edges, simple composition, a symbolic representation of throw, simple abstract form"
没,drown,drown,"64x64 pixel art, minimal style, 3-5 colors, no text, clean pixel edges, simple composition, a symbolic representation of drown, simple abstract form"
股,crotch,crotch,"64x64 pixel art, minimal style, 3-5 colors, no text, clean pixel edges, simple composition, a symbolic representation of crotch, simple abstract form"
設,establish,establish,"64x64 pixel art, minimal style, 3-5 colors, no text, clean pixel edges, simple composition, a symbolic representation of establish, simple abstract form"
撃,beat,beat,"64x64 pixel art, minimal style, 3-5 colors, no text, clean pixel edges, simple composition, a symbolic representation of beat, simple abstract form"
殻,husk,husk,"64x64 pixel art, minimal style, 3-5 colors, no text, clean pixel edges, simple composition, a symbolic representation of husk, simple abstract form"
支,branch,branch,"64x64 pixel art, minimal style, 3-5 colors, no text, clean pixel edges, simple composition, a symbolic representation of branch, simple abstract form"
技,skill,skill,"64x64 pixel art, minimal style, 3-5 colors, no text, clean pixel edges, simple composition, a symbolic representation of skill, simple abstract form"
枝,bough,bough,"64x64 pixel art, minimal style, 3-5 colors, no text, clean pixel edges, simple composition, a symbolic representation of bough, simple abstract form"
肢,limb,limb,"64x64 pixel art, minimal style, 3-5 colors, no text, clean pixel edges, simple composition, a symbolic representation of limb, simple abstract form"
茎,stalk,stalk,"64x64 pixel art, minimal style, 3-5 colors, no text, clean pixel edges, simple composition, a symbolic representation of stalk, simple abstract form"
怪,suspicious,suspicious,"64x64 pixel art, minimal style, 3-5 colors, no text, clean pixel edges, simple composition, a symbolic representation of suspicious, simple abstract form"
軽,light_weight,light_weight,"64x64 pixel art, minimal style, 3-5 colors, no text, clean pixel edges, simple composition, a symbolic representation of light_weight, simple abstract form"
叔,uncle,uncle,"64x64 pixel art, minimal style, 3-5 colors, no text, clean pixel edges, simple composition, a symbolic representation of uncle, simple abstract form"
督,coach,coach,"64x64 pixel art, minimal style, 3-5 colors, no text, clean pixel edges, simple composition, a symbolic representation of coach, simple abstract form"
寂,loneliness,loneliness,"64x64 pixel art, minimal style, 3-5 colors, no text, clean pixel edges, simple composition, a symbolic representation of loneliness, simple abstract form"
淑,graceful,graceful,"64x64 pixel art, minimal style, 3-5 colors, no text, clean pixel edges, simple composition, a symbolic representation of graceful, simple abstract form"
反,anti,anti,"64x64 pixel art, minimal style, 3-5 colors, no text, clean pixel edges, simple composition, a symbolic representation of anti, simple abstract form"
坂,slope,slope,"64x64 pixel art, minimal style, 3-5 colors, no text, clean pixel edges, simple composition, a symbolic representation of slope, simple abstract form"
板,plank,plank,"64x64 pixel art, minimal style, 3-5 colors, no text, clean pixel edges, simple composition, a symbolic representation of plank, simple abstract form"
返,return,return,"64x64 pixel art, minimal style, 3-5 colors, no text, clean pixel edges, simple composition, a symbolic representation of return, simple abstract form"
販,marketing,marketing,"64x64 pixel art, minimal style, 3-5 colors, no text, clean pixel edges, simple composition, a symbolic representation of marketing, simple abstract form"
爪,claw,claw,"64x64 pixel art, minimal style, 3-5 colors, no text, clean pixel edges, simple composition, a symbolic representation of claw, simple abstract form"
妥,gentle,gentle,"64x64 pixel art, minimal style, 3-5 colors, no text, clean pixel edges, simple composition, a symbolic representation of gentle, simple abstract form"
乳,milk,milk,"64x64 pixel art, minimal style, 3-5 colors, no text, clean pixel edges, simple composition, a symbolic representation of milk, simple abstract form"
浮,floating,floating,"64x64 pixel art, minimal style, 3-5 colors, no text, clean pixel edges, simple composition, a symbolic representation of floating, simple abstract form"
淫,lewdness,lewdness,"64x64 pixel art, minimal style, 3-5 colors, no text, clean pixel edges, simple composition, a symbolic representation of lewdness, simple abstract form"
将,leader,leader,"64x64 pixel art, minimal style, 3-5 colors, no text, clean pixel edges, simple composition, a symbolic representation of leader, simple abstract form"
奨,exhort,exhort,"64x64 pixel art, minimal style, 3-5 colors, no text, clean pixel edges, simple composition, a symbolic representation of exhort, simple abstract form"
采,grab,grab,"64x64 pixel art, minimal style, 3-5 colors, no text, clean pixel edges, simple composition, a symbolic representation of grab, simple abstract form"
採,pick,pick,"64x64 pixel art, minimal style, 3-5 colors, no text, clean pixel edges, simple composition, a symbolic representation of pick, simple abstract form"
菜,vegetable,vegetable,"64x64 pixel art, minimal style, 3-5 colors, no text, clean pixel edges, simple composition, a symbolic representation of vegetable, simple abstract form"
受,accept,accept,"64x64 pixel art, minimal style, 3-5 colors, no text, clean pixel edges, simple composition, a symbolic representation of accept, simple abstract form"
授,instruct,instruct,"64x64 pixel art, minimal style, 3-5 colors, no text, clean pixel edges, simple composition, a symbolic representation of instruct, simple abstract form"
愛,love,love,"64x64 pixel art, minimal style, 3-5 colors, no text, clean pixel edges, simple composition, a symbolic representation of love, simple abstract form"
曖,unclear,unclear,"64x64 pixel art, minimal style, 3-5 colors, no text, clean pixel edges, simple composition, a symbolic representation of unclear, simple abstract form"
払,pay,pay,"64x64 pixel art, minimal style, 3-5 colors, no text, clean pixel edges, simple composition, a symbolic representation of pay, simple abstract form"
広,wide,wide,"64x64 pixel art, minimal style, 3-5 colors, no text, clean pixel edges, simple composition, a symbolic representation of wide, simple abstract form"
勾,capture,capture,"64x64 pixel art, minimal style, 3-5 colors, no text, clean pixel edges, simple composition, a symbolic representation of capture, simple abstract form"
拡,broaden,broaden,"64x64 pixel art, minimal style, 3-5 colors, no text, clean pixel edges, simple composition, a symbolic representation of broaden, simple abstract form"
鉱,mineral,mineral,"64x64 pixel art, minimal style, 3-5 colors, no text, clean pixel edges, simple composition, a symbolic representation of mineral, simple abstract form"
弁,valve,valve,"64x64 pixel art, minimal style, 3-5 colors, no text, clean pixel edges, simple composition, a symbolic representation of valve, simple abstract form"
雄,male,male,"64x64 pixel art, minimal style, 3-5 colors, no text, clean pixel edges, simple composition, a symbolic representation of male, simple abstract form"
台,pedestal,pedestal,"64x64 pixel art, minimal style, 3-5 colors, no text, clean pixel edges, simple composition, a symbolic representation of pedestal, simple abstract form"
怠,neglect,neglect,"64x64 pixel art, minimal style, 3-5 colors, no text, clean pixel edges, simple composition, a symbolic representation of neglect, simple abstract form"
治,reign,reign,"64x64 pixel art, minimal style, 3-5 colors, no text, clean pixel edges, simple composition, a symbolic representation of reign, simple abstract form"
冶,metallurgy,metallurgy,"64x64 pixel art, minimal style, 3-5 colors, no text, clean pixel edges, simple composition, a symbolic representation of metallurgy, simple abstract form"
始,commence,commence,"64x64 pixel art, minimal style, 3-5 colors, no text, clean pixel edges, simple composition, a symbolic representation of commence, simple abstract form"
胎,womb,womb,"64x64 pixel art, minimal style, 3-5 colors, no text, clean pixel edges, simple composition, a symbolic representation of womb, simple abstract form"
窓,window,window,"64x64 pixel art, minimal style, 3-5 colors, no text, clean pixel edges, simple composition, a symbolic representation of window, simple abstract form"
去,leave,leave,"64x64 pixel art, minimal style, 3-5 colors, no text, clean pixel edges, simple composition, a symbolic representation of leave, simple abstract form"
法,method,method,"64x64 pixel art, minimal style, 3-5 colors, no text, clean pixel edges, simple composition, a symbolic representation of method, simple abstract form"
会,meeting,meeting,"64x64 pixel art, minimal style, 3-5 colors, no text, clean pixel edges, simple composition, a symbolic representation of meeting, simple abstract form"
至,climax,climax,"64x64 pixel art, minimal style, 3-5 colors, no text, clean pixel edges, simple composition, a symbolic representation of climax, simple abstract form"
室,room,room,"64x64 pixel art, minimal style, 3-5 colors, no text, clean pixel edges, simple composition, a symbolic representation of room, simple abstract form"
到,arrival,arrival,"64x64 pixel art, minimal style, 3-5 colors, no text, clean pixel edges, simple composition, a symbolic representation of arrival, simple abstract form"
致,bring_about,bring_about,"64x64 pixel art, minimal style, 3-5 colors, no text, clean pixel edges, simple composition, a symbolic representation of bring_about, simple abstract form"
互,mutually,mutually,"64x64 pixel art, minimal style, 3-5 colors, no text, clean pixel edges, simple composition, a symbolic representation of mutually, simple abstract form"
棄,abandon,abandon,"64x64 pixel art, minimal style, 3-5 colors, no text, clean pixel edges, simple composition, a symbolic representation of abandon, simple abstract form"
育,nurture,nurture,"64x64 pixel art, minimal style, 3-5 colors, no text, clean pixel edges, simple composition, a symbolic representation of nurture, simple abstract form"
撤,remove,remove,"64x64 pixel art, minimal style, 3-5 colors, no text, clean pixel edges, simple composition, a symbolic representation of remove, simple abstract form"
充,allot,allot,"64x64 pixel art, minimal style, 3-5 colors, no text, clean pixel edges, simple composition, a symbolic representation of allot, simple abstract form"
銃,gun,gun,"64x64 pixel art, minimal style, 3-5 colors, no text, clean pixel edges, simple composition, a symbolic representation of gun, simple abstract form"
硫,sulfur,sulfur,"64x64 pixel art, minimal style, 3-5 colors, no text, clean pixel edges, simple composition, a symbolic representation of sulfur, simple abstract form"
流,current,current,"64x64 pixel art, minimal style, 3-5 colors, no text, clean pixel edges, simple composition, a symbolic representation of current, simple abstract form"
允,makoto,makoto,"64x64 pixel art, minimal style, 3-5 colors, no text, clean pixel edges, simple composition, a symbolic representation of makoto, simple abstract form"
唆,tempt,tempt,"64x64 pixel art, minimal style, 3-5 colors, no text, clean pixel edges, simple composition, a symbolic representation of tempt, simple abstract form"
出,exit,exit,"64x64 pixel art, minimal style, 3-5 colors, no text, clean pixel edges, simple composition, a symbolic representation of exit, simple abstract form"
山,mountain,mountain,"64x64 pixel art, minimal style, 3-5 colors, no text, clean pixel edges, simple composition, a symbolic representation of mountain, simple abstract form"
拙,bungling,bungling,"64x64 pixel art, minimal style, 3-5 colors, no text, clean pixel edges, simple composition, a symbolic representation of bungling, simple abstract form"
岩,boulder,boulder,"64x64 pixel art, minimal style, 3-5 colors, no text, clean pixel edges, simple composition, a symbolic representation of boulder, simple abstract form"
炭,charcoal,charcoal,"64x64 pixel art, minimal style, 3-5 colors, no text, clean pixel edges, simple composition, a symbolic representation of charcoal, simple abstract form"
岐,branch_off,branch_off,"64x64 pixel art, minimal style, 3-5 colors, no text, clean pixel edges, simple composition, a symbolic representation of branch_off, simple abstract form"
峠,mountain_pass,mountain_pass,"64x64 pixel art, minimal style, 3-5 colors, no text, clean pixel edges, simple composition, a symbolic representation of mountain_pass, simple abstract form"
崩,crumble,crumble,"64x64 pixel art, minimal style, 3-5 colors, no text, clean pixel edges, simple composition, a symbolic representation of crumble, simple abstract form"
密,secrecy,secrecy,"64x64 pixel art, minimal style, 3-5 colors, no text, clean pixel edges, simple composition, a symbolic representation of secrecy, simple abstract form"
蜜,honey,honey,"64x64 pixel art, minimal style, 3-5 colors, no text, clean pixel edges, simple composition, a symbolic representation of honey, simple abstract form"
嵐,storm,storm,"64x64 pixel art, minimal style, 3-5 colors, no text, clean pixel edges, simple composition, a symbolic representation of storm, simple abstract form"
崎,promontory,promontory,"64x64 pixel art, minimal style, 3-5 colors, no text, clean pixel edges, simple composition, a symbolic representation of promontory, simple abstract form"
崖,cliff,cliff,"64x64 pixel art, minimal style, 3-5 colors, no text, clean pixel edges, simple composition, a symbolic representation of cliff, simple abstract form"
入,enter,enter,"64x64 pixel art, minimal style, 3-5 colors, no text, clean pixel edges, simple composition, a symbolic representation of enter, simple abstract form"
込,crowded,crowded,"64x64 pixel art, minimal style, 3-5 colors, no text, clean pixel edges, simple composition, a symbolic representation of crowded, simple abstract form"
分,part,part,"64x64 pixel art, minimal style, 3-5 colors, no text, clean pixel edges, simple composition, a symbolic representation of part, simple abstract form"
貧,poverty,poverty,"64x64 pixel art, minimal style, 3-5 colors, no text, clean pixel edges, simple composition, a symbolic representation of poverty, simple abstract form"
頒,partition,partition,"64x64 pixel art, minimal style, 3-5 colors, no text, clean pixel edges, simple composition, a symbolic representation of partition, simple abstract form"
公,public,public,"64x64 pixel art, minimal style, 3-5 colors, no text, clean pixel edges, simple composition, a symbolic representation of public, simple abstract form"
松,pine_tree,pine_tree,"64x64 pixel art, minimal style, 3-5 colors, no text, clean pixel edges, simple composition, a symbolic representation of pine_tree, simple abstract form"
翁,elderly_man,elderly_man,"64x64 pixel art, minimal style, 3-5 colors, no text, clean pixel edges, simple composition, a symbolic representation of elderly_man, simple abstract form"
訟,litigation,litigation,"64x64 pixel art, minimal style, 3-5 colors, no text, clean pixel edges, simple composition, a symbolic representation of litigation, simple abstract form"
谷,valley,valley,"64x64 pixel art, minimal style, 3-5 colors, no text, clean pixel edges, simple composition, a symbolic representation of valley, simple abstract form"
浴,bathe,bathe,"64x64 pixel art, minimal style, 3-5 colors, no text, clean pixel edges, simple composition, a symbolic representation of bathe, simple abstract form"
容,contain,contain,"64x64 pixel art, minimal style, 3-5 colors, no text, clean pixel edges, simple composition, a symbolic representation of contain, simple abstract form"
溶,melt,melt,"64x64 pixel art, minimal style, 3-5 colors, no text, clean pixel edges, simple composition, a symbolic representation of melt, simple abstract form"
欲,longing,longing,"64x64 pixel art, minimal style, 3-5 colors, no text, clean pixel edges, simple composition, a symbolic representation of longing, simple abstract form"
裕,abundant,abundant,"64x64 pixel art, minimal style, 3-5 colors, no text, clean pixel edges, simple composition, a symbolic representation of abundant, simple abstract form"
鉛,lead,lead,"64x64 pixel art, minimal style, 3-5 colors, no text, clean pixel edges, simple composition, a symbolic representation of lead, simple abstract form"
沿,run_alongside,run_alongside,"64x64 pixel art, minimal style, 3-5 colors, no text, clean pixel edges, simple composition, a symbolic representation of run_alongside, simple abstract form"
賞,prize,prize,"64x64 pixel art, minimal style, 3-5 colors, no text, clean pixel edges, simple composition, a symbolic representation of prize, simple abstract form"
党,political_party,political_party,"64x64 pixel art, minimal style, 3-5 colors, no text, clean pixel edges, simple composition, a symbolic representation of political_party, simple abstract form"
堂,public_hall,public_hall,"64x64 pixel art, minimal style, 3-5 colors, no text, clean pixel edges, simple composition, a symbolic representation of public_hall, simple abstract form"
常,usual,usual,"64x64 pixel art, minimal style, 3-5 colors, no text, clean pixel edges, simple composition, a symbolic representation of usual, simple abstract form"
裳,robe,robe,"64x64 pixel art, minimal style, 3-5 colors, no text, clean pixel edges, simple composition, a symbolic representation of robe, simple abstract form"
掌,manipulate,manipulate,"64x64 pixel art, minimal style, 3-5 colors, no text, clean pixel edges, simple composition, a symbolic representation of manipulate, simple abstract form"
皮,pelt,pelt,"64x64 pixel art, minimal style, 3-5 colors, no text, clean pixel edges, simple composition, a symbolic representation of pelt, simple abstract form"
波,waves,waves,"64x64 pixel art, minimal style, 3-5 colors, no text, clean pixel edges, simple composition, a symbolic representation of waves, simple abstract form"
婆,old_woman,old_woman,"64x64 pixel art, minimal style, 3-5 colors, no text, clean pixel edges, simple composition, a symbolic representation of old_woman, simple abstract form"
披,reveal,reveal,"64x64 pixel art, minimal style, 3-5 colors, no text, clean pixel edges, simple composition, a symbolic representation of reveal, simple abstract form"
破,rend,rend,"64x64 pixel art, minimal style, 3-5 colors, no text, clean pixel edges, simple composition, a symbolic representation of rend, simple abstract form"
被,incur,incur,"64x64 pixel art, minimal style, 3-5 colors, no text, clean pixel edges, simple composition, a symbolic representation of incur, simple abstract form"
残,remainder,remainder,"64x64 pixel art, minimal style, 3-5 colors, no text, clean pixel edges, simple composition, a symbolic representation of remainder, simple abstract form"
殉,martyrdom,martyrdom,"64x64 pixel art, minimal style, 3-5 colors, no text, clean pixel edges, simple composition, a symbolic representation of martyrdom, simple abstract form"
殊,particularly,particularly,"64x64 pixel art, minimal style, 3-5 colors, no text, clean pixel edges, simple composition, a symbolic representation of particularly, simple abstract form"
殖,augment,augment,"64x64 pixel art, minimal style, 3-5 colors, no text, clean pixel edges, simple composition, a symbolic representation of augment, simple abstract form"
列,file,file,"64x64 pixel art, minimal style, 3-5 colors, no text, clean pixel edges, simple composition, a symbolic representation of file, simple abstract form"
裂,split,split,"64x64 pixel art, minimal style, 3-5 colors, no text, clean pixel edges, simple composition, a symbolic representation of split, simple abstract form"
烈,ardent,ardent,"64x64 pixel art, minimal style, 3-5 colors, no text, clean pixel edges, simple composition, a symbolic representation of ardent, simple abstract form"
死,death,death,"64x64 pixel art, minimal style, 3-5 colors, no text, clean pixel edges, simple composition, a symbolic representation of death, simple abstract form"
葬,burial,burial,"64x64 pixel art, minimal style, 3-5 colors, no text, clean pixel edges, simple composition, a symbolic representation of burial, simple abstract form"
瞬,wink,wink,"64x64 pixel art, minimal style, 3-5 colors, no text, clean pixel edges, simple composition, a symbolic representation of wink, simple abstract form"
耳,ear,ear,"64x64 pixel art, minimal style, 3-5 colors, no text, clean pixel edges, simple composition, a symbolic representation of ear, simple abstract form"
取,take,take,"64x64 pixel art, minimal style, 3-5 colors, no text, clean pixel edges, simple composition, a symbolic representation of take, simple abstract form"
趣,gist,gist,"64x64 pixel art, minimal style, 3-5 colors, no text, clean pixel edges, simple composition, a symbolic representation of gist, simple abstract form"
最,utmost,utmost,"64x64 pixel art, minimal style, 3-5 colors, no text, clean pixel edges, simple composition, a symbolic representation of utmost, simple abstract form"
撮,snapshot,snapshot,"64x64 pixel art, minimal style, 3-5 colors, no text, clean pixel edges, simple composition, a symbolic representation of snapshot, simple abstract form"
恥,shame,shame,"64x64 pixel art, minimal style, 3-5 colors, no text, clean pixel edges, simple composition, a symbolic representation of shame, simple abstract form"
職,employment,employment,"64x64 pixel art, minimal style, 3-5 colors, no text, clean pixel edges, simple composition, a symbolic representation of employment, simple abstract form"
聖,holy,holy,"64x64 pixel art, minimal style, 3-5 colors, no text, clean pixel edges, simple composition, a symbolic representation of holy, simple abstract form"
敢,daring,daring,"64x64 pixel art, minimal style, 3-5 colors, no text, clean pixel edges, simple composition, a symbolic representation of daring, simple abstract form"
聴,listen,listen,"64x64 pixel art, minimal style, 3-5 colors, no text, clean pixel edges, simple composition, a symbolic representation of listen, simple abstract form"
懐,pocket,pocket,"64x64 pixel art, minimal style, 3-5 colors, no text, clean pixel edges, simple composition, a symbolic representation of pocket, simple abstract form"
慢,ridicule,ridicule,"64x64 pixel art, minimal style, 3-5 colors, no text, clean pixel edges, simple composition, a symbolic representation of ridicule, simple abstract form"
漫,cartoon,cartoon,"64x64 pixel art, minimal style, 3-5 colors, no text, clean pixel edges, simple composition, a symbolic representation of cartoon, simple abstract form"
買,buy,buy,"64x64 pixel art, minimal style, 3-5 colors, no text, clean pixel edges, simple composition, a symbolic representation of buy, simple abstract form"
置,placement,placement,"64x64 pixel art, minimal style, 3-5 colors, no text, clean pixel edges, simple composition, a symbolic representation of placement, simple abstract form"
罰,penalty,penalty,"64x64 pixel art, minimal style, 3-5 colors, no text, clean pixel edges, simple composition, a symbolic representation of penalty, simple abstract form"
寧,rather,rather,"64x64 pixel art, minimal style, 3-5 colors, no text, clean pixel edges, simple composition, a symbolic representation of rather, simple abstract form"
濁,voiced,voiced,"64x64 pixel art, minimal style, 3-5 colors, no text, clean pixel edges, simple composition, a symbolic representation of voiced, simple abstract form"
環,ring,ring,"64x64 pixel art, minimal style, 3-5 colors, no text, clean pixel edges, simple composition, a symbolic representation of ring, simple abstract form"
還,send_back,send_back,"64x64 pixel art, minimal style, 3-5 colors, no text, clean pixel edges, simple composition, a symbolic representation of send_back, simple abstract form"
夫,husband,husband,"64x64 pixel art, minimal style, 3-5 colors, no text, clean pixel edges, simple composition, a symbolic representation of husband, simple abstract form"
扶,support,support,"64x64 pixel art, minimal style, 3-5 colors, no text, clean pixel edges, simple composition, a symbolic representation of support, simple abstract form"
渓,mountain_stream,mountain_stream,"64x64 pixel art, minimal style, 3-5 colors, no text, clean pixel edges, simple composition, a symbolic representation of mountain_stream, simple abstract form"
規,standard,standard,"64x64 pixel art, minimal style, 3-5 colors, no text, clean pixel edges, simple composition, a symbolic representation of standard, simple abstract form"
替,exchange,exchange,"64x64 pixel art, minimal style, 3-5 colors, no text, clean pixel edges, simple composition, a symbolic representation of exchange, simple abstract form"
賛,approve,approve,"64x64 pixel art, minimal style, 3-5 colors, no text, clean pixel edges, simple composition, a symbolic representation of approve, simple abstract form"
潜,submerge,submerge,"64x64 pixel art, minimal style, 3-5 colors, no text, clean pixel edges, simple composition, a symbolic representation of submerge, simple abstract form"
失,lose,lose,"64x64 pixel art, minimal style, 3-5 colors, no text, clean pixel edges, simple composition, a symbolic representation of lose, simple abstract form"
鉄,iron,iron,"64x64 pixel art, minimal style, 3-5 colors, no text, clean pixel edges, simple composition, a symbolic representation of iron, simple abstract form"
迭,transfer,transfer,"64x64 pixel art, minimal style, 3-5 colors, no text, clean pixel edges, simple composition, a symbolic representation of transfer, simple abstract form"
臣,retainer,retainer,"64x64 pixel art, minimal style, 3-5 colors, no text, clean pixel edges, simple composition, a symbolic representation of retainer, simple abstract form"
姫,princess,princess,"64x64 pixel art, minimal style, 3-5 colors, no text, clean pixel edges, simple composition, a symbolic representation of princess, simple abstract form"
蔵,storehouse,storehouse,"64x64 pixel art, minimal style, 3-5 colors, no text, clean pixel edges, simple composition, a symbolic representation of storehouse, simple abstract form"
臓,entrails,entrails,"64x64 pixel art, minimal style, 3-5 colors, no text, clean pixel edges, simple composition, a symbolic representation of entrails, simple abstract form"
賢,intelligent,intelligent,"64x64 pixel art, minimal style, 3-5 colors, no text, clean pixel edges, simple composition, a symbolic representation of intelligent, simple abstract form"
腎,kidney,kidney,"64x64 pixel art, minimal style, 3-5 colors, no text, clean pixel edges, simple composition, a symbolic representation of kidney, simple abstract form"
堅,strict,strict,"64x64 pixel art, minimal style, 3-5 colors, no text, clean pixel edges, simple composition, a symbolic representation of strict, simple abstract form"
臨,look_to,look_to,"64x64 pixel art, minimal style, 3-5 colors, no text, clean pixel edges, simple composition, a symbolic representation of look_to, simple abstract form"
覧,perusal,perusal,"64x64 pixel art, minimal style, 3-5 colors, no text, clean pixel edges, simple composition, a symbolic representation of perusal, simple abstract form"
巨,gigantic,gigantic,"64x64 pixel art, minimal style, 3-5 colors, no text, clean pixel edges, simple composition, a symbolic representation of gigantic, simple abstract form"
拒,repel,repel,"64x64 pixel art, minimal style, 3-5 colors, no text, clean pixel edges, simple composition, a symbolic representation of repel, simple abstract form"
力,power,power,"64x64 pixel art, minimal style, 3-5 colors, no text, clean pixel edges, simple composition, a symbolic representation of power, simple abstract form"
男,man,man,"64x64 pixel art, minimal style, 3-5 colors, no text, clean pixel edges, simple composition, a symbolic representation of man, simple abstract form"
労,labor,labor,"64x64 pixel art, minimal style, 3-5 colors, no text, clean pixel edges, simple composition, a symbolic representation of labor, simple abstract form"
募,recruit,recruit,"64x64 pixel art, minimal style, 3-5 colors, no text, clean pixel edges, simple composition, a symbolic representation of recruit, simple abstract form"
劣,inferiority,inferiority,"64x64 pixel art, minimal style, 3-5 colors, no text, clean pixel edges, simple composition, a symbolic representation of inferiority, simple abstract form"
功,achievement,achievement,"64x64 pixel art, minimal style, 3-5 colors, no text, clean pixel edges, simple composition, a symbolic representation of achievement, simple abstract form"
勧,persuade,persuade,"64x64 pixel art, minimal style, 3-5 colors, no text, clean pixel edges, simple composition, a symbolic representation of persuade, simple abstract form"
努,toil,toil,"64x64 pixel art, minimal style, 3-5 colors, no text, clean pixel edges, simple composition, a symbolic representation of toil, simple abstract form"
勃,uprising,uprising,"64x64 pixel art, minimal style, 3-5 colors, no text, clean pixel edges, simple composition, a symbolic representation of uprising, simple abstract form"
励,encourage,encourage,"64x64 pixel art, minimal style, 3-5 colors, no text, clean pixel edges, simple composition, a symbolic representation of encourage, simple abstract form"
加,add,add,"64x64 pixel art, minimal style, 3-5 colors, no text, clean pixel edges, simple composition, a symbolic representation of add, simple abstract form"
賀,congratulations,congratulations,"64x64 pixel art, minimal style, 3-5 colors, no text, clean pixel edges, simple composition, a symbolic representation of congratulations, simple abstract form"
架,rack,rack,"64x64 pixel art, minimal style, 3-5 colors, no text, clean pixel edges, simple composition, a symbolic representation of rack, simple abstract form"
脇,armpit,armpit,"64x64 pixel art, minimal style, 3-5 colors, no text, clean pixel edges, simple composition, a symbolic representation of armpit, simple abstract form"
脅,threaten,threaten,"64x64 pixel art, minimal style, 3-5 colors, no text, clean pixel edges, simple composition, a symbolic representation of threaten, simple abstract form"
協,cooperation,cooperation,"64x64 pixel art, minimal style, 3-5 colors, no text, clean pixel edges, simple composition, a symbolic representation of cooperation, simple abstract form"
行,going,going,"64x64 pixel art, minimal style, 3-5 colors, no text, clean pixel edges, simple composition, a symbolic representation of going, simple abstract form"
律,law,law,"64x64 pixel art, minimal style, 3-5 colors, no text, clean pixel edges, simple composition, a symbolic representation of law, simple abstract form"
復,restore,restore,"64x64 pixel art, minimal style, 3-5 colors, no text, clean pixel edges, simple composition, a symbolic representation of restore, simple abstract form"
得,acquire,acquire,"64x64 pixel art, minimal style, 3-5 colors, no text, clean pixel edges, simple composition, a symbolic representation of acquire, simple abstract form"
従,obey,obey,"64x64 pixel art, minimal style, 3-5 colors, no text, clean pixel edges, simple composition, a symbolic representation of obey, simple abstract form"
徒,junior,junior,"64x64 pixel art, minimal style, 3-5 colors, no text, clean pixel edges, simple composition, a symbolic representation of junior, simple abstract form"
待,wait,wait,"64x64 pixel art, minimal style, 3-5 colors, no text, clean pixel edges, simple composition, a symbolic representation of wait, simple abstract form"
往,journey,journey,"64x64 pixel art, minimal style, 3-5 colors, no text, clean pixel edges, simple composition, a symbolic representation of journey, simple abstract form"
征,subjugate,subjugate,"64x64 pixel art, minimal style, 3-5 colors, no text, clean pixel edges, simple composition, a symbolic representation of subjugate, simple abstract form"
径,diameter,diameter,"64x64 pixel art, minimal style, 3-5 colors, no text, clean pixel edges, simple composition, a symbolic representation of diameter, simple abstract form"
彼,he,he,"64x64 pixel art, minimal style, 3-5 colors, no text, clean pixel edges, simple composition, a symbolic representation of he, simple abstract form"
役,role,role,"64x64 pixel art, minimal style, 3-5 colors, no text, clean pixel edges, simple composition, a symbolic representation of role, simple abstract form"
徳,benevolence,benevolence,"64x64 pixel art, minimal style, 3-5 colors, no text, clean pixel edges, simple composition, a symbolic representation of benevolence, simple abstract form"
徹,penetrate,penetrate,"64x64 pixel art, minimal style, 3-5 colors, no text, clean pixel edges, simple composition, a symbolic representation of penetrate, simple abstract form"
徴,indications,indications,"64x64 pixel art, minimal style, 3-5 colors, no text, clean pixel edges, simple composition, a symbolic representation of indications, simple abstract form"
懲,penal,penal,"64x64 pixel art, minimal style, 3-5 colors, no text, clean pixel edges, simple composition, a symbolic representation of penal, simple abstract form"
微,delicate,delicate,"64x64 pixel art, minimal style, 3-5 colors, no text, clean pixel edges, simple composition, a symbolic representation of delicate, simple abstract form"
街,boulevard,boulevard,"64x64 pixel art, minimal style, 3-5 colors, no text, clean pixel edges, simple composition, a symbolic representation of boulevard, simple abstract form"
桁,beam,beam,"64x64 pixel art, minimal style, 3-5 colors, no text, clean pixel edges, simple composition, a symbolic representation of beam, simple abstract form"
衡,equilibrium,equilibrium,"64x64 pixel art, minimal style, 3-5 colors, no text, clean pixel edges, simple composition, a symbolic representation of equilibrium, simple abstract form"
稿,draft,draft,"64x64 pixel art, minimal style, 3-5 colors, no text, clean pixel edges, simple composition, a symbolic representation of draft, simple abstract form"
稼,earnings,earnings,"64x64 pixel art, minimal style, 3-5 colors, no text, clean pixel edges, simple composition, a symbolic representation of earnings, simple abstract form"
程,extent,extent,"64x64 pixel art, minimal style, 3-5 colors, no text, clean pixel edges, simple composition, a symbolic representation of extent, simple abstract form"
税,tax,tax,"64x64 pixel art, minimal style, 3-5 colors, no text, clean pixel edges, simple composition, a symbolic representation of tax, simple abstract form"
稚,immature,immature,"64x64 pixel art, minimal style, 3-5 colors, no text, clean pixel edges, simple composition, a symbolic representation of immature, simple abstract form"
和,harmony,harmony,"64x64 pixel art, minimal style, 3-5 colors, no text, clean pixel edges, simple composition, a symbolic representation of harmony, simple abstract form"
移,shift,shift,"64x64 pixel art, minimal style, 3-5 colors, no text, clean pixel edges, simple composition, a symbolic representation of shift, simple abstract form"
秒,second,second,"64x64 pixel art, minimal style, 3-5 colors, no text, clean pixel edges, simple composition, a symbolic representation of second, simple abstract form"
秋,autumn,autumn,"64x64 pixel art, minimal style, 3-5 colors, no text, clean pixel edges, simple composition, a symbolic representation of autumn, simple abstract form"
愁,distress,distress,"64x64 pixel art, minimal style, 3-5 colors, no text, clean pixel edges, simple composition, a symbolic representation of distress, simple abstract form"
私,me,me,"64x64 pixel art, minimal style, 3-5 colors, no text, clean pixel edges, simple composition, a symbolic representation of me, simple abstract form"
秩,regularity,regularity,"64x64 pixel art, minimal style, 3-5 colors, no text, clean pixel edges, simple composition, a symbolic representation of regularity, simple abstract form"
秘,secret,secret,"64x64 pixel art, minimal style, 3-5 colors, no text, clean pixel edges, simple composition, a symbolic representation of secret, simple abstract form"
称,appellation,appellation,"64x64 pixel art, minimal style, 3-5 colors, no text, clean pixel edges, simple composition, a symbolic representation of appellation, simple abstract form"
利,profit,profit,"64x64 pixel art, minimal style, 3-5 colors, no text, clean pixel edges, simple composition, a symbolic representation of profit, simple abstract form"
梨,pear_tree,pear_tree,"64x64 pixel art, minimal style, 3-5 colors, no text, clean pixel edges, simple composition, a symbolic representation of pear_tree, simple abstract form"
穫,harvest,harvest,"64x64 pixel art, minimal style, 3-5 colors, no text, clean pixel edges, simple composition, a symbolic representation of harvest, simple abstract form"
穂,ear_of_plant,ear_of_plant,"64x64 pixel art, minimal style, 3-5 colors, no text, clean pixel edges, simple composition, a symbolic representation of ear_of_plant, simple abstract form"
稲,rice_plant,rice_plant,"64x64 pixel art, minimal style, 3-5 colors, no text, clean pixel edges, simple composition, a symbolic representation of rice_plant, simple abstract form"
香,incense,incense,"64x64 pixel art, minimal style, 3-5 colors, no text, clean pixel edges, simple composition, a symbolic representation of incense, simple abstract form"
季,seasons,seasons,"64x64 pixel art, minimal style, 3-5 colors, no text, clean pixel edges, simple composition, a symbolic representation of seasons, simple abstract form"
委,committee,committee,"64x64 pixel art, minimal style, 3-5 colors, no text, clean pixel edges, simple composition, a symbolic representation of committee, simple abstract form"
秀,excel,excel,"64x64 pixel art, minimal style, 3-5 colors, no text, clean pixel edges, simple composition, a symbolic representation of excel, simple abstract form"
透,transparent,transparent,"64x64 pixel art, minimal style, 3-5 colors, no text, clean pixel edges, simple composition, a symbolic representation of transparent, simple abstract form"
誘,entice,entice,"64x64 pixel art, minimal style, 3-5 colors, no text, clean pixel edges, simple composition, a symbolic representation of entice, simple abstract form"
稽,examine,examine,"64x64 pixel art, minimal style, 3-5 colors, no text, clean pixel edges, simple composition, a symbolic representation of examine, simple abstract form"
穀,cereals,cereals,"64x64 pixel art, minimal style, 3-5 colors, no text, clean pixel edges, simple composition, a symbolic representation of cereals, simple abstract form"
菌,germ,germ,"64x64 pixel art, minimal style, 3-5 colors, no text, clean pixel edges, simple composition, a symbolic representation of germ, simple abstract form"
萎,numb,numb,"64x64 pixel art, minimal style, 3-5 colors, no text, clean pixel edges, simple composition, a symbolic representation of numb, simple abstract form"
米,rice,rice,"64x64 pixel art, minimal style, 3-5 colors, no text, clean pixel edges, simple composition, a symbolic representation of rice, simple abstract form"
粉,flour,flour,"64x64 pixel art, minimal style, 3-5 colors, no text, clean pixel edges, simple composition, a symbolic representation of flour, simple abstract form"
粘,sticky,sticky,"64x64 pixel art, minimal style, 3-5 colors, no text, clean pixel edges, simple composition, a symbolic representation of sticky, simple abstract form"
粒,grains,grains,"64x64 pixel art, minimal style, 3-5 colors, no text, clean pixel edges, simple composition, a symbolic representation of grains, simple abstract form"
粧,cosmetics,cosmetics,"64x64 pixel art, minimal style, 3-5 colors, no text, clean pixel edges, simple composition, a symbolic representation of cosmetics, simple abstract form"
迷,astray,astray,"64x64 pixel art, minimal style, 3-5 colors, no text, clean pixel edges, simple composition, a symbolic representation of astray, simple abstract form"
粋,chic,chic,"64x64 pixel art, minimal style, 3-5 colors, no text, clean pixel edges, simple composition, a symbolic representation of chic, simple abstract form"
謎,riddle,riddle,"64x64 pixel art, minimal style, 3-5 colors, no text, clean pixel edges, simple composition, a symbolic representation of riddle, simple abstract form"
糧,provisions,provisions,"64x64 pixel art, minimal style, 3-5 colors, no text, clean pixel edges, simple composition, a symbolic representation of provisions, simple abstract form"
菊,chrysanthemum,chrysanthemum,"64x64 pixel art, minimal style, 3-5 colors, no text, clean pixel edges, simple composition, a symbolic representation of chrysanthemum, simple abstract form"
奥,inner,inner,"64x64 pixel art, minimal style, 3-5 colors, no text, clean pixel edges, simple composition, a symbolic representation of inner, simple abstract form"
数,number,number,"64x64 pixel art, minimal style, 3-5 colors, no text, clean pixel edges, simple composition, a symbolic representation of number, simple abstract form"
楼,watchtower,watchtower,"64x64 pixel art, minimal style, 3-5 colors, no text, clean pixel edges, simple composition, a symbolic representation of watchtower, simple abstract form"
類,sort,sort,"64x64 pixel art, minimal style, 3-5 colors, no text, clean pixel edges, simple composition, a symbolic representation of sort, simple abstract form"
漆,lacquer,lacquer,"64x64 pixel art, minimal style, 3-5 colors, no text, clean pixel edges, simple composition, a symbolic representation of lacquer, simple abstract form"
膝,knee,knee,"64x64 pixel art, minimal style, 3-5 colors, no text, clean pixel edges, simple composition, a symbolic representation of knee, simple abstract form"
様,formal_title,formal_title,"64x64 pixel art, minimal style, 3-5 colors, no text, clean pixel edges, simple composition, a symbolic representation of formal_title, simple abstract form"
求,request,request,"64x64 pixel art, minimal style, 3-5 colors, no text, clean pixel edges, simple composition, a symbolic representation of request, simple abstract form"
球,sphere,sphere,"64x64 pixel art, minimal style, 3-5 colors, no text, clean pixel edges, simple composition, a symbolic representation of sphere, simple abstract form"
救,salvation,salvation,"64x64 pixel art, minimal style, 3-5 colors, no text, clean pixel edges, simple composition, a symbolic representation of salvation, simple abstract form"
竹,bamboo,bamboo,"64x64 pixel art, minimal style, 3-5 colors, no text, clean pixel edges, simple composition, a symbolic representation of bamboo, simple abstract form"
笑,laugh,laugh,"64x64 pixel art, minimal style, 3-5 colors, no text, clean pixel edges, simple composition, a symbolic representation of laugh, simple abstract form"
笠,bamboo_hat,bamboo_hat,"64x64 pixel art, minimal style, 3-5 colors, no text, clean pixel edges, simple composition, a symbolic representation of bamboo_hat, simple abstract form"
笹,bamboo_grass,bamboo_grass,"64x64 pixel art, minimal style, 3-5 colors, no text, clean pixel edges, simple composition, a symbolic representation of bamboo_grass, simple abstract form"
箋,stationery,stationery,"64x64 pixel art, minimal style, 3-5 colors, no text, clean pixel edges, simple composition, a symbolic representation of stationery, simple abstract form"
筋,muscle,muscle,"64x64 pixel art, minimal style, 3-5 colors, no text, clean pixel edges, simple composition, a symbolic representation of muscle, simple abstract form"
箱,box,box,"64x64 pixel art, minimal style, 3-5 colors, no text, clean pixel edges, simple composition, a symbolic representation of box, simple abstract form"
筆,writing_brush,writing_brush,"64x64 pixel art, minimal style, 3-5 colors, no text, clean pixel edges, simple composition, a symbolic representation of writing_brush, simple abstract form"
筒,cylinder,cylinder,"64x64 pixel art, minimal style, 3-5 colors, no text, clean pixel edges, simple composition, a symbolic representation of cylinder, simple abstract form"
等,etc,etc,"64x64 pixel art, minimal style, 3-5 colors, no text, clean pixel edges, simple composition, a symbolic representation of etc, simple abstract form"
算,calculate,calculate,"64x64 pixel art, minimal style, 3-5 colors, no text, clean pixel edges, simple composition, a symbolic representation of calculate, simple abstract form"
答,answer,answer,"64x64 pixel art, minimal style, 3-5 colors, no text, clean pixel edges, simple composition, a symbolic representation of answer, simple abstract form"
策,scheme,scheme,"64x64 pixel art, minimal style, 3-5 colors, no text, clean pixel edges, simple composition, a symbolic representation of scheme, simple abstract form"
簿,register,register,"64x64 pixel art, minimal style, 3-5 colors, no text, clean pixel edges, simple composition, a symbolic representation of register, simple abstract form"
築,fabricate,fabricate,"64x64 pixel art, minimal style, 3-5 colors, no text, clean pixel edges, simple composition, a symbolic representation of fabricate, simple abstract form"
篭,basket,basket,"64x64 pixel art, minimal style, 3-5 colors, no text, clean pixel edges, simple composition, a symbolic representation of basket, simple abstract form"
人,person,person,"64x64 pixel art, minimal style, 3-5 colors, no text, clean pixel edges, simple composition, a simple human figure representing person, minimal pose"
佐,assistant,assistant,"64x64 pixel art, minimal style, 3-5 colors, no text, clean pixel edges, simple composition, a symbolic representation of assistant, simple abstract form"
侶,partner,partner,"64x64 pixel art, minimal style, 3-5 colors, no text, clean pixel edges, simple composition, a symbolic representation of partner, simple abstract form"
但,however,however,"64x64 pixel art, minimal style, 3-5 colors, no text, clean pixel edges, simple composition, a symbolic representation of however, simple abstract form"
住,dwelling,dwelling,"64x64 pixel art, minimal style, 3-5 colors, no text, clean pixel edges, simple composition, a symbolic representation of dwelling, simple abstract form"
位,rank,rank,"64x64 pixel art, minimal style, 3-5 colors, no text, clean pixel edges, simple composition, a symbolic representation of rank, simple abstract form"
仲,go_between,go_between,"64x64 pixel art, minimal style, 3-5 colors, no text, clean pixel edges, simple composition, a symbolic representation of go_between, simple abstract form"
体,body,body,"64x64 pixel art, minimal style, 3-5 colors, no text, clean pixel edges, simple composition, a symbolic representation of body, simple abstract form"
悠,permanence,permanence,"64x64 pixel art, minimal style, 3-5 colors, no text, clean pixel edges, simple composition, a symbolic representation of permanence, simple abstract form"
件,affair,affair,"64x64 pixel art, minimal style, 3-5 colors, no text, clean pixel edges, simple composition, a symbolic representation of affair, simple abstract form"
仕,attend_to,attend_to,"64x64 pixel art, minimal style, 3-5 colors, no text, clean pixel edges, simple composition, a symbolic representation of attend_to, simple abstract form"
他,other,other,"64x64 pixel art, minimal style, 3-5 colors, no text, clean pixel edges, simple composition, a symbolic representation of other, simple abstract form"
伏,prostrated,prostrated,"64x64 pixel art, minimal style, 3-5 colors, no text, clean pixel edges, simple composition, a symbolic representation of prostrated, simple abstract form"
伝,transmit,transmit,"64x64 pixel art, minimal style, 3-5 colors, no text, clean pixel edges, simple composition, a symbolic representation of transmit, simple abstract form"
仏,buddha,buddha,"64x64 pixel art, minimal style, 3-5 colors, no text, clean pixel edges, simple composition, a symbolic representation of buddha, simple abstract form"
休,rest,rest,"64x64 pixel art, minimal style, 3-5 colors, no text, clean pixel edges, simple composition, a symbolic representation of rest, simple abstract form"
仮,temporary,temporary,"64x64 pixel art, minimal style, 3-5 colors, no text, clean pixel edges, simple composition, a symbolic representation of temporary, simple abstract form"
伎,performing artist,performing artist,"64x64 pixel art, minimal style, 3-5 colors, no text, clean pixel edges, simple composition, a symbolic representation of performing artist, simple abstract form"
伯,chief,chief,"64x64 pixel art, minimal style, 3-5 colors, no text, clean pixel edges, simple composition, a symbolic representation of chief, simple abstract form"
俗,vulgar,vulgar,"64x64 pixel art, minimal style, 3-5 colors, no text, clean pixel edges, simple composition, a symbolic representation of vulgar, simple abstract form"
信,faith,faith,"64x64 pixel art, minimal style, 3-5 colors, no text, clean pixel edges, simple composition, a symbolic representation of faith, simple abstract form"
佳,excellent,excellent,"64x64 pixel art, minimal style, 3-5 colors, no text, clean pixel edges, simple composition, a symbolic representation of excellent, simple abstract form"
依,reliant,reliant,"64x64 pixel art, minimal style, 3-5 colors, no text, clean pixel edges, simple composition, a symbolic representation of reliant, simple abstract form"
例,example,example,"64x64 pixel art, minimal style, 3-5 colors, no text, clean pixel edges, simple composition, a symbolic representation of example, simple abstract form"
個,individual,individual,"64x64 pixel art, minimal style, 3-5 colors, no text, clean pixel edges, simple composition, a symbolic representation of individual, simple abstract form"
健,healthy,healthy,"64x64 pixel art, minimal style, 3-5 colors, no text, clean pixel edges, simple composition, a symbolic representation of healthy, simple abstract form"
側,side,side,"64x64 pixel art, minimal style, 3-5 colors, no text, clean pixel edges, simple composition, a symbolic representation of side, simple abstract form"
侍,waiter,waiter,"64x64 pixel art, minimal style, 3-5 colors, no text, clean pixel edges, simple composition, a symbolic representation of waiter, simple abstract form"
停,halt,halt,"64x64 pixel art, minimal style, 3-5 colors, no text, clean pixel edges, simple composition, a symbolic representation of halt, simple abstract form"
値,value,value,"64x64 pixel art, minimal style, 3-5 colors, no text, clean pixel edges, simple composition, a symbolic representation of value, simple abstract form"
倣,emulate,emulate,"64x64 pixel art, minimal style, 3-5 colors, no text, clean pixel edges, simple composition, a symbolic representation of emulate, simple abstract form"
傲,arrogance,arrogance,"64x64 pixel art, minimal style, 3-5 colors, no text, clean pixel edges, simple composition, a symbolic representation of arrogance, simple abstract form"
倒,overthrow,overthrow,"64x64 pixel art, minimal style, 3-5 colors, no text, clean pixel edges, simple composition, a symbolic representation of overthrow, simple abstract form"
偵,spy,spy,"64x64 pixel art, minimal style, 3-5 colors, no text, clean pixel edges, simple composition, a symbolic representation of spy, simple abstract form"
僧,buddhist_priest,buddhist_priest,"64x64 pixel art, minimal style, 3-5 colors, no text, clean pixel edges, simple composition, a symbolic representation of buddhist_priest, simple abstract form"
億,hundred_million,hundred_million,"64x64 pixel art, minimal style, 3-5 colors, no text, clean pixel edges, simple composition, a symbolic representation of hundred_million, simple abstract form"
儀,ritual,ritual,"64x64 pixel art, minimal style, 3-5 colors, no text, clean pixel edges, simple composition, a symbolic representation of ritual, simple abstract form"
償,reparation,reparation,"64x64 pixel art, minimal style, 3-5 colors, no text, clean pixel edges, simple composition, a symbolic representation of reparation, simple abstract form"
仙,hermit,hermit,"64x64 pixel art, minimal style, 3-5 colors, no text, clean pixel edges, simple composition, a symbolic representation of hermit, simple abstract form"
催,sponsor,sponsor,"64x64 pixel art, minimal style, 3-5 colors, no text, clean pixel edges, simple composition, a symbolic representation of sponsor, simple abstract form"
仁,humanity,humanity,"64x64 pixel art, minimal style, 3-5 colors, no text, clean pixel edges, simple composition, a symbolic representation of humanity, simple abstract form"
侮,scorn,scorn,"64x64 pixel art, minimal style, 3-5 colors, no text, clean pixel edges, simple composition, a symbolic representation of scorn, simple abstract form"
使,use,use,"64x64 pixel art, minimal style, 3-5 colors, no text, clean pixel edges, simple composition, a symbolic representation of use, simple abstract form"
便,convenience,convenience,"64x64 pixel art, minimal style, 3-5 colors, no text, clean pixel edges, simple composition, a symbolic representation of convenience, simple abstract form"
倍,double,double,"64x64 pixel art, minimal style, 3-5 colors, no text, clean pixel edges, simple composition, a symbolic representation of double, simple abstract form"
優,tenderness,tenderness,"64x64 pixel art, minimal style, 3-5 colors, no text, clean pixel edges, simple composition, a symbolic representation of tenderness, simple abstract form"
伐,fell,fell,"64x64 pixel art, minimal style, 3-5 colors, no text, clean pixel edges, simple composition, a symbolic representation of fell, simple abstract form"
宿,inn,inn,"64x64 pixel art, minimal style, 3-5 colors, no text, clean pixel edges, simple composition, a symbolic representation of inn, simple abstract form"
傷,wound,wound,"64x64 pixel art, minimal style, 3-5 colors, no text, clean pixel edges, simple composition, a symbolic representation of wound, simple abstract form"
保,protect,protect,"64x64 pixel art, minimal style, 3-5 colors, no text, clean pixel edges, simple composition, a symbolic representation of protect, simple abstract form"
褒,praise,praise,"64x64 pixel art, minimal style, 3-5 colors, no text, clean pixel edges, simple composition, a symbolic representation of praise, simple abstract form"
傑,greatness,greatness,"64x64 pixel art, minimal style, 3-5 colors, no text, clean pixel edges, simple composition, a symbolic representation of greatness, simple abstract form"
付,adhere,adhere,"64x64 pixel art, minimal style, 3-5 colors, no text, clean pixel edges, simple composition, a symbolic representation of adhere, simple abstract form"
符,token,token,"64x64 pixel art, minimal style, 3-5 colors, no text, clean pixel edges, simple composition, a symbolic representation of token, simple abstract form"
府,municipality,municipality,"64x64 pixel art, minimal style, 3-5 colors, no text, clean pixel edges, simple composition, a symbolic representation of municipality, simple abstract form"
任,responsibility,responsibility,"64x64 pixel art, minimal style, 3-5 colors, no text, clean pixel edges, simple composition, a symbolic representation of responsibility, simple abstract form"
賃,fare,fare,"64x64 pixel art, minimal style, 3-5 colors, no text, clean pixel edges, simple composition, a symbolic representation of fare, simple abstract form"
代,substitute,substitute,"64x64 pixel art, minimal style, 3-5 colors, no text, clean pixel edges, simple composition, a symbolic representation of substitute, simple abstract form"
袋,sack,sack,"64x64 pixel art, minimal style, 3-5 colors, no text, clean pixel edges, simple composition, a symbolic representation of sack, simple abstract form"
貸,lend,lend,"64x64 pixel art, minimal style, 3-5 colors, no text, clean pixel edges, simple composition, a symbolic representation of lend, simple abstract form"
化,change,change,"64x64 pixel art, minimal style, 3-5 colors, no text, clean pixel edges, simple composition, a symbolic representation of change, simple abstract form"
花,flower,flower,"64x64 pixel art, minimal style, 3-5 colors, no text, clean pixel edges, simple composition, a symbolic representation of flower, simple abstract form"
貨,freight,freight,"64x64 pixel art, minimal style, 3-5 colors, no text, clean pixel edges, simple composition, a symbolic representation of freight, simple abstract form"
傾,lean,lean,"64x64 pixel art, minimal style, 3-5 colors, no text, clean pixel edges, simple composition, a symbolic representation of lean, simple abstract form"
何,what,what,"64x64 pixel art, minimal style, 3-5 colors, no text, clean pixel edges, simple composition, a symbolic representation of what, simple abstract form"
荷,baggage,baggage,"64x64 pixel art, minimal style, 3-5 colors, no text, clean pixel edges, simple composition, a symbolic representation of baggage, simple abstract form"
俊,sagacious,sagacious,"64x64 pixel art, minimal style, 3-5 colors, no text, clean pixel edges, simple composition, a symbolic representation of sagacious, simple abstract form"
傍,bystander,bystander,"64x64 pixel art, minimal style, 3-5 colors, no text, clean pixel edges, simple composition, a symbolic representation of bystander, simple abstract form"
俺,myself,myself,"64x64 pixel art, minimal style, 3-5 colors, no text, clean pixel edges, simple composition, a symbolic representation of myself, simple abstract form"
久,long_time,long_time,"64x64 pixel art, minimal style, 3-5 colors, no text, clean pixel edges, simple composition, a symbolic representation of long_time, simple abstract form"
畝,furrow,furrow,"64x64 pixel art, minimal style, 3-5 colors, no text, clean pixel edges, simple composition, a symbolic representation of furrow, simple abstract form"
囚,captured,captured,"64x64 pixel art, minimal style, 3-5 colors, no text, clean pixel edges, simple composition, a symbolic representation of captured, simple abstract form"
内,inside,inside,"64x64 pixel art, minimal style, 3-5 colors, no text, clean pixel edges, simple composition, a symbolic representation of inside, simple abstract form"
丙,third_class,third_class,"64x64 pixel art, minimal style, 3-5 colors, no text, clean pixel edges, simple composition, a symbolic representation of third_class, simple abstract form"
柄,design,design,"64x64 pixel art, minimal style, 3-5 colors, no text, clean pixel edges, simple composition, a symbolic representation of design, simple abstract form"
肉,meat,meat,"64x64 pixel art, minimal style, 3-5 colors, no text, clean pixel edges, simple composition, a symbolic representation of meat, simple abstract form"
腐,rot,rot,"64x64 pixel art, minimal style, 3-5 colors, no text, clean pixel edges, simple composition, a symbolic representation of rot, simple abstract form"
座,sit,sit,"64x64 pixel art, minimal style, 3-5 colors, no text, clean pixel edges, simple composition, a symbolic representation of sit, simple abstract form"
挫,sprain,sprain,"64x64 pixel art, minimal style, 3-5 colors, no text, clean pixel edges, simple composition, a symbolic representation of sprain, simple abstract form"
卒,graduate,graduate,"64x64 pixel art, minimal style, 3-5 colors, no text, clean pixel edges, simple composition, a symbolic representation of graduate, simple abstract form"
傘,umbrella,umbrella,"64x64 pixel art, minimal style, 3-5 colors, no text, clean pixel edges, simple composition, a symbolic representation of umbrella, simple abstract form"
匁,monme,monme,"64x64 pixel art, minimal style, 3-5 colors, no text, clean pixel edges, simple composition, a symbolic representation of monme, simple abstract form"
以,by_means_of,by_means_of,"64x64 pixel art, minimal style, 3-5 colors, no text, clean pixel edges, simple composition, a symbolic representation of by_means_of, simple abstract form"
似,resemble,resemble,"64x64 pixel art, minimal style, 3-5 colors, no text, clean pixel edges, simple composition, a symbolic representation of resemble, simple abstract form"
併,join,join,"64x64 pixel art, minimal style, 3-5 colors, no text, clean pixel edges, simple composition, a symbolic representation of join, simple abstract form"
瓦,tile,tile,"64x64 pixel art, minimal style, 3-5 colors, no text, clean pixel edges, simple composition, a symbolic representation of tile, simple abstract form"
瓶,flower_pot,flower_pot,"64x64 pixel art, minimal style, 3-5 colors, no text, clean pixel edges, simple composition, a symbolic representation of flower_pot, simple abstract form"
宮,shinto_shrine,shinto_shrine,"64x64 pixel art, minimal style, 3-5 colors, no text, clean pixel edges, simple composition, a symbolic representation of shinto_shrine, simple abstract form"
営,occupation,occupation,"64x64 pixel art, minimal style, 3-5 colors, no text, clean pixel edges, simple composition, a symbolic representation of occupation, simple abstract form"
善,virtuous,virtuous,"64x64 pixel art, minimal style, 3-5 colors, no text, clean pixel edges, simple composition, a symbolic representation of virtuous, simple abstract form"
膳,dining_tray,dining_tray,"64x64 pixel art, minimal style, 3-5 colors, no text, clean pixel edges, simple composition, a symbolic representation of dining_tray, simple abstract form"
年,year,year,"64x64 pixel art, minimal style, 3-5 colors, no text, clean pixel edges, simple composition, a symbolic representation of year, simple abstract form"
夜,night,night,"64x64 pixel art, minimal style, 3-5 colors, no text, clean pixel edges, simple composition, a symbolic representation of night, simple abstract form"
液,fluid,fluid,"64x64 pixel art, minimal style, 3-5 colors, no text, clean pixel edges, simple composition, a symbolic representation of fluid, simple abstract form"
塚,hillock,hillock,"64x64 pixel art, minimal style, 3-5 colors, no text, clean pixel edges, simple composition, a symbolic representation of hillock, simple abstract form"
幣,cash,cash,"64x64 pixel art, minimal style, 3-5 colors, no text, clean pixel edges, simple composition, a symbolic representation of cash, simple abstract form"
蔽,cover_over,cover_over,"64x64 pixel art, minimal style, 3-5 colors, no text, clean pixel edges, simple composition, a symbolic representation of cover_over, simple abstract form"
弊,abuse,abuse,"64x64 pixel art, minimal style, 3-5 colors, no text, clean pixel edges, simple composition, a symbolic representation of abuse, simple abstract form"
喚,yell,yell,"64x64 pixel art, minimal style, 3-5 colors, no text, clean pixel edges, simple composition, a symbolic representation of yell, simple abstract form"
換,interchange,interchange,"64x64 pixel art, minimal style, 3-5 colors, no text, clean pixel edges, simple composition, a symbolic representation of interchange, simple abstract form"
融,dissolve,dissolve,"64x64 pixel art, minimal style, 3-5 colors, no text, clean pixel edges, simple composition, a symbolic representation of dissolve, simple abstract form"
施,alms,alms,"64x64 pixel art, minimal style, 3-5 colors, no text, clean pixel edges, simple composition, a symbolic representation of alms, simple abstract form"
旋,rotation,rotation,"64x64 pixel art, minimal style, 3-5 colors, no text, clean pixel edges, simple composition, a symbolic representation of rotation, simple abstract form"
遊,play,play,"64x64 pixel art, minimal style, 3-5 colors, no text, clean pixel edges, simple composition, a symbolic representation of play, simple abstract form"
旅,trip,trip,"64x64 pixel art, minimal style, 3-5 colors, no text, clean pixel edges, simple composition, a symbolic representation of trip, simple abstract form"
勿,must_not,must_not,"64x64 pixel art, minimal style, 3-5 colors, no text, clean pixel edges, simple composition, a symbolic representation of must_not, simple abstract form"
物,thing,thing,"64x64 pixel art, minimal style, 3-5 colors, no text, clean pixel edges, simple composition, a symbolic representation of thing, simple abstract form"
易,easy,easy,"64x64 pixel art, minimal style, 3-5 colors, no text, clean pixel edges, simple composition, a symbolic representation of easy, simple abstract form"
賜,grant,grant,"64x64 pixel art, minimal style, 3-5 colors, no text, clean pixel edges, simple composition, a symbolic representation of grant, simple abstract form"
尿,urine,urine,"64x64 pixel art, minimal style, 3-5 colors, no text, clean pixel edges, simple composition, a symbolic representation of urine, simple abstract form"
尼,nun,nun,"64x64 pixel art, minimal style, 3-5 colors, no text, clean pixel edges, simple composition, a symbolic representation of nun, simple abstract form"
尻,buttocks,buttocks,"64x64 pixel art, minimal style, 3-5 colors, no text, clean pixel edges, simple composition, a symbolic representation of buttocks, simple abstract form"
泥,mud,mud,"64x64 pixel art, minimal style, 3-5 colors, no text, clean pixel edges, simple composition, a symbolic representation of mud, simple abstract form"
塀,brick_wall,brick_wall,"64x64 pixel art, minimal style, 3-5 colors, no text, clean pixel edges, simple composition, a symbolic representation of brick_wall, simple abstract form"
履,footgear,footgear,"64x64 pixel art, minimal style, 3-5 colors, no text, clean pixel edges, simple composition, a symbolic representation of footgear, simple abstract form"
屋,roof,roof,"64x64 pixel art, minimal style, 3-5 colors, no text, clean pixel edges, simple composition, a symbolic representation of roof, simple abstract form"
握,grip,grip,"64x64 pixel art, minimal style, 3-5 colors, no text, clean pixel edges, simple composition, a symbolic representation of grip, simple abstract form"
屈,yield,yield,"64x64 pixel art, minimal style, 3-5 colors, no text, clean pixel edges, simple composition, a symbolic representation of yield, simple abstract form"
掘,dig,dig,"64x64 pixel art, minimal style, 3-5 colors, no text, clean pixel edges, simple composition, a symbolic representation of dig, simple abstract form"
堀,ditch,ditch,"64x64 pixel art, minimal style, 3-5 colors, no text, clean pixel edges, simple composition, a symbolic representation of ditch, simple abstract form"
居,reside,reside,"64x64 pixel art, minimal style, 3-5 colors, no text, clean pixel edges, simple composition, a symbolic representation of reside, simple abstract form"
据,set,set,"64x64 pixel art, minimal style, 3-5 colors, no text, clean pixel edges, simple composition, a symbolic representation of set, simple abstract form"
裾,hem,hem,"64x64 pixel art, minimal style, 3-5 colors, no text, clean pixel edges, simple composition, a symbolic representation of hem, simple abstract form"
層,stratum,stratum,"64x64 pixel art, minimal style, 3-5 colors, no text, clean pixel edges, simple composition, a symbolic representation of stratum, simple abstract form"
局,bureau,bureau,"64x64 pixel art, minimal style, 3-5 colors, no text, clean pixel edges, simple composition, a symbolic representation of bureau, simple abstract form"
遅,slow,slow,"64x64 pixel art, minimal style, 3-5 colors, no text, clean pixel edges, simple composition, a symbolic representation of slow, simple abstract form"
漏,leak,leak,"64x64 pixel art, minimal style, 3-5 colors, no text, clean pixel edges, simple composition, a symbolic representation of leak, simple abstract form"
刷,printing,printing,"64x64 pixel art, minimal style, 3-5 colors, no text, clean pixel edges, simple composition, a symbolic representation of printing, simple abstract form"
尺,shaku,shaku,"64x64 pixel art, minimal style, 3-5 colors, no text, clean pixel edges, simple composition, a symbolic representation of shaku, simple abstract form"
尽,exhaust,exhaust,"64x64 pixel art, minimal style, 3-5 colors, no text, clean pixel edges, simple composition, a symbolic representation of exhaust, simple abstract form"
沢,swamp,swamp,"64x64 pixel art, minimal style, 3-5 colors, no text, clean pixel edges, simple composition, a symbolic representation of swamp, simple abstract form"
訳,translate,translate,"64x64 pixel art, minimal style, 3-5 colors, no text, clean pixel edges, simple composition, a symbolic representation of translate, simple abstract form"
択,choose,choose,"64x64 pixel art, minimal style, 3-5 colors, no text, clean pixel edges, simple composition, a symbolic representation of choose, simple abstract form"
昼,daytime,daytime,"64x64 pixel art, minimal style, 3-5 colors, no text, clean pixel edges, simple composition, a symbolic representation of daytime, simple abstract form"
戸,door,door,"64x64 pixel art, minimal style, 3-5 colors, no text, clean pixel edges, simple composition, a symbolic representation of door, simple abstract form"
肩,shoulder,shoulder,"64x64 pixel art, minimal style, 3-5 colors, no text, clean pixel edges, simple composition, a symbolic representation of shoulder, simple abstract form"
房,tassel,tassel,"64x64 pixel art, minimal style, 3-5 colors, no text, clean pixel edges, simple composition, a symbolic representation of tassel, simple abstract form"
扇,fan,fan,"64x64 pixel art, minimal style, 3-5 colors, no text, clean pixel edges, simple composition, a symbolic representation of fan, simple abstract form"
炉,hearth,hearth,"64x64 pixel art, minimal style, 3-5 colors, no text, clean pixel edges, simple composition, a symbolic representation of hearth, simple abstract form"
戻,revert,revert,"64x64 pixel art, minimal style, 3-5 colors, no text, clean pixel edges, simple composition, a symbolic representation of revert, simple abstract form"
涙,tears,tears,"64x64 pixel art, minimal style, 3-5 colors, no text, clean pixel edges, simple composition, a symbolic representation of tears, simple abstract form"
雇,employ,employ,"64x64 pixel art, minimal style, 3-5 colors, no text, clean pixel edges, simple composition, a symbolic representation of employ, simple abstract form"
顧,look_back,look_back,"64x64 pixel art, minimal style, 3-5 colors, no text, clean pixel edges, simple composition, a symbolic representation of look_back, simple abstract form"
啓,disclose,disclose,"64x64 pixel art, minimal style, 3-5 colors, no text, clean pixel edges, simple composition, a symbolic representation of disclose, simple abstract form"
示,indicate,indicate,"64x64 pixel art, minimal style, 3-5 colors, no text, clean pixel edges, simple composition, a symbolic representation of indicate, simple abstract form"
礼,thanks,thanks,"64x64 pixel art, minimal style, 3-5 colors, no text, clean pixel edges, simple composition, a symbolic representation of thanks, simple abstract form"
祥,auspicious,auspicious,"64x64 pixel art, minimal style, 3-5 colors, no text, clean pixel edges, simple composition, a symbolic representation of auspicious, simple abstract form"
祝,celebrate,celebrate,"64x64 pixel art, minimal style, 3-5 colors, no text, clean pixel edges, simple composition, a symbolic representation of celebrate, simple abstract form"
福,blessing,blessing,"64x64 pixel art, minimal style, 3-5 colors, no text, clean pixel edges, simple composition, a symbolic representation of blessing, simple abstract form"
祉,welfare,welfare,"64x64 pixel art, minimal style, 3-5 colors, no text, clean pixel edges, simple composition, a symbolic representation of welfare, simple abstract form"
社,company,company,"64x64 pixel art, minimal style, 3-5 colors, no text, clean pixel edges, simple composition, a symbolic representation of company, simple abstract form"
視,inspection,inspection,"64x64 pixel art, minimal style, 3-5 colors, no text, clean pixel edges, simple composition, a symbolic representation of inspection, simple abstract form"
奈,nara,nara,"64x64 pixel art, minimal style, 3-5 colors, no text, clean pixel edges, simple composition, a symbolic representation of nara, simple abstract form"
尉,military_officer,military_officer,"64x64 pixel art, minimal style, 3-5 colors, no text, clean pixel edges, simple composition, a symbolic representation of military_officer, simple abstract form"
慰,consolation,consolation,"64x64 pixel art, minimal style, 3-5 colors, no text, clean pixel edges, simple composition, a symbolic representation of consolation, simple abstract form"
款,goodwill,goodwill,"64x64 pixel art, minimal style, 3-5 colors, no text, clean pixel edges, simple composition, a symbolic representation of goodwill, simple abstract form"
禁,prohibition,prohibition,"64x64 pixel art, minimal style, 3-5 colors, no text, clean pixel edges, simple composition, a symbolic representation of prohibition, simple abstract form"
襟,collar,collar,"64x64 pixel art, minimal style, 3-5 colors, no text, clean pixel edges, simple composition, a symbolic representation of collar, simple abstract form"
宗,religion,religion,"64x64 pixel art, minimal style, 3-5 colors, no text, clean pixel edges, simple composition, a symbolic representation of religion, simple abstract form"
崇,adore,adore,"64x64 pixel art, minimal style, 3-5 colors, no text, clean pixel edges, simple composition, a symbolic representation of adore, simple abstract form"
祭,festival,festival,"64x64 pixel art, minimal style, 3-5 colors, no text, clean pixel edges, simple composition, a symbolic representation of festival, simple abstract form"
察,guess,guess,"64x64 pixel art, minimal style, 3-5 colors, no text, clean pixel edges, simple composition, a symbolic representation of guess, simple abstract form"
擦,grate,grate,"64x64 pixel art, minimal style, 3-5 colors, no text, clean pixel edges, simple composition, a symbolic representation of grate, simple abstract form"
由,wherefore,wherefore,"64x64 pixel art, minimal style, 3-5 colors, no text, clean pixel edges, simple composition, a symbolic representation of wherefore, simple abstract form"
抽,pluck,pluck,"64x64 pixel art, minimal style, 3-5 colors, no text, clean pixel edges, simple composition, a symbolic representation of pluck, simple abstract form"
油,oil,oil,"64x64 pixel art, minimal style, 3-5 colors, no text, clean pixel edges, simple composition, a symbolic representation of oil, simple abstract form"
袖,sleeve,sleeve,"64x64 pixel art, minimal style, 3-5 colors, no text, clean pixel edges, simple composition, a symbolic representation of sleeve, simple abstract form"
宙,midair,midair,"64x64 pixel art, minimal style, 3-5 colors, no text, clean pixel edges, simple composition, a symbolic representation of midair, simple abstract form"
届,deliver,deliver,"64x64 pixel art, minimal style, 3-5 colors, no text, clean pixel edges, simple composition, a symbolic representation of deliver, simple abstract form"
笛,flute,flute,"64x64 pixel art, minimal style, 3-5 colors, no text, clean pixel edges, simple composition, a symbolic representation of flute, simple abstract form"
軸,axis,axis,"64x64 pixel art, minimal style, 3-5 colors, no text, clean pixel edges, simple composition, a symbolic representation of axis, simple abstract form"
甲,armor,armor,"64x64 pixel art, minimal style, 3-5 colors, no text, clean pixel edges, simple composition, a symbolic representation of armor, simple abstract form"
押,push,push,"64x64 pixel art, minimal style, 3-5 colors, no text, clean pixel edges, simple composition, a symbolic representation of push, simple abstract form"
岬,headland,headland,"64x64 pixel art, minimal style, 3-5 colors, no text, clean pixel edges, simple composition, a symbolic representation of headland, simple abstract form"
挿,insert,insert,"64x64 pixel art, minimal style, 3-5 colors, no text, clean pixel edges, simple composition, a symbolic representation of insert, simple abstract form"
申,declare,declare,"64x64 pixel art, minimal style, 3-5 colors, no text, clean pixel edges, simple composition, a symbolic representation of declare, simple abstract form"
伸,expand,expand,"64x64 pixel art, minimal style, 3-5 colors, no text, clean pixel edges, simple composition, a symbolic representation of expand, simple abstract form"
神,gods,gods,"64x64 pixel art, minimal style, 3-5 colors, no text, clean pixel edges, simple composition, a symbolic representation of gods, simple abstract form"
捜,search,search,"64x64 pixel art, minimal style, 3-5 colors, no text, clean pixel edges, simple composition, a symbolic representation of search, simple abstract form"
果,fruit,fruit,"64x64 pixel art, minimal style, 3-5 colors, no text, clean pixel edges, simple composition, a symbolic representation of fruit, simple abstract form"
菓,confectionery,confectionery,"64x64 pixel art, minimal style, 3-5 colors, no text, clean pixel edges, simple composition, a symbolic representation of confectionery, simple abstract form"
課,sub-division,sub-division,"64x64 pixel art, minimal style, 3-5 colors, no text, clean pixel edges, simple composition, a symbolic representation of sub-division, simple abstract form"
裸,naked,naked,"64x64 pixel art, minimal style, 3-5 colors, no text, clean pixel edges, simple composition, a symbolic representation of naked, simple abstract form"
斤,axe,axe,"64x64 pixel art, minimal style, 3-5 colors, no text, clean pixel edges, simple composition, a symbolic representation of axe, simple abstract form"
析,chop,chop,"64x64 pixel art, minimal style, 3-5 colors, no text, clean pixel edges, simple composition, a symbolic representation of chop, simple abstract form"
所,place,place,"64x64 pixel art, minimal style, 3-5 colors, no text, clean pixel edges, simple composition, a symbolic representation of place, simple abstract form"
祈,pray,pray,"64x64 pixel art, minimal style, 3-5 colors, no text, clean pixel edges, simple composition, a symbolic representation of pray, simple abstract form"
近,near,near,"64x64 pixel art, minimal style, 3-5 colors, no text, clean pixel edges, simple composition, a symbolic representation of near, simple abstract form"
折,fold,fold,"64x64 pixel art, minimal style, 3-5 colors, no text, clean pixel edges, simple composition, a symbolic representation of fold, simple abstract form"
哲,philosophy,philosophy,"64x64 pixel art, minimal style, 3-5 colors, no text, clean pixel edges, simple composition, a symbolic representation of philosophy, simple abstract form"
逝,departed,departed,"64x64 pixel art, minimal style, 3-5 colors, no text, clean pixel edges, simple composition, a symbolic representation of departed, simple abstract form"
誓,vow,vow,"64x64 pixel art, minimal style, 3-5 colors, no text, clean pixel edges, simple composition, a symbolic representation of vow, simple abstract form"
斬,chop_off,chop_off,"64x64 pixel art, minimal style, 3-5 colors, no text, clean pixel edges, simple composition, a symbolic representation of chop_off, simple abstract form"
暫,temporarily,temporarily,"64x64 pixel art, minimal style, 3-5 colors, no text, clean pixel edges, simple composition, a symbolic representation of temporarily, simple abstract form"
漸,steadily,steadily,"64x64 pixel art, minimal style, 3-5 colors, no text, clean pixel edges, simple composition, a symbolic representation of steadily, simple abstract form"
断,cut_off,cut_off,"64x64 pixel art, minimal style, 3-5 colors, no text, clean pixel edges, simple composition, a symbolic representation of cut_off, simple abstract form"
質,quality,quality,"64x64 pixel art, minimal style, 3-5 colors, no text, clean pixel edges, simple composition, a symbolic representation of quality, simple abstract form"
斥,reject,reject,"64x64 pixel art, minimal style, 3-5 colors, no text, clean pixel edges, simple composition, a symbolic representation of reject, simple abstract form"
訴,sue,sue,"64x64 pixel art, minimal style, 3-5 colors, no text, clean pixel edges, simple composition, a symbolic representation of sue, simple abstract form"
昨,previous_day,previous_day,"64x64 pixel art, minimal style, 3-5 colors, no text, clean pixel edges, simple composition, a symbolic representation of previous_day, simple abstract form"
詐,lie,lie,"64x64 pixel art, minimal style, 3-5 colors, no text, clean pixel edges, simple composition, a symbolic representation of lie, simple abstract form"
作,make,make,"64x64 pixel art, minimal style, 3-5 colors, no text, clean pixel edges, simple composition, a symbolic representation of make, simple abstract form"
雪,snow,snow,"64x64 pixel art, minimal style, 3-5 colors, no text, clean pixel edges, simple composition, a symbolic representation of snow, simple abstract form"
録,record,record,"64x64 pixel art, minimal style, 3-5 colors, no text, clean pixel edges, simple composition, a symbolic representation of record, simple abstract form"
剥,peel_off,peel_off,"64x64 pixel art, minimal style, 3-5 colors, no text, clean pixel edges, simple composition, a symbolic representation of peel_off, simple abstract form"
尋,inquire,inquire,"64x64 pixel art, minimal style, 3-5 colors, no text, clean pixel edges, simple composition, a symbolic representation of inquire, simple abstract form"
急,hurry,hurry,"64x64 pixel art, minimal style, 3-5 colors, no text, clean pixel edges, simple composition, a symbolic representation of hurry, simple abstract form"
穏,calm,calm,"64x64 pixel art, minimal style, 3-5 colors, no text, clean pixel edges, simple composition, a symbolic representation of calm, simple abstract form"
侵,encroach,encroach,"64x64 pixel art, minimal style, 3-5 colors, no text, clean pixel edges, simple composition, a symbolic representation of encroach, simple abstract form"
浸,immersed,immersed,"64x64 pixel art, minimal style, 3-5 colors, no text, clean pixel edges, simple composition, a symbolic representation of immersed, simple abstract form"
寝,lie_down,lie_down,"64x64 pixel art, minimal style, 3-5 colors, no text, clean pixel edges, simple composition, a symbolic representation of lie_down, simple abstract form"
婦,lady,lady,"64x64 pixel art, minimal style, 3-5 colors, no text, clean pixel edges, simple composition, a symbolic representation of lady, simple abstract form"
掃,sweep,sweep,"64x64 pixel art, minimal style, 3-5 colors, no text, clean pixel edges, simple composition, a symbolic representation of sweep, simple abstract form"
当,hit,hit,"64x64 pixel art, minimal style, 3-5 colors, no text, clean pixel edges, simple composition, a symbolic representation of hit, simple abstract form"
彙,glossary,glossary,"64x64 pixel art, minimal style, 3-5 colors, no text, clean pixel edges, simple composition, a symbolic representation of glossary, simple abstract form"
争,conflict,conflict,"64x64 pixel art, minimal style, 3-5 colors, no text, clean pixel edges, simple composition, a symbolic representation of conflict, simple abstract form"
浄,clean,clean,"64x64 pixel art, minimal style, 3-5 colors, no text, clean pixel edges, simple composition, a symbolic representation of clean, simple abstract form"
事,abstract_thing,abstract_thing,"64x64 pixel art, minimal style, 3-5 colors, no text, clean pixel edges, simple composition, a symbolic representation of abstract_thing, simple abstract form"
唐,tang_dynasty,tang_dynasty,"64x64 pixel art, minimal style, 3-5 colors, no text, clean pixel edges, simple composition, a symbolic representation of tang_dynasty, simple abstract form"
糖,sugar,sugar,"64x64 pixel art, minimal style, 3-5 colors, no text, clean pixel edges, simple composition, a symbolic representation of sugar, simple abstract form"
康,health,health,"64x64 pixel art, minimal style, 3-5 colors, no text, clean pixel edges, simple composition, a symbolic representation of health, simple abstract form"
逮,apprehend,apprehend,"64x64 pixel art, minimal style, 3-5 colors, no text, clean pixel edges, simple composition, a symbolic representation of apprehend, simple abstract form"
伊,italy,italy,"64x64 pixel art, minimal style, 3-5 colors, no text, clean pixel edges, simple composition, a symbolic representation of italy, simple abstract form"
君,lord,lord,"64x64 pixel art, minimal style, 3-5 colors, no text, clean pixel edges, simple composition, a symbolic representation of lord, simple abstract form"
群,flock,flock,"64x64 pixel art, minimal style, 3-5 colors, no text, clean pixel edges, simple composition, a symbolic representation of flock, simple abstract form"
耐,endure,endure,"64x64 pixel art, minimal style, 3-5 colors, no text, clean pixel edges, simple composition, a symbolic representation of endure, simple abstract form"
需,demand,demand,"64x64 pixel art, minimal style, 3-5 colors, no text, clean pixel edges, simple composition, a symbolic representation of demand, simple abstract form"
儒,confucian,confucian,"64x64 pixel art, minimal style, 3-5 colors, no text, clean pixel edges, simple composition, a symbolic representation of confucian, simple abstract form"
端,edge,edge,"64x64 pixel art, minimal style, 3-5 colors, no text, clean pixel edges, simple composition, a symbolic representation of edge, simple abstract form"
両,both,both,"64x64 pixel art, minimal style, 3-5 colors, no text, clean pixel edges, simple composition, a symbolic representation of both, simple abstract form"
満,full,full,"64x64 pixel art, minimal style, 3-5 colors, no text, clean pixel edges, simple composition, a symbolic representation of full, simple abstract form"
画,draw,draw,"64x64 pixel art, minimal style, 3-5 colors, no text, clean pixel edges, simple composition, a symbolic representation of draw, simple abstract form"
歯,tooth,tooth,"64x64 pixel art, minimal style, 3-5 colors, no text, clean pixel edges, simple composition, a symbolic representation of tooth, simple abstract form"
曲,musical_composition,musical_composition,"64x64 pixel art, minimal style, 3-5 colors, no text, clean pixel edges, simple composition, a symbolic representation of musical_composition, simple abstract form"
曹,cadet,cadet,"64x64 pixel art, minimal style, 3-5 colors, no text, clean pixel edges, simple composition, a symbolic representation of cadet, simple abstract form"
遭,encounter,encounter,"64x64 pixel art, minimal style, 3-5 colors, no text, clean pixel edges, simple composition, a symbolic representation of encounter, simple abstract form"
漕,rowing,rowing,"64x64 pixel art, minimal style, 3-5 colors, no text, clean pixel edges, simple composition, a symbolic representation of rowing, simple abstract form"
槽,vat,vat,"64x64 pixel art, minimal style, 3-5 colors, no text, clean pixel edges, simple composition, a symbolic representation of vat, simple abstract form"
斗,big_dipper,big_dipper,"64x64 pixel art, minimal style, 3-5 colors, no text, clean pixel edges, simple composition, a symbolic representation of big_dipper, simple abstract form"
料,fee,fee,"64x64 pixel art, minimal style, 3-5 colors, no text, clean pixel edges, simple composition, a symbolic representation of fee, simple abstract form"
科,subject,subject,"64x64 pixel art, minimal style, 3-5 colors, no text, clean pixel edges, simple composition, a symbolic representation of subject, simple abstract form"
図,map,map,"64x64 pixel art, minimal style, 3-5 colors, no text, clean pixel edges, simple composition, a symbolic representation of map, simple abstract form"
用,utilize,utilize,"64x64 pixel art, minimal style, 3-5 colors, no text, clean pixel edges, simple composition, a symbolic representation of utilize, simple abstract form"
庸,commonplace,commonplace,"64x64 pixel art, minimal style, 3-5 colors, no text, clean pixel edges, simple composition, a symbolic representation of commonplace, simple abstract form"
備,equip,equip,"64x64 pixel art, minimal style, 3-5 colors, no text, clean pixel edges, simple composition, a symbolic representation of equip, simple abstract form"
昔,long_ago,long_ago,"64x64 pixel art, minimal style, 3-5 colors, no text, clean pixel edges, simple composition, a symbolic representation of long_ago, simple abstract form"
錯,confused,confused,"64x64 pixel art, minimal style, 3-5 colors, no text, clean pixel edges, simple composition, a symbolic representation of confused, simple abstract form"
借,borrow,borrow,"64x64 pixel art, minimal style, 3-5 colors, no text, clean pixel edges, simple composition, a symbolic representation of borrow, simple abstract form"
惜,pity,pity,"64x64 pixel art, minimal style, 3-5 colors, no text, clean pixel edges, simple composition, a symbolic representation of pity, simple abstract form"
措,set_aside,set_aside,"64x64 pixel art, minimal style, 3-5 colors, no text, clean pixel edges, simple composition, a symbolic representation of set_aside, simple abstract form"
散,scatter,scatter,"64x64 pixel art, minimal style, 3-5 colors, no text, clean pixel edges, simple composition, a symbolic representation of scatter, simple abstract form"
廿,twenty,twenty,"64x64 pixel art, minimal style, 3-5 colors, no text, clean pixel edges, simple composition, a symbolic representation of twenty, simple abstract form"
庶,commoner,commoner,"64x64 pixel art, minimal style, 3-5 colors, no text, clean pixel edges, simple composition, a symbolic representation of commoner, simple abstract form"
遮,intercept,intercept,"64x64 pixel art, minimal style, 3-5 colors, no text, clean pixel edges, simple composition, a symbolic representation of intercept, simple abstract form"
席,seat,seat,"64x64 pixel art, minimal style, 3-5 colors, no text, clean pixel edges, simple composition, a symbolic representation of seat, simple abstract form"
度,degrees,degrees,"64x64 pixel art, minimal style, 3-5 colors, no text, clean pixel edges, simple composition, a symbolic representation of degrees, simple abstract form"
渡,transit,transit,"64x64 pixel art, minimal style, 3-5 colors, no text, clean pixel edges, simple composition, a symbolic representation of transit, simple abstract form"
奔,bustle,bustle,"64x64 pixel art, minimal style, 3-5 colors, no text, clean pixel edges, simple composition, a symbolic representation of bustle, simple abstract form"
噴,erupt,erupt,"64x64 pixel art, minimal style, 3-5 colors, no text, clean pixel edges, simple composition, a symbolic representation of erupt, simple abstract form"
墳,tomb,tomb,"64x64 pixel art, minimal style, 3-5 colors, no text, clean pixel edges, simple composition, a symbolic representation of tomb, simple abstract form"
憤,aroused,aroused,"64x64 pixel art, minimal style, 3-5 colors, no text, clean pixel edges, simple composition, a symbolic representation of aroused, simple abstract form"
焼,bake,bake,"64x64 pixel art, minimal style, 3-5 colors, no text, clean pixel edges, simple composition, a symbolic representation of bake, simple abstract form"
暁,sunrise,sunrise,"64x64 pixel art, minimal style, 3-5 colors, no text, clean pixel edges, simple composition, a symbolic representation of sunrise, simple abstract form"
半,half,half,"64x64 pixel art, minimal style, 3-5 colors, no text, clean pixel edges, simple composition, a symbolic representation of half, simple abstract form"
伴,consort,consort,"64x64 pixel art, minimal style, 3-5 colors, no text, clean pixel edges, simple composition, a symbolic representation of consort, simple abstract form"
畔,paddy_ridge,paddy_ridge,"64x64 pixel art, minimal style, 3-5 colors, no text, clean pixel edges, simple composition, a symbolic representation of paddy_ridge, simple abstract form"
判,judgment,judgment,"64x64 pixel art, minimal style, 3-5 colors, no text, clean pixel edges, simple composition, a symbolic representation of judgment, simple abstract form"
拳,fist,fist,"64x64 pixel art, minimal style, 3-5 colors, no text, clean pixel edges, simple composition, a symbolic representation of fist, simple abstract form"
券,ticket,ticket,"64x64 pixel art, minimal style, 3-5 colors, no text, clean pixel edges, simple composition, a symbolic representation of ticket, simple abstract form"
巻,scroll,scroll,"64x64 pixel art, minimal style, 3-5 colors, no text, clean pixel edges, simple composition, a symbolic representation of scroll, simple abstract form"
圏,sphere_of_influence,sphere_of_influence,"64x64 pixel art, minimal style, 3-5 colors, no text, clean pixel edges, simple composition, a symbolic representation of sphere_of_influence, simple abstract form"
勝,victory,victory,"64x64 pixel art, minimal style, 3-5 colors, no text, clean pixel edges, simple composition, a symbolic representation of victory, simple abstract form"
藤,wisteria,wisteria,"64x64 pixel art, minimal style, 3-5 colors, no text, clean pixel edges, simple composition, a symbolic representation of wisteria, simple abstract form"
謄,mimeograph,mimeograph,"64x64 pixel art, minimal style, 3-5 colors, no text, clean pixel edges, simple composition, a symbolic representation of mimeograph, simple abstract form"
片,one_sided,one_sided,"64x64 pixel art, minimal style, 3-5 colors, no text, clean pixel edges, simple composition, a symbolic representation of one_sided, simple abstract form"
版,printing_block,printing_block,"64x64 pixel art, minimal style, 3-5 colors, no text, clean pixel edges, simple composition, a symbolic representation of printing_block, simple abstract form"
之,of,of,"64x64 pixel art, minimal style, 3-5 colors, no text, clean pixel edges, simple composition, a symbolic representation of of, simple abstract form"
乏,scarce,scarce,"64x64 pixel art, minimal style, 3-5 colors, no text, clean pixel edges, simple composition, a symbolic representation of scarce, simple abstract form"
芝,turf,turf,"64x64 pixel art, minimal style, 3-5 colors, no text, clean pixel edges, simple composition, a symbolic representation of turf, simple abstract form"
不,not,not,"64x64 pixel art, minimal style, 3-5 colors, no text, clean pixel edges, simple composition, a symbolic representation of not, simple abstract form"
否,negate,negate,"64x64 pixel art, minimal style, 3-5 colors, no text, clean pixel edges, simple composition, a symbolic representation of negate, simple abstract form"
杯,cupfuls,cupfuls,"64x64 pixel art, minimal style, 3-5 colors, no text, clean pixel edges, simple composition, a symbolic representation of cupfuls, simple abstract form"
矢,arrow,arrow,"64x64 pixel art, minimal style, 3-5 colors, no text, clean pixel edges, simple composition, a symbolic representation of arrow, simple abstract form"
矯,rectify,rectify,"64x64 pixel art, minimal style, 3-5 colors, no text, clean pixel edges, simple composition, a symbolic representation of rectify, simple abstract form"
族,tribe,tribe,"64x64 pixel art, minimal style, 3-5 colors, no text, clean pixel edges, simple composition, a symbolic representation of tribe, simple abstract form"
知,know,know,"64x64 pixel art, minimal style, 3-5 colors, no text, clean pixel edges, simple composition, a symbolic representation of know, simple abstract form"
智,wisdom,wisdom,"64x64 pixel art, minimal style, 3-5 colors, no text, clean pixel edges, simple composition, a symbolic representation of wisdom, simple abstract form"
挨,push_open,push_open,"64x64 pixel art, minimal style, 3-5 colors, no text, clean pixel edges, simple composition, a symbolic representation of push_open, simple abstract form"
矛,halberd,halberd,"64x64 pixel art, minimal style, 3-5 colors, no text, clean pixel edges, simple composition, a symbolic representation of halberd, simple abstract form"
柔,tender,tender,"64x64 pixel art, minimal style, 3-5 colors, no text, clean pixel edges, simple composition, a symbolic representation of tender, simple abstract form"
務,duty,duty,"64x64 pixel art, minimal style, 3-5 colors, no text, clean pixel edges, simple composition, a symbolic representation of duty, simple abstract form"
霧,fog,fog,"64x64 pixel art, minimal style, 3-5 colors, no text, clean pixel edges, simple composition, a symbolic representation of fog, simple abstract form"
班,squad,squad,"64x64 pixel art, minimal style, 3-5 colors, no text, clean pixel edges, simple composition, a symbolic representation of squad, simple abstract form"
帰,homecoming,homecoming,"64x64 pixel art, minimal style, 3-5 colors, no text, clean pixel edges, simple composition, a symbolic representation of homecoming, simple abstract form"
弓,archery_bow,archery_bow,"64x64 pixel art, minimal style, 3-5 colors, no text, clean pixel edges, simple composition, a symbolic representation of archery_bow, simple abstract form"
引,pull,pull,"64x64 pixel art, minimal style, 3-5 colors, no text, clean pixel edges, simple composition, a symbolic representation of pull, simple abstract form"
弔,condolences,condolences,"64x64 pixel art, minimal style, 3-5 colors, no text, clean pixel edges, simple composition, a symbolic representation of condolences, simple abstract form"
弘,vast,vast,"64x64 pixel art, minimal style, 3-5 colors, no text, clean pixel edges, simple composition, a symbolic representation of vast, simple abstract form"
強,strong,strong,"64x64 pixel art, minimal style, 3-5 colors, no text, clean pixel edges, simple composition, a symbolic representation of strong, simple abstract form"
弥,increasingly,increasingly,"64x64 pixel art, minimal style, 3-5 colors, no text, clean pixel edges, simple composition, a symbolic representation of increasingly, simple abstract form"
弱,weak,weak,"64x64 pixel art, minimal style, 3-5 colors, no text, clean pixel edges, simple composition, a symbolic representation of weak, simple abstract form"
溺,drowning,drowning,"64x64 pixel art, minimal style, 3-5 colors, no text, clean pixel edges, simple composition, a symbolic representation of drowning, simple abstract form"
沸,seethe,seethe,"64x64 pixel art, minimal style, 3-5 colors, no text, clean pixel edges, simple composition, a symbolic representation of seethe, simple abstract form"
費,expense,expense,"64x64 pixel art, minimal style, 3-5 colors, no text, clean pixel edges, simple composition, a symbolic representation of expense, simple abstract form"
第,ordinal_number,ordinal_number,"64x64 pixel art, minimal style, 3-5 colors, no text, clean pixel edges, simple composition, a symbolic representation of ordinal_number, simple abstract form"
弟,younger_brother,younger_brother,"64x64 pixel art, minimal style, 3-5 colors, no text, clean pixel edges, simple composition, a symbolic representation of younger_brother, simple abstract form"
巧,adroit,adroit,"64x64 pixel art, minimal style, 3-5 colors, no text, clean pixel edges, simple composition, a symbolic representation of adroit, simple abstract form"
号,designation,designation,"64x64 pixel art, minimal style, 3-5 colors, no text, clean pixel edges, simple composition, a symbolic representation of designation, simple abstract form"
朽,decay,decay,"64x64 pixel art, minimal style, 3-5 colors, no text, clean pixel edges, simple composition, a symbolic representation of decay, simple abstract form"
誇,boast,boast,"64x64 pixel art, minimal style, 3-5 colors, no text, clean pixel edges, simple composition, a symbolic representation of boast, simple abstract form"
顎,chin,chin,"64x64 pixel art, minimal style, 3-5 colors, no text, clean pixel edges, simple composition, a symbolic representation of chin, simple abstract form"
汚,dirty,dirty,"64x64 pixel art, minimal style, 3-5 colors, no text, clean pixel edges, simple composition, a symbolic representation of dirty, simple abstract form"
与,bestow,bestow,"64x64 pixel art, minimal style, 3-5 colors, no text, clean pixel edges, simple composition, a symbolic representation of bestow, simple abstract form"
写,copy,copy,"64x64 pixel art, minimal style, 3-5 colors, no text, clean pixel edges, simple composition, a symbolic representation of copy, simple abstract form"
身,somebody,somebody,"64x64 pixel art, minimal style, 3-5 colors, no text, clean pixel edges, simple composition, a symbolic representation of somebody, simple abstract form"
射,shoot,shoot,"64x64 pixel art, minimal style, 3-5 colors, no text, clean pixel edges, simple composition, a symbolic representation of shoot, simple abstract form"
謝,thank,thank,"64x64 pixel art, minimal style, 3-5 colors, no text, clean pixel edges, simple composition, a symbolic representation of thank, simple abstract form"
老,old_man,old_man,"64x64 pixel art, minimal style, 3-5 colors, no text, clean pixel edges, simple composition, a symbolic representation of old_man, simple abstract form"
考,consider,consider,"64x64 pixel art, minimal style, 3-5 colors, no text, clean pixel edges, simple composition, a symbolic representation of consider, simple abstract form"
孝,filial_piety,filial_piety,"64x64 pixel art, minimal style, 3-5 colors, no text, clean pixel edges, simple composition, a symbolic representation of filial_piety, simple abstract form"
教,teach,teach,"64x64 pixel art, minimal style, 3-5 colors, no text, clean pixel edges, simple composition, a symbolic representation of teach, simple abstract form"
拷,torture,torture,"64x64 pixel art, minimal style, 3-5 colors, no text, clean pixel edges, simple composition, a symbolic representation of torture, simple abstract form"
者,someone,someone,"64x64 pixel art, minimal style, 3-5 colors, no text, clean pixel edges, simple composition, a symbolic representation of someone, simple abstract form"
煮,boil,boil,"64x64 pixel art, minimal style, 3-5 colors, no text, clean pixel edges, simple composition, a symbolic representation of boil, simple abstract form"
著,renowned,renowned,"64x64 pixel art, minimal style, 3-5 colors, no text, clean pixel edges, simple composition, a symbolic representation of renowned, simple abstract form"
箸,chopsticks,chopsticks,"64x64 pixel art, minimal style, 3-5 colors, no text, clean pixel edges, simple composition, a symbolic representation of chopsticks, simple abstract form"
署,government_bureau,government_bureau,"64x64 pixel art, minimal style, 3-5 colors, no text, clean pixel edges, simple composition, a symbolic representation of government_bureau, simple abstract form"
暑,sultry,sultry,"64x64 pixel art, minimal style, 3-5 colors, no text, clean pixel edges, simple composition, a symbolic representation of sultry, simple abstract form"
諸,various,various,"64x64 pixel art, minimal style, 3-5 colors, no text, clean pixel edges, simple composition, a symbolic representation of various, simple abstract form"
猪,pack_of_dogs,pack_of_dogs,"64x64 pixel art, minimal style, 3-5 colors, no text, clean pixel edges, simple composition, a symbolic representation of pack_of_dogs, simple abstract form"
渚,shore,shore,"64x64 pixel art, minimal style, 3-5 colors, no text, clean pixel edges, simple composition, a symbolic representation of shore, simple abstract form"
賭,gamble,gamble,"64x64 pixel art, minimal style, 3-5 colors, no text, clean pixel edges, simple composition, a symbolic representation of gamble, simple abstract form"
峡,gorge,gorge,"64x64 pixel art, minimal style, 3-5 colors, no text, clean pixel edges, simple composition, a symbolic representation of gorge, simple abstract form"
狭,cramped,cramped,"64x64 pixel art, minimal style, 3-5 colors, no text, clean pixel edges, simple composition, a symbolic representation of cramped, simple abstract form"
挟,sandwiched,sandwiched,"64x64 pixel art, minimal style, 3-5 colors, no text, clean pixel edges, simple composition, a symbolic representation of sandwiched, simple abstract form"
頬,cheek,cheek,"64x64 pixel art, minimal style, 3-5 colors, no text, clean pixel edges, simple composition, a symbolic representation of cheek, simple abstract form"
追,chase,chase,"64x64 pixel art, minimal style, 3-5 colors, no text, clean pixel edges, simple composition, a symbolic representation of chase, simple abstract form"
阜,mound,mound,"64x64 pixel art, minimal style, 3-5 colors, no text, clean pixel edges, simple composition, a symbolic representation of mound, simple abstract form"
師,expert,expert,"64x64 pixel art, minimal style, 3-5 colors, no text, clean pixel edges, simple composition, a symbolic representation of expert, simple abstract form"
帥,commander,commander,"64x64 pixel art, minimal style, 3-5 colors, no text, clean pixel edges, simple composition, a symbolic representation of commander, simple abstract form"
官,bureaucrat,bureaucrat,"64x64 pixel art, minimal style, 3-5 colors, no text, clean pixel edges, simple composition, a symbolic representation of bureaucrat, simple abstract form"
棺,coffin,coffin,"64x64 pixel art, minimal style, 3-5 colors, no text, clean pixel edges, simple composition, a symbolic representation of coffin, simple abstract form"
管,pipe,pipe,"64x64 pixel art, minimal style, 3-5 colors, no text, clean pixel edges, simple composition, a symbolic representation of pipe, simple abstract form"
父,father,father,"64x64 pixel art, minimal style, 3-5 colors, no text, clean pixel edges, simple composition, a symbolic representation of father, simple abstract form"
釜,cauldron,cauldron,"64x64 pixel art, minimal style, 3-5 colors, no text, clean pixel edges, simple composition, a symbolic representation of cauldron, simple abstract form"
交,mingle,mingle,"64x64 pixel art, minimal style, 3-5 colors, no text, clean pixel edges, simple composition, a symbolic representation of mingle, simple abstract form"
効,effect,effect,"64x64 pixel art, minimal style, 3-5 colors, no text, clean pixel edges, simple composition, a symbolic representation of effect, simple abstract form"
較,contrast,contrast,"64x64 pixel art, minimal style, 3-5 colors, no text, clean pixel edges, simple composition, a symbolic representation of contrast, simple abstract form"
校,exam,exam,"64x64 pixel art, minimal style, 3-5 colors, no text, clean pixel edges, simple composition, a symbolic representation of exam, simple abstract form"
足,leg,leg,"64x64 pixel art, minimal style, 3-5 colors, no text, clean pixel edges, simple composition, a symbolic representation of leg, simple abstract form"
促,stimulate,stimulate,"64x64 pixel art, minimal style, 3-5 colors, no text, clean pixel edges, simple composition, a symbolic representation of stimulate, simple abstract form"
捉,nab,nab,"64x64 pixel art, minimal style, 3-5 colors, no text, clean pixel edges, simple composition, a symbolic representation of nab, simple abstract form"
距,long_distance,long_distance,"64x64 pixel art, minimal style, 3-5 colors, no text, clean pixel edges, simple composition, a symbolic representation of long_distance, simple abstract form"
路,path,path,"64x64 pixel art, minimal style, 3-5 colors, no text, clean pixel edges, simple composition, a symbolic representation of path, simple abstract form"
露,dew,dew,"64x64 pixel art, minimal style, 3-5 colors, no text, clean pixel edges, simple composition, a symbolic representation of dew, simple abstract form"
跳,hop,hop,"64x64 pixel art, minimal style, 3-5 colors, no text, clean pixel edges, simple composition, a symbolic representation of hop, simple abstract form"
躍,leap,leap,"64x64 pixel art, minimal style, 3-5 colors, no text, clean pixel edges, simple composition, a symbolic representation of leap, simple abstract form"
践,tread,tread,"64x64 pixel art, minimal style, 3-5 colors, no text, clean pixel edges, simple composition, a symbolic representation of tread, simple abstract form"
踏,step,step,"64x64 pixel art, minimal style, 3-5 colors, no text, clean pixel edges, simple composition, a symbolic representation of step, simple abstract form"
踪,footprints,footprints,"64x64 pixel art, minimal style, 3-5 colors, no text, clean pixel edges, simple composition, a symbolic representation of footprints, simple abstract form"
骨,bone,bone,"64x64 pixel art, minimal style, 3-5 colors, no text, clean pixel edges, simple composition, a symbolic representation of bone, simple abstract form"
滑,slippery,slippery,"64x64 pixel art, minimal style, 3-5 colors, no text, clean pixel edges, simple composition, a symbolic representation of slippery, simple abstract form"
髄,marrow,marrow,"64x64 pixel art, minimal style, 3-5 colors, no text, clean pixel edges, simple composition, a symbolic representation of marrow, simple abstract form"
禍,calamity,calamity,"64x64 pixel art, minimal style, 3-5 colors, no text, clean pixel edges, simple composition, a symbolic representation of calamity, simple abstract form"
渦,whirlpool,whirlpool,"64x64 pixel art, minimal style, 3-5 colors, no text, clean pixel edges, simple composition, a symbolic representation of whirlpool, simple abstract form"
鍋,pot,pot,"64x64 pixel art, minimal style, 3-5 colors, no text, clean pixel edges, simple composition, a symbolic representation of pot, simple abstract form"
過,overdo,overdo,"64x64 pixel art, minimal style, 3-5 colors, no text, clean pixel edges, simple composition, a symbolic representation of overdo, simple abstract form"
阪,heights,heights,"64x64 pixel art, minimal style, 3-5 colors, no text, clean pixel edges, simple composition, a symbolic representation of heights, simple abstract form"
阿,africa,africa,"64x64 pixel art, minimal style, 3-5 colors, no text, clean pixel edges, simple composition, a symbolic representation of africa, simple abstract form"
際,occasion,occasion,"64x64 pixel art, minimal style, 3-5 colors, no text, clean pixel edges, simple composition, a symbolic representation of occasion, simple abstract form"
障,hinder,hinder,"64x64 pixel art, minimal style, 3-5 colors, no text, clean pixel edges, simple composition, a symbolic representation of hinder, simple abstract form"
隙,fissure,fissure,"64x64 pixel art, minimal style, 3-5 colors, no text, clean pixel edges, simple composition, a symbolic representation of fissure, simple abstract form"
随,accompany,accompany,"64x64 pixel art, minimal style, 3-5 colors, no text, clean pixel edges, simple composition, a symbolic representation of accompany, simple abstract form"
陪,jury,jury,"64x64 pixel art, minimal style, 3-5 colors, no text, clean pixel edges, simple composition, a symbolic representation of jury, simple abstract form"
陽,sunshine,sunshine,"64x64 pixel art, minimal style, 3-5 colors, no text, clean pixel edges, simple composition, a symbolic representation of sunshine, simple abstract form"
陳,set_forth,set_forth,"64x64 pixel art, minimal style, 3-5 colors, no text, clean pixel edges, simple composition, a symbolic representation of set_forth, simple abstract form"
防,ward_off,ward_off,"64x64 pixel art, minimal style, 3-5 colors, no text, clean pixel edges, simple composition, a symbolic representation of ward_off, simple abstract form"
附,affixed,affixed,"64x64 pixel art, minimal style, 3-5 colors, no text, clean pixel edges, simple composition, a symbolic representation of affixed, simple abstract form"
院,institution,institution,"64x64 pixel art, minimal style, 3-5 colors, no text, clean pixel edges, simple composition, a symbolic representation of institution, simple abstract form"
陣,camp,camp,"64x64 pixel art, minimal style, 3-5 colors, no text, clean pixel edges, simple composition, a symbolic representation of camp, simple abstract form"
隊,regiment,regiment,"64x64 pixel art, minimal style, 3-5 colors, no text, clean pixel edges, simple composition, a symbolic representation of regiment, simple abstract form"
墜,crash,crash,"64x64 pixel art, minimal style, 3-5 colors, no text, clean pixel edges, simple composition, a symbolic representation of crash, simple abstract form"
降,descend,descend,"64x64 pixel art, minimal style, 3-5 colors, no text, clean pixel edges, simple composition, a symbolic representation of descend, simple abstract form"
階,floor,floor,"64x64 pixel art, minimal style, 3-5 colors, no text, clean pixel edges, simple composition, a symbolic representation of floor, simple abstract form"
陛,highness,highness,"64x64 pixel art, minimal style, 3-5 colors, no text, clean pixel edges, simple composition, a symbolic representation of highness, simple abstract form"
隣,neighboring,neighboring,"64x64 pixel art, minimal style, 3-5 colors, no text, clean pixel edges, simple composition, a symbolic representation of neighboring, simple abstract form"
隔,isolate,isolate,"64x64 pixel art, minimal style, 3-5 colors, no text, clean pixel edges, simple composition, a symbolic representation of isolate, simple abstract form"
隠,conceal,conceal,"64x64 pixel art, minimal style, 3-5 colors, no text, clean pixel edges, simple composition, a symbolic representation of conceal, simple abstract form"
堕,degenerate,degenerate,"64x64 pixel art, minimal style, 3-5 colors, no text, clean pixel edges, simple composition, a symbolic representation of degenerate, simple abstract form"
陥,collapse,collapse,"64x64 pixel art, minimal style, 3-5 colors, no text, clean pixel edges, simple composition, a symbolic representation of collapse, simple abstract form"
穴,hole,hole,"64x64 pixel art, minimal style, 3-5 colors, no text, clean pixel edges, simple composition, a symbolic representation of hole, simple abstract form"
空,sky,sky,"64x64 pixel art, minimal style, 3-5 colors, no text, clean pixel edges, simple composition, a symbolic representation of sky, simple abstract form"
控,withdraw,withdraw,"64x64 pixel art, minimal style, 3-5 colors, no text, clean pixel edges, simple composition, a symbolic representation of withdraw, simple abstract form"
突,stab,stab,"64x64 pixel art, minimal style, 3-5 colors, no text, clean pixel edges, simple composition, a symbolic representation of stab, simple abstract form"
究,research,research,"64x64 pixel art, minimal style, 3-5 colors, no text, clean pixel edges, simple composition, a symbolic representation of research, simple abstract form"
窒,plug_up,plug_up,"64x64 pixel art, minimal style, 3-5 colors, no text, clean pixel edges, simple composition, a symbolic representation of plug_up, simple abstract form"
窃,stealth,stealth,"64x64 pixel art, minimal style, 3-5 colors, no text, clean pixel edges, simple composition, a symbolic representation of stealth, simple abstract form"
窟,cavern,cavern,"64x64 pixel art, minimal style, 3-5 colors, no text, clean pixel edges, simple composition, a symbolic representation of cavern, simple abstract form"
窪,hollow,hollow,"64x64 pixel art, minimal style, 3-5 colors, no text, clean pixel edges, simple composition, a symbolic representation of hollow, simple abstract form"
搾,squeeze,squeeze,"64x64 pixel art, minimal style, 3-5 colors, no text, clean pixel edges, simple composition, a symbolic representation of squeeze, simple abstract form"
窯,kiln,kiln,"64x64 pixel art, minimal style, 3-5 colors, no text, clean pixel edges, simple composition, a symbolic representation of kiln, simple abstract form"
窮,hard_up,hard_up,"64x64 pixel art, minimal style, 3-5 colors, no text, clean pixel edges, simple composition, a symbolic representation of hard_up, simple abstract form"
探,grope,grope,"64x64 pixel art, minimal style, 3-5 colors, no text, clean pixel edges, simple composition, a symbolic representation of grope, simple abstract form"
深,deep,deep,"64x64 pixel art, minimal style, 3-5 colors, no text, clean pixel edges, simple composition, a symbolic representation of deep, simple abstract form"
丘,hill,hill,"64x64 pixel art, minimal style, 3-5 colors, no text, clean pixel edges, simple composition, a symbolic representation of hill, simple abstract form"
岳,mountain_peak,mountain_peak,"64x64 pixel art, minimal style, 3-5 colors, no text, clean pixel edges, simple composition, a symbolic representation of mountain_peak, simple abstract form"
兵,soldier,soldier,"64x64 pixel art, minimal style, 3-5 colors, no text, clean pixel edges, simple composition, a symbolic representation of soldier, simple abstract form"
浜,seacoast,seacoast,"64x64 pixel art, minimal style, 3-5 colors, no text, clean pixel edges, simple composition, a symbolic representation of seacoast, simple abstract form"
糸,thread,thread,"64x64 pixel art, minimal style, 3-5 colors, no text, clean pixel edges, simple composition, a symbolic representation of thread, simple abstract form"
織,weave,weave,"64x64 pixel art, minimal style, 3-5 colors, no text, clean pixel edges, simple composition, a symbolic representation of weave, simple abstract form"
繕,darning,darning,"64x64 pixel art, minimal style, 3-5 colors, no text, clean pixel edges, simple composition, a symbolic representation of darning, simple abstract form"
縮,shrink,shrink,"64x64 pixel art, minimal style, 3-5 colors, no text, clean pixel edges, simple composition, a symbolic representation of shrink, simple abstract form"
繁,luxuriant,luxuriant,"64x64 pixel art, minimal style, 3-5 colors, no text, clean pixel edges, simple composition, a symbolic representation of luxuriant, simple abstract form"
縦,vertical,vertical,"64x64 pixel art, minimal style, 3-5 colors, no text, clean pixel edges, simple composition, a symbolic representation of vertical, simple abstract form"
緻,intricate,intricate,"64x64 pixel art, minimal style, 3-5 colors, no text, clean pixel edges, simple composition, a symbolic representation of intricate, simple abstract form"
線,line,line,"64x64 pixel art, minimal style, 3-5 colors, no text, clean pixel edges, simple composition, a symbolic representation of line, simple abstract form"
綻,unravel,unravel,"64x64 pixel art, minimal style, 3-5 colors, no text, clean pixel edges, simple composition, a symbolic representation of unravel, simple abstract form"
締,tighten,tighten,"64x64 pixel art, minimal style, 3-5 colors, no text, clean pixel edges, simple composition, a symbolic representation of tighten, simple abstract form"
維,fiber,fiber,"64x64 pixel art, minimal style, 3-5 colors, no text, clean pixel edges, simple composition, a symbolic representation of fiber, simple abstract form"
羅,gauze,gauze,"64x64 pixel art, minimal style, 3-5 colors, no text, clean pixel edges, simple composition, a symbolic representation of gauze, simple abstract form"
練,practice,practice,"64x64 pixel art, minimal style, 3-5 colors, no text, clean pixel edges, simple composition, a symbolic representation of practice, simple abstract form"
緒,thong,thong,"64x64 pixel art, minimal style, 3-5 colors, no text, clean pixel edges, simple composition, a symbolic representation of thong, simple abstract form"
続,continue,continue,"64x64 pixel art, minimal style, 3-5 colors, no text, clean pixel edges, simple composition, a symbolic representation of continue, simple abstract form"
絵,picture,picture,"64x64 pixel art, minimal style, 3-5 colors, no text, clean pixel edges, simple composition, a symbolic representation of picture, simple abstract form"
統,unite,unite,"64x64 pixel art, minimal style, 3-5 colors, no text, clean pixel edges, simple composition, a symbolic representation of unite, simple abstract form"
絞,strangle,strangle,"64x64 pixel art, minimal style, 3-5 colors, no text, clean pixel edges, simple composition, a symbolic representation of strangle, simple abstract form"
給,salary,salary,"64x64 pixel art, minimal style, 3-5 colors, no text, clean pixel edges, simple composition, a symbolic representation of salary, simple abstract form"
絡,entwine,entwine,"64x64 pixel art, minimal style, 3-5 colors, no text, clean pixel edges, simple composition, a symbolic representation of entwine, simple abstract form"
結,tie,tie,"64x64 pixel art, minimal style, 3-5 colors, no text, clean pixel edges, simple composition, a symbolic representation of tie, simple abstract form"
終,end,end,"64x64 pixel art, minimal style, 3-5 colors, no text, clean pixel edges, simple composition, a symbolic representation of end, simple abstract form"
級,class,class,"64x64 pixel art, minimal style, 3-5 colors, no text, clean pixel edges, simple composition, a symbolic representation of class, simple abstract form"
紀,chronicle,chronicle,"64x64 pixel art, minimal style, 3-5 colors, no text, clean pixel edges, simple composition, a symbolic representation of chronicle, simple abstract form"
紅,crimson,crimson,"64x64 pixel art, minimal style, 3-5 colors, no text, clean pixel edges, simple composition, a symbolic representation of crimson, simple abstract form"
納,settlement,settlement,"64x64 pixel art, minimal style, 3-5 colors, no text, clean pixel edges, simple composition, a symbolic representation of settlement, simple abstract form"
紡,spinning,spinning,"64x64 pixel art, minimal style, 3-5 colors, no text, clean pixel edges, simple composition, a symbolic representation of spinning, simple abstract form"
紛,distract,distract,"64x64 pixel art, minimal style, 3-5 colors, no text, clean pixel edges, simple composition, a symbolic representation of distract, simple abstract form"
紹,introduce,introduce,"64x64 pixel art, minimal style, 3-5 colors, no text, clean pixel edges, simple composition, a symbolic representation of introduce, simple abstract form"
経,manage,manage,"64x64 pixel art, minimal style, 3-5 colors, no text, clean pixel edges, simple composition, a symbolic representation of manage, simple abstract form"
紳,sire,sire,"64x64 pixel art, minimal style, 3-5 colors, no text, clean pixel edges, simple composition, a symbolic representation of sire, simple abstract form"
約,promise,promise,"64x64 pixel art, minimal style, 3-5 colors, no text, clean pixel edges, simple composition, a symbolic representation of promise, simple abstract form"
細,thin,thin,"64x64 pixel art, minimal style, 3-5 colors, no text, clean pixel edges, simple composition, a symbolic representation of thin, simple abstract form"
累,pile_up,pile_up,"64x64 pixel art, minimal style, 3-5 colors, no text, clean pixel edges, simple composition, a symbolic representation of pile_up, simple abstract form"
索,cord,cord,"64x64 pixel art, minimal style, 3-5 colors, no text, clean pixel edges, simple composition, a symbolic representation of cord, simple abstract form"
総,total,total,"64x64 pixel art, minimal style, 3-5 colors, no text, clean pixel edges, simple composition, a symbolic representation of total, simple abstract form"
綿,cotton,cotton,"64x64 pixel art, minimal style, 3-5 colors, no text, clean pixel edges, simple composition, a symbolic representation of cotton, simple abstract form"
絹,silk,silk,"64x64 pixel art, minimal style, 3-5 colors, no text, clean pixel edges, simple composition, a symbolic representation of silk, simple abstract form"
繰,winding,winding,"64x64 pixel art, minimal style, 3-5 colors, no text, clean pixel edges, simple composition, a symbolic representation of winding, simple abstract form"
継,inherit,inherit,"64x64 pixel art, minimal style, 3-5 colors, no text, clean pixel edges, simple composition, a symbolic representation of inherit, simple abstract form"
緑,green,green,"64x64 pixel art, minimal style, 3-5 colors, no text, clean pixel edges, simple composition, a symbolic representation of green, simple abstract form"
縁,affinity,affinity,"64x64 pixel art, minimal style, 3-5 colors, no text, clean pixel edges, simple composition, a symbolic representation of affinity, simple abstract form"
網,netting,netting,"64x64 pixel art, minimal style, 3-5 colors, no text, clean pixel edges, simple composition, a symbolic representation of netting, simple abstract form"
緊,tense,tense,"64x64 pixel art, minimal style, 3-5 colors, no text, clean pixel edges, simple composition, a symbolic representation of tense, simple abstract form"
紫,purple,purple,"64x64 pixel art, minimal style, 3-5 colors, no text, clean pixel edges, simple composition, a symbolic representation of purple, simple abstract form"
縛,truss,truss,"64x64 pixel art, minimal style, 3-5 colors, no text, clean pixel edges, simple composition, a symbolic representation of truss, simple abstract form"
縄,straw_rope,straw_rope,"64x64 pixel art, minimal style, 3-5 colors, no text, clean pixel edges, simple composition, a symbolic representation of straw_rope, simple abstract form"
幼,infancy,infancy,"64x64 pixel art, minimal style, 3-5 colors, no text, clean pixel edges, simple composition, a symbolic representation of infancy, simple abstract form"
後,behind,behind,"64x64 pixel art, minimal style, 3-5 colors, no text, clean pixel edges, simple composition, a symbolic representation of behind, simple abstract form"
幽,dim,dim,"64x64 pixel art, minimal style, 3-5 colors, no text, clean pixel edges, simple composition, a symbolic representation of dim, simple abstract form"
幾,how_many,how_many,"64x64 pixel art, minimal style, 3-5 colors, no text, clean pixel edges, simple composition, a symbolic representation of how_many, simple abstract form"
機,machine,machine,"64x64 pixel art, minimal style, 3-5 colors, no text, clean pixel edges, simple composition, a symbolic representation of machine, simple abstract form"
畿,capital_area,capital_area,"64x64 pixel art, minimal style, 3-5 colors, no text, clean pixel edges, simple composition, a symbolic representation of capital_area, simple abstract form"
玄,mysterious,mysterious,"64x64 pixel art, minimal style, 3-5 colors, no text, clean pixel edges, simple composition, a symbolic representation of mysterious, simple abstract form"
畜,livestock,livestock,"64x64 pixel art, minimal style, 3-5 colors, no text, clean pixel edges, simple composition, a symbolic representation of livestock, simple abstract form"
蓄,amass,amass,"64x64 pixel art, minimal style, 3-5 colors, no text, clean pixel edges, simple composition, a symbolic representation of amass, simple abstract form"
弦,bowstring,bowstring,"64x64 pixel art, minimal style, 3-5 colors, no text, clean pixel edges, simple composition, a symbolic representation of bowstring, simple abstract form"
擁,hug,hug,"64x64 pixel art, minimal style, 3-5 colors, no text, clean pixel edges, simple composition, a symbolic representation of hug, simple abstract form"
滋,nourishing,nourishing,"64x64 pixel art, minimal style, 3-5 colors, no text, clean pixel edges, simple composition, a symbolic representation of nourishing, simple abstract form"
慈,mercy,mercy,"64x64 pixel art, minimal style, 3-5 colors, no text, clean pixel edges, simple composition, a symbolic representation of mercy, simple abstract form"
磁,magnet,magnet,"64x64 pixel art, minimal style, 3-5 colors, no text, clean pixel edges, simple composition, a symbolic representation of magnet, simple abstract form"
系,lineage,lineage,"64x64 pixel art, minimal style, 3-5 colors, no text, clean pixel edges, simple composition, a symbolic representation of lineage, simple abstract form"
係,person_in_charge,person_in_charge,"64x64 pixel art, minimal style, 3-5 colors, no text, clean pixel edges, simple composition, a symbolic representation of person_in_charge, simple abstract form"
孫,grandchild,grandchild,"64x64 pixel art, minimal style, 3-5 colors, no text, clean pixel edges, simple composition, a symbolic representation of grandchild, simple abstract form"
懸,suspend,suspend,"64x64 pixel art, minimal style, 3-5 colors, no text, clean pixel edges, simple composition, a symbolic representation of suspend, simple abstract form"
遜,modest,modest,"64x64 pixel art, minimal style, 3-5 colors, no text, clean pixel edges, simple composition, a symbolic representation of modest, simple abstract form"
却,instead,instead,"64x64 pixel art, minimal style, 3-5 colors, no text, clean pixel edges, simple composition, a symbolic representation of instead, simple abstract form"
脚,shins,shins,"64x64 pixel art, minimal style, 3-5 colors, no text, clean pixel edges, simple composition, a symbolic representation of shins, simple abstract form"
卸,wholesale,wholesale,"64x64 pixel art, minimal style, 3-5 colors, no text, clean pixel edges, simple composition, a symbolic representation of wholesale, simple abstract form"
御,honorable,honorable,"64x64 pixel art, minimal style, 3-5 colors, no text, clean pixel edges, simple composition, a symbolic representation of honorable, simple abstract form"
服,clothing,clothing,"64x64 pixel art, minimal style, 3-5 colors, no text, clean pixel edges, simple composition, a symbolic representation of clothing, simple abstract form"
命,fate,fate,"64x64 pixel art, minimal style, 3-5 colors, no text, clean pixel edges, simple composition, a symbolic representation of fate, simple abstract form"
令,orders,orders,"64x64 pixel art, minimal style, 3-5 colors, no text, clean pixel edges, simple composition, a symbolic representation of orders, simple abstract form"
零,zero,zero,"64x64 pixel art, minimal style, 3-5 colors, no text, clean pixel edges, simple composition, a symbolic representation of zero, simple abstract form"
齢,age,age,"64x64 pixel art, minimal style, 3-5 colors, no text, clean pixel edges, simple composition, a symbolic representation of age, simple abstract form"
冷,cool,cool,"64x64 pixel art, minimal style, 3-5 colors, no text, clean pixel edges, simple composition, a symbolic representation of cool, simple abstract form"
領,territory,territory,"64x64 pixel art, minimal style, 3-5 colors, no text, clean pixel edges, simple composition, a symbolic representation of territory, simple abstract form"
鈴,small_bell,small_bell,"64x64 pixel art, minimal style, 3-5 colors, no text, clean pixel edges, simple composition, a symbolic representation of small_bell, simple abstract form"
勇,courage,courage,"64x64 pixel art, minimal style, 3-5 colors, no text, clean pixel edges, simple composition, a symbolic representation of courage, simple abstract form"
湧,gush,gush,"64x64 pixel art, minimal style, 3-5 colors, no text, clean pixel edges, simple composition, a symbolic representation of gush, simple abstract form"
通,pass_through,pass_through,"64x64 pixel art, minimal style, 3-5 colors, no text, clean pixel edges, simple composition, a symbolic representation of pass_through, simple abstract form"
踊,jump,jump,"64x64 pixel art, minimal style, 3-5 colors, no text, clean pixel edges, simple composition, a symbolic representation of jump, simple abstract form"
疑,doubt,doubt,"64x64 pixel art, minimal style, 3-5 colors, no text, clean pixel edges, simple composition, a symbolic representation of doubt, simple abstract form"
擬,mimic,mimic,"64x64 pixel art, minimal style, 3-5 colors, no text, clean pixel edges, simple composition, a symbolic representation of mimic, simple abstract form"
凝,congeal,congeal,"64x64 pixel art, minimal style, 3-5 colors, no text, clean pixel edges, simple composition, a symbolic representation of congeal, simple abstract form"
範,pattern,pattern,"64x64 pixel art, minimal style, 3-5 colors, no text, clean pixel edges, simple composition, a symbolic representation of pattern, simple abstract form"
犯,crime,crime,"64x64 pixel art, minimal style, 3-5 colors, no text, clean pixel edges, simple composition, a symbolic representation of crime, simple abstract form"
氾,to_overflow,to_overflow,"64x64 pixel art, minimal style, 3-5 colors, no text, clean pixel edges, simple composition, a symbolic representation of to_overflow, simple abstract form"
厄,unlucky,unlucky,"64x64 pixel art, minimal style, 3-5 colors, no text, clean pixel edges, simple composition, a symbolic representation of unlucky, simple abstract form"
危,dangerous,dangerous,"64x64 pixel art, minimal style, 3-5 colors, no text, clean pixel edges, simple composition, a symbolic representation of dangerous, simple abstract form"
宛,addressed_to,addressed_to,"64x64 pixel art, minimal style, 3-5 colors, no text, clean pixel edges, simple composition, a symbolic representation of addressed_to, simple abstract form"
腕,arm,arm,"64x64 pixel art, minimal style, 3-5 colors, no text, clean pixel edges, simple composition, a symbolic representation of arm, simple abstract form"
苑,park,park,"64x64 pixel art, minimal style, 3-5 colors, no text, clean pixel edges, simple composition, a symbolic representation of park, simple abstract form"
怨,grudge,grudge,"64x64 pixel art, minimal style, 3-5 colors, no text, clean pixel edges, simple composition, a symbolic representation of grudge, simple abstract form"
柳,willow,willow,"64x64 pixel art, minimal style, 3-5 colors, no text, clean pixel edges, simple composition, a symbolic representation of willow, simple abstract form"
卵,egg,egg,"64x64 pixel art, minimal style, 3-5 colors, no text, clean pixel edges, simple composition, a symbolic representation of egg, simple abstract form"
留,detain,detain,"64x64 pixel art, minimal style, 3-5 colors, no text, clean pixel edges, simple composition, a symbolic representation of detain, simple abstract form"
瑠,marine_blue,marine_blue,"64x64 pixel art, minimal style, 3-5 colors, no text, clean pixel edges, simple composition, a symbolic representation of marine_blue, simple abstract form"
貿,trade,trade,"64x64 pixel art, minimal style, 3-5 colors, no text, clean pixel edges, simple composition, a symbolic representation of trade, simple abstract form"
印,stamp,stamp,"64x64 pixel art, minimal style, 3-5 colors, no text, clean pixel edges, simple composition, a symbolic representation of stamp, simple abstract form"
臼,mortar,mortar,"64x64 pixel art, minimal style, 3-5 colors, no text, clean pixel edges, simple composition, a symbolic representation of mortar, simple abstract form"
毀,break,break,"64x64 pixel art, minimal style, 3-5 colors, no text, clean pixel edges, simple composition, a symbolic representation of break, simple abstract form"
興,entertain,entertain,"64x64 pixel art, minimal style, 3-5 colors, no text, clean pixel edges, simple composition, a symbolic representation of entertain, simple abstract form"
酉,sake_flask,sake_flask,"64x64 pixel art, minimal style, 3-5 colors, no text, clean pixel edges, simple composition, a symbolic representation of sake_flask, simple abstract form"
酒,sake,sake,"64x64 pixel art, minimal style, 3-5 colors, no text, clean pixel edges, simple composition, a symbolic representation of sake, simple abstract form"
酌,bartending,bartending,"64x64 pixel art, minimal style, 3-5 colors, no text, clean pixel edges, simple composition, a symbolic representation of bartending, simple abstract form"
酎,alcohol,alcohol,"64x64 pixel art, minimal style, 3-5 colors, no text, clean pixel edges, simple composition, a symbolic representation of alcohol, simple abstract form"
酵,fermentation,fermentation,"64x64 pixel art, minimal style, 3-5 colors, no text, clean pixel edges, simple composition, a symbolic representation of fermentation, simple abstract form"
酷,cruel,cruel,"64x64 pixel art, minimal style, 3-5 colors, no text, clean pixel edges, simple composition, a symbolic representation of cruel, simple abstract form"
酬,repay,repay,"64x64 pixel art, minimal style, 3-5 colors, no text, clean pixel edges, simple composition, a symbolic representation of repay, simple abstract form"
酪,dairy,dairy,"64x64 pixel art, minimal style, 3-5 colors, no text, clean pixel edges, simple composition, a symbolic representation of dairy, simple abstract form"
酢,vinegar,vinegar,"64x64 pixel art, minimal style, 3-5 colors, no text, clean pixel edges, simple composition, a symbolic representation of vinegar, simple abstract form"
酔,drunk,drunk,"64x64 pixel art, minimal style, 3-5 colors, no text, clean pixel edges, simple composition, a symbolic representation of drunk, simple abstract form"
配,distribute,distribute,"64x64 pixel art, minimal style, 3-5 colors, no text, clean pixel edges, simple composition, a symbolic representation of distribute, simple abstract form"
酸,acid,acid,"64x64 pixel art, minimal style, 3-5 colors, no text, clean pixel edges, simple composition, a symbolic representation of acid, simple abstract form"
猶,still,still,"64x64 pixel art, minimal style, 3-5 colors, no text, clean pixel edges, simple composition, a symbolic representation of still, simple abstract form"
尊,revered,revered,"64x64 pixel art, minimal style, 3-5 colors, no text, clean pixel edges, simple composition, a symbolic representation of revered, simple abstract form"
豆,beans,beans,"64x64 pixel art, minimal style, 3-5 colors, no text, clean pixel edges, simple composition, a symbolic representation of beans, simple abstract form"
頭,head,head,"64x64 pixel art, minimal style, 3-5 colors, no text, clean pixel edges, simple composition, a symbolic representation of head, simple abstract form"
短,short,short,"64x64 pixel art, minimal style, 3-5 colors, no text, clean pixel edges, simple composition, a symbolic representation of short, simple abstract form"
豊,bountiful,bountiful,"64x64 pixel art, minimal style, 3-5 colors, no text, clean pixel edges, simple composition, a symbolic representation of bountiful, simple abstract form"
鼓,drum,drum,"64x64 pixel art, minimal style, 3-5 colors, no text, clean pixel edges, simple composition, a symbolic representation of drum, simple abstract form"
喜,rejoice,rejoice,"64x64 pixel art, minimal style, 3-5 colors, no text, clean pixel edges, simple composition, a symbolic representation of rejoice, simple abstract form"
樹,timber,timber,"64x64 pixel art, minimal style, 3-5 colors, no text, clean pixel edges, simple composition, a symbolic representation of timber, simple abstract form"
皿,dish,dish,"64x64 pixel art, minimal style, 3-5 colors, no text, clean pixel edges, simple composition, a symbolic representation of dish, simple abstract form"
血,blood,blood,"64x64 pixel art, minimal style, 3-5 colors, no text, clean pixel edges, simple composition, a symbolic representation of blood, simple abstract form"
盆,basin,basin,"64x64 pixel art, minimal style, 3-5 colors, no text, clean pixel edges, simple composition, a symbolic representation of basin, simple abstract form"
盟,alliance,alliance,"64x64 pixel art, minimal style, 3-5 colors, no text, clean pixel edges, simple composition, a symbolic representation of alliance, simple abstract form"
盗,steal,steal,"64x64 pixel art, minimal style, 3-5 colors, no text, clean pixel edges, simple composition, a symbolic representation of steal, simple abstract form"
温,warm,warm,"64x64 pixel art, minimal style, 3-5 colors, no text, clean pixel edges, simple composition, a symbolic representation of warm, simple abstract form"
蓋,lid,lid,"64x64 pixel art, minimal style, 3-5 colors, no text, clean pixel edges, simple composition, a symbolic representation of lid, simple abstract form"
監,oversee,oversee,"64x64 pixel art, minimal style, 3-5 colors, no text, clean pixel edges, simple composition, a symbolic representation of oversee, simple abstract form"
濫,excessive,excessive,"64x64 pixel art, minimal style, 3-5 colors, no text, clean pixel edges, simple composition, a symbolic representation of excessive, simple abstract form"
鑑,specimen,specimen,"64x64 pixel art, minimal style, 3-5 colors, no text, clean pixel edges, simple composition, a symbolic representation of specimen, simple abstract form"
藍,indigo,indigo,"64x64 pixel art, minimal style, 3-5 colors, no text, clean pixel edges, simple composition, a symbolic representation of indigo, simple abstract form"
猛,fierce,fierce,"64x64 pixel art, minimal style, 3-5 colors, no text, clean pixel edges, simple composition, a symbolic representation of fierce, simple abstract form"
盛,boom,boom,"64x64 pixel art, minimal style, 3-5 colors, no text, clean pixel edges, simple composition, a symbolic representation of boom, simple abstract form"
塩,salt,salt,"64x64 pixel art, minimal style, 3-5 colors, no text, clean pixel edges, simple composition, a symbolic representation of salt, simple abstract form"
銀,silver,silver,"64x64 pixel art, minimal style, 3-5 colors, no text, clean pixel edges, simple composition, a symbolic representation of silver, simple abstract form"
恨,resentment,resentment,"64x64 pixel art, minimal style, 3-5 colors, no text, clean pixel edges, simple composition, a symbolic representation of resentment, simple abstract form"
根,root,root,"64x64 pixel art, minimal style, 3-5 colors, no text, clean pixel edges, simple composition, a symbolic representation of root, simple abstract form"
即,instant,instant,"64x64 pixel art, minimal style, 3-5 colors, no text, clean pixel edges, simple composition, a symbolic representation of instant, simple abstract form"
爵,baron,baron,"64x64 pixel art, minimal style, 3-5 colors, no text, clean pixel edges, simple composition, a symbolic representation of baron, simple abstract form"
節,node,node,"64x64 pixel art, minimal style, 3-5 colors, no text, clean pixel edges, simple composition, a symbolic representation of node, simple abstract form"
退,retreat,retreat,"64x64 pixel art, minimal style, 3-5 colors, no text, clean pixel edges, simple composition, a symbolic representation of retreat, simple abstract form"
限,limit,limit,"64x64 pixel art, minimal style, 3-5 colors, no text, clean pixel edges, simple composition, a symbolic representation of limit, simple abstract form"
眼,eyeball,eyeball,"64x64 pixel art, minimal style, 3-5 colors, no text, clean pixel edges, simple composition, a symbolic representation of eyeball, simple abstract form"
良,good,good,"64x64 pixel art, minimal style, 3-5 colors, no text, clean pixel edges, simple composition, a symbolic representation of good, simple abstract form"
朗,melodious,melodious,"64x64 pixel art, minimal style, 3-5 colors, no text, clean pixel edges, simple composition, a symbolic representation of melodious, simple abstract form"
浪,wandering,wandering,"64x64 pixel art, minimal style, 3-5 colors, no text, clean pixel edges, simple composition, a symbolic representation of wandering, simple abstract form"
娘,daughter,daughter,"64x64 pixel art, minimal style, 3-5 colors, no text, clean pixel edges, simple composition, a symbolic representation of daughter, simple abstract form"
食,eat,eat,"64x64 pixel art, minimal style, 3-5 colors, no text, clean pixel edges, simple composition, a symbolic representation of eat, simple abstract form"
飯,meal,meal,"64x64 pixel art, minimal style, 3-5 colors, no text, clean pixel edges, simple composition, a symbolic representation of meal, simple abstract form"
飲,drink,drink,"64x64 pixel art, minimal style, 3-5 colors, no text, clean pixel edges, simple composition, a symbolic representation of drink, simple abstract form"
飢,hungry,hungry,"64x64 pixel art, minimal style, 3-5 colors, no text, clean pixel edges, simple composition, a symbolic representation of hungry, simple abstract form"
餓,starve,starve,"64x64 pixel art, minimal style, 3-5 colors, no text, clean pixel edges, simple composition, a symbolic representation of starve, simple abstract form"
飾,decorate,decorate,"64x64 pixel art, minimal style, 3-5 colors, no text, clean pixel edges, simple composition, a symbolic representation of decorate, simple abstract form"
餌,feed,feed,"64x64 pixel art, minimal style, 3-5 colors, no text, clean pixel edges, simple composition, a symbolic representation of feed, simple abstract form"
館,public_building,public_building,"64x64 pixel art, minimal style, 3-5 colors, no text, clean pixel edges, simple composition, a symbolic representation of public_building, simple abstract form"
餅,mochi,mochi,"64x64 pixel art, minimal style, 3-5 colors, no text, clean pixel edges, simple composition, a symbolic representation of mochi, simple abstract form"
養,foster,foster,"64x64 pixel art, minimal style, 3-5 colors, no text, clean pixel edges, simple composition, a symbolic representation of foster, simple abstract form"
飽,sated,sated,"64x64 pixel art, minimal style, 3-5 colors, no text, clean pixel edges, simple composition, a symbolic representation of sated, simple abstract form"
既,previously,previously,"64x64 pixel art, minimal style, 3-5 colors, no text, clean pixel edges, simple composition, a symbolic representation of previously, simple abstract form"
概,outline,outline,"64x64 pixel art, minimal style, 3-5 colors, no text, clean pixel edges, simple composition, a symbolic representation of outline, simple abstract form"
慨,rue,rue,"64x64 pixel art, minimal style, 3-5 colors, no text, clean pixel edges, simple composition, a symbolic representation of rue, simple abstract form"
平,flat,flat,"64x64 pixel art, minimal style, 3-5 colors, no text, clean pixel edges, simple composition, a symbolic representation of flat, simple abstract form"
呼,call,call,"64x64 pixel art, minimal style, 3-5 colors, no text, clean pixel edges, simple composition, a symbolic representation of call, simple abstract form"
坪,two_mats,two_mats,"64x64 pixel art, minimal style, 3-5 colors, no text, clean pixel edges, simple composition, a symbolic representation of two_mats, simple abstract form"
評,evaluate,evaluate,"64x64 pixel art, minimal style, 3-5 colors, no text, clean pixel edges, simple composition, a symbolic representation of evaluate, simple abstract form"
刈,reap,reap,"64x64 pixel art, minimal style, 3-5 colors, no text, clean pixel edges, simple composition, a symbolic representation of reap, simple abstract form"
刹,buddhist_temple,buddhist_temple,"64x64 pixel art, minimal style, 3-5 colors, no text, clean pixel edges, simple composition, a symbolic representation of buddhist_temple, simple abstract form"
希,hope,hope,"64x64 pixel art, minimal style, 3-5 colors, no text, clean pixel edges, simple composition, a symbolic representation of hope, simple abstract form"
凶,villain,villain,"64x64 pixel art, minimal style, 3-5 colors, no text, clean pixel edges, simple composition, a symbolic representation of villain, simple abstract form"
胸,bosom,bosom,"64x64 pixel art, minimal style, 3-5 colors, no text, clean pixel edges, simple composition, a symbolic representation of bosom, simple abstract form"
離,detach,detach,"64x64 pixel art, minimal style, 3-5 colors, no text, clean pixel edges, simple composition, a symbolic representation of detach, simple abstract form"
璃,glassy,glassy,"64x64 pixel art, minimal style, 3-5 colors, no text, clean pixel edges, simple composition, a symbolic representation of glassy, simple abstract form"
殺,kill,kill,"64x64 pixel art, minimal style, 3-5 colors, no text, clean pixel edges, simple composition, a symbolic representation of kill, simple abstract form"
爽,bracing,bracing,"64x64 pixel art, minimal style, 3-5 colors, no text, clean pixel edges, simple composition, a symbolic representation of bracing, simple abstract form"
純,genuine,genuine,"64x64 pixel art, minimal style, 3-5 colors, no text, clean pixel edges, simple composition, a symbolic representation of genuine, simple abstract form"
頓,immediate,immediate,"64x64 pixel art, minimal style, 3-5 colors, no text, clean pixel edges, simple composition, a symbolic representation of immediate, simple abstract form"
鈍,dull,dull,"64x64 pixel art, minimal style, 3-5 colors, no text, clean pixel edges, simple composition, a symbolic representation of dull, simple abstract form"
辛,spicy,spicy,"64x64 pixel art, minimal style, 3-5 colors, no text, clean pixel edges, simple composition, a symbolic representation of spicy, simple abstract form"
辞,resign,resign,"64x64 pixel art, minimal style, 3-5 colors, no text, clean pixel edges, simple composition, a symbolic representation of resign, simple abstract form"
梓,catalpa_tree,catalpa_tree,"64x64 pixel art, minimal style, 3-5 colors, no text, clean pixel edges, simple composition, a symbolic representation of catalpa_tree, simple abstract form"
宰,superintend,superintend,"64x64 pixel art, minimal style, 3-5 colors, no text, clean pixel edges, simple composition, a symbolic representation of superintend, simple abstract form"
壁,wall,wall,"64x64 pixel art, minimal style, 3-5 colors, no text, clean pixel edges, simple composition, a symbolic representation of wall, simple abstract form"
璧,gem,gem,"64x64 pixel art, minimal style, 3-5 colors, no text, clean pixel edges, simple composition, a symbolic representation of gem, simple abstract form"
避,evade,evade,"64x64 pixel art, minimal style, 3-5 colors, no text, clean pixel edges, simple composition, a symbolic representation of evade, simple abstract form"
新,new,new,"64x64 pixel art, minimal style, 3-5 colors, no text, clean pixel edges, simple composition, a symbolic representation of new, simple abstract form"
薪,firewood,firewood,"64x64 pixel art, minimal style, 3-5 colors, no text, clean pixel edges, simple composition, a symbolic representation of firewood, simple abstract form"
親,parent,parent,"64x64 pixel art, minimal style, 3-5 colors, no text, clean pixel edges, simple composition, a symbolic representation of parent, simple abstract form"
幸,happiness,happiness,"64x64 pixel art, minimal style, 3-5 colors, no text, clean pixel edges, simple composition, a symbolic representation of happiness, simple abstract form"
執,tenacious,tenacious,"64x64 pixel art, minimal style, 3-5 colors, no text, clean pixel edges, simple composition, a symbolic representation of tenacious, simple abstract form"
摯,clasp,clasp,"64x64 pixel art, minimal style, 3-5 colors, no text, clean pixel edges, simple composition, a symbolic representation of clasp, simple abstract form"
報,report,report,"64x64 pixel art, minimal style, 3-5 colors, no text, clean pixel edges, simple composition, a symbolic representation of report, simple abstract form"
叫,shout,shout,"64x64 pixel art, minimal style, 3-5 colors, no text, clean pixel edges, simple composition, a symbolic representation of shout, simple abstract form"
糾,twist,twist,"64x64 pixel art, minimal style, 3-5 colors, no text, clean pixel edges, simple composition, a symbolic representation of twist, simple abstract form"
収,income,income,"64x64 pixel art, minimal style, 3-5 colors, no text, clean pixel edges, simple composition, a symbolic representation of income, simple abstract form"
卑,lowly,lowly,"64x64 pixel art, minimal style, 3-5 colors, no text, clean pixel edges, simple composition, a symbolic representation of lowly, simple abstract form"
碑,tombstone,tombstone,"64x64 pixel art, minimal style, 3-5 colors, no text, clean pixel edges, simple composition, a symbolic representation of tombstone, simple abstract form"
陸,land,land,"64x64 pixel art, minimal style, 3-5 colors, no text, clean pixel edges, simple composition, a symbolic representation of land, simple abstract form"
睦,intimate,intimate,"64x64 pixel art, minimal style, 3-5 colors, no text, clean pixel edges, simple composition, a symbolic representation of intimate, simple abstract form"
勢,forces,forces,"64x64 pixel art, minimal style, 3-5 colors, no text, clean pixel edges, simple composition, a symbolic representation of forces, simple abstract form"
熱,heat,heat,"64x64 pixel art, minimal style, 3-5 colors, no text, clean pixel edges, simple composition, a symbolic representation of heat, simple abstract form"
菱,diamond,diamond,"64x64 pixel art, minimal style, 3-5 colors, no text, clean pixel edges, simple composition, a symbolic representation of diamond, simple abstract form"
陵,mausoleum,mausoleum,"64x64 pixel art, minimal style, 3-5 colors, no text, clean pixel edges, simple composition, a symbolic representation of mausoleum, simple abstract form"
亥,boar,boar,"64x64 pixel art, minimal style, 3-5 colors, no text, clean pixel edges, simple composition, a symbolic representation of boar, simple abstract form"
核,nucleus,nucleus,"64x64 pixel art, minimal style, 3-5 colors, no text, clean pixel edges, simple composition, a symbolic representation of nucleus, simple abstract form"
刻,engrave,engrave,"64x64 pixel art, minimal style, 3-5 colors, no text, clean pixel edges, simple composition, a symbolic representation of engrave, simple abstract form"
該,above_stated,above_stated,"64x64 pixel art, minimal style, 3-5 colors, no text, clean pixel edges, simple composition, a symbolic representation of above_stated, simple abstract form"
骸,remains,remains,"64x64 pixel art, minimal style, 3-5 colors, no text, clean pixel edges, simple composition, a symbolic representation of remains, simple abstract form"
劾,censure,censure,"64x64 pixel art, minimal style, 3-5 colors, no text, clean pixel edges, simple composition, a symbolic representation of censure, simple abstract form"
述,mention,mention,"64x64 pixel art, minimal style, 3-5 colors, no text, clean pixel edges, simple composition, a symbolic representation of mention, simple abstract form"
術,technique,technique,"64x64 pixel art, minimal style, 3-5 colors, no text, clean pixel edges, simple composition, a symbolic representation of technique, simple abstract form"
寒,cold,cold,"64x64 pixel art, minimal style, 3-5 colors, no text, clean pixel edges, simple composition, a symbolic representation of cold, simple abstract form"
塞,obstruct,obstruct,"64x64 pixel art, minimal style, 3-5 colors, no text, clean pixel edges, simple composition, a symbolic representation of obstruct, simple abstract form"
醸,brew,brew,"64x64 pixel art, minimal style, 3-5 colors, no text, clean pixel edges, simple composition, a symbolic representation of brew, simple abstract form"
譲,defer,defer,"64x64 pixel art, minimal style, 3-5 colors, no text, clean pixel edges, simple composition, a symbolic representation of defer, simple abstract form"
壌,lot,lot,"64x64 pixel art, minimal style, 3-5 colors, no text, clean pixel edges, simple composition, a symbolic representation of lot, simple abstract form"
嬢,lass,lass,"64x64 pixel art, minimal style, 3-5 colors, no text, clean pixel edges, simple composition, a symbolic representation of lass, simple abstract form"
毒,poison,poison,"64x64 pixel art, minimal style, 3-5 colors, no text, clean pixel edges, simple composition, a symbolic representation of poison, simple abstract form"
素,elementary,elementary,"64x64 pixel art, minimal style, 3-5 colors, no text, clean pixel edges, simple composition, a symbolic representation of elementary, simple abstract form"
麦,wheat,wheat,"64x64 pixel art, minimal style, 3-5 colors, no text, clean pixel edges, simple composition, a symbolic representation of wheat, simple abstract form"
青,blue,blue,"64x64 pixel art, minimal style, 3-5 colors, no text, clean pixel edges, simple composition, a symbolic representation of blue, simple abstract form"
精,refined,refined,"64x64 pixel art, minimal style, 3-5 colors, no text, clean pixel edges, simple composition, a symbolic representation of refined, simple abstract form"
請,solicit,solicit,"64x64 pixel art, minimal style, 3-5 colors, no text, clean pixel edges, simple composition, a symbolic representation of solicit, simple abstract form"
情,feelings,feelings,"64x64 pixel art, minimal style, 3-5 colors, no text, clean pixel edges, simple composition, a symbolic representation of feelings, simple abstract form"
晴,clear_up,clear_up,"64x64 pixel art, minimal style, 3-5 colors, no text, clean pixel edges, simple composition, a symbolic representation of clear_up, simple abstract form"
清,pure,pure,"64x64 pixel art, minimal style, 3-5 colors, no text, clean pixel edges, simple composition, a symbolic representation of pure, simple abstract form"
静,quiet,quiet,"64x64 pixel art, minimal style, 3-5 colors, no text, clean pixel edges, simple composition, a symbolic representation of quiet, simple abstract form"
責,blame,blame,"64x64 pixel art, minimal style, 3-5 colors, no text, clean pixel edges, simple composition, a symbolic representation of blame, simple abstract form"
績,exploits,exploits,"64x64 pixel art, minimal style, 3-5 colors, no text, clean pixel edges, simple composition, a symbolic representation of exploits, simple abstract form"
積,accumulate,accumulate,"64x64 pixel art, minimal style, 3-5 colors, no text, clean pixel edges, simple composition, a symbolic representation of accumulate, simple abstract form"
債,bond,bond,"64x64 pixel art, minimal style, 3-5 colors, no text, clean pixel edges, simple composition, a symbolic representation of bond, simple abstract form"
漬,pickling,pickling,"64x64 pixel art, minimal style, 3-5 colors, no text, clean pixel edges, simple composition, a symbolic representation of pickling, simple abstract form"
表,surface,surface,"64x64 pixel art, minimal style, 3-5 colors, no text, clean pixel edges, simple composition, a symbolic representation of surface, simple abstract form"
俵,bag,bag,"64x64 pixel art, minimal style, 3-5 colors, no text, clean pixel edges, simple composition, a symbolic representation of bag, simple abstract form"
潔,undefiled,undefiled,"64x64 pixel art, minimal style, 3-5 colors, no text, clean pixel edges, simple composition, a symbolic representation of undefiled, simple abstract form"
契,pledge,pledge,"64x64 pixel art, minimal style, 3-5 colors, no text, clean pixel edges, simple composition, a symbolic representation of pledge, simple abstract form"
喫,consume,consume,"64x64 pixel art, minimal style, 3-5 colors, no text, clean pixel edges, simple composition, a symbolic representation of consume, simple abstract form"
害,harm,harm,"64x64 pixel art, minimal style, 3-5 colors, no text, clean pixel edges, simple composition, a symbolic representation of harm, simple abstract form"
轄,jurisdiction,jurisdiction,"64x64 pixel art, minimal style, 3-5 colors, no text, clean pixel edges, simple composition, a symbolic representation of jurisdiction, simple abstract form"
割,proportion,proportion,"64x64 pixel art, minimal style, 3-5 colors, no text, clean pixel edges, simple composition, a symbolic representation of proportion, simple abstract form"
憲,constitution,constitution,"64x64 pixel art, minimal style, 3-5 colors, no text, clean pixel edges, simple composition, a symbolic representation of constitution, simple abstract form"
生,life,life,"64x64 pixel art, minimal style, 3-5 colors, no text, clean pixel edges, simple composition, a symbolic representation of life, simple abstract form"
星,star,star,"64x64 pixel art, minimal style, 3-5 colors, no text, clean pixel edges, simple composition, a symbolic representation of star, simple abstract form"
醒,awakening,awakening,"64x64 pixel art, minimal style, 3-5 colors, no text, clean pixel edges, simple composition, a symbolic representation of awakening, simple abstract form"
姓,surname,surname,"64x64 pixel art, minimal style, 3-5 colors, no text, clean pixel edges, simple composition, a symbolic representation of surname, simple abstract form"
性,gender,gender,"64x64 pixel art, minimal style, 3-5 colors, no text, clean pixel edges, simple composition, a symbolic representation of gender, simple abstract form"
牲,animal_sacrifice,animal_sacrifice,"64x64 pixel art, minimal style, 3-5 colors, no text, clean pixel edges, simple composition, a symbolic representation of animal_sacrifice, simple abstract form"
産,produce,produce,"64x64 pixel art, minimal style, 3-5 colors, no text, clean pixel edges, simple composition, a symbolic representation of produce, simple abstract form"
隆,hump,hump,"64x64 pixel art, minimal style, 3-5 colors, no text, clean pixel edges, simple composition, a symbolic representation of hump, simple abstract form"
峰,summit,summit,"64x64 pixel art, minimal style, 3-5 colors, no text, clean pixel edges, simple composition, a symbolic representation of summit, simple abstract form"
蜂,bee,bee,"64x64 pixel art, minimal style, 3-5 colors, no text, clean pixel edges, simple composition, a symbolic representation of bee, simple abstract form"
縫,sew,sew,"64x64 pixel art, minimal style, 3-5 colors, no text, clean pixel edges, simple composition, a symbolic representation of sew, simple abstract form"
拝,worship,worship,"64x64 pixel art, minimal style, 3-5 colors, no text, clean pixel edges, simple composition, a symbolic representation of worship, simple abstract form"
寿,longevity,longevity,"64x64 pixel art, minimal style, 3-5 colors, no text, clean pixel edges, simple composition, a symbolic representation of longevity, simple abstract form"
鋳,casting,casting,"64x64 pixel art, minimal style, 3-5 colors, no text, clean pixel edges, simple composition, a symbolic representation of casting, simple abstract form"
籍,enroll,enroll,"64x64 pixel art, minimal style, 3-5 colors, no text, clean pixel edges, simple composition, a symbolic representation of enroll, simple abstract form"
春,springtime,springtime,"64x64 pixel art, minimal style, 3-5 colors, no text, clean pixel edges, simple composition, a symbolic representation of springtime, simple abstract form"
椿,camellia_tree,camellia_tree,"64x64 pixel art, minimal style, 3-5 colors, no text, clean pixel edges, simple composition, a symbolic representation of camellia_tree, simple abstract form"
泰,peaceful,peaceful,"64x64 pixel art, minimal style, 3-5 colors, no text, clean pixel edges, simple composition, a symbolic representation of peaceful, simple abstract form"
奏,play_music,play_music,"64x64 pixel art, minimal style, 3-5 colors, no text, clean pixel edges, simple composition, a symbolic representation of play_music, simple abstract form"
実,reality,reality,"64x64 pixel art, minimal style, 3-5 colors, no text, clean pixel edges, simple composition, a symbolic representation of reality, simple abstract form"
奉,dedicate,dedicate,"64x64 pixel art, minimal style, 3-5 colors, no text, clean pixel edges, simple composition, a symbolic representation of dedicate, simple abstract form"
俸,stipend,stipend,"64x64 pixel art, minimal style, 3-5 colors, no text, clean pixel edges, simple composition, a symbolic representation of stipend, simple abstract form"
棒,rod,rod,"64x64 pixel art, minimal style, 3-5 colors, no text, clean pixel edges, simple composition, a symbolic representation of rod, simple abstract form"
謹,discreet,discreet,"64x64 pixel art, minimal style, 3-5 colors, no text, clean pixel edges, simple composition, a symbolic representation of discreet, simple abstract form"
僅,trifle,trifle,"64x64 pixel art, minimal style, 3-5 colors, no text, clean pixel edges, simple composition, a symbolic representation of trifle, simple abstract form"
勤,diligence,diligence,"64x64 pixel art, minimal style, 3-5 colors, no text, clean pixel edges, simple composition, a symbolic representation of diligence, simple abstract form"
漢,china,china,"64x64 pixel art, minimal style, 3-5 colors, no text, clean pixel edges, simple composition, a symbolic representation of china, simple abstract form"
嘆,sigh,sigh,"64x64 pixel art, minimal style, 3-5 colors, no text, clean pixel edges, simple composition, a symbolic representation of sigh, simple abstract form"
難,difficult,difficult,"64x64 pixel art, minimal style, 3-5 colors, no text, clean pixel edges, simple composition, a symbolic representation of difficult, simple abstract form"
華,splendor,splendor,"64x64 pixel art, minimal style, 3-5 colors, no text, clean pixel edges, simple composition, a symbolic representation of splendor, simple abstract form"
垂,droop,droop,"64x64 pixel art, minimal style, 3-5 colors, no text, clean pixel edges, simple composition, a symbolic representation of droop, simple abstract form"
唾,saliva,saliva,"64x64 pixel art, minimal style, 3-5 colors, no text, clean pixel edges, simple composition, a symbolic representation of saliva, simple abstract form"
睡,drowsy,drowsy,"64x64 pixel art, minimal style, 3-5 colors, no text, clean pixel edges, simple composition, a symbolic representation of drowsy, simple abstract form"
錘,spindle,spindle,"64x64 pixel art, minimal style, 3-5 colors, no text, clean pixel edges, simple composition, a symbolic representation of spindle, simple abstract form"
乗,ride,ride,"64x64 pixel art, minimal style, 3-5 colors, no text, clean pixel edges, simple composition, a symbolic representation of ride, simple abstract form"
剰,surplus,surplus,"64x64 pixel art, minimal style, 3-5 colors, no text, clean pixel edges, simple composition, a symbolic representation of surplus, simple abstract form"
今,now,now,"64x64 pixel art, minimal style, 3-5 colors, no text, clean pixel edges, simple composition, a symbolic representation of now, simple abstract form"
含,include,include,"64x64 pixel art, minimal style, 3-5 colors, no text, clean pixel edges, simple composition, a symbolic representation of include, simple abstract form"
貪,covet,covet,"64x64 pixel art, minimal style, 3-5 colors, no text, clean pixel edges, simple composition, a symbolic representation of covet, simple abstract form"
吟,versify,versify,"64x64 pixel art, minimal style, 3-5 colors, no text, clean pixel edges, simple composition, a symbolic representation of versify, simple abstract form"
念,wish,wish,"64x64 pixel art, minimal style, 3-5 colors, no text, clean pixel edges, simple composition, a symbolic representation of wish, simple abstract form"
捻,wrench,wrench,"64x64 pixel art, minimal style, 3-5 colors, no text, clean pixel edges, simple composition, a symbolic representation of wrench, simple abstract form"
琴,harp,harp,"64x64 pixel art, minimal style, 3-5 colors, no text, clean pixel edges, simple composition, a symbolic representation of harp, simple abstract form"
陰,shade,shade,"64x64 pixel art, minimal style, 3-5 colors, no text, clean pixel edges, simple composition, a symbolic representation of shade, simple abstract form"
予,in_advance,in_advance,"64x64 pixel art, minimal style, 3-5 colors, no text, clean pixel edges, simple composition, a symbolic representation of in_advance, simple abstract form"
序,preface,preface,"64x64 pixel art, minimal style, 3-5 colors, no text, clean pixel edges, simple composition, a symbolic representation of preface, simple abstract form"
預,deposit,deposit,"64x64 pixel art, minimal style, 3-5 colors, no text, clean pixel edges, simple composition, a symbolic representation of deposit, simple abstract form"
野,plains,plains,"64x64 pixel art, minimal style, 3-5 colors, no text, clean pixel edges, simple composition, a symbolic representation of plains, simple abstract form"
兼,concurrently,concurrently,"64x64 pixel art, minimal style, 3-5 colors, no text, clean pixel edges, simple composition, a symbolic representation of concurrently, simple abstract form"
嫌,dislike,dislike,"64x64 pixel art, minimal style, 3-5 colors, no text, clean pixel edges, simple composition, a symbolic representation of dislike, simple abstract form"
鎌,sickle,sickle,"64x64 pixel art, minimal style, 3-5 colors, no text, clean pixel edges, simple composition, a symbolic representation of sickle, simple abstract form"
謙,self_effacing,self_effacing,"64x64 pixel art, minimal style, 3-5 colors, no text, clean pixel edges, simple composition, a symbolic representation of self_effacing, simple abstract form"
廉,bargain,bargain,"64x64 pixel art, minimal style, 3-5 colors, no text, clean pixel edges, simple composition, a symbolic representation of bargain, simple abstract form"
西,west,west,"64x64 pixel art, minimal style, 3-5 colors, no text, clean pixel edges, simple composition, a symbolic representation of west, simple abstract form"
価,cost,cost,"64x64 pixel art, minimal style, 3-5 colors, no text, clean pixel edges, simple composition, a symbolic representation of cost, simple abstract form"
要,need,need,"64x64 pixel art, minimal style, 3-5 colors, no text, clean pixel edges, simple composition, a symbolic representation of need, simple abstract form"
腰,loins,loins,"64x64 pixel art, minimal style, 3-5 colors, no text, clean pixel edges, simple composition, a symbolic representation of loins, simple abstract form"
票,ballot,ballot,"64x64 pixel art, minimal style, 3-5 colors, no text, clean pixel edges, simple composition, a symbolic representation of ballot, simple abstract form"
漂,drift,drift,"64x64 pixel art, minimal style, 3-5 colors, no text, clean pixel edges, simple composition, a symbolic representation of drift, simple abstract form"
標,signpost,signpost,"64x64 pixel art, minimal style, 3-5 colors, no text, clean pixel edges, simple composition, a symbolic representation of signpost, simple abstract form"
栗,chestnut,chestnut,"64x64 pixel art, minimal style, 3-5 colors, no text, clean pixel edges, simple composition, a symbolic representation of chestnut, simple abstract form"
慄,shudder,shudder,"64x64 pixel art, minimal style, 3-5 colors, no text, clean pixel edges, simple composition, a symbolic representation of shudder, simple abstract form"
遷,transition,transition,"64x64 pixel art, minimal style, 3-5 colors, no text, clean pixel edges, simple composition, a symbolic representation of transition, simple abstract form"
覆,capsize,capsize,"64x64 pixel art, minimal style, 3-5 colors, no text, clean pixel edges, simple composition, a symbolic representation of capsize, simple abstract form"
煙,smoke,smoke,"64x64 pixel art, minimal style, 3-5 colors, no text, clean pixel edges, simple composition, a symbolic representation of smoke, simple abstract form"
南,south,south,"64x64 pixel art, minimal style, 3-5 colors, no text, clean pixel edges, simple composition, a symbolic representation of south, simple abstract form"
楠,camphor_tree,camphor_tree,"64x64 pixel art, minimal style, 3-5 colors, no text, clean pixel edges, simple composition, a symbolic representation of camphor_tree, simple abstract form"
献,offering,offering,"64x64 pixel art, minimal style, 3-5 colors, no text, clean pixel edges, simple composition, a symbolic representation of offering, simple abstract form"
門,gates,gates,"64x64 pixel art, minimal style, 3-5 colors, no text, clean pixel edges, simple composition, a symbolic representation of gates, simple abstract form"
問,question,question,"64x64 pixel art, minimal style, 3-5 colors, no text, clean pixel edges, simple composition, a symbolic representation of question, simple abstract form"
閲,review,review,"64x64 pixel art, minimal style, 3-5 colors, no text, clean pixel edges, simple composition, a symbolic representation of review, simple abstract form"
閥,clique,clique,"64x64 pixel art, minimal style, 3-5 colors, no text, clean pixel edges, simple composition, a symbolic representation of clique, simple abstract form"
間,interval,interval,"64x64 pixel art, minimal style, 3-5 colors, no text, clean pixel edges, simple composition, a symbolic representation of interval, simple abstract form"
闇,pitch_dark,pitch_dark,"64x64 pixel art, minimal style, 3-5 colors, no text, clean pixel edges, simple composition, a symbolic representation of pitch_dark, simple abstract form"
簡,simplicity,simplicity,"64x64 pixel art, minimal style, 3-5 colors, no text, clean pixel edges, simple composition, a symbolic representation of simplicity, simple abstract form"
開,open,open,"64x64 pixel art, minimal style, 3-5 colors, no text, clean pixel edges, simple composition, a symbolic representation of open, simple abstract form"
閉,closed,closed,"64x64 pixel art, minimal style, 3-5 colors, no text, clean pixel edges, simple composition, a symbolic representation of closed, simple abstract form"
閣,tower,tower,"64x64 pixel art, minimal style, 3-5 colors, no text, clean pixel edges, simple composition, a symbolic representation of tower, simple abstract form"
閑,leisure,leisure,"64x64 pixel art, minimal style, 3-5 colors, no text, clean pixel edges, simple composition, a symbolic representation of leisure, simple abstract form"
聞,hear,hear,"64x64 pixel art, minimal style, 3-5 colors, no text, clean pixel edges, simple composition, a symbolic representation of hear, simple abstract form"
潤,wet,wet,"64x64 pixel art, minimal style, 3-5 colors, no text, clean pixel edges, simple composition, a symbolic representation of wet, simple abstract form"
欄,column,column,"64x64 pixel art, minimal style, 3-5 colors, no text, clean pixel edges, simple composition, a symbolic representation of column, simple abstract form"
闘,fight,fight,"64x64 pixel art, minimal style, 3-5 colors, no text, clean pixel edges, simple composition, a symbolic representation of fight, simple abstract form"
倉,warehouse,warehouse,"64x64 pixel art, minimal style, 3-5 colors, no text, clean pixel edges, simple composition, a symbolic representation of warehouse, simple abstract form"
創,genesis,genesis,"64x64 pixel art, minimal style, 3-5 colors, no text, clean pixel edges, simple composition, a symbolic representation of genesis, simple abstract form"
非,non,non,"64x64 pixel art, minimal style, 3-5 colors, no text, clean pixel edges, simple composition, a symbolic representation of non, simple abstract form"
俳,haiku,haiku,"64x64 pixel art, minimal style, 3-5 colors, no text, clean pixel edges, simple composition, a symbolic representation of haiku, simple abstract form"
排,repudiate,repudiate,"64x64 pixel art, minimal style, 3-5 colors, no text, clean pixel edges, simple composition, a symbolic representation of repudiate, simple abstract form"
悲,sad,sad,"64x64 pixel art, minimal style, 3-5 colors, no text, clean pixel edges, simple composition, a symbolic representation of sad, simple abstract form"
罪,guilt,guilt,"64x64 pixel art, minimal style, 3-5 colors, no text, clean pixel edges, simple composition, a symbolic representation of guilt, simple abstract form"
輩,comrade,comrade,"64x64 pixel art, minimal style, 3-5 colors, no text, clean pixel edges, simple composition, a symbolic representation of comrade, simple abstract form"
扉,front_door,front_door,"64x64 pixel art, minimal style, 3-5 colors, no text, clean pixel edges, simple composition, a symbolic representation of front_door, simple abstract form"
侯,marquis,marquis,"64x64 pixel art, minimal style, 3-5 colors, no text, clean pixel edges, simple composition, a symbolic representation of marquis, simple abstract form"
喉,throat,throat,"64x64 pixel art, minimal style, 3-5 colors, no text, clean pixel edges, simple composition, a symbolic representation of throat, simple abstract form"
候,climate,climate,"64x64 pixel art, minimal style, 3-5 colors, no text, clean pixel edges, simple composition, a symbolic representation of climate, simple abstract form"
決,decide,decide,"64x64 pixel art, minimal style, 3-5 colors, no text, clean pixel edges, simple composition, a symbolic representation of decide, simple abstract form"
快,cheerful,cheerful,"64x64 pixel art, minimal style, 3-5 colors, no text, clean pixel edges, simple composition, a symbolic representation of cheerful, simple abstract form"
偉,admirable,admirable,"64x64 pixel art, minimal style, 3-5 colors, no text, clean pixel edges, simple composition, a symbolic representation of admirable, simple abstract form"
違,differ,differ,"64x64 pixel art, minimal style, 3-5 colors, no text, clean pixel edges, simple composition, a symbolic representation of differ, simple abstract form"
緯,horizontal,horizontal,"64x64 pixel art, minimal style, 3-5 colors, no text, clean pixel edges, simple composition, a symbolic representation of horizontal, simple abstract form"
衛,defense,defense,"64x64 pixel art, minimal style, 3-5 colors, no text, clean pixel edges, simple composition, a symbolic representation of defense, simple abstract form"
韓,korea,korea,"64x64 pixel art, minimal style, 3-5 colors, no text, clean pixel edges, simple composition, a symbolic representation of korea, simple abstract form"
干,dry,dry,"64x64 pixel art, minimal style, 3-5 colors, no text, clean pixel edges, simple composition, a symbolic representation of dry, simple abstract form"
肝,liver,liver,"64x64 pixel art, minimal style, 3-5 colors, no text, clean pixel edges, simple composition, a symbolic representation of liver, simple abstract form"
刊,publish,publish,"64x64 pixel art, minimal style, 3-5 colors, no text, clean pixel edges, simple composition, a symbolic representation of publish, simple abstract form"
汗,sweat,sweat,"64x64 pixel art, minimal style, 3-5 colors, no text, clean pixel edges, simple composition, a symbolic representation of sweat, simple abstract form"
軒,flats,flats,"64x64 pixel art, minimal style, 3-5 colors, no text, clean pixel edges, simple composition, a symbolic representation of flats, simple abstract form"
岸,beach,beach,"64x64 pixel art, minimal style, 3-5 colors, no text, clean pixel edges, simple composition, a symbolic representation of beach, simple abstract form"
幹,tree_trunk,tree_trunk,"64x64 pixel art, minimal style, 3-5 colors, no text, clean pixel edges, simple composition, a symbolic representation of tree_trunk, simple abstract form"
芋,potato,potato,"64x64 pixel art, minimal style, 3-5 colors, no text, clean pixel edges, simple composition, a symbolic representation of potato, simple abstract form"
宇,eaves,eaves,"64x64 pixel art, minimal style, 3-5 colors, no text, clean pixel edges, simple composition, a symbolic representation of eaves, simple abstract form"
余,too_much,too_much,"64x64 pixel art, minimal style, 3-5 colors, no text, clean pixel edges, simple composition, a symbolic representation of too_much, simple abstract form"
除,exclude,exclude,"64x64 pixel art, minimal style, 3-5 colors, no text, clean pixel edges, simple composition, a symbolic representation of exclude, simple abstract form"
徐,gradually,gradually,"64x64 pixel art, minimal style, 3-5 colors, no text, clean pixel edges, simple composition, a symbolic representation of gradually, simple abstract form"
叙,confer,confer,"64x64 pixel art, minimal style, 3-5 colors, no text, clean pixel edges, simple composition, a symbolic representation of confer, simple abstract form"
途,route,route,"64x64 pixel art, minimal style, 3-5 colors, no text, clean pixel edges, simple composition, a symbolic representation of route, simple abstract form"
斜,diagonal,diagonal,"64x64 pixel art, minimal style, 3-5 colors, no text, clean pixel edges, simple composition, a symbolic representation of diagonal, simple abstract form"
塗,paint,paint,"64x64 pixel art, minimal style, 3-5 colors, no text, clean pixel edges, simple composition, a symbolic representation of paint, simple abstract form"
束,bundle,bundle,"64x64 pixel art, minimal style, 3-5 colors, no text, clean pixel edges, simple composition, a symbolic representation of bundle, simple abstract form"
頼,trust,trust,"64x64 pixel art, minimal style, 3-5 colors, no text, clean pixel edges, simple composition, a symbolic representation of trust, simple abstract form"
瀬,rapids,rapids,"64x64 pixel art, minimal style, 3-5 colors, no text, clean pixel edges, simple composition, a symbolic representation of rapids, simple abstract form"
勅,imperial_order,imperial_order,"64x64 pixel art, minimal style, 3-5 colors, no text, clean pixel edges, simple composition, a symbolic representation of imperial_order, simple abstract form"
疎,alienate,alienate,"64x64 pixel art, minimal style, 3-5 colors, no text, clean pixel edges, simple composition, a symbolic representation of alienate, simple abstract form"
辣,bitter,bitter,"64x64 pixel art, minimal style, 3-5 colors, no text, clean pixel edges, simple composition, a symbolic representation of bitter, simple abstract form"
速,quick,quick,"64x64 pixel art, minimal style, 3-5 colors, no text, clean pixel edges, simple composition, a symbolic representation of quick, simple abstract form"
整,organize,organize,"64x64 pixel art, minimal style, 3-5 colors, no text, clean pixel edges, simple composition, a symbolic representation of organize, simple abstract form"
剣,sabre,sabre,"64x64 pixel art, minimal style, 3-5 colors, no text, clean pixel edges, simple composition, a symbolic representation of sabre, simple abstract form"
険,precipitous,precipitous,"64x64 pixel art, minimal style, 3-5 colors, no text, clean pixel edges, simple composition, a symbolic representation of precipitous, simple abstract form"
検,examination,examination,"64x64 pixel art, minimal style, 3-5 colors, no text, clean pixel edges, simple composition, a symbolic representation of examination, simple abstract form"
倹,frugal,frugal,"64x64 pixel art, minimal style, 3-5 colors, no text, clean pixel edges, simple composition, a symbolic representation of frugal, simple abstract form"
重,heavy,heavy,"64x64 pixel art, minimal style, 3-5 colors, no text, clean pixel edges, simple composition, a symbolic representation of heavy, simple abstract form"
動,move,move,"64x64 pixel art, minimal style, 3-5 colors, no text, clean pixel edges, simple composition, a symbolic representation of move, simple abstract form"
腫,tumor,tumor,"64x64 pixel art, minimal style, 3-5 colors, no text, clean pixel edges, simple composition, a symbolic representation of tumor, simple abstract form"
勲,meritorious_deed,meritorious_deed,"64x64 pixel art, minimal style, 3-5 colors, no text, clean pixel edges, simple composition, a symbolic representation of meritorious_deed, simple abstract form"
働,work,work,"64x64 pixel art, minimal style, 3-5 colors, no text, clean pixel edges, simple composition, a symbolic representation of work, simple abstract form"
種,species,species,"64x64 pixel art, minimal style, 3-5 colors, no text, clean pixel edges, simple composition, a symbolic representation of species, simple abstract form"
衝,collide,collide,"64x64 pixel art, minimal style, 3-5 colors, no text, clean pixel edges, simple composition, a symbolic representation of collide, simple abstract form"
薫,fragrant,fragrant,"64x64 pixel art, minimal style, 3-5 colors, no text, clean pixel edges, simple composition, a symbolic representation of fragrant, simple abstract form"
病,ill,ill,"64x64 pixel art, minimal style, 3-5 colors, no text, clean pixel edges, simple composition, a symbolic representation of ill, simple abstract form"
痴,stupid,stupid,"64x64 pixel art, minimal style, 3-5 colors, no text, clean pixel edges, simple composition, a symbolic representation of stupid, simple abstract form"
痘,pox,pox,"64x64 pixel art, minimal style, 3-5 colors, no text, clean pixel edges, simple composition, a symbolic representation of pox, simple abstract form"
症,symptoms,symptoms,"64x64 pixel art, minimal style, 3-5 colors, no text, clean pixel edges, simple composition, a symbolic representation of symptoms, simple abstract form"
瘍,carbuncle,carbuncle,"64x64 pixel art, minimal style, 3-5 colors, no text, clean pixel edges, simple composition, a symbolic representation of carbuncle, simple abstract form"
痩,lose_weight,lose_weight,"64x64 pixel art, minimal style, 3-5 colors, no text, clean pixel edges, simple composition, a symbolic representation of lose_weight, simple abstract form"
疾,rapidly,rapidly,"64x64 pixel art, minimal style, 3-5 colors, no text, clean pixel edges, simple composition, a symbolic representation of rapidly, simple abstract form"
嫉,envy,envy,"64x64 pixel art, minimal style, 3-5 colors, no text, clean pixel edges, simple composition, a symbolic representation of envy, simple abstract form"
痢,diarrhea,diarrhea,"64x64 pixel art, minimal style, 3-5 colors, no text, clean pixel edges, simple composition, a symbolic representation of diarrhea, simple abstract form"
痕,scar,scar,"64x64 pixel art, minimal style, 3-5 colors, no text, clean pixel edges, simple composition, a symbolic representation of scar, simple abstract form"
疲,exhausted,exhausted,"64x64 pixel art, minimal style, 3-5 colors, no text, clean pixel edges, simple composition, a symbolic representation of exhausted, simple abstract form"
疫,epidemic,epidemic,"64x64 pixel art, minimal style, 3-5 colors, no text, clean pixel edges, simple composition, a symbolic representation of epidemic, simple abstract form"
痛,pain,pain,"64x64 pixel art, minimal style, 3-5 colors, no text, clean pixel edges, simple composition, a symbolic representation of pain, simple abstract form"
癖,mannerism,mannerism,"64x64 pixel art, minimal style, 3-5 colors, no text, clean pixel edges, simple composition, a symbolic representation of mannerism, simple abstract form"
匿,hide,hide,"64x64 pixel art, minimal style, 3-5 colors, no text, clean pixel edges, simple composition, a symbolic representation of hide, simple abstract form"
匠,artisan,artisan,"64x64 pixel art, minimal style, 3-5 colors, no text, clean pixel edges, simple composition, a symbolic representation of artisan, simple abstract form"
医,doctor,doctor,"64x64 pixel art, minimal style, 3-5 colors, no text, clean pixel edges, simple composition, a symbolic representation of doctor, simple abstract form"
匹,equal,equal,"64x64 pixel art, minimal style, 3-5 colors, no text, clean pixel edges, simple composition, a symbolic representation of equal, simple abstract form"
区,ward,ward,"64x64 pixel art, minimal style, 3-5 colors, no text, clean pixel edges, simple composition, a symbolic representation of ward, simple abstract form"
枢,hinge,hinge,"64x64 pixel art, minimal style, 3-5 colors, no text, clean pixel edges, simple composition, a symbolic representation of hinge, simple abstract form"
殴,assault,assault,"64x64 pixel art, minimal style, 3-5 colors, no text, clean pixel edges, simple composition, a symbolic representation of assault, simple abstract form"
欧,europe,europe,"64x64 pixel art, minimal style, 3-5 colors, no text, clean pixel edges, simple composition, a symbolic representation of europe, simple abstract form"
抑,repress,repress,"64x64 pixel art, minimal style, 3-5 colors, no text, clean pixel edges, simple composition, a symbolic representation of repress, simple abstract form"
仰,look_up,look_up,"64x64 pixel art, minimal style, 3-5 colors, no text, clean pixel edges, simple composition, a symbolic representation of look_up, simple abstract form"
迎,welcome,welcome,"64x64 pixel art, minimal style, 3-5 colors, no text, clean pixel edges, simple composition, a symbolic representation of welcome, simple abstract form"
登,ascend,ascend,"64x64 pixel art, minimal style, 3-5 colors, no text, clean pixel edges, simple composition, a symbolic representation of ascend, simple abstract form"
澄,lucidity,lucidity,"64x64 pixel art, minimal style, 3-5 colors, no text, clean pixel edges, simple composition, a symbolic representation of lucidity, simple abstract form"
発,departure,departure,"64x64 pixel art, minimal style, 3-5 colors, no text, clean pixel edges, simple composition, a symbolic representation of departure, simple abstract form"
廃,abolish,abolish,"64x64 pixel art, minimal style, 3-5 colors, no text, clean pixel edges, simple composition, a symbolic representation of abolish, simple abstract form"
僚,colleague,colleague,"64x64 pixel art, minimal style, 3-5 colors, no text, clean pixel edges, simple composition, a symbolic representation of colleague, simple abstract form"
瞭,obvious,obvious,"64x64 pixel art, minimal style, 3-5 colors, no text, clean pixel edges, simple composition, a symbolic representation of obvious, simple abstract form"
寮,dormitory,dormitory,"64x64 pixel art, minimal style, 3-5 colors, no text, clean pixel edges, simple composition, a symbolic representation of dormitory, simple abstract form"
療,heal,heal,"64x64 pixel art, minimal style, 3-5 colors, no text, clean pixel edges, simple composition, a symbolic representation of heal, simple abstract form"
彫,carve,carve,"64x64 pixel art, minimal style, 3-5 colors, no text, clean pixel edges, simple composition, a symbolic representation of carve, simple abstract form"
形,shape,shape,"64x64 pixel art, minimal style, 3-5 colors, no text, clean pixel edges, simple composition, a symbolic representation of shape, simple abstract form"
影,shadow,shadow,"64x64 pixel art, minimal style, 3-5 colors, no text, clean pixel edges, simple composition, a symbolic representation of shadow, simple abstract form"
杉,sugi,sugi,"64x64 pixel art, minimal style, 3-5 colors, no text, clean pixel edges, simple composition, a symbolic representation of sugi, simple abstract form"
彩,coloring,coloring,"64x64 pixel art, minimal style, 3-5 colors, no text, clean pixel edges, simple composition, a symbolic representation of coloring, simple abstract form"
彰,patent,patent,"64x64 pixel art, minimal style, 3-5 colors, no text, clean pixel edges, simple composition, a symbolic representation of patent, simple abstract form"
彦,handsome_man,handsome_man,"64x64 pixel art, minimal style, 3-5 colors, no text, clean pixel edges, simple composition, a symbolic representation of handsome_man, simple abstract form"
顔,face,face,"64x64 pixel art, minimal style, 3-5 colors, no text, clean pixel edges, simple composition, a symbolic representation of face, simple abstract form"
須,must,must,"64x64 pixel art, minimal style, 3-5 colors, no text, clean pixel edges, simple composition, a symbolic representation of must, simple abstract form"
膨,swell,swell,"64x64 pixel art, minimal style, 3-5 colors, no text, clean pixel edges, simple composition, a symbolic representation of swell, simple abstract form"
参,participate,participate,"64x64 pixel art, minimal style, 3-5 colors, no text, clean pixel edges, simple composition, a symbolic representation of participate, simple abstract form"
惨,wretched,wretched,"64x64 pixel art, minimal style, 3-5 colors, no text, clean pixel edges, simple composition, a symbolic representation of wretched, simple abstract form"
修,discipline,discipline,"64x64 pixel art, minimal style, 3-5 colors, no text, clean pixel edges, simple composition, a symbolic representation of discipline, simple abstract form"
珍,rare,rare,"64x64 pixel art, minimal style, 3-5 colors, no text, clean pixel edges, simple composition, a symbolic representation of rare, simple abstract form"
診,checkup,checkup,"64x64 pixel art, minimal style, 3-5 colors, no text, clean pixel edges, simple composition, a symbolic representation of checkup, simple abstract form"
文,sentence,sentence,"64x64 pixel art, minimal style, 3-5 colors, no text, clean pixel edges, simple composition, a symbolic representation of sentence, simple abstract form"
対,opposite,opposite,"64x64 pixel art, minimal style, 3-5 colors, no text, clean pixel edges, simple composition, a symbolic representation of opposite, simple abstract form"
紋,family_crest,family_crest,"64x64 pixel art, minimal style, 3-5 colors, no text, clean pixel edges, simple composition, a symbolic representation of family_crest, simple abstract form"
蚊,mosquito,mosquito,"64x64 pixel art, minimal style, 3-5 colors, no text, clean pixel edges, simple composition, a symbolic representation of mosquito, simple abstract form"
斑,blemish,blemish,"64x64 pixel art, minimal style, 3-5 colors, no text, clean pixel edges, simple composition, a symbolic representation of blemish, simple abstract form"
斉,adjusted,adjusted,"64x64 pixel art, minimal style, 3-5 colors, no text, clean pixel edges, simple composition, a symbolic representation of adjusted, simple abstract form"
剤,dose,dose,"64x64 pixel art, minimal style, 3-5 colors, no text, clean pixel edges, simple composition, a symbolic representation of dose, simple abstract form"
済,settle,settle,"64x64 pixel art, minimal style, 3-5 colors, no text, clean pixel edges, simple composition, a symbolic representation of settle, simple abstract form"
斎,purification,purification,"64x64 pixel art, minimal style, 3-5 colors, no text, clean pixel edges, simple composition, a symbolic representation of purification, simple abstract form"
粛,solemn,solemn,"64x64 pixel art, minimal style, 3-5 colors, no text, clean pixel edges, simple composition, a symbolic representation of solemn, simple abstract form"
塁,bases,bases,"64x64 pixel art, minimal style, 3-5 colors, no text, clean pixel edges, simple composition, a symbolic representation of bases, simple abstract form"
楽,music,music,"64x64 pixel art, minimal style, 3-5 colors, no text, clean pixel edges, simple composition, a symbolic representation of music, simple abstract form"
薬,medicine,medicine,"64x64 pixel art, minimal style, 3-5 colors, no text, clean pixel edges, simple composition, a symbolic representation of medicine, simple abstract form"
率,rate,rate,"64x64 pixel art, minimal style, 3-5 colors, no text, clean pixel edges, simple composition, a symbolic representation of rate, simple abstract form"
渋,astringent,astringent,"64x64 pixel art, minimal style, 3-5 colors, no text, clean pixel edges, simple composition, a symbolic representation of astringent, simple abstract form"
摂,vicarious,vicarious,"64x64 pixel art, minimal style, 3-5 colors, no text, clean pixel edges, simple composition, a symbolic representation of vicarious, simple abstract form"
央,center,center,"64x64 pixel art, minimal style, 3-5 colors, no text, clean pixel edges, simple composition, a symbolic representation of center, simple abstract form"
英,england,england,"64x64 pixel art, minimal style, 3-5 colors, no text, clean pixel edges, simple composition, a symbolic representation of england, simple abstract form"
映,reflect,reflect,"64x64 pixel art, minimal style, 3-5 colors, no text, clean pixel edges, simple composition, a symbolic representation of reflect, simple abstract form"
赤,red,red,"64x64 pixel art, minimal style, 3-5 colors, no text, clean pixel edges, simple composition, a symbolic representation of red, simple abstract form"
赦,pardon,pardon,"64x64 pixel art, minimal style, 3-5 colors, no text, clean pixel edges, simple composition, a symbolic representation of pardon, simple abstract form"
変,unusual,unusual,"64x64 pixel art, minimal style, 3-5 colors, no text, clean pixel edges, simple composition, a symbolic representation of unusual, simple abstract form"
跡,tracks,tracks,"64x64 pixel art, minimal style, 3-5 colors, no text, clean pixel edges, simple composition, a symbolic representation of tracks, simple abstract form"
蛮,barbarian,barbarian,"64x64 pixel art, minimal style, 3-5 colors, no text, clean pixel edges, simple composition, a symbolic representation of barbarian, simple abstract form"
恋,romance,romance,"64x64 pixel art, minimal style, 3-5 colors, no text, clean pixel edges, simple composition, a symbolic representation of romance, simple abstract form"
湾,gulf,gulf,"64x64 pixel art, minimal style, 3-5 colors, no text, clean pixel edges, simple composition, a symbolic representation of gulf, simple abstract form"
黄,yellow,yellow,"64x64 pixel art, minimal style, 3-5 colors, no text, clean pixel edges, simple composition, a symbolic representation of yellow, simple abstract form"
横,sideways,sideways,"64x64 pixel art, minimal style, 3-5 colors, no text, clean pixel edges, simple composition, a symbolic representation of sideways, simple abstract form"
把,grasp,grasp,"64x64 pixel art, minimal style, 3-5 colors, no text, clean pixel edges, simple composition, a symbolic representation of grasp, simple abstract form"
色,color,color,"64x64 pixel art, minimal style, 3-5 colors, no text, clean pixel edges, simple composition, a symbolic representation of color, simple abstract form"
絶,discontinue,discontinue,"64x64 pixel art, minimal style, 3-5 colors, no text, clean pixel edges, simple composition, a symbolic representation of discontinue, simple abstract form"
艶,glossy,glossy,"64x64 pixel art, minimal style, 3-5 colors, no text, clean pixel edges, simple composition, a symbolic representation of glossy, simple abstract form"
肥,fertilizer,fertilizer,"64x64 pixel art, minimal style, 3-5 colors, no text, clean pixel edges, simple composition, a symbolic representation of fertilizer, simple abstract form"
甘,sweet,sweet,"64x64 pixel art, minimal style, 3-5 colors, no text, clean pixel edges, simple composition, a symbolic representation of sweet, simple abstract form"
紺,navy_blue,navy_blue,"64x64 pixel art, minimal style, 3-5 colors, no text, clean pixel edges, simple composition, a symbolic representation of navy_blue, simple abstract form"
某,so_and_so,so_and_so,"64x64 pixel art, minimal style, 3-5 colors, no text, clean pixel edges, simple composition, a symbolic representation of so_and_so, simple abstract form"
謀,conspire,conspire,"64x64 pixel art, minimal style, 3-5 colors, no text, clean pixel edges, simple composition, a symbolic representation of conspire, simple abstract form"
媒,mediator,mediator,"64x64 pixel art, minimal style, 3-5 colors, no text, clean pixel edges, simple composition, a symbolic representation of mediator, simple abstract form"
欺,deceit,deceit,"64x64 pixel art, minimal style, 3-5 colors, no text, clean pixel edges, simple composition, a symbolic representation of deceit, simple abstract form"
棋,chess_piece,chess_piece,"64x64 pixel art, minimal style, 3-5 colors, no text, clean pixel edges, simple composition, a symbolic representation of chess_piece, simple abstract form"
旗,national_flag,national_flag,"64x64 pixel art, minimal style, 3-5 colors, no text, clean pixel edges, simple composition, a symbolic representation of national_flag, simple abstract form"
期,period_of_time,period_of_time,"64x64 pixel art, minimal style, 3-5 colors, no text, clean pixel edges, simple composition, a symbolic representation of period_of_time, simple abstract form"
碁,go_game,go_game,"64x64 pixel art, minimal style, 3-5 colors, no text, clean pixel edges, simple composition, a symbolic representation of go_game, simple abstract form"
基,foundation,foundation,"64x64 pixel art, minimal style, 3-5 colors, no text, clean pixel edges, simple composition, a symbolic representation of foundation, simple abstract form"
甚,tremendously,tremendously,"64x64 pixel art, minimal style, 3-5 colors, no text, clean pixel edges, simple composition, a symbolic representation of tremendously, simple abstract form"
勘,intuition,intuition,"64x64 pixel art, minimal style, 3-5 colors, no text, clean pixel edges, simple composition, a symbolic representation of intuition, simple abstract form"
堪,withstand,withstand,"64x64 pixel art, minimal style, 3-5 colors, no text, clean pixel edges, simple composition, a symbolic representation of withstand, simple abstract form"
貴,precious,precious,"64x64 pixel art, minimal style, 3-5 colors, no text, clean pixel edges, simple composition, a symbolic representation of precious, simple abstract form"
遺,bequeath,bequeath,"64x64 pixel art, minimal style, 3-5 colors, no text, clean pixel edges, simple composition, a symbolic representation of bequeath, simple abstract form"
遣,dispatch,dispatch,"64x64 pixel art, minimal style, 3-5 colors, no text, clean pixel edges, simple composition, a symbolic representation of dispatch, simple abstract form"
潰,defile,defile,"64x64 pixel art, minimal style, 3-5 colors, no text, clean pixel edges, simple composition, a symbolic representation of defile, simple abstract form"
舞,dance,dance,"64x64 pixel art, minimal style, 3-5 colors, no text, clean pixel edges, simple composition, a symbolic representation of dance, simple abstract form"
無,nothingness,nothingness,"64x64 pixel art, minimal style, 3-5 colors, no text, clean pixel edges, simple composition, a symbolic representation of nothingness, simple abstract form"
組,association,association,"64x64 pixel art, minimal style, 3-5 colors, no text, clean pixel edges, simple composition, a symbolic representation of association, simple abstract form"
粗,coarse,coarse,"64x64 pixel art, minimal style, 3-5 colors, no text, clean pixel edges, simple composition, a symbolic representation of coarse, simple abstract form"
租,tariff,tariff,"64x64 pixel art, minimal style, 3-5 colors, no text, clean pixel edges, simple composition, a symbolic representation of tariff, simple abstract form"
狙,aim_at,aim_at,"64x64 pixel art, minimal style, 3-5 colors, no text, clean pixel edges, simple composition, a symbolic representation of aim_at, simple abstract form"
祖,ancestor,ancestor,"64x64 pixel art, minimal style, 3-5 colors, no text, clean pixel edges, simple composition, a symbolic representation of ancestor, simple abstract form"
阻,thwart,thwart,"64x64 pixel art, minimal style, 3-5 colors, no text, clean pixel edges, simple composition, a symbolic representation of thwart, simple abstract form"
査,investigate,investigate,"64x64 pixel art, minimal style, 3-5 colors, no text, clean pixel edges, simple composition, a symbolic representation of investigate, simple abstract form"
助,help,help,"64x64 pixel art, minimal style, 3-5 colors, no text, clean pixel edges, simple composition, a symbolic representation of help, simple abstract form"
宜,best_regards,best_regards,"64x64 pixel art, minimal style, 3-5 colors, no text, clean pixel edges, simple composition, a symbolic representation of best_regards, simple abstract form"
畳,tatami_mat,tatami_mat,"64x64 pixel art, minimal style, 3-5 colors, no text, clean pixel edges, simple composition, a symbolic representation of tatami_mat, simple abstract form"
並,row,row,"64x64 pixel art, minimal style, 3-5 colors, no text, clean pixel edges, simple composition, a symbolic representation of row, simple abstract form"
普,universal,universal,"64x64 pixel art, minimal style, 3-5 colors, no text, clean pixel edges, simple composition, a symbolic representation of universal, simple abstract form"
譜,musical_score,musical_score,"64x64 pixel art, minimal style, 3-5 colors, no text, clean pixel edges, simple composition, a symbolic representation of musical_score, simple abstract form"
湿,damp,damp,"64x64 pixel art, minimal style, 3-5 colors, no text, clean pixel edges, simple composition, a symbolic representation of damp, simple abstract form"
顕,appear,appear,"64x64 pixel art, minimal style, 3-5 colors, no text, clean pixel edges, simple composition, a symbolic representation of appear, simple abstract form"
繊,slender,slender,"64x64 pixel art, minimal style, 3-5 colors, no text, clean pixel edges, simple composition, a symbolic representation of slender, simple abstract form"
霊,spirits,spirits,"64x64 pixel art, minimal style, 3-5 colors, no text, clean pixel edges, simple composition, a symbolic representation of spirits, simple abstract form"
業,business,business,"64x64 pixel art, minimal style, 3-5 colors, no text, clean pixel edges, simple composition, a symbolic representation of business, simple abstract form"
撲,slap,slap,"64x64 pixel art, minimal style, 3-5 colors, no text, clean pixel edges, simple composition, a symbolic representation of slap, simple abstract form"
僕,me_male,me_male,"64x64 pixel art, minimal style, 3-5 colors, no text, clean pixel edges, simple composition, a symbolic representation of me_male, simple abstract form"
共,together,together,"64x64 pixel art, minimal style, 3-5 colors, no text, clean pixel edges, simple composition, a symbolic representation of together, simple abstract form"
供,offer,offer,"64x64 pixel art, minimal style, 3-5 colors, no text, clean pixel edges, simple composition, a symbolic representation of offer, simple abstract form"
異,uncommon,uncommon,"64x64 pixel art, minimal style, 3-5 colors, no text, clean pixel edges, simple composition, a symbolic representation of uncommon, simple abstract form"
翼,wing,wing,"64x64 pixel art, minimal style, 3-5 colors, no text, clean pixel edges, simple composition, a symbolic representation of wing, simple abstract form"
戴,accept_humbly,accept_humbly,"64x64 pixel art, minimal style, 3-5 colors, no text, clean pixel edges, simple composition, a symbolic representation of accept_humbly, simple abstract form"
洪,flood,flood,"64x64 pixel art, minimal style, 3-5 colors, no text, clean pixel edges, simple composition, a symbolic representation of flood, simple abstract form"
港,harbor,harbor,"64x64 pixel art, minimal style, 3-5 colors, no text, clean pixel edges, simple composition, a symbolic representation of harbor, simple abstract form"
暴,outburst,outburst,"64x64 pixel art, minimal style, 3-5 colors, no text, clean pixel edges, simple composition, a symbolic representation of outburst, simple abstract form"
爆,explode,explode,"64x64 pixel art, minimal style, 3-5 colors, no text, clean pixel edges, simple composition, a symbolic representation of explode, simple abstract form"
恭,respect,respect,"64x64 pixel art, minimal style, 3-5 colors, no text, clean pixel edges, simple composition, a symbolic representation of respect, simple abstract form"
選,elect,elect,"64x64 pixel art, minimal style, 3-5 colors, no text, clean pixel edges, simple composition, a symbolic representation of elect, simple abstract form"
殿,mister,mister,"64x64 pixel art, minimal style, 3-5 colors, no text, clean pixel edges, simple composition, a symbolic representation of mister, simple abstract form"
井,well,well,"64x64 pixel art, minimal style, 3-5 colors, no text, clean pixel edges, simple composition, a symbolic representation of well, simple abstract form"
丼,donburi,donburi,"64x64 pixel art, minimal style, 3-5 colors, no text, clean pixel edges, simple composition, a symbolic representation of donburi, simple abstract form"
囲,surround,surround,"64x64 pixel art, minimal style, 3-5 colors, no text, clean pixel edges, simple composition, a symbolic representation of surround, simple abstract form"
耕,till,till,"64x64 pixel art, minimal style, 3-5 colors, no text, clean pixel edges, simple composition, a symbolic representation of till, simple abstract form"
亜,asia,asia,"64x64 pixel art, minimal style, 3-5 colors, no text, clean pixel edges, simple composition, a symbolic representation of asia, simple abstract form"
悪,bad,bad,"64x64 pixel art, minimal style, 3-5 colors, no text, clean pixel edges, simple composition, a symbolic representation of bad, simple abstract form"
円,circle,circle,"64x64 pixel art, minimal style, 3-5 colors, no text, clean pixel edges, simple composition, a symbolic representation of circle, simple abstract form"
角,angle,angle,"64x64 pixel art, minimal style, 3-5 colors, no text, clean pixel edges, simple composition, a symbolic representation of angle, simple abstract form"
触,contact,contact,"64x64 pixel art, minimal style, 3-5 colors, no text, clean pixel edges, simple composition, a symbolic representation of contact, simple abstract form"
解,solution,solution,"64x64 pixel art, minimal style, 3-5 colors, no text, clean pixel edges, simple composition, a symbolic representation of solution, simple abstract form"
再,again,again,"64x64 pixel art, minimal style, 3-5 colors, no text, clean pixel edges, simple composition, a symbolic representation of again, simple abstract form"
講,lecture,lecture,"64x64 pixel art, minimal style, 3-5 colors, no text, clean pixel edges, simple composition, a symbolic representation of lecture, simple abstract form"
購,subscription,subscription,"64x64 pixel art, minimal style, 3-5 colors, no text, clean pixel edges, simple composition, a symbolic representation of subscription, simple abstract form"
構,construct,construct,"64x64 pixel art, minimal style, 3-5 colors, no text, clean pixel edges, simple composition, a symbolic representation of construct, simple abstract form"
溝,gutter,gutter,"64x64 pixel art, minimal style, 3-5 colors, no text, clean pixel edges, simple composition, a symbolic representation of gutter, simple abstract form"
論,argument,argument,"64x64 pixel art, minimal style, 3-5 colors, no text, clean pixel edges, simple composition, a symbolic representation of argument, simple abstract form"
倫,ethics,ethics,"64x64 pixel art, minimal style, 3-5 colors, no text, clean pixel edges, simple composition, a symbolic representation of ethics, simple abstract form"
輪,wheel,wheel,"64x64 pixel art, minimal style, 3-5 colors, no text, clean pixel edges, simple composition, a symbolic representation of wheel, simple abstract form"
偏,partial,partial,"64x64 pixel art, minimal style, 3-5 colors, no text, clean pixel edges, simple composition, a symbolic representation of partial, simple abstract form"
遍,everywhere,everywhere,"64x64 pixel art, minimal style, 3-5 colors, no text, clean pixel edges, simple composition, a symbolic representation of everywhere, simple abstract form"
編,compilation,compilation,"64x64 pixel art, minimal style, 3-5 colors, no text, clean pixel edges, simple composition, a symbolic representation of compilation, simple abstract form"
冊,volume,volume,"64x64 pixel art, minimal style, 3-5 colors, no text, clean pixel edges, simple composition, a symbolic representation of volume, simple abstract form"
柵,fence,fence,"64x64 pixel art, minimal style, 3-5 colors, no text, clean pixel edges, simple composition, a symbolic representation of fence, simple abstract form"
典,ceremony,ceremony,"64x64 pixel art, minimal style, 3-5 colors, no text, clean pixel edges, simple composition, a symbolic representation of ceremony, simple abstract form"
氏,family_name,family_name,"64x64 pixel art, minimal style, 3-5 colors, no text, clean pixel edges, simple composition, a symbolic representation of family_name, simple abstract form"
紙,paper,paper,"64x64 pixel art, minimal style, 3-5 colors, no text, clean pixel edges, simple composition, a symbolic representation of paper, simple abstract form"
婚,marriage,marriage,"64x64 pixel art, minimal style, 3-5 colors, no text, clean pixel edges, simple composition, a symbolic representation of marriage, simple abstract form"
低,lower,lower,"64x64 pixel art, minimal style, 3-5 colors, no text, clean pixel edges, simple composition, a symbolic representation of lower, simple abstract form"
抵,resist,resist,"64x64 pixel art, minimal style, 3-5 colors, no text, clean pixel edges, simple composition, a symbolic representation of resist, simple abstract form"
底,bottom,bottom,"64x64 pixel art, minimal style, 3-5 colors, no text, clean pixel edges, simple composition, a symbolic representation of bottom, simple abstract form"
民,people,people,"64x64 pixel art, minimal style, 3-5 colors, no text, clean pixel edges, simple composition, a symbolic representation of people, simple abstract form"
眠,sleep,sleep,"64x64 pixel art, minimal style, 3-5 colors, no text, clean pixel edges, simple composition, a symbolic representation of sleep, simple abstract form"
捕,catch,catch,"64x64 pixel art, minimal style, 3-5 colors, no text, clean pixel edges, simple composition, a symbolic representation of catch, simple abstract form"
哺,suckle,suckle,"64x64 pixel art, minimal style, 3-5 colors, no text, clean pixel edges, simple composition, a symbolic representation of suckle, simple abstract form"
浦,bay,bay,"64x64 pixel art, minimal style, 3-5 colors, no text, clean pixel edges, simple composition, a symbolic representation of bay, simple abstract form"
蒲,cattail,cattail,"64x64 pixel art, minimal style, 3-5 colors, no text, clean pixel edges, simple composition, a symbolic representation of cattail, simple abstract form"
舗,shop,shop,"64x64 pixel art, minimal style, 3-5 colors, no text, clean pixel edges, simple composition, a symbolic representation of shop, simple abstract form"
補,supplement,supplement,"64x64 pixel art, minimal style, 3-5 colors, no text, clean pixel edges, simple composition, a symbolic representation of supplement, simple abstract form"
邸,residence,residence,"64x64 pixel art, minimal style, 3-5 colors, no text, clean pixel edges, simple composition, a symbolic representation of residence, simple abstract form"
郭,enclosure,enclosure,"64x64 pixel art, minimal style, 3-5 colors, no text, clean pixel edges, simple composition, a symbolic representation of enclosure, simple abstract form"
郡,county,county,"64x64 pixel art, minimal style, 3-5 colors, no text, clean pixel edges, simple composition, a symbolic representation of county, simple abstract form"
郊,outskirts,outskirts,"64x64 pixel art, minimal style, 3-5 colors, no text, clean pixel edges, simple composition, a symbolic representation of outskirts, simple abstract form"
部,department,department,"64x64 pixel art, minimal style, 3-5 colors, no text, clean pixel edges, simple composition, a symbolic representation of department, simple abstract form"
都,metropolis,metropolis,"64x64 pixel art, minimal style, 3-5 colors, no text, clean pixel edges, simple composition, a symbolic representation of metropolis, simple abstract form"
郵,mail,mail,"64x64 pixel art, minimal style, 3-5 colors, no text, clean pixel edges, simple composition, a symbolic representation of mail, simple abstract form"
邦,home_country,home_country,"64x64 pixel art, minimal style, 3-5 colors, no text, clean pixel edges, simple composition, a symbolic representation of home_country, simple abstract form"
那,that,that,"64x64 pixel art, minimal style, 3-5 colors, no text, clean pixel edges, simple composition, a symbolic representation of that, simple abstract form"
郷,hometown,hometown,"64x64 pixel art, minimal style, 3-5 colors, no text, clean pixel edges, simple composition, a symbolic representation of hometown, simple abstract form"
響,echo,echo,"64x64 pixel art, minimal style, 3-5 colors, no text, clean pixel edges, simple composition, a symbolic representation of echo, simple abstract form"
郎,son,son,"64x64 pixel art, minimal style, 3-5 colors, no text, clean pixel edges, simple composition, a symbolic representation of son, simple abstract form"
廊,corridor,corridor,"64x64 pixel art, minimal style, 3-5 colors, no text, clean pixel edges, simple composition, a symbolic representation of corridor, simple abstract form"
盾,shield,shield,"64x64 pixel art, minimal style, 3-5 colors, no text, clean pixel edges, simple composition, a symbolic representation of shield, simple abstract form"
循,sequential,sequential,"64x64 pixel art, minimal style, 3-5 colors, no text, clean pixel edges, simple composition, a symbolic representation of sequential, simple abstract form"
派,faction,faction,"64x64 pixel art, minimal style, 3-5 colors, no text, clean pixel edges, simple composition, a symbolic representation of faction, simple abstract form"
脈,vein,vein,"64x64 pixel art, minimal style, 3-5 colors, no text, clean pixel edges, simple composition, a symbolic representation of vein, simple abstract form"
衆,masses,masses,"64x64 pixel art, minimal style, 3-5 colors, no text, clean pixel edges, simple composition, a symbolic representation of masses, simple abstract form"
逓,relay,relay,"64x64 pixel art, minimal style, 3-5 colors, no text, clean pixel edges, simple composition, a symbolic representation of relay, simple abstract form"
段,grade,grade,"64x64 pixel art, minimal style, 3-5 colors, no text, clean pixel edges, simple composition, a symbolic representation of grade, simple abstract form"
鍛,forge,forge,"64x64 pixel art, minimal style, 3-5 colors, no text, clean pixel edges, simple composition, a symbolic representation of forge, simple abstract form"
后,empress,empress,"64x64 pixel art, minimal style, 3-5 colors, no text, clean pixel edges, simple composition, a symbolic representation of empress, simple abstract form"
幻,phantasm,phantasm,"64x64 pixel art, minimal style, 3-5 colors, no text, clean pixel edges, simple composition, a symbolic representation of phantasm, simple abstract form"
司,director,director,"64x64 pixel art, minimal style, 3-5 colors, no text, clean pixel edges, simple composition, a symbolic representation of director, simple abstract form"
伺,pay_respects,pay_respects,"64x64 pixel art, minimal style, 3-5 colors, no text, clean pixel edges, simple composition, a symbolic representation of pay_respects, simple abstract form"
詞,parts_of_speech,parts_of_speech,"64x64 pixel art, minimal style, 3-5 colors, no text, clean pixel edges, simple composition, a symbolic representation of parts_of_speech, simple abstract form"
飼,domesticate,domesticate,"64x64 pixel art, minimal style, 3-5 colors, no text, clean pixel edges, simple composition, a symbolic representation of domesticate, simple abstract form"
嗣,heir,heir,"64x64 pixel art, minimal style, 3-5 colors, no text, clean pixel edges, simple composition, a symbolic representation of heir, simple abstract form"
舟,boat,boat,"64x64 pixel art, minimal style, 3-5 colors, no text, clean pixel edges, simple composition, a symbolic representation of boat, simple abstract form"
舶,liner,liner,"64x64 pixel art, minimal style, 3-5 colors, no text, clean pixel edges, simple composition, a symbolic representation of liner, simple abstract form"
航,navigate,navigate,"64x64 pixel art, minimal style, 3-5 colors, no text, clean pixel edges, simple composition, a symbolic representation of navigate, simple abstract form"
舷,gunwale,gunwale,"64x64 pixel art, minimal style, 3-5 colors, no text, clean pixel edges, simple composition, a symbolic representation of gunwale, simple abstract form"
般,carrier,carrier,"64x64 pixel art, minimal style, 3-5 colors, no text, clean pixel edges, simple composition, a symbolic representation of carrier, simple abstract form"
盤,tray,tray,"64x64 pixel art, minimal style, 3-5 colors, no text, clean pixel edges, simple composition, a symbolic representation of tray, simple abstract form"
搬,conveyor,conveyor,"64x64 pixel art, minimal style, 3-5 colors, no text, clean pixel edges, simple composition, a symbolic representation of conveyor, simple abstract form"
船,ship,ship,"64x64 pixel art, minimal style, 3-5 colors, no text, clean pixel edges, simple composition, a symbolic representation of ship, simple abstract form"
艦,warship,warship,"64x64 pixel art, minimal style, 3-5 colors, no text, clean pixel edges, simple composition, a symbolic representation of warship, simple abstract form"
艇,rowboat,rowboat,"64x64 pixel art, minimal style, 3-5 colors, no text, clean pixel edges, simple composition, a symbolic representation of rowboat, simple abstract form"
瓜,melon,melon,"64x64 pixel art, minimal style, 3-5 colors, no text, clean pixel edges, simple composition, a symbolic representation of melon, simple abstract form"
弧,arc,arc,"64x64 pixel art, minimal style, 3-5 colors, no text, clean pixel edges, simple composition, a symbolic representation of arc, simple abstract form"
孤,orphan,orphan,"64x64 pixel art, minimal style, 3-5 colors, no text, clean pixel edges, simple composition, a symbolic representation of orphan, simple abstract form"
繭,cocoon,cocoon,"64x64 pixel art, minimal style, 3-5 colors, no text, clean pixel edges, simple composition, a symbolic representation of cocoon, simple abstract form"
益,benefit,benefit,"64x64 pixel art, minimal style, 3-5 colors, no text, clean pixel edges, simple composition, a symbolic representation of benefit, simple abstract form"
暇,spare_time,spare_time,"64x64 pixel art, minimal style, 3-5 colors, no text, clean pixel edges, simple composition, a symbolic representation of spare_time, simple abstract form"
敷,spread,spread,"64x64 pixel art, minimal style, 3-5 colors, no text, clean pixel edges, simple composition, a symbolic representation of spread, simple abstract form"
来,come,come,"64x64 pixel art, minimal style, 3-5 colors, no text, clean pixel edges, simple composition, a symbolic representation of come, simple abstract form"
気,spirit,spirit,"64x64 pixel art, minimal style, 3-5 colors, no text, clean pixel edges, simple composition, a symbolic representation of spirit, simple abstract form"
汽,vapor,vapor,"64x64 pixel art, minimal style, 3-5 colors, no text, clean pixel edges, simple composition, a symbolic representation of vapor, simple abstract form"
飛,fly,fly,"64x64 pixel art, minimal style, 3-5 colors, no text, clean pixel edges, simple composition, a symbolic representation of fly, simple abstract form"
沈,sink,sink,"64x64 pixel art, minimal style, 3-5 colors, no text, clean pixel edges, simple composition, a symbolic representation of sink, simple abstract form"
枕,pillow,pillow,"64x64 pixel art, minimal style, 3-5 colors, no text, clean pixel edges, simple composition, a symbolic representation of pillow, simple abstract form"
妻,wife,wife,"64x64 pixel art, minimal style, 3-5 colors, no text, clean pixel edges, simple composition, a symbolic representation of wife, simple abstract form"
凄,nifty,nifty,"64x64 pixel art, minimal style, 3-5 colors, no text, clean pixel edges, simple composition, a symbolic representation of nifty, simple abstract form"
衰,decline,decline,"64x64 pixel art, minimal style, 3-5 colors, no text, clean pixel edges, simple composition, a symbolic representation of decline, simple abstract form"
衷,inmost,inmost,"64x64 pixel art, minimal style, 3-5 colors, no text, clean pixel edges, simple composition, a symbolic representation of inmost, simple abstract form"
面,mask,mask,"64x64 pixel art, minimal style, 3-5 colors, no text, clean pixel edges, simple composition, a symbolic representation of mask, simple abstract form"
麺,noodles,noodles,"64x64 pixel art, minimal style, 3-5 colors, no text, clean pixel edges, simple composition, a symbolic representation of noodles, simple abstract form"
革,leather,leather,"64x64 pixel art, minimal style, 3-5 colors, no text, clean pixel edges, simple composition, a symbolic representation of leather, simple abstract form"
靴,shoes,shoes,"64x64 pixel art, minimal style, 3-5 colors, no text, clean pixel edges, simple composition, a symbolic representation of shoes, simple abstract form"
覇,hegemony,hegemony,"64x64 pixel art, minimal style, 3-5 colors, no text, clean pixel edges, simple composition, a symbolic representation of hegemony, simple abstract form"
声,voice,voice,"64x64 pixel art, minimal style, 3-5 colors, no text, clean pixel edges, simple composition, a symbolic representation of voice, simple abstract form"
眉,eyebrow,eyebrow,"64x64 pixel art, minimal style, 3-5 colors, no text, clean pixel edges, simple composition, a symbolic representation of eyebrow, simple abstract form"
呉,give,give,"64x64 pixel art, minimal style, 3-5 colors, no text, clean pixel edges, simple composition, a symbolic representation of give, simple abstract form"
娯,recreation,recreation,"64x64 pixel art, minimal style, 3-5 colors, no text, clean pixel edges, simple composition, a symbolic representation of recreation, simple abstract form"
誤,mistake,mistake,"64x64 pixel art, minimal style, 3-5 colors, no text, clean pixel edges, simple composition, a symbolic representation of mistake, simple abstract form"
蒸,steam,steam,"64x64 pixel art, minimal style, 3-5 colors, no text, clean pixel edges, simple composition, a symbolic representation of steam, simple abstract form"
承,acquiesce,acquiesce,"64x64 pixel art, minimal style, 3-5 colors, no text, clean pixel edges, simple composition, a symbolic representation of acquiesce, simple abstract form"
函,bin,bin,"64x64 pixel art, minimal style, 3-5 colors, no text, clean pixel edges, simple composition, a symbolic representation of bin, simple abstract form"
極,poles,poles,"64x64 pixel art, minimal style, 3-5 colors, no text, clean pixel edges, simple composition, a symbolic representation of poles, simple abstract form"
牙,tusk,tusk,"64x64 pixel art, minimal style, 3-5 colors, no text, clean pixel edges, simple composition, a symbolic representation of tusk, simple abstract form"
芽,bud,bud,"64x64 pixel art, minimal style, 3-5 colors, no text, clean pixel edges, simple composition, a symbolic representation of bud, simple abstract form"
邪,wicked,wicked,"64x64 pixel art, minimal style, 3-5 colors, no text, clean pixel edges, simple composition, a symbolic representation of wicked, simple abstract form"
雅,gracious,gracious,"64x64 pixel art, minimal style, 3-5 colors, no text, clean pixel edges, simple composition, a symbolic representation of gracious, simple abstract form"
釈,interpretation,interpretation,"64x64 pixel art, minimal style, 3-5 colors, no text, clean pixel edges, simple composition, a symbolic representation of interpretation, simple abstract form"
番,ones_turn,ones_turn,"64x64 pixel art, minimal style, 3-5 colors, no text, clean pixel edges, simple composition, a symbolic representation of ones_turn, simple abstract form"
審,hearing,hearing,"64x64 pixel art, minimal style, 3-5 colors, no text, clean pixel edges, simple composition, a symbolic representation of hearing, simple abstract form"
翻,flip,flip,"64x64 pixel art, minimal style, 3-5 colors, no text, clean pixel edges, simple composition, a symbolic representation of flip, simple abstract form"
藩,clan,clan,"64x64 pixel art, minimal style, 3-5 colors, no text, clean pixel edges, simple composition, a symbolic representation of clan, simple abstract form"
毛,fur,fur,"64x64 pixel art, minimal style, 3-5 colors, no text, clean pixel edges, simple composition, a symbolic representation of fur, simple abstract form"
耗,decrease,decrease,"64x64 pixel art, minimal style, 3-5 colors, no text, clean pixel edges, simple composition, a symbolic representation of decrease, simple abstract form"
尾,tail,tail,"64x64 pixel art, minimal style, 3-5 colors, no text, clean pixel edges, simple composition, a symbolic representation of tail, simple abstract form"
宅,home,home,"64x64 pixel art, minimal style, 3-5 colors, no text, clean pixel edges, simple composition, a symbolic representation of home, simple abstract form"
託,consign,consign,"64x64 pixel art, minimal style, 3-5 colors, no text, clean pixel edges, simple composition, a symbolic representation of consign, simple abstract form"
為,do,do,"64x64 pixel art, minimal style, 3-5 colors, no text, clean pixel edges, simple composition, a symbolic representation of do, simple abstract form"
偽,falsehood,falsehood,"64x64 pixel art, minimal style, 3-5 colors, no text, clean pixel edges, simple composition, a symbolic representation of falsehood, simple abstract form"
畏,apprehensive,apprehensive,"64x64 pixel art, minimal style, 3-5 colors, no text, clean pixel edges, simple composition, a symbolic representation of apprehensive, simple abstract form"
長,long,long,"64x64 pixel art, minimal style, 3-5 colors, no text, clean pixel edges, simple composition, a symbolic representation of long, simple abstract form"
張,lengthen,lengthen,"64x64 pixel art, minimal style, 3-5 colors, no text, clean pixel edges, simple composition, a symbolic representation of lengthen, simple abstract form"
帳,notebook,notebook,"64x64 pixel art, minimal style, 3-5 colors, no text, clean pixel edges, simple composition, a symbolic representation of notebook, simple abstract form"
脹,dilate,dilate,"64x64 pixel art, minimal style, 3-5 colors, no text, clean pixel edges, simple composition, a symbolic representation of dilate, simple abstract form"
髪,hair,hair,"64x64 pixel art, minimal style, 3-5 colors, no text, clean pixel edges, simple composition, a symbolic representation of hair, simple abstract form"
展,unfold,unfold,"64x64 pixel art, minimal style, 3-5 colors, no text, clean pixel edges, simple composition, a symbolic representation of unfold, simple abstract form"
喪,miss,miss,"64x64 pixel art, minimal style, 3-5 colors, no text, clean pixel edges, simple composition, a symbolic representation of miss, simple abstract form"
巣,nest,nest,"64x64 pixel art, minimal style, 3-5 colors, no text, clean pixel edges, simple composition, a symbolic representation of nest, simple abstract form"
単,simple,simple,"64x64 pixel art, minimal style, 3-5 colors, no text, clean pixel edges, simple composition, a symbolic representation of simple, simple abstract form"
戦,war,war,"64x64 pixel art, minimal style, 3-5 colors, no text, clean pixel edges, simple composition, a symbolic representation of war, simple abstract form"
禅,zen,zen,"64x64 pixel art, minimal style, 3-5 colors, no text, clean pixel edges, simple composition, a symbolic representation of zen, simple abstract form"
弾,bullet,bullet,"64x64 pixel art, minimal style, 3-5 colors, no text, clean pixel edges, simple composition, a symbolic representation of bullet, simple abstract form"
桜,cherry_blossom,cherry_blossom,"64x64 pixel art, minimal style, 3-5 colors, no text, clean pixel edges, simple composition, a symbolic representation of cherry_blossom, simple abstract form"
獣,animal,animal,"64x64 pixel art, minimal style, 3-5 colors, no text, clean pixel edges, simple composition, a symbolic representation of animal, simple abstract form"
脳,brain,brain,"64x64 pixel art, minimal style, 3-5 colors, no text, clean pixel edges, simple composition, a symbolic representation of brain, simple abstract form"
悩,trouble,trouble,"64x64 pixel art, minimal style, 3-5 colors, no text, clean pixel edges, simple composition, a symbolic representation of trouble, simple abstract form"
厳,stern,stern,"64x64 pixel art, minimal style, 3-5 colors, no text, clean pixel edges, simple composition, a symbolic representation of stern, simple abstract form"
鎖,chain,chain,"64x64 pixel art, minimal style, 3-5 colors, no text, clean pixel edges, simple composition, a symbolic representation of chain, simple abstract form"
挙,raise,raise,"64x64 pixel art, minimal style, 3-5 colors, no text, clean pixel edges, simple composition, a symbolic representation of raise, simple abstract form"
誉,reputation,reputation,"64x64 pixel art, minimal style, 3-5 colors, no text, clean pixel edges, simple composition, a symbolic representation of reputation, simple abstract form"
猟,game_hunting,game_hunting,"64x64 pixel art, minimal style, 3-5 colors, no text, clean pixel edges, simple composition, a symbolic representation of game_hunting, simple abstract form"
鳥,bird,bird,"64x64 pixel art, minimal style, 3-5 colors, no text, clean pixel edges, simple composition, a symbolic representation of bird, simple abstract form"
鳴,chirp,chirp,"64x64 pixel art, minimal style, 3-5 colors, no text, clean pixel edges, simple composition, a symbolic representation of chirp, simple abstract form"
鶴,crane,crane,"64x64 pixel art, minimal style, 3-5 colors, no text, clean pixel edges, simple composition, a symbolic representation of crane, simple abstract form"
烏,crow,crow,"64x64 pixel art, minimal style, 3-5 colors, no text, clean pixel edges, simple composition, a symbolic representation of crow, simple abstract form"
蔦,vine,vine,"64x64 pixel art, minimal style, 3-5 colors, no text, clean pixel edges, simple composition, a symbolic representation of vine, simple abstract form"
鳩,pigeon,pigeon,"64x64 pixel art, minimal style, 3-5 colors, no text, clean pixel edges, simple composition, a symbolic representation of pigeon, simple abstract form"
鶏,chicken,chicken,"64x64 pixel art, minimal style, 3-5 colors, no text, clean pixel edges, simple composition, a symbolic representation of chicken, simple abstract form"
島,island,island,"64x64 pixel art, minimal style, 3-5 colors, no text, clean pixel edges, simple composition, a symbolic representation of island, simple abstract form"
暖,warmth,warmth,"64x64 pixel art, minimal style, 3-5 colors, no text, clean pixel edges, simple composition, a symbolic representation of warmth, simple abstract form"
媛,maiden,maiden,"64x64 pixel art, minimal style, 3-5 colors, no text, clean pixel edges, simple composition, a symbolic representation of maiden, simple abstract form"
援,abet,abet,"64x64 pixel art, minimal style, 3-5 colors, no text, clean pixel edges, simple composition, a symbolic representation of abet, simple abstract form"
緩,slacken,slacken,"64x64 pixel art, minimal style, 3-5 colors, no text, clean pixel edges, simple composition, a symbolic representation of slacken, simple abstract form"
属,belong,belong,"64x64 pixel art, minimal style, 3-5 colors, no text, clean pixel edges, simple composition, a symbolic representation of belong, simple abstract form"
嘱,entrust,entrust,"64x64 pixel art, minimal style, 3-5 colors, no text, clean pixel edges, simple composition, a symbolic representation of entrust, simple abstract form"
偶,accidentally,accidentally,"64x64 pixel art, minimal style, 3-5 colors, no text, clean pixel edges, simple composition, a symbolic representation of accidentally, simple abstract form"
遇,interview,interview,"64x64 pixel art, minimal style, 3-5 colors, no text, clean pixel edges, simple composition, a symbolic representation of interview, simple abstract form"
愚,foolish,foolish,"64x64 pixel art, minimal style, 3-5 colors, no text, clean pixel edges, simple composition, a symbolic representation of foolish, simple abstract form"
隅,corner,corner,"64x64 pixel art, minimal style, 3-5 colors, no text, clean pixel edges, simple composition, a symbolic representation of corner, simple abstract form"
逆,inverted,inverted,"64x64 pixel art, minimal style, 3-5 colors, no text, clean pixel edges, simple composition, a symbolic representation of inverted, simple abstract form"
塑,model,model,"64x64 pixel art, minimal style, 3-5 colors, no text, clean pixel edges, simple composition, a symbolic representation of model, simple abstract form"
遡,go_upstream,go_upstream,"64x64 pixel art, minimal style, 3-5 colors, no text, clean pixel edges, simple composition, a symbolic representation of go_upstream, simple abstract form"
岡,hills,hills,"64x64 pixel art, minimal style, 3-5 colors, no text, clean pixel edges, simple composition, a symbolic representation of hills, simple abstract form"
鋼,steel,steel,"64x64 pixel art, minimal style, 3-5 colors, no text, clean pixel edges, simple composition, a symbolic representation of steel, simple abstract form"
綱,hawser,hawser,"64x64 pixel art, minimal style, 3-5 colors, no text, clean pixel edges, simple composition, a symbolic representation of hawser, simple abstract form"
剛,sturdy,sturdy,"64x64 pixel art, minimal style, 3-5 colors, no text, clean pixel edges, simple composition, a symbolic representation of sturdy, simple abstract form"
缶,tin_can,tin_can,"64x64 pixel art, minimal style, 3-5 colors, no text, clean pixel edges, simple composition, a symbolic representation of tin_can, simple abstract form"
陶,pottery,pottery,"64x64 pixel art, minimal style, 3-5 colors, no text, clean pixel edges, simple composition, a symbolic representation of pottery, simple abstract form"
揺,swing,swing,"64x64 pixel art, minimal style, 3-5 colors, no text, clean pixel edges, simple composition, a symbolic representation of swing, simple abstract form"
謡,noh_chanting,noh_chanting,"64x64 pixel art, minimal style, 3-5 colors, no text, clean pixel edges, simple composition, a symbolic representation of noh_chanting, simple abstract form"
鬱,depression,depression,"64x64 pixel art, minimal style, 3-5 colors, no text, clean pixel edges, simple composition, a symbolic representation of depression, simple abstract form"
就,concerning,concerning,"64x64 pixel art, minimal style, 3-5 colors, no text, clean pixel edges, simple composition, a symbolic representation of concerning, simple abstract form"
蹴,kick,kick,"64x64 pixel art, minimal style, 3-5 colors, no text, clean pixel edges, simple composition, a symbolic representation of kick, simple abstract form"
懇,sociable,sociable,"64x64 pixel art, minimal style, 3-5 colors, no text, clean pixel edges, simple composition, a symbolic representation of sociable, simple abstract form"
墾,groundbreaking,groundbreaking,"64x64 pixel art, minimal style, 3-5 colors, no text, clean pixel edges, simple composition, a symbolic representation of groundbreaking, simple abstract form"
貌,countenance,countenance,"64x64 pixel art, minimal style, 3-5 colors, no text, clean pixel edges, simple composition, a symbolic representation of countenance, simple abstract form"
免,excuse,excuse,"64x64 pixel art, minimal style, 3-5 colors, no text, clean pixel edges, simple composition, a symbolic representation of excuse, simple abstract form"
逸,elude,elude,"64x64 pixel art, minimal style, 3-5 colors, no text, clean pixel edges, simple composition, a symbolic representation of elude, simple abstract form"
晩,nightfall,nightfall,"64x64 pixel art, minimal style, 3-5 colors, no text, clean pixel edges, simple composition, a symbolic representation of nightfall, simple abstract form"
勉,exertion,exertion,"64x64 pixel art, minimal style, 3-5 colors, no text, clean pixel edges, simple composition, a symbolic representation of exertion, simple abstract form"
象,elephant,elephant,"64x64 pixel art, minimal style, 3-5 colors, no text, clean pixel edges, simple composition, a symbolic representation of elephant, simple abstract form"
像,statue,statue,"64x64 pixel art, minimal style, 3-5 colors, no text, clean pixel edges, simple composition, a symbolic representation of statue, simple abstract form"
馬,horse,horse,"64x64 pixel art, minimal style, 3-5 colors, no text, clean pixel edges, simple composition, a symbolic representation of horse, simple abstract form"
駒,pony,pony,"64x64 pixel art, minimal style, 3-5 colors, no text, clean pixel edges, simple composition, a symbolic representation of pony, simple abstract form"
験,verification,verification,"64x64 pixel art, minimal style, 3-5 colors, no text, clean pixel edges, simple composition, a symbolic representation of verification, simple abstract form"
騎,equestrian,equestrian,"64x64 pixel art, minimal style, 3-5 colors, no text, clean pixel edges, simple composition, a symbolic representation of equestrian, simple abstract form"
駐,parking,parking,"64x64 pixel art, minimal style, 3-5 colors, no text, clean pixel edges, simple composition, a symbolic representation of parking, simple abstract form"
駆,drive,drive,"64x64 pixel art, minimal style, 3-5 colors, no text, clean pixel edges, simple composition, a symbolic representation of drive, simple abstract form"
駅,station,station,"64x64 pixel art, minimal style, 3-5 colors, no text, clean pixel edges, simple composition, a symbolic representation of station, simple abstract form"
騒,boisterous,boisterous,"64x64 pixel art, minimal style, 3-5 colors, no text, clean pixel edges, simple composition, a symbolic representation of boisterous, simple abstract form"
駄,burdensome,burdensome,"64x64 pixel art, minimal style, 3-5 colors, no text, clean pixel edges, simple composition, a symbolic representation of burdensome, simple abstract form"
驚,wonder,wonder,"64x64 pixel art, minimal style, 3-5 colors, no text, clean pixel edges, simple composition, a symbolic representation of wonder, simple abstract form"
篤,fervent,fervent,"64x64 pixel art, minimal style, 3-5 colors, no text, clean pixel edges, simple composition, a symbolic representation of fervent, simple abstract form"
罵,insult,insult,"64x64 pixel art, minimal style, 3-5 colors, no text, clean pixel edges, simple composition, a symbolic representation of insult, simple abstract form"
騰,inflation,inflation,"64x64 pixel art, minimal style, 3-5 colors, no text, clean pixel edges, simple composition, a symbolic representation of inflation, simple abstract form"
虎,tiger,tiger,"64x64 pixel art, minimal style, 3-5 colors, no text, clean pixel edges, simple composition, a symbolic representation of tiger, simple abstract form"
虜,captive,captive,"64x64 pixel art, minimal style, 3-5 colors, no text, clean pixel edges, simple composition, a symbolic representation of captive, simple abstract form"
膚,skin,skin,"64x64 pixel art, minimal style, 3-5 colors, no text, clean pixel edges, simple composition, a symbolic representation of skin, simple abstract form"
虚,void,void,"64x64 pixel art, minimal style, 3-5 colors, no text, clean pixel edges, simple composition, a symbolic representation of void, simple abstract form"
戯,frolic,frolic,"64x64 pixel art, minimal style, 3-5 colors, no text, clean pixel edges, simple composition, a symbolic representation of frolic, simple abstract form"
虞,uneasiness,uneasiness,"64x64 pixel art, minimal style, 3-5 colors, no text, clean pixel edges, simple composition, a symbolic representation of uneasiness, simple abstract form"
慮,prudence,prudence,"64x64 pixel art, minimal style, 3-5 colors, no text, clean pixel edges, simple composition, a symbolic representation of prudence, simple abstract form"
劇,drama,drama,"64x64 pixel art, minimal style, 3-5 colors, no text, clean pixel edges, simple composition, a symbolic representation of drama, simple abstract form"
虐,tyrannize,tyrannize,"64x64 pixel art, minimal style, 3-5 colors, no text, clean pixel edges, simple composition, a symbolic representation of tyrannize, simple abstract form"
鹿,deer,deer,"64x64 pixel art, minimal style, 3-5 colors, no text, clean pixel edges, simple composition, a symbolic representation of deer, simple abstract form"
麓,foot_of_mountain,foot_of_mountain,"64x64 pixel art, minimal style, 3-5 colors, no text, clean pixel edges, simple composition, a symbolic representation of foot_of_mountain, simple abstract form"
薦,recommend,recommend,"64x64 pixel art, minimal style, 3-5 colors, no text, clean pixel edges, simple composition, a symbolic representation of recommend, simple abstract form"
慶,jubilation,jubilation,"64x64 pixel art, minimal style, 3-5 colors, no text, clean pixel edges, simple composition, a symbolic representation of jubilation, simple abstract form"
麗,lovely,lovely,"64x64 pixel art, minimal style, 3-5 colors, no text, clean pixel edges, simple composition, a symbolic representation of lovely, simple abstract form"
熊,bear,bear,"64x64 pixel art, minimal style, 3-5 colors, no text, clean pixel edges, simple composition, a symbolic representation of bear, simple abstract form"
能,ability,ability,"64x64 pixel art, minimal style, 3-5 colors, no text, clean pixel edges, simple composition, a symbolic representation of ability, simple abstract form"
態,attitude,attitude,"64x64 pixel art, minimal style, 3-5 colors, no text, clean pixel edges, simple composition, a symbolic representation of attitude, simple abstract form"
寅,tiger_zodiac,tiger_zodiac,"64x64 pixel art, minimal style, 3-5 colors, no text, clean pixel edges, simple composition, a symbolic representation of tiger_zodiac, simple abstract form"
演,performance,performance,"64x64 pixel art, minimal style, 3-5 colors, no text, clean pixel edges, simple composition, a symbolic representation of performance, simple abstract form"
辰,dragon_zodiac,dragon_zodiac,"64x64 pixel art, minimal style, 3-5 colors, no text, clean pixel edges, simple composition, a symbolic representation of dragon_zodiac, simple abstract form"
辱,embarrass,embarrass,"64x64 pixel art, minimal style, 3-5 colors, no text, clean pixel edges, simple composition, a symbolic representation of embarrass, simple abstract form"
震,quake,quake,"64x64 pixel art, minimal style, 3-5 colors, no text, clean pixel edges, simple composition, a symbolic representation of quake, simple abstract form"
振,shake,shake,"64x64 pixel art, minimal style, 3-5 colors, no text, clean pixel edges, simple composition, a symbolic representation of shake, simple abstract form"
娠,with_child,with_child,"64x64 pixel art, minimal style, 3-5 colors, no text, clean pixel edges, simple composition, a symbolic representation of with_child, simple abstract form"
唇,lips,lips,"64x64 pixel art, minimal style, 3-5 colors, no text, clean pixel edges, simple composition, a symbolic representation of lips, simple abstract form"
農,agriculture,agriculture,"64x64 pixel art, minimal style, 3-5 colors, no text, clean pixel edges, simple composition, a symbolic representation of agriculture, simple abstract form"
濃,concentrated,concentrated,"64x64 pixel art, minimal style, 3-5 colors, no text, clean pixel edges, simple composition, a symbolic representation of concentrated, simple abstract form"
送,send_off,send_off,"64x64 pixel art, minimal style, 3-5 colors, no text, clean pixel edges, simple composition, a symbolic representation of send_off, simple abstract form"
関,connection,connection,"64x64 pixel art, minimal style, 3-5 colors, no text, clean pixel edges, simple composition, a symbolic representation of connection, simple abstract form"
咲,blossom,blossom,"64x64 pixel art, minimal style, 3-5 colors, no text, clean pixel edges, simple composition, a symbolic representation of blossom, simple abstract form"
鬼,ghost,ghost,"64x64 pixel art, minimal style, 3-5 colors, no text, clean pixel edges, simple composition, a symbolic representation of ghost, simple abstract form"
醜,ugly,ugly,"64x64 pixel art, minimal style, 3-5 colors, no text, clean pixel edges, simple composition, a symbolic representation of ugly, simple abstract form"
魂,soul,soul,"64x64 pixel art, minimal style, 3-5 colors, no text, clean pixel edges, simple composition, a symbolic representation of soul, simple abstract form"
魔,witch,witch,"64x64 pixel art, minimal style, 3-5 colors, no text, clean pixel edges, simple composition, a symbolic representation of witch, simple abstract form"
魅,fascination,fascination,"64x64 pixel art, minimal style, 3-5 colors, no text, clean pixel edges, simple composition, a symbolic representation of fascination, simple abstract form"
塊,clod,clod,"64x64 pixel art, minimal style, 3-5 colors, no text, clean pixel edges, simple composition, a symbolic representation of clod, simple abstract form"
襲,attack,attack,"64x64 pixel art, minimal style, 3-5 colors, no text, clean pixel edges, simple composition, a symbolic representation of attack, simple abstract form"
嚇,upbraid,upbraid,"64x64 pixel art, minimal style, 3-5 colors, no text, clean pixel edges, simple composition, a symbolic representation of upbraid, simple abstract form"
朕,majestic_plural,majestic_plural,"64x64 pixel art, minimal style, 3-5 colors, no text, clean pixel edges, simple composition, a symbolic representation of majestic_plural, simple abstract form"
雰,atmosphere,atmosphere,"64x64 pixel art, minimal style, 3-5 colors, no text, clean pixel edges, simple composition, a symbolic representation of atmosphere, simple abstract form"
箇,counters_for_things,counters_for_things,"64x64 pixel art, minimal style, 3-5 colors, no text, clean pixel edges, simple composition, a symbolic representation of counters_for_things, simple abstract form"
錬,tempering,tempering,"64x64 pixel art, minimal style, 3-5 colors, no text, clean pixel edges, simple composition, a symbolic representation of tempering, simple abstract form"
遵,abide_by,abide_by,"64x64 pixel art, minimal style, 3-5 colors, no text, clean pixel edges, simple composition, a symbolic representation of abide_by, simple abstract form"
罷,quit,quit,"64x64 pixel art, minimal style, 3-5 colors, no text, clean pixel edges, simple composition, a symbolic representation of quit, simple abstract form"
屯,barracks,barracks,"64x64 pixel art, minimal style, 3-5 colors, no text, clean pixel edges, simple composition, a symbolic representation of barracks, simple abstract form"
且,moreover,moreover,"64x64 pixel art, minimal style, 3-5 colors, no text, clean pixel edges, simple composition, a symbolic representation of moreover, simple abstract form"
藻,seaweed,seaweed,"64x64 pixel art, minimal style, 3-5 colors, no text, clean pixel edges, simple composition, a symbolic representation of seaweed, simple abstract form"
隷,slave,slave,"64x64 pixel art, minimal style, 3-5 colors, no text, clean pixel edges, simple composition, a symbolic representation of slave, simple abstract form"
癒,healing,healing,"64x64 pixel art, minimal style, 3-5 colors, no text, clean pixel edges, simple composition, a symbolic representation of healing, simple abstract form"
璽,imperial_seal,imperial_seal,"64x64 pixel art, minimal style, 3-5 colors, no text, clean pixel edges, simple composition, a symbolic representation of imperial_seal, simple abstract form"
潟,lagoon,lagoon,"64x64 pixel art, minimal style, 3-5 colors, no text, clean pixel edges, simple composition, a symbolic representation of lagoon, simple abstract form"
丹,cinnabar,cinnabar,"64x64 pixel art, minimal style, 3-5 colors, no text, clean pixel edges, simple composition, a symbolic representation of cinnabar, simple abstract form"
丑,ox_zodiac,ox_zodiac,"64x64 pixel art, minimal style, 3-5 colors, no text, clean pixel edges, simple composition, a symbolic representation of ox_zodiac, simple abstract form"
羞,humiliate,humiliate,"64x64 pixel art, minimal style, 3-5 colors, no text, clean pixel edges, simple composition, a symbolic representation of humiliate, simple abstract form"
卯,hare_zodiac,hare_zodiac,"64x64 pixel art, minimal style, 3-5 colors, no text, clean pixel edges, simple composition, a symbolic representation of hare_zodiac, simple abstract form"
巳,snake_zodiac,snake_zodiac,"64x64 pixel art, minimal style, 3-5 colors, no text, clean pixel edges, simple composition, a symbolic representation of snake_zodiac, simple abstract form"
此,this,this,"64x64 pixel art, minimal style, 3-5 colors, no text, clean pixel edges, simple composition, a symbolic representation of this, simple abstract form"
柴,brushwood,brushwood,"64x64 pixel art, minimal style, 3-5 colors, no text, clean pixel edges, simple composition, a symbolic representation of brushwood, simple abstract form"
些,whit,whit,"64x64 pixel art, minimal style, 3-5 colors, no text, clean pixel edges, simple composition, a symbolic representation of whit, simple abstract form"
砦,fort,fort,"64x64 pixel art, minimal style, 3-5 colors, no text, clean pixel edges, simple composition, a symbolic representation of fort, simple abstract form"
髭,beard,beard,"64x64 pixel art, minimal style, 3-5 colors, no text, clean pixel edges, simple composition, a symbolic representation of beard, simple abstract form"
禽,fowl,fowl,"64x64 pixel art, minimal style, 3-5 colors, no text, clean pixel edges, simple composition, a symbolic representation of fowl, simple abstract form"
檎,apple,apple,"64x64 pixel art, minimal style, 3-5 colors, no text, clean pixel edges, simple composition, a symbolic representation of apple, simple abstract form"
憐,sympathize_with,sympathize_with,"64x64 pixel art, minimal style, 3-5 colors, no text, clean pixel edges, simple composition, a symbolic representation of sympathize_with, simple abstract form"
燐,phosphorus,phosphorus,"64x64 pixel art, minimal style, 3-5 colors, no text, clean pixel edges, simple composition, a symbolic representation of phosphorus, simple abstract form"
麟,camelopard,camelopard,"64x64 pixel art, minimal style, 3-5 colors, no text, clean pixel edges, simple composition, a symbolic representation of camelopard, simple abstract form"
鱗,scaled,scaled,"64x64 pixel art, minimal style, 3-5 colors, no text, clean pixel edges, simple composition, a symbolic representation of scaled, simple abstract form"
奄,encompassing,encompassing,"64x64 pixel art, minimal style, 3-5 colors, no text, clean pixel edges, simple composition, a symbolic representation of encompassing, simple abstract form"
庵,hermitage,hermitage,"64x64 pixel art, minimal style, 3-5 colors, no text, clean pixel edges, simple composition, a symbolic representation of hermitage, simple abstract form"
掩,shrouded,shrouded,"64x64 pixel art, minimal style, 3-5 colors, no text, clean pixel edges, simple composition, a symbolic representation of shrouded, simple abstract form"
悛,make_amends,make_amends,"64x64 pixel art, minimal style, 3-5 colors, no text, clean pixel edges, simple composition, a symbolic representation of make_amends, simple abstract form"
駿,steed,steed,"64x64 pixel art, minimal style, 3-5 colors, no text, clean pixel edges, simple composition, a symbolic representation of steed, simple abstract form"
峻,steep,steep,"64x64 pixel art, minimal style, 3-5 colors, no text, clean pixel edges, simple composition, a symbolic representation of steep, simple abstract form"
竣,complete_a_job,complete_a_job,"64x64 pixel art, minimal style, 3-5 colors, no text, clean pixel edges, simple composition, a symbolic representation of complete_a_job, simple abstract form"
犀,rhinoceros,rhinoceros,"64x64 pixel art, minimal style, 3-5 colors, no text, clean pixel edges, simple composition, a symbolic representation of rhinoceros, simple abstract form"
皐,lunar_month,lunar_month,"64x64 pixel art, minimal style, 3-5 colors, no text, clean pixel edges, simple composition, a symbolic representation of lunar_month, simple abstract form"
畷,rice_field_footpath,rice_field_footpath,"64x64 pixel art, minimal style, 3-5 colors, no text, clean pixel edges, simple composition, a symbolic representation of rice_field_footpath, simple abstract form"
綴,mend,mend,"64x64 pixel art, minimal style, 3-5 colors, no text, clean pixel edges, simple composition, a symbolic representation of mend, simple abstract form"
鎧,suit_of_armor,suit_of_armor,"64x64 pixel art, minimal style, 3-5 colors, no text, clean pixel edges, simple composition, a symbolic representation of suit_of_armor, simple abstract form"
凱,triumph,triumph,"64x64 pixel art, minimal style, 3-5 colors, no text, clean pixel edges, simple composition, a symbolic representation of triumph, simple abstract form"
呑,quaff,quaff,"64x64 pixel art, minimal style, 3-5 colors, no text, clean pixel edges, simple composition, a symbolic representation of quaff, simple abstract form"
韮,leek,leek,"64x64 pixel art, minimal style, 3-5 colors, no text, clean pixel edges, simple composition, a symbolic representation of leek, simple abstract form"
籤,lottery,lottery,"64x64 pixel art, minimal style, 3-5 colors, no text, clean pixel edges, simple composition, a symbolic representation of lottery, simple abstract form"
懺,penitential,penitential,"64x64 pixel art, minimal style, 3-5 colors, no text, clean pixel edges, simple composition, a symbolic representation of penitential, simple abstract form"
芻,hay,hay,"64x64 pixel art, minimal style, 3-5 colors, no text, clean pixel edges, simple composition, a symbolic representation of hay, simple abstract form"
雛,chick,chick,"64x64 pixel art, minimal style, 3-5 colors, no text, clean pixel edges, simple composition, a symbolic representation of chick, simple abstract form"
趨,scurry,scurry,"64x64 pixel art, minimal style, 3-5 colors, no text, clean pixel edges, simple composition, a symbolic representation of scurry, simple abstract form"
尤,understandably,understandably,"64x64 pixel art, minimal style, 3-5 colors, no text, clean pixel edges, simple composition, a symbolic representation of understandably, simple abstract form"
厖,immense,immense,"64x64 pixel art, minimal style, 3-5 colors, no text, clean pixel edges, simple composition, a symbolic representation of immense, simple abstract form"
或,some,some,"64x64 pixel art, minimal style, 3-5 colors, no text, clean pixel edges, simple composition, a symbolic representation of some, simple abstract form"
兎,rabbit,rabbit,"64x64 pixel art, minimal style, 3-5 colors, no text, clean pixel edges, simple composition, a symbolic representation of rabbit, simple abstract form"
也,also,also,"64x64 pixel art, minimal style, 3-5 colors, no text, clean pixel edges, simple composition, a symbolic representation of also, simple abstract form"
巴,swirl,swirl,"64x64 pixel art, minimal style, 3-5 colors, no text, clean pixel edges, simple composition, a symbolic representation of swirl, simple abstract form"
疋,critters,critters,"64x64 pixel art, minimal style, 3-5 colors, no text, clean pixel edges, simple composition, a symbolic representation of critters, simple abstract form"
菫,violet,violet,"64x64 pixel art, minimal style, 3-5 colors, no text, clean pixel edges, simple composition, a symbolic representation of violet, simple abstract form"
曼,mandala,mandala,"64x64 pixel art, minimal style, 3-5 colors, no text, clean pixel edges, simple composition, a symbolic representation of mandala, simple abstract form"
云,quote,quote,"64x64 pixel art, minimal style, 3-5 colors, no text, clean pixel edges, simple composition, a symbolic representation of quote, simple abstract form"
莫,shalt,shalt,"64x64 pixel art, minimal style, 3-5 colors, no text, clean pixel edges, simple composition, a symbolic representation of shalt, simple abstract form"
而,and_then,and_then,"64x64 pixel art, minimal style, 3-5 colors, no text, clean pixel edges, simple composition, a symbolic representation of and_then, simple abstract form"
倭,yamato,yamato,"64x64 pixel art, minimal style, 3-5 colors, no text, clean pixel edges, simple composition, a symbolic representation of yamato, simple abstract form"
侠,chivalry,chivalry,"64x64 pixel art, minimal style, 3-5 colors, no text, clean pixel edges, simple composition, a symbolic representation of chivalry, simple abstract form"
倦,fed_up,fed_up,"64x64 pixel art, minimal style, 3-5 colors, no text, clean pixel edges, simple composition, a symbolic representation of fed_up, simple abstract form"
俄,abrupt,abrupt,"64x64 pixel art, minimal style, 3-5 colors, no text, clean pixel edges, simple composition, a symbolic representation of abrupt, simple abstract form"
佃,work_a_field,work_a_field,"64x64 pixel art, minimal style, 3-5 colors, no text, clean pixel edges, simple composition, a symbolic representation of work_a_field, simple abstract form"
仔,animal_offspring,animal_offspring,"64x64 pixel art, minimal style, 3-5 colors, no text, clean pixel edges, simple composition, a symbolic representation of animal_offspring, simple abstract form"
仇,foe,foe,"64x64 pixel art, minimal style, 3-5 colors, no text, clean pixel edges, simple composition, a symbolic representation of foe, simple abstract form"
伽,look_after,look_after,"64x64 pixel art, minimal style, 3-5 colors, no text, clean pixel edges, simple composition, a symbolic representation of look_after, simple abstract form"
儲,make_a_profit,make_a_profit,"64x64 pixel art, minimal style, 3-5 colors, no text, clean pixel edges, simple composition, a symbolic representation of make_a_profit, simple abstract form"
僑,emigrant,emigrant,"64x64 pixel art, minimal style, 3-5 colors, no text, clean pixel edges, simple composition, a symbolic representation of emigrant, simple abstract form"
倶,mate,mate,"64x64 pixel art, minimal style, 3-5 colors, no text, clean pixel edges, simple composition, a symbolic representation of mate, simple abstract form"
侃,forthright,forthright,"64x64 pixel art, minimal style, 3-5 colors, no text, clean pixel edges, simple composition, a symbolic representation of forthright, simple abstract form"
偲,memorial,memorial,"64x64 pixel art, minimal style, 3-5 colors, no text, clean pixel edges, simple composition, a symbolic representation of memorial, simple abstract form"
侭,as_is,as_is,"64x64 pixel art, minimal style, 3-5 colors, no text, clean pixel edges, simple composition, a symbolic representation of as_is, simple abstract form"
脩,dried_meat,dried_meat,"64x64 pixel art, minimal style, 3-5 colors, no text, clean pixel edges, simple composition, a symbolic representation of dried_meat, simple abstract form"
倅,my_son,my_son,"64x64 pixel art, minimal style, 3-5 colors, no text, clean pixel edges, simple composition, a symbolic representation of my_son, simple abstract form"
做,make_do,make_do,"64x64 pixel art, minimal style, 3-5 colors, no text, clean pixel edges, simple composition, a symbolic representation of make_do, simple abstract form"
冴,sharp,sharp,"64x64 pixel art, minimal style, 3-5 colors, no text, clean pixel edges, simple composition, a symbolic representation of sharp, simple abstract form"
凋,wilt,wilt,"64x64 pixel art, minimal style, 3-5 colors, no text, clean pixel edges, simple composition, a symbolic representation of wilt, simple abstract form"
凌,pull_through,pull_through,"64x64 pixel art, minimal style, 3-5 colors, no text, clean pixel edges, simple composition, a symbolic representation of pull_through, simple abstract form"
凛,stately,stately,"64x64 pixel art, minimal style, 3-5 colors, no text, clean pixel edges, simple composition, a symbolic representation of stately, simple abstract form"
凧,kite,kite,"64x64 pixel art, minimal style, 3-5 colors, no text, clean pixel edges, simple composition, a symbolic representation of kite, simple abstract form"
凪,lull,lull,"64x64 pixel art, minimal style, 3-5 colors, no text, clean pixel edges, simple composition, a symbolic representation of lull, simple abstract form"
夙,earlybird,earlybird,"64x64 pixel art, minimal style, 3-5 colors, no text, clean pixel edges, simple composition, a symbolic representation of earlybird, simple abstract form"
鳳,phoenix,phoenix,"64x64 pixel art, minimal style, 3-5 colors, no text, clean pixel edges, simple composition, a symbolic representation of phoenix, simple abstract form"
剽,menace,menace,"64x64 pixel art, minimal style, 3-5 colors, no text, clean pixel edges, simple composition, a symbolic representation of menace, simple abstract form"
劉,slaughter,slaughter,"64x64 pixel art, minimal style, 3-5 colors, no text, clean pixel edges, simple composition, a symbolic representation of slaughter, simple abstract form"
剃,shave,shave,"64x64 pixel art, minimal style, 3-5 colors, no text, clean pixel edges, simple composition, a symbolic representation of shave, simple abstract form"
厭,despondent,despondent,"64x64 pixel art, minimal style, 3-5 colors, no text, clean pixel edges, simple composition, a symbolic representation of despondent, simple abstract form"
雁,wild_goose,wild_goose,"64x64 pixel art, minimal style, 3-5 colors, no text, clean pixel edges, simple composition, a symbolic representation of wild_goose, simple abstract form"
贋,counterfeit,counterfeit,"64x64 pixel art, minimal style, 3-5 colors, no text, clean pixel edges, simple composition, a symbolic representation of counterfeit, simple abstract form"
厨,kitchen,kitchen,"64x64 pixel art, minimal style, 3-5 colors, no text, clean pixel edges, simple composition, a symbolic representation of kitchen, simple abstract form"
仄,insinuate,insinuate,"64x64 pixel art, minimal style, 3-5 colors, no text, clean pixel edges, simple composition, a symbolic representation of insinuate, simple abstract form"
哨,scout,scout,"64x64 pixel art, minimal style, 3-5 colors, no text, clean pixel edges, simple composition, a symbolic representation of scout, simple abstract form"
咎,reprehend,reprehend,"64x64 pixel art, minimal style, 3-5 colors, no text, clean pixel edges, simple composition, a symbolic representation of reprehend, simple abstract form"
囁,whisper,whisper,"64x64 pixel art, minimal style, 3-5 colors, no text, clean pixel edges, simple composition, a symbolic representation of whisper, simple abstract form"
喋,chatter,chatter,"64x64 pixel art, minimal style, 3-5 colors, no text, clean pixel edges, simple composition, a symbolic representation of chatter, simple abstract form"
嘩,quarrel,quarrel,"64x64 pixel art, minimal style, 3-5 colors, no text, clean pixel edges, simple composition, a symbolic representation of quarrel, simple abstract form"
噂,gossip,gossip,"64x64 pixel art, minimal style, 3-5 colors, no text, clean pixel edges, simple composition, a symbolic representation of gossip, simple abstract form"
咳,cough,cough,"64x64 pixel art, minimal style, 3-5 colors, no text, clean pixel edges, simple composition, a symbolic representation of cough, simple abstract form"
喧,clamor,clamor,"64x64 pixel art, minimal style, 3-5 colors, no text, clean pixel edges, simple composition, a symbolic representation of clamor, simple abstract form"
叩,bash,bash,"64x64 pixel art, minimal style, 3-5 colors, no text, clean pixel edges, simple composition, a symbolic representation of bash, simple abstract form"
嘘,fib,fib,"64x64 pixel art, minimal style, 3-5 colors, no text, clean pixel edges, simple composition, a symbolic representation of fib, simple abstract form"
啄,peck_at,peck_at,"64x64 pixel art, minimal style, 3-5 colors, no text, clean pixel edges, simple composition, a symbolic representation of peck_at, simple abstract form"
吠,barking,barking,"64x64 pixel art, minimal style, 3-5 colors, no text, clean pixel edges, simple composition, a symbolic representation of barking, simple abstract form"
吊,dangle,dangle,"64x64 pixel art, minimal style, 3-5 colors, no text, clean pixel edges, simple composition, a symbolic representation of dangle, simple abstract form"
噛,chew,chew,"64x64 pixel art, minimal style, 3-5 colors, no text, clean pixel edges, simple composition, a symbolic representation of chew, simple abstract form"
叶,within_ability,within_ability,"64x64 pixel art, minimal style, 3-5 colors, no text, clean pixel edges, simple composition, a symbolic representation of within_ability, simple abstract form"
吻,sides_of_mouth,sides_of_mouth,"64x64 pixel art, minimal style, 3-5 colors, no text, clean pixel edges, simple composition, a symbolic representation of sides_of_mouth, simple abstract form"
吃,stammer,stammer,"64x64 pixel art, minimal style, 3-5 colors, no text, clean pixel edges, simple composition, a symbolic representation of stammer, simple abstract form"
噺,spin_a_tale,spin_a_tale,"64x64 pixel art, minimal style, 3-5 colors, no text, clean pixel edges, simple composition, a symbolic representation of spin_a_tale, simple abstract form"
噌,miso,miso,"64x64 pixel art, minimal style, 3-5 colors, no text, clean pixel edges, simple composition, a symbolic representation of miso, simple abstract form"
邑,city_walls,city_walls,"64x64 pixel art, minimal style, 3-5 colors, no text, clean pixel edges, simple composition, a symbolic representation of city_walls, simple abstract form"
呆,dumbfounded,dumbfounded,"64x64 pixel art, minimal style, 3-5 colors, no text, clean pixel edges, simple composition, a symbolic representation of dumbfounded, simple abstract form"
喰,ingest,ingest,"64x64 pixel art, minimal style, 3-5 colors, no text, clean pixel edges, simple composition, a symbolic representation of ingest, simple abstract form"
埴,clay,clay,"64x64 pixel art, minimal style, 3-5 colors, no text, clean pixel edges, simple composition, a symbolic representation of clay, simple abstract form"
坤,receptive,receptive,"64x64 pixel art, minimal style, 3-5 colors, no text, clean pixel edges, simple composition, a symbolic representation of receptive, simple abstract form"
壕,dugout,dugout,"64x64 pixel art, minimal style, 3-5 colors, no text, clean pixel edges, simple composition, a symbolic representation of dugout, simple abstract form"
垢,grime,grime,"64x64 pixel art, minimal style, 3-5 colors, no text, clean pixel edges, simple composition, a symbolic representation of grime, simple abstract form"
坦,flat_level,flat_level,"64x64 pixel art, minimal style, 3-5 colors, no text, clean pixel edges, simple composition, a symbolic representation of flat_level, simple abstract form"
埠,wharf,wharf,"64x64 pixel art, minimal style, 3-5 colors, no text, clean pixel edges, simple composition, a symbolic representation of wharf, simple abstract form"
堰,dam,dam,"64x64 pixel art, minimal style, 3-5 colors, no text, clean pixel edges, simple composition, a symbolic representation of dam, simple abstract form"
堵,railing,railing,"64x64 pixel art, minimal style, 3-5 colors, no text, clean pixel edges, simple composition, a symbolic representation of railing, simple abstract form"
嬰,suckling_infant,suckling_infant,"64x64 pixel art, minimal style, 3-5 colors, no text, clean pixel edges, simple composition, a symbolic representation of suckling_infant, simple abstract form"
姦,violate,violate,"64x64 pixel art, minimal style, 3-5 colors, no text, clean pixel edges, simple composition, a symbolic representation of violate, simple abstract form"
婢,handmaiden,handmaiden,"64x64 pixel art, minimal style, 3-5 colors, no text, clean pixel edges, simple composition, a symbolic representation of handmaiden, simple abstract form"
婉,well_finished,well_finished,"64x64 pixel art, minimal style, 3-5 colors, no text, clean pixel edges, simple composition, a symbolic representation of well_finished, simple abstract form"
娼,harlot,harlot,"64x64 pixel art, minimal style, 3-5 colors, no text, clean pixel edges, simple composition, a symbolic representation of harlot, simple abstract form"
妓,courtesan,courtesan,"64x64 pixel art, minimal style, 3-5 colors, no text, clean pixel edges, simple composition, a symbolic representation of courtesan, simple abstract form"
娃,fair,fair,"64x64 pixel art, minimal style, 3-5 colors, no text, clean pixel edges, simple composition, a symbolic representation of fair, simple abstract form"
姪,niece,niece,"64x64 pixel art, minimal style, 3-5 colors, no text, clean pixel edges, simple composition, a symbolic representation of niece, simple abstract form"
嬬,mistress,mistress,"64x64 pixel art, minimal style, 3-5 colors, no text, clean pixel edges, simple composition, a symbolic representation of mistress, simple abstract form"
姥,aged_woman,aged_woman,"64x64 pixel art, minimal style, 3-5 colors, no text, clean pixel edges, simple composition, a symbolic representation of aged_woman, simple abstract form"
姑,motherinlaw,motherinlaw,"64x64 pixel art, minimal style, 3-5 colors, no text, clean pixel edges, simple composition, a symbolic representation of motherinlaw, simple abstract form"
姐,young_miss,young_miss,"64x64 pixel art, minimal style, 3-5 colors, no text, clean pixel edges, simple composition, a symbolic representation of young_miss, simple abstract form"
嬉,overjoyed,overjoyed,"64x64 pixel art, minimal style, 3-5 colors, no text, clean pixel edges, simple composition, a symbolic representation of overjoyed, simple abstract form"
孕,expecting,expecting,"64x64 pixel art, minimal style, 3-5 colors, no text, clean pixel edges, simple composition, a symbolic representation of expecting, simple abstract form"
孜,assiduous,assiduous,"64x64 pixel art, minimal style, 3-5 colors, no text, clean pixel edges, simple composition, a symbolic representation of assiduous, simple abstract form"
宥,soothe,soothe,"64x64 pixel art, minimal style, 3-5 colors, no text, clean pixel edges, simple composition, a symbolic representation of soothe, simple abstract form"
寓,imply,imply,"64x64 pixel art, minimal style, 3-5 colors, no text, clean pixel edges, simple composition, a symbolic representation of imply, simple abstract form"
宏,extensive,extensive,"64x64 pixel art, minimal style, 3-5 colors, no text, clean pixel edges, simple composition, a symbolic representation of extensive, simple abstract form"
牢,jail,jail,"64x64 pixel art, minimal style, 3-5 colors, no text, clean pixel edges, simple composition, a symbolic representation of jail, simple abstract form"
宋,sung_dynasty,sung_dynasty,"64x64 pixel art, minimal style, 3-5 colors, no text, clean pixel edges, simple composition, a symbolic representation of sung_dynasty, simple abstract form"
宍,venison,venison,"64x64 pixel art, minimal style, 3-5 colors, no text, clean pixel edges, simple composition, a symbolic representation of venison, simple abstract form"
屠,butchering,butchering,"64x64 pixel art, minimal style, 3-5 colors, no text, clean pixel edges, simple composition, a symbolic representation of butchering, simple abstract form"
屁,fart,fart,"64x64 pixel art, minimal style, 3-5 colors, no text, clean pixel edges, simple composition, a symbolic representation of fart, simple abstract form"
屑,rubbish,rubbish,"64x64 pixel art, minimal style, 3-5 colors, no text, clean pixel edges, simple composition, a symbolic representation of rubbish, simple abstract form"
屡,frequently,frequently,"64x64 pixel art, minimal style, 3-5 colors, no text, clean pixel edges, simple composition, a symbolic representation of frequently, simple abstract form"
屍,corpse,corpse,"64x64 pixel art, minimal style, 3-5 colors, no text, clean pixel edges, simple composition, a symbolic representation of corpse, simple abstract form"
屏,folding_screen,folding_screen,"64x64 pixel art, minimal style, 3-5 colors, no text, clean pixel edges, simple composition, a symbolic representation of folding_screen, simple abstract form"
嵩,high_reaching,high_reaching,"64x64 pixel art, minimal style, 3-5 colors, no text, clean pixel edges, simple composition, a symbolic representation of high_reaching, simple abstract form"
崚,rugged_mountains,rugged_mountains,"64x64 pixel art, minimal style, 3-5 colors, no text, clean pixel edges, simple composition, a symbolic representation of rugged_mountains, simple abstract form"
嶺,mountain_top,mountain_top,"64x64 pixel art, minimal style, 3-5 colors, no text, clean pixel edges, simple composition, a symbolic representation of mountain_top, simple abstract form"
嵌,fit_into,fit_into,"64x64 pixel art, minimal style, 3-5 colors, no text, clean pixel edges, simple composition, a symbolic representation of fit_into, simple abstract form"
帖,quire,quire,"64x64 pixel art, minimal style, 3-5 colors, no text, clean pixel edges, simple composition, a symbolic representation of quire, simple abstract form"
幡,banner,banner,"64x64 pixel art, minimal style, 3-5 colors, no text, clean pixel edges, simple composition, a symbolic representation of banner, simple abstract form"
幟,pennant,pennant,"64x64 pixel art, minimal style, 3-5 colors, no text, clean pixel edges, simple composition, a symbolic representation of pennant, simple abstract form"
庖,cleaver,cleaver,"64x64 pixel art, minimal style, 3-5 colors, no text, clean pixel edges, simple composition, a symbolic representation of cleaver, simple abstract form"
廓,licensed_quarters,licensed_quarters,"64x64 pixel art, minimal style, 3-5 colors, no text, clean pixel edges, simple composition, a symbolic representation of licensed_quarters, simple abstract form"
庇,overhang,overhang,"64x64 pixel art, minimal style, 3-5 colors, no text, clean pixel edges, simple composition, a symbolic representation of overhang, simple abstract form"
鷹,hawk,hawk,"64x64 pixel art, minimal style, 3-5 colors, no text, clean pixel edges, simple composition, a symbolic representation of hawk, simple abstract form"
庄,shire,shire,"64x64 pixel art, minimal style, 3-5 colors, no text, clean pixel edges, simple composition, a symbolic representation of shire, simple abstract form"
廟,tomb_sanctuary,tomb_sanctuary,"64x64 pixel art, minimal style, 3-5 colors, no text, clean pixel edges, simple composition, a symbolic representation of tomb_sanctuary, simple abstract form"
彊,strengthen,strengthen,"64x64 pixel art, minimal style, 3-5 colors, no text, clean pixel edges, simple composition, a symbolic representation of strengthen, simple abstract form"
弛,loosen,loosen,"64x64 pixel art, minimal style, 3-5 colors, no text, clean pixel edges, simple composition, a symbolic representation of loosen, simple abstract form"
粥,rice_gruel,rice_gruel,"64x64 pixel art, minimal style, 3-5 colors, no text, clean pixel edges, simple composition, a symbolic representation of rice_gruel, simple abstract form"
挽,lathe,lathe,"64x64 pixel art, minimal style, 3-5 colors, no text, clean pixel edges, simple composition, a symbolic representation of lathe, simple abstract form"
撞,bump_into,bump_into,"64x64 pixel art, minimal style, 3-5 colors, no text, clean pixel edges, simple composition, a symbolic representation of bump_into, simple abstract form"
扮,disguise,disguise,"64x64 pixel art, minimal style, 3-5 colors, no text, clean pixel edges, simple composition, a symbolic representation of disguise, simple abstract form"
捏,fabrication,fabrication,"64x64 pixel art, minimal style, 3-5 colors, no text, clean pixel edges, simple composition, a symbolic representation of fabrication, simple abstract form"
掴,clutch,clutch,"64x64 pixel art, minimal style, 3-5 colors, no text, clean pixel edges, simple composition, a symbolic representation of clutch, simple abstract form"
捺,impress,impress,"64x64 pixel art, minimal style, 3-5 colors, no text, clean pixel edges, simple composition, a symbolic representation of impress, simple abstract form"
掻,scratch,scratch,"64x64 pixel art, minimal style, 3-5 colors, no text, clean pixel edges, simple composition, a symbolic representation of scratch, simple abstract form"
撰,assortment,assortment,"64x64 pixel art, minimal style, 3-5 colors, no text, clean pixel edges, simple composition, a symbolic representation of assortment, simple abstract form"
揃,muster,muster,"64x64 pixel art, minimal style, 3-5 colors, no text, clean pixel edges, simple composition, a symbolic representation of muster, simple abstract form"
捌,deal_with,deal_with,"64x64 pixel art, minimal style, 3-5 colors, no text, clean pixel edges, simple composition, a symbolic representation of deal_with, simple abstract form"
按,press_down_on,press_down_on,"64x64 pixel art, minimal style, 3-5 colors, no text, clean pixel edges, simple composition, a symbolic representation of press_down_on, simple abstract form"
播,disseminate,disseminate,"64x64 pixel art, minimal style, 3-5 colors, no text, clean pixel edges, simple composition, a symbolic representation of disseminate, simple abstract form"
揖,bow,bow,"64x64 pixel art, minimal style, 3-5 colors, no text, clean pixel edges, simple composition, a symbolic representation of bow, simple abstract form"
托,receptacle,receptacle,"64x64 pixel art, minimal style, 3-5 colors, no text, clean pixel edges, simple composition, a symbolic representation of receptacle, simple abstract form"
捧,devote,devote,"64x64 pixel art, minimal style, 3-5 colors, no text, clean pixel edges, simple composition, a symbolic representation of devote, simple abstract form"
撚,twirl,twirl,"64x64 pixel art, minimal style, 3-5 colors, no text, clean pixel edges, simple composition, a symbolic representation of twirl, simple abstract form"
挺,upright,upright,"64x64 pixel art, minimal style, 3-5 colors, no text, clean pixel edges, simple composition, a symbolic representation of upright, simple abstract form"
擾,commotion,commotion,"64x64 pixel art, minimal style, 3-5 colors, no text, clean pixel edges, simple composition, a symbolic representation of commotion, simple abstract form"
撫,petting,petting,"64x64 pixel art, minimal style, 3-5 colors, no text, clean pixel edges, simple composition, a symbolic representation of petting, simple abstract form"
撒,sprinkle,sprinkle,"64x64 pixel art, minimal style, 3-5 colors, no text, clean pixel edges, simple composition, a symbolic representation of sprinkle, simple abstract form"
擢,outstanding,outstanding,"64x64 pixel art, minimal style, 3-5 colors, no text, clean pixel edges, simple composition, a symbolic representation of outstanding, simple abstract form"
摺,rubbing,rubbing,"64x64 pixel art, minimal style, 3-5 colors, no text, clean pixel edges, simple composition, a symbolic representation of rubbing, simple abstract form"
捷,spoils,spoils,"64x64 pixel art, minimal style, 3-5 colors, no text, clean pixel edges, simple composition, a symbolic representation of spoils, simple abstract form"
抉,gouge_out,gouge_out,"64x64 pixel art, minimal style, 3-5 colors, no text, clean pixel edges, simple composition, a symbolic representation of gouge_out, simple abstract form"
怯,wince,wince,"64x64 pixel art, minimal style, 3-5 colors, no text, clean pixel edges, simple composition, a symbolic representation of wince, simple abstract form"
惟,ponder,ponder,"64x64 pixel art, minimal style, 3-5 colors, no text, clean pixel edges, simple composition, a symbolic representation of ponder, simple abstract form"
惚,infatuation,infatuation,"64x64 pixel art, minimal style, 3-5 colors, no text, clean pixel edges, simple composition, a symbolic representation of infatuation, simple abstract form"
怜,quickwitted,quickwitted,"64x64 pixel art, minimal style, 3-5 colors, no text, clean pixel edges, simple composition, a symbolic representation of quickwitted, simple abstract form"
惇,considerate,considerate,"64x64 pixel art, minimal style, 3-5 colors, no text, clean pixel edges, simple composition, a symbolic representation of considerate, simple abstract form"
恰,as_if,as_if,"64x64 pixel art, minimal style, 3-5 colors, no text, clean pixel edges, simple composition, a symbolic representation of as_if, simple abstract form"
恢,enlarge,enlarge,"64x64 pixel art, minimal style, 3-5 colors, no text, clean pixel edges, simple composition, a symbolic representation of enlarge, simple abstract form"
悌,respect_for_elders,respect_for_elders,"64x64 pixel art, minimal style, 3-5 colors, no text, clean pixel edges, simple composition, a symbolic representation of respect_for_elders, simple abstract form"
澪,canal,canal,"64x64 pixel art, minimal style, 3-5 colors, no text, clean pixel edges, simple composition, a symbolic representation of canal, simple abstract form"
洸,glistening,glistening,"64x64 pixel art, minimal style, 3-5 colors, no text, clean pixel edges, simple composition, a symbolic representation of glistening, simple abstract form"
滉,expanse,expanse,"64x64 pixel art, minimal style, 3-5 colors, no text, clean pixel edges, simple composition, a symbolic representation of expanse, simple abstract form"
漱,gargle,gargle,"64x64 pixel art, minimal style, 3-5 colors, no text, clean pixel edges, simple composition, a symbolic representation of gargle, simple abstract form"
洲,continent,continent,"64x64 pixel art, minimal style, 3-5 colors, no text, clean pixel edges, simple composition, a symbolic representation of continent, simple abstract form"
洵,swirling_waters,swirling_waters,"64x64 pixel art, minimal style, 3-5 colors, no text, clean pixel edges, simple composition, a symbolic representation of swirling_waters, simple abstract form"
滲,seep,seep,"64x64 pixel art, minimal style, 3-5 colors, no text, clean pixel edges, simple composition, a symbolic representation of seep, simple abstract form"
洒,rinse,rinse,"64x64 pixel art, minimal style, 3-5 colors, no text, clean pixel edges, simple composition, a symbolic representation of rinse, simple abstract form"
沐,douse,douse,"64x64 pixel art, minimal style, 3-5 colors, no text, clean pixel edges, simple composition, a symbolic representation of douse, simple abstract form"
泪,teardrops,teardrops,"64x64 pixel art, minimal style, 3-5 colors, no text, clean pixel edges, simple composition, a symbolic representation of teardrops, simple abstract form"
渾,gushing,gushing,"64x64 pixel art, minimal style, 3-5 colors, no text, clean pixel edges, simple composition, a symbolic representation of gushing, simple abstract form"
涜,blaspheme,blaspheme,"64x64 pixel art, minimal style, 3-5 colors, no text, clean pixel edges, simple composition, a symbolic representation of blaspheme, simple abstract form"
梁,roofbeam,roofbeam,"64x64 pixel art, minimal style, 3-5 colors, no text, clean pixel edges, simple composition, a symbolic representation of roofbeam, simple abstract form"
澱,sediment,sediment,"64x64 pixel art, minimal style, 3-5 colors, no text, clean pixel edges, simple composition, a symbolic representation of sediment, simple abstract form"
洛,old_kyoto,old_kyoto,"64x64 pixel art, minimal style, 3-5 colors, no text, clean pixel edges, simple composition, a symbolic representation of old_kyoto, simple abstract form"
汝,thee,thee,"64x64 pixel art, minimal style, 3-5 colors, no text, clean pixel edges, simple composition, a symbolic representation of thee, simple abstract form"
漉,filter,filter,"64x64 pixel art, minimal style, 3-5 colors, no text, clean pixel edges, simple composition, a symbolic representation of filter, simple abstract form"
瀕,on_verge_of,on_verge_of,"64x64 pixel art, minimal style, 3-5 colors, no text, clean pixel edges, simple composition, a symbolic representation of on_verge_of, simple abstract form"
濠,moat,moat,"64x64 pixel art, minimal style, 3-5 colors, no text, clean pixel edges, simple composition, a symbolic representation of moat, simple abstract form"
溌,spray,spray,"64x64 pixel art, minimal style, 3-5 colors, no text, clean pixel edges, simple composition, a symbolic representation of spray, simple abstract form"
湊,port,port,"64x64 pixel art, minimal style, 3-5 colors, no text, clean pixel edges, simple composition, a symbolic representation of port, simple abstract form"
淋,solitude,solitude,"64x64 pixel art, minimal style, 3-5 colors, no text, clean pixel edges, simple composition, a symbolic representation of solitude, simple abstract form"
浩,abounding,abounding,"64x64 pixel art, minimal style, 3-5 colors, no text, clean pixel edges, simple composition, a symbolic representation of abounding, simple abstract form"
汀,waters_edge,waters_edge,"64x64 pixel art, minimal style, 3-5 colors, no text, clean pixel edges, simple composition, a symbolic representation of waters_edge, simple abstract form"
鴻,large_goose,large_goose,"64x64 pixel art, minimal style, 3-5 colors, no text, clean pixel edges, simple composition, a symbolic representation of large_goose, simple abstract form"
潅,souse,souse,"64x64 pixel art, minimal style, 3-5 colors, no text, clean pixel edges, simple composition, a symbolic representation of souse, simple abstract form"
溢,brimming,brimming,"64x64 pixel art, minimal style, 3-5 colors, no text, clean pixel edges, simple composition, a symbolic representation of brimming, simple abstract form"
湛,inundate,inundate,"64x64 pixel art, minimal style, 3-5 colors, no text, clean pixel edges, simple composition, a symbolic representation of inundate, simple abstract form"
淳,immaculate,immaculate,"64x64 pixel art, minimal style, 3-5 colors, no text, clean pixel edges, simple composition, a symbolic representation of immaculate, simple abstract form"
渥,moisten,moisten,"64x64 pixel art, minimal style, 3-5 colors, no text, clean pixel edges, simple composition, a symbolic representation of moisten, simple abstract form"
灘,rough_seas,rough_seas,"64x64 pixel art, minimal style, 3-5 colors, no text, clean pixel edges, simple composition, a symbolic representation of rough_seas, simple abstract form"
汲,draw_water,draw_water,"64x64 pixel art, minimal style, 3-5 colors, no text, clean pixel edges, simple composition, a symbolic representation of draw_water, simple abstract form"
溜,cumulation,cumulation,"64x64 pixel art, minimal style, 3-5 colors, no text, clean pixel edges, simple composition, a symbolic representation of cumulation, simple abstract form"
渕,abyss_variant,abyss_variant,"64x64 pixel art, minimal style, 3-5 colors, no text, clean pixel edges, simple composition, a symbolic representation of abyss_variant, simple abstract form"
沌,chaos,chaos,"64x64 pixel art, minimal style, 3-5 colors, no text, clean pixel edges, simple composition, a symbolic representation of chaos, simple abstract form"
濾,strainer,strainer,"64x64 pixel art, minimal style, 3-5 colors, no text, clean pixel edges, simple composition, a symbolic representation of strainer, simple abstract form"
濡,drench,drench,"64x64 pixel art, minimal style, 3-5 colors, no text, clean pixel edges, simple composition, a symbolic representation of drench, simple abstract form"
淀,eddy,eddy,"64x64 pixel art, minimal style, 3-5 colors, no text, clean pixel edges, simple composition, a symbolic representation of eddy, simple abstract form"
涅,black_soil,black_soil,"64x64 pixel art, minimal style, 3-5 colors, no text, clean pixel edges, simple composition, a symbolic representation of black_soil, simple abstract form"
斧,hatchet,hatchet,"64x64 pixel art, minimal style, 3-5 colors, no text, clean pixel edges, simple composition, a symbolic representation of hatchet, simple abstract form"
爺,grandpa,grandpa,"64x64 pixel art, minimal style, 3-5 colors, no text, clean pixel edges, simple composition, a symbolic representation of grandpa, simple abstract form"
猾,sly,sly,"64x64 pixel art, minimal style, 3-5 colors, no text, clean pixel edges, simple composition, a symbolic representation of sly, simple abstract form"
猥,indecent,indecent,"64x64 pixel art, minimal style, 3-5 colors, no text, clean pixel edges, simple composition, a symbolic representation of indecent, simple abstract form"
狡,cunning,cunning,"64x64 pixel art, minimal style, 3-5 colors, no text, clean pixel edges, simple composition, a symbolic representation of cunning, simple abstract form"
狸,racoon_dog,racoon_dog,"64x64 pixel art, minimal style, 3-5 colors, no text, clean pixel edges, simple composition, a symbolic representation of racoon_dog, simple abstract form"
狼,wolf,wolf,"64x64 pixel art, minimal style, 3-5 colors, no text, clean pixel edges, simple composition, a symbolic representation of wolf, simple abstract form"
狽,flustered,flustered,"64x64 pixel art, minimal style, 3-5 colors, no text, clean pixel edges, simple composition, a symbolic representation of flustered, simple abstract form"
狗,pup,pup,"64x64 pixel art, minimal style, 3-5 colors, no text, clean pixel edges, simple composition, a symbolic representation of pup, simple abstract form"
狐,fox,fox,"64x64 pixel art, minimal style, 3-5 colors, no text, clean pixel edges, simple composition, a symbolic representation of fox, simple abstract form"
狛,komainu,komainu,"64x64 pixel art, minimal style, 3-5 colors, no text, clean pixel edges, simple composition, a symbolic representation of komainu, simple abstract form"
獅,lion,lion,"64x64 pixel art, minimal style, 3-5 colors, no text, clean pixel edges, simple composition, a symbolic representation of lion, simple abstract form"
狒,baboon,baboon,"64x64 pixel art, minimal style, 3-5 colors, no text, clean pixel edges, simple composition, a symbolic representation of baboon, simple abstract form"
莨,tobacco,tobacco,"64x64 pixel art, minimal style, 3-5 colors, no text, clean pixel edges, simple composition, a symbolic representation of tobacco, simple abstract form"
茉,jasmine,jasmine,"64x64 pixel art, minimal style, 3-5 colors, no text, clean pixel edges, simple composition, a symbolic representation of jasmine, simple abstract form"
莉,hawthorn,hawthorn,"64x64 pixel art, minimal style, 3-5 colors, no text, clean pixel edges, simple composition, a symbolic representation of hawthorn, simple abstract form"
苺,strawberry,strawberry,"64x64 pixel art, minimal style, 3-5 colors, no text, clean pixel edges, simple composition, a symbolic representation of strawberry, simple abstract form"
萩,bush_clover,bush_clover,"64x64 pixel art, minimal style, 3-5 colors, no text, clean pixel edges, simple composition, a symbolic representation of bush_clover, simple abstract form"
藝,technique_old,technique_old,"64x64 pixel art, minimal style, 3-5 colors, no text, clean pixel edges, simple composition, a symbolic representation of technique_old, simple abstract form"
薙,trim,trim,"64x64 pixel art, minimal style, 3-5 colors, no text, clean pixel edges, simple composition, a symbolic representation of trim, simple abstract form"
蓑,straw_raincoat,straw_raincoat,"64x64 pixel art, minimal style, 3-5 colors, no text, clean pixel edges, simple composition, a symbolic representation of straw_raincoat, simple abstract form"
苔,moss,moss,"64x64 pixel art, minimal style, 3-5 colors, no text, clean pixel edges, simple composition, a symbolic representation of moss, simple abstract form"
蕩,prodigal,prodigal,"64x64 pixel art, minimal style, 3-5 colors, no text, clean pixel edges, simple composition, a symbolic representation of prodigal, simple abstract form"
蔓,tendril,tendril,"64x64 pixel art, minimal style, 3-5 colors, no text, clean pixel edges, simple composition, a symbolic representation of tendril, simple abstract form"
蓮,lotus,lotus,"64x64 pixel art, minimal style, 3-5 colors, no text, clean pixel edges, simple composition, a symbolic representation of lotus, simple abstract form"
芙,lotus_flower,lotus_flower,"64x64 pixel art, minimal style, 3-5 colors, no text, clean pixel edges, simple composition, a symbolic representation of lotus_flower, simple abstract form"
蓉,lotus_blossom,lotus_blossom,"64x64 pixel art, minimal style, 3-5 colors, no text, clean pixel edges, simple composition, a symbolic representation of lotus_blossom, simple abstract form"
蘭,orchid,orchid,"64x64 pixel art, minimal style, 3-5 colors, no text, clean pixel edges, simple composition, a symbolic representation of orchid, simple abstract form"
芦,hollow_reed,hollow_reed,"64x64 pixel art, minimal style, 3-5 colors, no text, clean pixel edges, simple composition, a symbolic representation of hollow_reed, simple abstract form"
薯,yam,yam,"64x64 pixel art, minimal style, 3-5 colors, no text, clean pixel edges, simple composition, a symbolic representation of yam, simple abstract form"
菖,iris,iris,"64x64 pixel art, minimal style, 3-5 colors, no text, clean pixel edges, simple composition, a symbolic representation of iris, simple abstract form"
蕉,banana,banana,"64x64 pixel art, minimal style, 3-5 colors, no text, clean pixel edges, simple composition, a symbolic representation of banana, simple abstract form"
蕎,buckwheat,buckwheat,"64x64 pixel art, minimal style, 3-5 colors, no text, clean pixel edges, simple composition, a symbolic representation of buckwheat, simple abstract form"
蕗,butterbur,butterbur,"64x64 pixel art, minimal style, 3-5 colors, no text, clean pixel edges, simple composition, a symbolic representation of butterbur, simple abstract form"
茄,eggplant,eggplant,"64x64 pixel art, minimal style, 3-5 colors, no text, clean pixel edges, simple composition, a symbolic representation of eggplant, simple abstract form"
蔭,behind_the_scenes,behind_the_scenes,"64x64 pixel art, minimal style, 3-5 colors, no text, clean pixel edges, simple composition, a symbolic representation of behind_the_scenes, simple abstract form"
蓬,wormwood,wormwood,"64x64 pixel art, minimal style, 3-5 colors, no text, clean pixel edges, simple composition, a symbolic representation of wormwood, simple abstract form"
芥,mustard,mustard,"64x64 pixel art, minimal style, 3-5 colors, no text, clean pixel edges, simple composition, a symbolic representation of mustard, simple abstract form"
萌,germinate,germinate,"64x64 pixel art, minimal style, 3-5 colors, no text, clean pixel edges, simple composition, a symbolic representation of germinate, simple abstract form"
葡,grape,grape,"64x64 pixel art, minimal style, 3-5 colors, no text, clean pixel edges, simple composition, a symbolic representation of grape, simple abstract form"
萄,grape_vine,grape_vine,"64x64 pixel art, minimal style, 3-5 colors, no text, clean pixel edges, simple composition, a symbolic representation of grape_vine, simple abstract form"
蘇,resurrect,resurrect,"64x64 pixel art, minimal style, 3-5 colors, no text, clean pixel edges, simple composition, a symbolic representation of resurrect, simple abstract form"
蕃,grow_wild,grow_wild,"64x64 pixel art, minimal style, 3-5 colors, no text, clean pixel edges, simple composition, a symbolic representation of grow_wild, simple abstract form"
苓,cocklebur,cocklebur,"64x64 pixel art, minimal style, 3-5 colors, no text, clean pixel edges, simple composition, a symbolic representation of cocklebur, simple abstract form"
菰,rush_mat,rush_mat,"64x64 pixel art, minimal style, 3-5 colors, no text, clean pixel edges, simple composition, a symbolic representation of rush_mat, simple abstract form"
蒙,darken,darken,"64x64 pixel art, minimal style, 3-5 colors, no text, clean pixel edges, simple composition, a symbolic representation of darken, simple abstract form"
茅,grassy_reed,grassy_reed,"64x64 pixel art, minimal style, 3-5 colors, no text, clean pixel edges, simple composition, a symbolic representation of grassy_reed, simple abstract form"
芭,plantain,plantain,"64x64 pixel art, minimal style, 3-5 colors, no text, clean pixel edges, simple composition, a symbolic representation of plantain, simple abstract form"
苅,mow,mow,"64x64 pixel art, minimal style, 3-5 colors, no text, clean pixel edges, simple composition, a symbolic representation of mow, simple abstract form"
葱,onion,onion,"64x64 pixel art, minimal style, 3-5 colors, no text, clean pixel edges, simple composition, a symbolic representation of onion, simple abstract form"
葵,hollyhock,hollyhock,"64x64 pixel art, minimal style, 3-5 colors, no text, clean pixel edges, simple composition, a symbolic representation of hollyhock, simple abstract form"
葺,shingling,shingling,"64x64 pixel art, minimal style, 3-5 colors, no text, clean pixel edges, simple composition, a symbolic representation of shingling, simple abstract form"
蕊,stamen,stamen,"64x64 pixel art, minimal style, 3-5 colors, no text, clean pixel edges, simple composition, a symbolic representation of stamen, simple abstract form"
茸,mushroom,mushroom,"64x64 pixel art, minimal style, 3-5 colors, no text, clean pixel edges, simple composition, a symbolic representation of mushroom, simple abstract form"
蒔,sowing,sowing,"64x64 pixel art, minimal style, 3-5 colors, no text, clean pixel edges, simple composition, a symbolic representation of sowing, simple abstract form"
芹,parsley,parsley,"64x64 pixel art, minimal style, 3-5 colors, no text, clean pixel edges, simple composition, a symbolic representation of parsley, simple abstract form"
苫,thatching,thatching,"64x64 pixel art, minimal style, 3-5 colors, no text, clean pixel edges, simple composition, a symbolic representation of thatching, simple abstract form"
蒼,pale_blue,pale_blue,"64x64 pixel art, minimal style, 3-5 colors, no text, clean pixel edges, simple composition, a symbolic representation of pale_blue, simple abstract form"
藁,straw,straw,"64x64 pixel art, minimal style, 3-5 colors, no text, clean pixel edges, simple composition, a symbolic representation of straw, simple abstract form"
蕪,turnip,turnip,"64x64 pixel art, minimal style, 3-5 colors, no text, clean pixel edges, simple composition, a symbolic representation of turnip, simple abstract form"
藷,sweet_potato,sweet_potato,"64x64 pixel art, minimal style, 3-5 colors, no text, clean pixel edges, simple composition, a symbolic representation of sweet_potato, simple abstract form"
薮,quack,quack,"64x64 pixel art, minimal style, 3-5 colors, no text, clean pixel edges, simple composition, a symbolic representation of quack, simple abstract form"
蒜,garlic,garlic,"64x64 pixel art, minimal style, 3-5 colors, no text, clean pixel edges, simple composition, a symbolic representation of garlic, simple abstract form"
蕨,bracken,bracken,"64x64 pixel art, minimal style, 3-5 colors, no text, clean pixel edges, simple composition, a symbolic representation of bracken, simple abstract form"
蔚,grow_plentiful,grow_plentiful,"64x64 pixel art, minimal style, 3-5 colors, no text, clean pixel edges, simple composition, a symbolic representation of grow_plentiful, simple abstract form"
茜,madder_red,madder_red,"64x64 pixel art, minimal style, 3-5 colors, no text, clean pixel edges, simple composition, a symbolic representation of madder_red, simple abstract form"
莞,candle_rush,candle_rush,"64x64 pixel art, minimal style, 3-5 colors, no text, clean pixel edges, simple composition, a symbolic representation of candle_rush, simple abstract form"
蒐,collector,collector,"64x64 pixel art, minimal style, 3-5 colors, no text, clean pixel edges, simple composition, a symbolic representation of collector, simple abstract form"
菅,sedge,sedge,"64x64 pixel art, minimal style, 3-5 colors, no text, clean pixel edges, simple composition, a symbolic representation of sedge, simple abstract form"
葦,ditch_reed,ditch_reed,"64x64 pixel art, minimal style, 3-5 colors, no text, clean pixel edges, simple composition, a symbolic representation of ditch_reed, simple abstract form"
迪,way,way,"64x64 pixel art, minimal style, 3-5 colors, no text, clean pixel edges, simple composition, a symbolic representation of way, simple abstract form"
辿,track_down,track_down,"64x64 pixel art, minimal style, 3-5 colors, no text, clean pixel edges, simple composition, a symbolic representation of track_down, simple abstract form"
這,crawl,crawl,"64x64 pixel art, minimal style, 3-5 colors, no text, clean pixel edges, simple composition, a symbolic representation of crawl, simple abstract form"
迂,detour,detour,"64x64 pixel art, minimal style, 3-5 colors, no text, clean pixel edges, simple composition, a symbolic representation of detour, simple abstract form"
遁,shirk,shirk,"64x64 pixel art, minimal style, 3-5 colors, no text, clean pixel edges, simple composition, a symbolic representation of shirk, simple abstract form"
逢,tryst,tryst,"64x64 pixel art, minimal style, 3-5 colors, no text, clean pixel edges, simple composition, a symbolic representation of tryst, simple abstract form"
遥,far_off,far_off,"64x64 pixel art, minimal style, 3-5 colors, no text, clean pixel edges, simple composition, a symbolic representation of far_off, simple abstract form"
遼,faraway,faraway,"64x64 pixel art, minimal style, 3-5 colors, no text, clean pixel edges, simple composition, a symbolic representation of faraway, simple abstract form"
逼,pressing,pressing,"64x64 pixel art, minimal style, 3-5 colors, no text, clean pixel edges, simple composition, a symbolic representation of pressing, simple abstract form"
迄,until,until,"64x64 pixel art, minimal style, 3-5 colors, no text, clean pixel edges, simple composition, a symbolic representation of until, simple abstract form"
逗,standstill,standstill,"64x64 pixel art, minimal style, 3-5 colors, no text, clean pixel edges, simple composition, a symbolic representation of standstill, simple abstract form"
鄭,courtesy,courtesy,"64x64 pixel art, minimal style, 3-5 colors, no text, clean pixel edges, simple composition, a symbolic representation of courtesy, simple abstract form"
隕,falling,falling,"64x64 pixel art, minimal style, 3-5 colors, no text, clean pixel edges, simple composition, a symbolic representation of falling, simple abstract form"
隈,nook,nook,"64x64 pixel art, minimal style, 3-5 colors, no text, clean pixel edges, simple composition, a symbolic representation of nook, simple abstract form"
憑,possessed,possessed,"64x64 pixel art, minimal style, 3-5 colors, no text, clean pixel edges, simple composition, a symbolic representation of possessed, simple abstract form"
惹,attract,attract,"64x64 pixel art, minimal style, 3-5 colors, no text, clean pixel edges, simple composition, a symbolic representation of attract, simple abstract form"
悉,all,all,"64x64 pixel art, minimal style, 3-5 colors, no text, clean pixel edges, simple composition, a symbolic representation of all, simple abstract form"
忽,instantaneously,instantaneously,"64x64 pixel art, minimal style, 3-5 colors, no text, clean pixel edges, simple composition, a symbolic representation of instantaneously, simple abstract form"
惣,firstborn_son,firstborn_son,"64x64 pixel art, minimal style, 3-5 colors, no text, clean pixel edges, simple composition, a symbolic representation of firstborn_son, simple abstract form"
愈,all_the_more,all_the_more,"64x64 pixel art, minimal style, 3-5 colors, no text, clean pixel edges, simple composition, a symbolic representation of all_the_more, simple abstract form"
恕,sensitive,sensitive,"64x64 pixel art, minimal style, 3-5 colors, no text, clean pixel edges, simple composition, a symbolic representation of sensitive, simple abstract form"
昴,over_arching,over_arching,"64x64 pixel art, minimal style, 3-5 colors, no text, clean pixel edges, simple composition, a symbolic representation of over_arching, simple abstract form"
晋,progress,progress,"64x64 pixel art, minimal style, 3-5 colors, no text, clean pixel edges, simple composition, a symbolic representation of progress, simple abstract form"
晟,aglow,aglow,"64x64 pixel art, minimal style, 3-5 colors, no text, clean pixel edges, simple composition, a symbolic representation of aglow, simple abstract form"
暈,halo,halo,"64x64 pixel art, minimal style, 3-5 colors, no text, clean pixel edges, simple composition, a symbolic representation of halo, simple abstract form"
暉,glitter,glitter,"64x64 pixel art, minimal style, 3-5 colors, no text, clean pixel edges, simple composition, a symbolic representation of glitter, simple abstract form"
旱,dry_weather,dry_weather,"64x64 pixel art, minimal style, 3-5 colors, no text, clean pixel edges, simple composition, a symbolic representation of dry_weather, simple abstract form"
晏,clear_skies,clear_skies,"64x64 pixel art, minimal style, 3-5 colors, no text, clean pixel edges, simple composition, a symbolic representation of clear_skies, simple abstract form"
晨,morrow,morrow,"64x64 pixel art, minimal style, 3-5 colors, no text, clean pixel edges, simple composition, a symbolic representation of morrow, simple abstract form"
晒,bleaching,bleaching,"64x64 pixel art, minimal style, 3-5 colors, no text, clean pixel edges, simple composition, a symbolic representation of bleaching, simple abstract form"
晃,limpid,limpid,"64x64 pixel art, minimal style, 3-5 colors, no text, clean pixel edges, simple composition, a symbolic representation of limpid, simple abstract form"
曝,expose,expose,"64x64 pixel art, minimal style, 3-5 colors, no text, clean pixel edges, simple composition, a symbolic representation of expose, simple abstract form"
曙,daybreak,daybreak,"64x64 pixel art, minimal style, 3-5 colors, no text, clean pixel edges, simple composition, a symbolic representation of daybreak, simple abstract form"
昂,elevate,elevate,"64x64 pixel art, minimal style, 3-5 colors, no text, clean pixel edges, simple composition, a symbolic representation of elevate, simple abstract form"
昏,dusk,dusk,"64x64 pixel art, minimal style, 3-5 colors, no text, clean pixel edges, simple composition, a symbolic representation of dusk, simple abstract form"
晦,dark,dark,"64x64 pixel art, minimal style, 3-5 colors, no text, clean pixel edges, simple composition, a symbolic representation of dark, simple abstract form"
膿,pus,pus,"64x64 pixel art, minimal style, 3-5 colors, no text, clean pixel edges, simple composition, a symbolic representation of pus, simple abstract form"
腑,viscera,viscera,"64x64 pixel art, minimal style, 3-5 colors, no text, clean pixel edges, simple composition, a symbolic representation of viscera, simple abstract form"
胱,bladder,bladder,"64x64 pixel art, minimal style, 3-5 colors, no text, clean pixel edges, simple composition, a symbolic representation of bladder, simple abstract form"
胚,embryo,embryo,"64x64 pixel art, minimal style, 3-5 colors, no text, clean pixel edges, simple composition, a symbolic representation of embryo, simple abstract form"
肛,anus,anus,"64x64 pixel art, minimal style, 3-5 colors, no text, clean pixel edges, simple composition, a symbolic representation of anus, simple abstract form"
脆,fragile,fragile,"64x64 pixel art, minimal style, 3-5 colors, no text, clean pixel edges, simple composition, a symbolic representation of fragile, simple abstract form"
肋,rib,rib,"64x64 pixel art, minimal style, 3-5 colors, no text, clean pixel edges, simple composition, a symbolic representation of rib, simple abstract form"
腔,body_cavity,body_cavity,"64x64 pixel art, minimal style, 3-5 colors, no text, clean pixel edges, simple composition, a symbolic representation of body_cavity, simple abstract form"
肱,armrest,armrest,"64x64 pixel art, minimal style, 3-5 colors, no text, clean pixel edges, simple composition, a symbolic representation of armrest, simple abstract form"
胡,uncivilized,uncivilized,"64x64 pixel art, minimal style, 3-5 colors, no text, clean pixel edges, simple composition, a symbolic representation of uncivilized, simple abstract form"
楓,maple,maple,"64x64 pixel art, minimal style, 3-5 colors, no text, clean pixel edges, simple composition, a symbolic representation of maple, simple abstract form"
楊,purple_willow,purple_willow,"64x64 pixel art, minimal style, 3-5 colors, no text, clean pixel edges, simple composition, a symbolic representation of purple_willow, simple abstract form"
椋,elm,elm,"64x64 pixel art, minimal style, 3-5 colors, no text, clean pixel edges, simple composition, a symbolic representation of elm, simple abstract form"
榛,hazel,hazel,"64x64 pixel art, minimal style, 3-5 colors, no text, clean pixel edges, simple composition, a symbolic representation of hazel, simple abstract form"
櫛,comb,comb,"64x64 pixel art, minimal style, 3-5 colors, no text, clean pixel edges, simple composition, a symbolic representation of comb, simple abstract form"
槌,sledgehammer,sledgehammer,"64x64 pixel art, minimal style, 3-5 colors, no text, clean pixel edges, simple composition, a symbolic representation of sledgehammer, simple abstract form"
樵,mallet,mallet,"64x64 pixel art, minimal style, 3-5 colors, no text, clean pixel edges, simple composition, a symbolic representation of mallet, simple abstract form"
梯,ladder,ladder,"64x64 pixel art, minimal style, 3-5 colors, no text, clean pixel edges, simple composition, a symbolic representation of ladder, simple abstract form"
柑,citrus_tree,citrus_tree,"64x64 pixel art, minimal style, 3-5 colors, no text, clean pixel edges, simple composition, a symbolic representation of citrus_tree, simple abstract form"
杭,picket,picket,"64x64 pixel art, minimal style, 3-5 colors, no text, clean pixel edges, simple composition, a symbolic representation of picket, simple abstract form"
柊,holly,holly,"64x64 pixel art, minimal style, 3-5 colors, no text, clean pixel edges, simple composition, a symbolic representation of holly, simple abstract form"
柚,citron,citron,"64x64 pixel art, minimal style, 3-5 colors, no text, clean pixel edges, simple composition, a symbolic representation of citron, simple abstract form"
椀,wooden_bowl,wooden_bowl,"64x64 pixel art, minimal style, 3-5 colors, no text, clean pixel edges, simple composition, a symbolic representation of wooden_bowl, simple abstract form"
栂,hemlock,hemlock,"64x64 pixel art, minimal style, 3-5 colors, no text, clean pixel edges, simple composition, a symbolic representation of hemlock, simple abstract form"
柾,spindle_tree,spindle_tree,"64x64 pixel art, minimal style, 3-5 colors, no text, clean pixel edges, simple composition, a symbolic representation of spindle_tree, simple abstract form"
榊,sacred_tree,sacred_tree,"64x64 pixel art, minimal style, 3-5 colors, no text, clean pixel edges, simple composition, a symbolic representation of sacred_tree, simple abstract form"
樫,evergreen_oak,evergreen_oak,"64x64 pixel art, minimal style, 3-5 colors, no text, clean pixel edges, simple composition, a symbolic representation of evergreen_oak, simple abstract form"
槙,black_pine,black_pine,"64x64 pixel art, minimal style, 3-5 colors, no text, clean pixel edges, simple composition, a symbolic representation of black_pine, simple abstract form"
楢,japanese_oak,japanese_oak,"64x64 pixel art, minimal style, 3-5 colors, no text, clean pixel edges, simple composition, a symbolic representation of japanese_oak, simple abstract form"
橘,tangerine,tangerine,"64x64 pixel art, minimal style, 3-5 colors, no text, clean pixel edges, simple composition, a symbolic representation of tangerine, simple abstract form"
桧,hinoki_variant,hinoki_variant,"64x64 pixel art, minimal style, 3-5 colors, no text, clean pixel edges, simple composition, a symbolic representation of hinoki_variant, simple abstract form"
棲,roost,roost,"64x64 pixel art, minimal style, 3-5 colors, no text, clean pixel edges, simple composition, a symbolic representation of roost, simple abstract form"
栖,nestle,nestle,"64x64 pixel art, minimal style, 3-5 colors, no text, clean pixel edges, simple composition, a symbolic representation of nestle, simple abstract form"
桔,bellflower,bellflower,"64x64 pixel art, minimal style, 3-5 colors, no text, clean pixel edges, simple composition, a symbolic representation of bellflower, simple abstract form"
杜,temple_grove,temple_grove,"64x64 pixel art, minimal style, 3-5 colors, no text, clean pixel edges, simple composition, a symbolic representation of temple_grove, simple abstract form"
杷,grain_rake,grain_rake,"64x64 pixel art, minimal style, 3-5 colors, no text, clean pixel edges, simple composition, a symbolic representation of grain_rake, simple abstract form"
梶,oar,oar,"64x64 pixel art, minimal style, 3-5 colors, no text, clean pixel edges, simple composition, a symbolic representation of oar, simple abstract form"
杵,wooden_pestle,wooden_pestle,"64x64 pixel art, minimal style, 3-5 colors, no text, clean pixel edges, simple composition, a symbolic representation of wooden_pestle, simple abstract form"
杖,cane,cane,"64x64 pixel art, minimal style, 3-5 colors, no text, clean pixel edges, simple composition, a symbolic representation of cane, simple abstract form"
樽,barrel,barrel,"64x64 pixel art, minimal style, 3-5 colors, no text, clean pixel edges, simple composition, a symbolic representation of barrel, simple abstract form"
櫓,turret,turret,"64x64 pixel art, minimal style, 3-5 colors, no text, clean pixel edges, simple composition, a symbolic representation of turret, simple abstract form"
橿,sturdy_oak,sturdy_oak,"64x64 pixel art, minimal style, 3-5 colors, no text, clean pixel edges, simple composition, a symbolic representation of sturdy_oak, simple abstract form"
杓,wooden_ladle,wooden_ladle,"64x64 pixel art, minimal style, 3-5 colors, no text, clean pixel edges, simple composition, a symbolic representation of wooden_ladle, simple abstract form"
李,damson,damson,"64x64 pixel art, minimal style, 3-5 colors, no text, clean pixel edges, simple composition, a symbolic representation of damson, simple abstract form"
棉,raw_cotton,raw_cotton,"64x64 pixel art, minimal style, 3-5 colors, no text, clean pixel edges, simple composition, a symbolic representation of raw_cotton, simple abstract form"
楯,escutcheon,escutcheon,"64x64 pixel art, minimal style, 3-5 colors, no text, clean pixel edges, simple composition, a symbolic representation of escutcheon, simple abstract form"
榎,hackberry,hackberry,"64x64 pixel art, minimal style, 3-5 colors, no text, clean pixel edges, simple composition, a symbolic representation of hackberry, simple abstract form"
樺,birch,birch,"64x64 pixel art, minimal style, 3-5 colors, no text, clean pixel edges, simple composition, a symbolic representation of birch, simple abstract form"
槍,lance,lance,"64x64 pixel art, minimal style, 3-5 colors, no text, clean pixel edges, simple composition, a symbolic representation of lance, simple abstract form"
柘,wild_mulberry,wild_mulberry,"64x64 pixel art, minimal style, 3-5 colors, no text, clean pixel edges, simple composition, a symbolic representation of wild_mulberry, simple abstract form"
梱,bale,bale,"64x64 pixel art, minimal style, 3-5 colors, no text, clean pixel edges, simple composition, a symbolic representation of bale, simple abstract form"
枇,loquat,loquat,"64x64 pixel art, minimal style, 3-5 colors, no text, clean pixel edges, simple composition, a symbolic representation of loquat, simple abstract form"
樋,downspout,downspout,"64x64 pixel art, minimal style, 3-5 colors, no text, clean pixel edges, simple composition, a symbolic representation of downspout, simple abstract form"
橇,sled,sled,"64x64 pixel art, minimal style, 3-5 colors, no text, clean pixel edges, simple composition, a symbolic representation of sled, simple abstract form"
槃,enjoyment,enjoyment,"64x64 pixel art, minimal style, 3-5 colors, no text, clean pixel edges, simple composition, a symbolic representation of enjoyment, simple abstract form"
栞,bookmark,bookmark,"64x64 pixel art, minimal style, 3-5 colors, no text, clean pixel edges, simple composition, a symbolic representation of bookmark, simple abstract form"
椰,coconut,coconut,"64x64 pixel art, minimal style, 3-5 colors, no text, clean pixel edges, simple composition, a symbolic representation of coconut, simple abstract form"
檀,sandalwood,sandalwood,"64x64 pixel art, minimal style, 3-5 colors, no text, clean pixel edges, simple composition, a symbolic representation of sandalwood, simple abstract form"
樗,sumac,sumac,"64x64 pixel art, minimal style, 3-5 colors, no text, clean pixel edges, simple composition, a symbolic representation of sumac, simple abstract form"
槻,zelkova,zelkova,"64x64 pixel art, minimal style, 3-5 colors, no text, clean pixel edges, simple composition, a symbolic representation of zelkova, simple abstract form"
椙,cryptomeria,cryptomeria,"64x64 pixel art, minimal style, 3-5 colors, no text, clean pixel edges, simple composition, a symbolic representation of cryptomeria, simple abstract form"
彬,copious,copious,"64x64 pixel art, minimal style, 3-5 colors, no text, clean pixel edges, simple composition, a symbolic representation of copious, simple abstract form"
桶,bucket,bucket,"64x64 pixel art, minimal style, 3-5 colors, no text, clean pixel edges, simple composition, a symbolic representation of bucket, simple abstract form"
楕,ellipse,ellipse,"64x64 pixel art, minimal style, 3-5 colors, no text, clean pixel edges, simple composition, a symbolic representation of ellipse, simple abstract form"
樒,staranise,staranise,"64x64 pixel art, minimal style, 3-5 colors, no text, clean pixel edges, simple composition, a symbolic representation of staranise, simple abstract form"
毬,furball,furball,"64x64 pixel art, minimal style, 3-5 colors, no text, clean pixel edges, simple composition, a symbolic representation of furball, simple abstract form"
燿,twinkle,twinkle,"64x64 pixel art, minimal style, 3-5 colors, no text, clean pixel edges, simple composition, a symbolic representation of twinkle, simple abstract form"
燎,watchfire,watchfire,"64x64 pixel art, minimal style, 3-5 colors, no text, clean pixel edges, simple composition, a symbolic representation of watchfire, simple abstract form"
炬,torch,torch,"64x64 pixel art, minimal style, 3-5 colors, no text, clean pixel edges, simple composition, a symbolic representation of torch, simple abstract form"
焚,kindle,kindle,"64x64 pixel art, minimal style, 3-5 colors, no text, clean pixel edges, simple composition, a symbolic representation of kindle, simple abstract form"
灸,moxa,moxa,"64x64 pixel art, minimal style, 3-5 colors, no text, clean pixel edges, simple composition, a symbolic representation of moxa, simple abstract form"
煽,fanning,fanning,"64x64 pixel art, minimal style, 3-5 colors, no text, clean pixel edges, simple composition, a symbolic representation of fanning, simple abstract form"
煤,soot,soot,"64x64 pixel art, minimal style, 3-5 colors, no text, clean pixel edges, simple composition, a symbolic representation of soot, simple abstract form"
煉,firing,firing,"64x64 pixel art, minimal style, 3-5 colors, no text, clean pixel edges, simple composition, a symbolic representation of firing, simple abstract form"
燦,dazzling,dazzling,"64x64 pixel art, minimal style, 3-5 colors, no text, clean pixel edges, simple composition, a symbolic representation of dazzling, simple abstract form"
灼,refulgent,refulgent,"64x64 pixel art, minimal style, 3-5 colors, no text, clean pixel edges, simple composition, a symbolic representation of refulgent, simple abstract form"
烙,branding,branding,"64x64 pixel art, minimal style, 3-5 colors, no text, clean pixel edges, simple composition, a symbolic representation of branding, simple abstract form"
焔,flames,flames,"64x64 pixel art, minimal style, 3-5 colors, no text, clean pixel edges, simple composition, a symbolic representation of flames, simple abstract form"
烹,stew,stew,"64x64 pixel art, minimal style, 3-5 colors, no text, clean pixel edges, simple composition, a symbolic representation of stew, simple abstract form"
牽,tug,tug,"64x64 pixel art, minimal style, 3-5 colors, no text, clean pixel edges, simple composition, a symbolic representation of tug, simple abstract form"
牝,female_animal,female_animal,"64x64 pixel art, minimal style, 3-5 colors, no text, clean pixel edges, simple composition, a symbolic representation of female_animal, simple abstract form"
牡,male_animal,male_animal,"64x64 pixel art, minimal style, 3-5 colors, no text, clean pixel edges, simple composition, a symbolic representation of male_animal, simple abstract form"
琳,chime,chime,"64x64 pixel art, minimal style, 3-5 colors, no text, clean pixel edges, simple composition, a symbolic representation of chime, simple abstract form"
琉,lapis_lazuli,lapis_lazuli,"64x64 pixel art, minimal style, 3-5 colors, no text, clean pixel edges, simple composition, a symbolic representation of lapis_lazuli, simple abstract form"
瑳,burnish,burnish,"64x64 pixel art, minimal style, 3-5 colors, no text, clean pixel edges, simple composition, a symbolic representation of burnish, simple abstract form"
琢,hone,hone,"64x64 pixel art, minimal style, 3-5 colors, no text, clean pixel edges, simple composition, a symbolic representation of hone, simple abstract form"
珊,coral,coral,"64x64 pixel art, minimal style, 3-5 colors, no text, clean pixel edges, simple composition, a symbolic representation of coral, simple abstract form"
瑚,coral_reef,coral_reef,"64x64 pixel art, minimal style, 3-5 colors, no text, clean pixel edges, simple composition, a symbolic representation of coral_reef, simple abstract form"
瑞,fortunate,fortunate,"64x64 pixel art, minimal style, 3-5 colors, no text, clean pixel edges, simple composition, a symbolic representation of fortunate, simple abstract form"
玖,jet,jet,"64x64 pixel art, minimal style, 3-5 colors, no text, clean pixel edges, simple composition, a symbolic representation of jet, simple abstract form"
瑛,crystal,crystal,"64x64 pixel art, minimal style, 3-5 colors, no text, clean pixel edges, simple composition, a symbolic representation of crystal, simple abstract form"
玲,tinkling,tinkling,"64x64 pixel art, minimal style, 3-5 colors, no text, clean pixel edges, simple composition, a symbolic representation of tinkling, simple abstract form"
畢,lastly,lastly,"64x64 pixel art, minimal style, 3-5 colors, no text, clean pixel edges, simple composition, a symbolic representation of lastly, simple abstract form"
畦,paddyfield,paddyfield,"64x64 pixel art, minimal style, 3-5 colors, no text, clean pixel edges, simple composition, a symbolic representation of paddyfield, simple abstract form"
痒,itch,itch,"64x64 pixel art, minimal style, 3-5 colors, no text, clean pixel edges, simple composition, a symbolic representation of itch, simple abstract form"
痰,phlegm,phlegm,"64x64 pixel art, minimal style, 3-5 colors, no text, clean pixel edges, simple composition, a symbolic representation of phlegm, simple abstract form"
疹,measles,measles,"64x64 pixel art, minimal style, 3-5 colors, no text, clean pixel edges, simple composition, a symbolic representation of measles, simple abstract form"
痔,hemorrhoids,hemorrhoids,"64x64 pixel art, minimal style, 3-5 colors, no text, clean pixel edges, simple composition, a symbolic representation of hemorrhoids, simple abstract form"
癌,cancer,cancer,"64x64 pixel art, minimal style, 3-5 colors, no text, clean pixel edges, simple composition, a symbolic representation of cancer, simple abstract form"
痺,paralysis,paralysis,"64x64 pixel art, minimal style, 3-5 colors, no text, clean pixel edges, simple composition, a symbolic representation of paralysis, simple abstract form"
眸,eye_pupil,eye_pupil,"64x64 pixel art, minimal style, 3-5 colors, no text, clean pixel edges, simple composition, a symbolic representation of eye_pupil, simple abstract form"
眩,dizzy,dizzy,"64x64 pixel art, minimal style, 3-5 colors, no text, clean pixel edges, simple composition, a symbolic representation of dizzy, simple abstract form"
雉,pheasant,pheasant,"64x64 pixel art, minimal style, 3-5 colors, no text, clean pixel edges, simple composition, a symbolic representation of pheasant, simple abstract form"
矩,carpenters_square,carpenters_square,"64x64 pixel art, minimal style, 3-5 colors, no text, clean pixel edges, simple composition, a symbolic representation of carpenters_square, simple abstract form"
磐,bedrock,bedrock,"64x64 pixel art, minimal style, 3-5 colors, no text, clean pixel edges, simple composition, a symbolic representation of bedrock, simple abstract form"
碇,grapnel,grapnel,"64x64 pixel art, minimal style, 3-5 colors, no text, clean pixel edges, simple composition, a symbolic representation of grapnel, simple abstract form"
碧,blue_green,blue_green,"64x64 pixel art, minimal style, 3-5 colors, no text, clean pixel edges, simple composition, a symbolic representation of blue_green, simple abstract form"
硯,inkstone,inkstone,"64x64 pixel art, minimal style, 3-5 colors, no text, clean pixel edges, simple composition, a symbolic representation of inkstone, simple abstract form"
砥,grindstone,grindstone,"64x64 pixel art, minimal style, 3-5 colors, no text, clean pixel edges, simple composition, a symbolic representation of grindstone, simple abstract form"
碗,teacup,teacup,"64x64 pixel art, minimal style, 3-5 colors, no text, clean pixel edges, simple composition, a symbolic representation of teacup, simple abstract form"
碍,obstacle,obstacle,"64x64 pixel art, minimal style, 3-5 colors, no text, clean pixel edges, simple composition, a symbolic representation of obstacle, simple abstract form"
碩,illustrious,illustrious,"64x64 pixel art, minimal style, 3-5 colors, no text, clean pixel edges, simple composition, a symbolic representation of illustrious, simple abstract form"
磯,rocky_beach,rocky_beach,"64x64 pixel art, minimal style, 3-5 colors, no text, clean pixel edges, simple composition, a symbolic representation of rocky_beach, simple abstract form"
砺,whetstone,whetstone,"64x64 pixel art, minimal style, 3-5 colors, no text, clean pixel edges, simple composition, a symbolic representation of whetstone, simple abstract form"
碓,mill,mill,"64x64 pixel art, minimal style, 3-5 colors, no text, clean pixel edges, simple composition, a symbolic representation of mill, simple abstract form"
禦,fend_off,fend_off,"64x64 pixel art, minimal style, 3-5 colors, no text, clean pixel edges, simple composition, a symbolic representation of fend_off, simple abstract form"
祷,beseech,beseech,"64x64 pixel art, minimal style, 3-5 colors, no text, clean pixel edges, simple composition, a symbolic representation of beseech, simple abstract form"
祐,ancestral_tablet,ancestral_tablet,"64x64 pixel art, minimal style, 3-5 colors, no text, clean pixel edges, simple composition, a symbolic representation of ancestral_tablet, simple abstract form"
祇,local_god,local_god,"64x64 pixel art, minimal style, 3-5 colors, no text, clean pixel edges, simple composition, a symbolic representation of local_god, simple abstract form"
祢,ancestral_shrine,ancestral_shrine,"64x64 pixel art, minimal style, 3-5 colors, no text, clean pixel edges, simple composition, a symbolic representation of ancestral_shrine, simple abstract form"
禄,salarium,salarium,"64x64 pixel art, minimal style, 3-5 colors, no text, clean pixel edges, simple composition, a symbolic representation of salarium, simple abstract form"
禎,felicitation,felicitation,"64x64 pixel art, minimal style, 3-5 colors, no text, clean pixel edges, simple composition, a symbolic representation of felicitation, simple abstract form"
秤,balancing_scales,balancing_scales,"64x64 pixel art, minimal style, 3-5 colors, no text, clean pixel edges, simple composition, a symbolic representation of balancing_scales, simple abstract form"
黍,millet,millet,"64x64 pixel art, minimal style, 3-5 colors, no text, clean pixel edges, simple composition, a symbolic representation of millet, simple abstract form"
禿,bald,bald,"64x64 pixel art, minimal style, 3-5 colors, no text, clean pixel edges, simple composition, a symbolic representation of bald, simple abstract form"
稔,bear_fruit,bear_fruit,"64x64 pixel art, minimal style, 3-5 colors, no text, clean pixel edges, simple composition, a symbolic representation of bear_fruit, simple abstract form"
稗,crabgrass,crabgrass,"64x64 pixel art, minimal style, 3-5 colors, no text, clean pixel edges, simple composition, a symbolic representation of crabgrass, simple abstract form"
穣,bumper_crop,bumper_crop,"64x64 pixel art, minimal style, 3-5 colors, no text, clean pixel edges, simple composition, a symbolic representation of bumper_crop, simple abstract form"
稜,imperial_authority,imperial_authority,"64x64 pixel art, minimal style, 3-5 colors, no text, clean pixel edges, simple composition, a symbolic representation of imperial_authority, simple abstract form"
稀,sparse,sparse,"64x64 pixel art, minimal style, 3-5 colors, no text, clean pixel edges, simple composition, a symbolic representation of sparse, simple abstract form"
穆,obeisant,obeisant,"64x64 pixel art, minimal style, 3-5 colors, no text, clean pixel edges, simple composition, a symbolic representation of obeisant, simple abstract form"
窺,peep,peep,"64x64 pixel art, minimal style, 3-5 colors, no text, clean pixel edges, simple composition, a symbolic representation of peep, simple abstract form"
窄,tight,tight,"64x64 pixel art, minimal style, 3-5 colors, no text, clean pixel edges, simple composition, a symbolic representation of tight, simple abstract form"
穿,drill,drill,"64x64 pixel art, minimal style, 3-5 colors, no text, clean pixel edges, simple composition, a symbolic representation of drill, simple abstract form"
竃,kitchen_stove,kitchen_stove,"64x64 pixel art, minimal style, 3-5 colors, no text, clean pixel edges, simple composition, a symbolic representation of kitchen_stove, simple abstract form"
竪,longness,longness,"64x64 pixel art, minimal style, 3-5 colors, no text, clean pixel edges, simple composition, a symbolic representation of longness, simple abstract form"
颯,rustling,rustling,"64x64 pixel art, minimal style, 3-5 colors, no text, clean pixel edges, simple composition, a symbolic representation of rustling, simple abstract form"
站,outpost,outpost,"64x64 pixel art, minimal style, 3-5 colors, no text, clean pixel edges, simple composition, a symbolic representation of outpost, simple abstract form"
靖,repose,repose,"64x64 pixel art, minimal style, 3-5 colors, no text, clean pixel edges, simple composition, a symbolic representation of repose, simple abstract form"
妾,concubine,concubine,"64x64 pixel art, minimal style, 3-5 colors, no text, clean pixel edges, simple composition, a symbolic representation of concubine, simple abstract form"
衿,lapel,lapel,"64x64 pixel art, minimal style, 3-5 colors, no text, clean pixel edges, simple composition, a symbolic representation of lapel, simple abstract form"
袷,lined_kimono,lined_kimono,"64x64 pixel art, minimal style, 3-5 colors, no text, clean pixel edges, simple composition, a symbolic representation of lined_kimono, simple abstract form"
袴,pleated_skirt,pleated_skirt,"64x64 pixel art, minimal style, 3-5 colors, no text, clean pixel edges, simple composition, a symbolic representation of pleated_skirt, simple abstract form"
襖,sliding_door,sliding_door,"64x64 pixel art, minimal style, 3-5 colors, no text, clean pixel edges, simple composition, a symbolic representation of sliding_door, simple abstract form"
笙,panpipe,panpipe,"64x64 pixel art, minimal style, 3-5 colors, no text, clean pixel edges, simple composition, a symbolic representation of panpipe, simple abstract form"
筏,raft,raft,"64x64 pixel art, minimal style, 3-5 colors, no text, clean pixel edges, simple composition, a symbolic representation of raft, simple abstract form"
簾,bamboo_blinds,bamboo_blinds,"64x64 pixel art, minimal style, 3-5 colors, no text, clean pixel edges, simple composition, a symbolic representation of bamboo_blinds, simple abstract form"
箪,rattan_box,rattan_box,"64x64 pixel art, minimal style, 3-5 colors, no text, clean pixel edges, simple composition, a symbolic representation of rattan_box, simple abstract form"
竿,pole,pole,"64x64 pixel art, minimal style, 3-5 colors, no text, clean pixel edges, simple composition, a symbolic representation of pole, simple abstract form"
箆,spatula,spatula,"64x64 pixel art, minimal style, 3-5 colors, no text, clean pixel edges, simple composition, a symbolic representation of spatula, simple abstract form"
箔,foil,foil,"64x64 pixel art, minimal style, 3-5 colors, no text, clean pixel edges, simple composition, a symbolic representation of foil, simple abstract form"
笥,wardrobe,wardrobe,"64x64 pixel art, minimal style, 3-5 colors, no text, clean pixel edges, simple composition, a symbolic representation of wardrobe, simple abstract form"
箭,arrow_shaft,arrow_shaft,"64x64 pixel art, minimal style, 3-5 colors, no text, clean pixel edges, simple composition, a symbolic representation of arrow_shaft, simple abstract form"
筑,ancient_harp,ancient_harp,"64x64 pixel art, minimal style, 3-5 colors, no text, clean pixel edges, simple composition, a symbolic representation of ancient_harp, simple abstract form"
篠,slender_bamboo,slender_bamboo,"64x64 pixel art, minimal style, 3-5 colors, no text, clean pixel edges, simple composition, a symbolic representation of slender_bamboo, simple abstract form"
纂,redaction,redaction,"64x64 pixel art, minimal style, 3-5 colors, no text, clean pixel edges, simple composition, a symbolic representation of redaction, simple abstract form"
竺,bamboo_cane,bamboo_cane,"64x64 pixel art, minimal style, 3-5 colors, no text, clean pixel edges, simple composition, a symbolic representation of bamboo_cane, simple abstract form"
箕,winnowing_fan,winnowing_fan,"64x64 pixel art, minimal style, 3-5 colors, no text, clean pixel edges, simple composition, a symbolic representation of winnowing_fan, simple abstract form"
笈,backpack,backpack,"64x64 pixel art, minimal style, 3-5 colors, no text, clean pixel edges, simple composition, a symbolic representation of backpack, simple abstract form"
篇,livraison,livraison,"64x64 pixel art, minimal style, 3-5 colors, no text, clean pixel edges, simple composition, a symbolic representation of livraison, simple abstract form"
筈,should,should,"64x64 pixel art, minimal style, 3-5 colors, no text, clean pixel edges, simple composition, a symbolic representation of should, simple abstract form"
簸,winnow,winnow,"64x64 pixel art, minimal style, 3-5 colors, no text, clean pixel edges, simple composition, a symbolic representation of winnow, simple abstract form"
粕,settlings,settlings,"64x64 pixel art, minimal style, 3-5 colors, no text, clean pixel edges, simple composition, a symbolic representation of settlings, simple abstract form"
糟,lees,lees,"64x64 pixel art, minimal style, 3-5 colors, no text, clean pixel edges, simple composition, a symbolic representation of lees, simple abstract form"
糊,paste,paste,"64x64 pixel art, minimal style, 3-5 colors, no text, clean pixel edges, simple composition, a symbolic representation of paste, simple abstract form"
籾,unhulled_rice,unhulled_rice,"64x64 pixel art, minimal style, 3-5 colors, no text, clean pixel edges, simple composition, a symbolic representation of unhulled_rice, simple abstract form"
糠,rice_bran,rice_bran,"64x64 pixel art, minimal style, 3-5 colors, no text, clean pixel edges, simple composition, a symbolic representation of rice_bran, simple abstract form"
糞,excrement,excrement,"64x64 pixel art, minimal style, 3-5 colors, no text, clean pixel edges, simple composition, a symbolic representation of excrement, simple abstract form"
粟,foxtail_millet,foxtail_millet,"64x64 pixel art, minimal style, 3-5 colors, no text, clean pixel edges, simple composition, a symbolic representation of foxtail_millet, simple abstract form"
繋,link_up,link_up,"64x64 pixel art, minimal style, 3-5 colors, no text, clean pixel edges, simple composition, a symbolic representation of link_up, simple abstract form"
綸,twine,twine,"64x64 pixel art, minimal style, 3-5 colors, no text, clean pixel edges, simple composition, a symbolic representation of twine, simple abstract form"
絨,carpet_yarn,carpet_yarn,"64x64 pixel art, minimal style, 3-5 colors, no text, clean pixel edges, simple composition, a symbolic representation of carpet_yarn, simple abstract form"
絆,ties,ties,"64x64 pixel art, minimal style, 3-5 colors, no text, clean pixel edges, simple composition, a symbolic representation of ties, simple abstract form"
緋,scarlet,scarlet,"64x64 pixel art, minimal style, 3-5 colors, no text, clean pixel edges, simple composition, a symbolic representation of scarlet, simple abstract form"
綜,synthesis,synthesis,"64x64 pixel art, minimal style, 3-5 colors, no text, clean pixel edges, simple composition, a symbolic representation of synthesis, simple abstract form"
紐,string,string,"64x64 pixel art, minimal style, 3-5 colors, no text, clean pixel edges, simple composition, a symbolic representation of string, simple abstract form"
紘,chinstrap,chinstrap,"64x64 pixel art, minimal style, 3-5 colors, no text, clean pixel edges, simple composition, a symbolic representation of chinstrap, simple abstract form"
纏,summarize,summarize,"64x64 pixel art, minimal style, 3-5 colors, no text, clean pixel edges, simple composition, a symbolic representation of summarize, simple abstract form"
絢,gorgeous,gorgeous,"64x64 pixel art, minimal style, 3-5 colors, no text, clean pixel edges, simple composition, a symbolic representation of gorgeous, simple abstract form"
繍,embroidery,embroidery,"64x64 pixel art, minimal style, 3-5 colors, no text, clean pixel edges, simple composition, a symbolic representation of embroidery, simple abstract form"
紬,pongee,pongee,"64x64 pixel art, minimal style, 3-5 colors, no text, clean pixel edges, simple composition, a symbolic representation of pongee, simple abstract form"
綺,ornate,ornate,"64x64 pixel art, minimal style, 3-5 colors, no text, clean pixel edges, simple composition, a symbolic representation of ornate, simple abstract form"
綾,twill_fabric,twill_fabric,"64x64 pixel art, minimal style, 3-5 colors, no text, clean pixel edges, simple composition, a symbolic representation of twill_fabric, simple abstract form"
絃,catgut,catgut,"64x64 pixel art, minimal style, 3-5 colors, no text, clean pixel edges, simple composition, a symbolic representation of catgut, simple abstract form"
縞,stripe,stripe,"64x64 pixel art, minimal style, 3-5 colors, no text, clean pixel edges, simple composition, a symbolic representation of stripe, simple abstract form"
綬,gimp,gimp,"64x64 pixel art, minimal style, 3-5 colors, no text, clean pixel edges, simple composition, a symbolic representation of gimp, simple abstract form"
紗,silk_gauze,silk_gauze,"64x64 pixel art, minimal style, 3-5 colors, no text, clean pixel edges, simple composition, a symbolic representation of silk_gauze, simple abstract form"
舵,rudder,rudder,"64x64 pixel art, minimal style, 3-5 colors, no text, clean pixel edges, simple composition, a symbolic representation of rudder, simple abstract form"
聯,strung_together,strung_together,"64x64 pixel art, minimal style, 3-5 colors, no text, clean pixel edges, simple composition, a symbolic representation of strung_together, simple abstract form"
聡,attentive,attentive,"64x64 pixel art, minimal style, 3-5 colors, no text, clean pixel edges, simple composition, a symbolic representation of attentive, simple abstract form"
聘,summons,summons,"64x64 pixel art, minimal style, 3-5 colors, no text, clean pixel edges, simple composition, a symbolic representation of summons, simple abstract form"
耽,addiction,addiction,"64x64 pixel art, minimal style, 3-5 colors, no text, clean pixel edges, simple composition, a symbolic representation of addiction, simple abstract form"
耶,exclamation,exclamation,"64x64 pixel art, minimal style, 3-5 colors, no text, clean pixel edges, simple composition, a symbolic representation of exclamation, simple abstract form"
蚤,flea,flea,"64x64 pixel art, minimal style, 3-5 colors, no text, clean pixel edges, simple composition, a symbolic representation of flea, simple abstract form"
蟹,crab,crab,"64x64 pixel art, minimal style, 3-5 colors, no text, clean pixel edges, simple composition, a symbolic representation of crab, simple abstract form"
蛋,protein,protein,"64x64 pixel art, minimal style, 3-5 colors, no text, clean pixel edges, simple composition, a symbolic representation of protein, simple abstract form"
蟄,hibernation,hibernation,"64x64 pixel art, minimal style, 3-5 colors, no text, clean pixel edges, simple composition, a symbolic representation of hibernation, simple abstract form"
蝿,housefly,housefly,"64x64 pixel art, minimal style, 3-5 colors, no text, clean pixel edges, simple composition, a symbolic representation of housefly, simple abstract form"
蟻,ant,ant,"64x64 pixel art, minimal style, 3-5 colors, no text, clean pixel edges, simple composition, a symbolic representation of ant, simple abstract form"
蝋,wax,wax,"64x64 pixel art, minimal style, 3-5 colors, no text, clean pixel edges, simple composition, a symbolic representation of wax, simple abstract form"
蝦,shrimp,shrimp,"64x64 pixel art, minimal style, 3-5 colors, no text, clean pixel edges, simple composition, a symbolic representation of shrimp, simple abstract form"
蛸,octopus,octopus,"64x64 pixel art, minimal style, 3-5 colors, no text, clean pixel edges, simple composition, a symbolic representation of octopus, simple abstract form"
螺,screw,screw,"64x64 pixel art, minimal style, 3-5 colors, no text, clean pixel edges, simple composition, a symbolic representation of screw, simple abstract form"
蝉,cicada,cicada,"64x64 pixel art, minimal style, 3-5 colors, no text, clean pixel edges, simple composition, a symbolic representation of cicada, simple abstract form"
蛙,frog,frog,"64x64 pixel art, minimal style, 3-5 colors, no text, clean pixel edges, simple composition, a symbolic representation of frog, simple abstract form"
蛾,moth,moth,"64x64 pixel art, minimal style, 3-5 colors, no text, clean pixel edges, simple composition, a symbolic representation of moth, simple abstract form"
蛤,clam,clam,"64x64 pixel art, minimal style, 3-5 colors, no text, clean pixel edges, simple composition, a symbolic representation of clam, simple abstract form"
蛭,leech,leech,"64x64 pixel art, minimal style, 3-5 colors, no text, clean pixel edges, simple composition, a symbolic representation of leech, simple abstract form"
蛎,oyster,oyster,"64x64 pixel art, minimal style, 3-5 colors, no text, clean pixel edges, simple composition, a symbolic representation of oyster, simple abstract form"
罫,ruled_lines,ruled_lines,"64x64 pixel art, minimal style, 3-5 colors, no text, clean pixel edges, simple composition, a symbolic representation of ruled_lines, simple abstract form"
袈,stole,stole,"64x64 pixel art, minimal style, 3-5 colors, no text, clean pixel edges, simple composition, a symbolic representation of stole, simple abstract form"
裟,monks_sash,monks_sash,"64x64 pixel art, minimal style, 3-5 colors, no text, clean pixel edges, simple composition, a symbolic representation of monks_sash, simple abstract form"
截,incision,incision,"64x64 pixel art, minimal style, 3-5 colors, no text, clean pixel edges, simple composition, a symbolic representation of incision, simple abstract form"
哉,alas,alas,"64x64 pixel art, minimal style, 3-5 colors, no text, clean pixel edges, simple composition, a symbolic representation of alas, simple abstract form"
詢,counsel,counsel,"64x64 pixel art, minimal style, 3-5 colors, no text, clean pixel edges, simple composition, a symbolic representation of counsel, simple abstract form"
諄,polite,polite,"64x64 pixel art, minimal style, 3-5 colors, no text, clean pixel edges, simple composition, a symbolic representation of polite, simple abstract form"
讐,vendetta,vendetta,"64x64 pixel art, minimal style, 3-5 colors, no text, clean pixel edges, simple composition, a symbolic representation of vendetta, simple abstract form"
諌,remonstrate,remonstrate,"64x64 pixel art, minimal style, 3-5 colors, no text, clean pixel edges, simple composition, a symbolic representation of remonstrate, simple abstract form"
諒,verify,verify,"64x64 pixel art, minimal style, 3-5 colors, no text, clean pixel edges, simple composition, a symbolic representation of verify, simple abstract form"
讃,compliment,compliment,"64x64 pixel art, minimal style, 3-5 colors, no text, clean pixel edges, simple composition, a symbolic representation of compliment, simple abstract form"
訊,query,query,"64x64 pixel art, minimal style, 3-5 colors, no text, clean pixel edges, simple composition, a symbolic representation of query, simple abstract form"
訣,split_up,split_up,"64x64 pixel art, minimal style, 3-5 colors, no text, clean pixel edges, simple composition, a symbolic representation of split_up, simple abstract form"
詫,apologize,apologize,"64x64 pixel art, minimal style, 3-5 colors, no text, clean pixel edges, simple composition, a symbolic representation of apologize, simple abstract form"
誼,familiarity,familiarity,"64x64 pixel art, minimal style, 3-5 colors, no text, clean pixel edges, simple composition, a symbolic representation of familiarity, simple abstract form"
謬,fallible,fallible,"64x64 pixel art, minimal style, 3-5 colors, no text, clean pixel edges, simple composition, a symbolic representation of fallible, simple abstract form"
訝,wary,wary,"64x64 pixel art, minimal style, 3-5 colors, no text, clean pixel edges, simple composition, a symbolic representation of wary, simple abstract form"
諺,proverb,proverb,"64x64 pixel art, minimal style, 3-5 colors, no text, clean pixel edges, simple composition, a symbolic representation of proverb, simple abstract form"
誹,slander,slander,"64x64 pixel art, minimal style, 3-5 colors, no text, clean pixel edges, simple composition, a symbolic representation of slander, simple abstract form"
謂,so_called,so_called,"64x64 pixel art, minimal style, 3-5 colors, no text, clean pixel edges, simple composition, a symbolic representation of so_called, simple abstract form"
諜,spying,spying,"64x64 pixel art, minimal style, 3-5 colors, no text, clean pixel edges, simple composition, a symbolic representation of spying, simple abstract form"
註,footnote,footnote,"64x64 pixel art, minimal style, 3-5 colors, no text, clean pixel edges, simple composition, a symbolic representation of footnote, simple abstract form"
譬,parable,parable,"64x64 pixel art, minimal style, 3-5 colors, no text, clean pixel edges, simple composition, a symbolic representation of parable, simple abstract form"
轟,rumble,rumble,"64x64 pixel art, minimal style, 3-5 colors, no text, clean pixel edges, simple composition, a symbolic representation of rumble, simple abstract form"
輔,reinforce,reinforce,"64x64 pixel art, minimal style, 3-5 colors, no text, clean pixel edges, simple composition, a symbolic representation of reinforce, simple abstract form"
輻,spoke,spoke,"64x64 pixel art, minimal style, 3-5 colors, no text, clean pixel edges, simple composition, a symbolic representation of spoke, simple abstract form"
輯,assemble,assemble,"64x64 pixel art, minimal style, 3-5 colors, no text, clean pixel edges, simple composition, a symbolic representation of assemble, simple abstract form"
豹,panther,panther,"64x64 pixel art, minimal style, 3-5 colors, no text, clean pixel edges, simple composition, a symbolic representation of panther, simple abstract form"
賎,despicable,despicable,"64x64 pixel art, minimal style, 3-5 colors, no text, clean pixel edges, simple composition, a symbolic representation of despicable, simple abstract form"
貰,get,get,"64x64 pixel art, minimal style, 3-5 colors, no text, clean pixel edges, simple composition, a symbolic representation of get, simple abstract form"
賑,bustling,bustling,"64x64 pixel art, minimal style, 3-5 colors, no text, clean pixel edges, simple composition, a symbolic representation of bustling, simple abstract form"
贖,expiate,expiate,"64x64 pixel art, minimal style, 3-5 colors, no text, clean pixel edges, simple composition, a symbolic representation of expiate, simple abstract form"
躓,stumble,stumble,"64x64 pixel art, minimal style, 3-5 colors, no text, clean pixel edges, simple composition, a symbolic representation of stumble, simple abstract form"
蹄,hoof,hoof,"64x64 pixel art, minimal style, 3-5 colors, no text, clean pixel edges, simple composition, a symbolic representation of hoof, simple abstract form"
蹟,vestiges,vestiges,"64x64 pixel art, minimal style, 3-5 colors, no text, clean pixel edges, simple composition, a symbolic representation of vestiges, simple abstract form"
跨,straddle,straddle,"64x64 pixel art, minimal style, 3-5 colors, no text, clean pixel edges, simple composition, a symbolic representation of straddle, simple abstract form"
跪,kneel,kneel,"64x64 pixel art, minimal style, 3-5 colors, no text, clean pixel edges, simple composition, a symbolic representation of kneel, simple abstract form"
醤,soy_sauce,soy_sauce,"64x64 pixel art, minimal style, 3-5 colors, no text, clean pixel edges, simple composition, a symbolic representation of soy_sauce, simple abstract form"
醍,whey,whey,"64x64 pixel art, minimal style, 3-5 colors, no text, clean pixel edges, simple composition, a symbolic representation of whey, simple abstract form"
醐,ghee,ghee,"64x64 pixel art, minimal style, 3-5 colors, no text, clean pixel edges, simple composition, a symbolic representation of ghee, simple abstract form"
醇,strong_sake,strong_sake,"64x64 pixel art, minimal style, 3-5 colors, no text, clean pixel edges, simple composition, a symbolic representation of strong_sake, simple abstract form"
麹,malt,malt,"64x64 pixel art, minimal style, 3-5 colors, no text, clean pixel edges, simple composition, a symbolic representation of malt, simple abstract form"
釦,button,button,"64x64 pixel art, minimal style, 3-5 colors, no text, clean pixel edges, simple composition, a symbolic representation of button, simple abstract form"
銚,keg,keg,"64x64 pixel art, minimal style, 3-5 colors, no text, clean pixel edges, simple composition, a symbolic representation of keg, simple abstract form"
鋤,plow,plow,"64x64 pixel art, minimal style, 3-5 colors, no text, clean pixel edges, simple composition, a symbolic representation of plow, simple abstract form"
鋸,hand_saw,hand_saw,"64x64 pixel art, minimal style, 3-5 colors, no text, clean pixel edges, simple composition, a symbolic representation of hand_saw, simple abstract form"
錐,awl,awl,"64x64 pixel art, minimal style, 3-5 colors, no text, clean pixel edges, simple composition, a symbolic representation of awl, simple abstract form"
鍬,hoe,hoe,"64x64 pixel art, minimal style, 3-5 colors, no text, clean pixel edges, simple composition, a symbolic representation of hoe, simple abstract form"
鋲,rivet,rivet,"64x64 pixel art, minimal style, 3-5 colors, no text, clean pixel edges, simple composition, a symbolic representation of rivet, simple abstract form"
錫,tin,tin,"64x64 pixel art, minimal style, 3-5 colors, no text, clean pixel edges, simple composition, a symbolic representation of tin, simple abstract form"
錨,anchor,anchor,"64x64 pixel art, minimal style, 3-5 colors, no text, clean pixel edges, simple composition, a symbolic representation of anchor, simple abstract form"
釘,nail,nail,"64x64 pixel art, minimal style, 3-5 colors, no text, clean pixel edges, simple composition, a symbolic representation of nail, simple abstract form"
鑓,javelin,javelin,"64x64 pixel art, minimal style, 3-5 colors, no text, clean pixel edges, simple composition, a symbolic representation of javelin, simple abstract form"
鋒,swords_point,swords_point,"64x64 pixel art, minimal style, 3-5 colors, no text, clean pixel edges, simple composition, a symbolic representation of swords_point, simple abstract form"
鎚,iron_hammer,iron_hammer,"64x64 pixel art, minimal style, 3-5 colors, no text, clean pixel edges, simple composition, a symbolic representation of iron_hammer, simple abstract form"
鉦,carillion,carillion,"64x64 pixel art, minimal style, 3-5 colors, no text, clean pixel edges, simple composition, a symbolic representation of carillion, simple abstract form"
錆,rust,rust,"64x64 pixel art, minimal style, 3-5 colors, no text, clean pixel edges, simple composition, a symbolic representation of rust, simple abstract form"
鍾,cluster,cluster,"64x64 pixel art, minimal style, 3-5 colors, no text, clean pixel edges, simple composition, a symbolic representation of cluster, simple abstract form"
鋏,scissors,scissors,"64x64 pixel art, minimal style, 3-5 colors, no text, clean pixel edges, simple composition, a symbolic representation of scissors, simple abstract form"
閃,flash,flash,"64x64 pixel art, minimal style, 3-5 colors, no text, clean pixel edges, simple composition, a symbolic representation of flash, simple abstract form"
悶,agony,agony,"64x64 pixel art, minimal style, 3-5 colors, no text, clean pixel edges, simple composition, a symbolic representation of agony, simple abstract form"
閤,side_gate,side_gate,"64x64 pixel art, minimal style, 3-5 colors, no text, clean pixel edges, simple composition, a symbolic representation of side_gate, simple abstract form"
雫,trickle,trickle,"64x64 pixel art, minimal style, 3-5 colors, no text, clean pixel edges, simple composition, a symbolic representation of trickle, simple abstract form"
霞,haze,haze,"64x64 pixel art, minimal style, 3-5 colors, no text, clean pixel edges, simple composition, a symbolic representation of haze, simple abstract form"
翰,quill,quill,"64x64 pixel art, minimal style, 3-5 colors, no text, clean pixel edges, simple composition, a symbolic representation of quill, simple abstract form"
斡,auspices,auspices,"64x64 pixel art, minimal style, 3-5 colors, no text, clean pixel edges, simple composition, a symbolic representation of auspices, simple abstract form"
鞍,saddle,saddle,"64x64 pixel art, minimal style, 3-5 colors, no text, clean pixel edges, simple composition, a symbolic representation of saddle, simple abstract form"
鞭,whip,whip,"64x64 pixel art, minimal style, 3-5 colors, no text, clean pixel edges, simple composition, a symbolic representation of whip, simple abstract form"
鞘,saddle_straps,saddle_straps,"64x64 pixel art, minimal style, 3-5 colors, no text, clean pixel edges, simple composition, a symbolic representation of saddle_straps, simple abstract form"
鞄,briefcase,briefcase,"64x64 pixel art, minimal style, 3-5 colors, no text, clean pixel edges, simple composition, a symbolic representation of briefcase, simple abstract form"
靭,pliable,pliable,"64x64 pixel art, minimal style, 3-5 colors, no text, clean pixel edges, simple composition, a symbolic representation of pliable, simple abstract form"
鞠,terminate,terminate,"64x64 pixel art, minimal style, 3-5 colors, no text, clean pixel edges, simple composition, a symbolic representation of terminate, simple abstract form"
顛,overturn,overturn,"64x64 pixel art, minimal style, 3-5 colors, no text, clean pixel edges, simple composition, a symbolic representation of overturn, simple abstract form"
穎,brush_tip,brush_tip,"64x64 pixel art, minimal style, 3-5 colors, no text, clean pixel edges, simple composition, a symbolic representation of brush_tip, simple abstract form"
頗,exceedingly,exceedingly,"64x64 pixel art, minimal style, 3-5 colors, no text, clean pixel edges, simple composition, a symbolic representation of exceedingly, simple abstract form"
頌,accolade,accolade,"64x64 pixel art, minimal style, 3-5 colors, no text, clean pixel edges, simple composition, a symbolic representation of accolade, simple abstract form"
頚,cervical,cervical,"64x64 pixel art, minimal style, 3-5 colors, no text, clean pixel edges, simple composition, a symbolic representation of cervical, simple abstract form"
餐,repast,repast,"64x64 pixel art, minimal style, 3-5 colors, no text, clean pixel edges, simple composition, a symbolic representation of repast, simple abstract form"
饗,feast,feast,"64x64 pixel art, minimal style, 3-5 colors, no text, clean pixel edges, simple composition, a symbolic representation of feast, simple abstract form"
蝕,eclipse,eclipse,"64x64 pixel art, minimal style, 3-5 colors, no text, clean pixel edges, simple composition, a symbolic representation of eclipse, simple abstract form"
飴,sweets,sweets,"64x64 pixel art, minimal style, 3-5 colors, no text, clean pixel edges, simple composition, a symbolic representation of sweets, simple abstract form"
駕,stretcher,stretcher,"64x64 pixel art, minimal style, 3-5 colors, no text, clean pixel edges, simple composition, a symbolic representation of stretcher, simple abstract form"
騨,dappled_horse,dappled_horse,"64x64 pixel art, minimal style, 3-5 colors, no text, clean pixel edges, simple composition, a symbolic representation of dappled_horse, simple abstract form"
馳,rush,rush,"64x64 pixel art, minimal style, 3-5 colors, no text, clean pixel edges, simple composition, a symbolic representation of rush, simple abstract form"
騙,cheat,cheat,"64x64 pixel art, minimal style, 3-5 colors, no text, clean pixel edges, simple composition, a symbolic representation of cheat, simple abstract form"
馴,tame,tame,"64x64 pixel art, minimal style, 3-5 colors, no text, clean pixel edges, simple composition, a symbolic representation of tame, simple abstract form"
駁,rebuttal,rebuttal,"64x64 pixel art, minimal style, 3-5 colors, no text, clean pixel edges, simple composition, a symbolic representation of rebuttal, simple abstract form"
駈,gallop,gallop,"64x64 pixel art, minimal style, 3-5 colors, no text, clean pixel edges, simple composition, a symbolic representation of gallop, simple abstract form"
驢,donkey,donkey,"64x64 pixel art, minimal style, 3-5 colors, no text, clean pixel edges, simple composition, a symbolic representation of donkey, simple abstract form"
鰻,eel,eel,"64x64 pixel art, minimal style, 3-5 colors, no text, clean pixel edges, simple composition, a symbolic representation of eel, simple abstract form"
鯛,sea_bream,sea_bream,"64x64 pixel art, minimal style, 3-5 colors, no text, clean pixel edges, simple composition, a symbolic representation of sea_bream, simple abstract form"
鰯,sardine,sardine,"64x64 pixel art, minimal style, 3-5 colors, no text, clean pixel edges, simple composition, a symbolic representation of sardine, simple abstract form"
鱒,trout,trout,"64x64 pixel art, minimal style, 3-5 colors, no text, clean pixel edges, simple composition, a symbolic representation of trout, simple abstract form"
鮭,salmon,salmon,"64x64 pixel art, minimal style, 3-5 colors, no text, clean pixel edges, simple composition, a symbolic representation of salmon, simple abstract form"
鮪,tuna,tuna,"64x64 pixel art, minimal style, 3-5 colors, no text, clean pixel edges, simple composition, a symbolic representation of tuna, simple abstract form"
鮎,smelt,smelt,"64x64 pixel art, minimal style, 3-5 colors, no text, clean pixel edges, simple composition, a symbolic representation of smelt, simple abstract form"
鯵,horse_mackeral,horse_mackeral,"64x64 pixel art, minimal style, 3-5 colors, no text, clean pixel edges, simple composition, a symbolic representation of horse_mackeral, simple abstract form"
鱈,cod,cod,"64x64 pixel art, minimal style, 3-5 colors, no text, clean pixel edges, simple composition, a symbolic representation of cod, simple abstract form"
鯖,mackerel,mackerel,"64x64 pixel art, minimal style, 3-5 colors, no text, clean pixel edges, simple composition, a symbolic representation of mackerel, simple abstract form"
鮫,shark,shark,"64x64 pixel art, minimal style, 3-5 colors, no text, clean pixel edges, simple composition, a symbolic representation of shark, simple abstract form"
鰹,bonito,bonito,"64x64 pixel art, minimal style, 3-5 colors, no text, clean pixel edges, simple composition, a symbolic representation of bonito, simple abstract form"
鰍,bullhead,bullhead,"64x64 pixel art, minimal style, 3-5 colors, no text, clean pixel edges, simple composition, a symbolic representation of bullhead, simple abstract form"
鰐,alligator,alligator,"64x64 pixel art, minimal style, 3-5 colors, no text, clean pixel edges, simple composition, a symbolic representation of alligator, simple abstract form"
鮒,crucian,crucian,"64x64 pixel art, minimal style, 3-5 colors, no text, clean pixel edges, simple composition, a symbolic representation of crucian, simple abstract form"
鮨,sushi,sushi,"64x64 pixel art, minimal style, 3-5 colors, no text, clean pixel edges, simple composition, a symbolic representation of sushi, simple abstract form"
鰭,fish_fin,fish_fin,"64x64 pixel art, minimal style, 3-5 colors, no text, clean pixel edges, simple composition, a symbolic representation of fish_fin, simple abstract form"
鴎,seagull,seagull,"64x64 pixel art, minimal style, 3-5 colors, no text, clean pixel edges, simple composition, a symbolic representation of seagull, simple abstract form"
鵬,roc,roc,"64x64 pixel art, minimal style, 3-5 colors, no text, clean pixel edges, simple composition, a symbolic representation of roc, simple abstract form"
鸚,parakeet,parakeet,"64x64 pixel art, minimal style, 3-5 colors, no text, clean pixel edges, simple composition, a symbolic representation of parakeet, simple abstract form"
鵡,parrot,parrot,"64x64 pixel art, minimal style, 3-5 colors, no text, clean pixel edges, simple composition, a symbolic representation of parrot, simple abstract form"
鵜,cormorant,cormorant,"64x64 pixel art, minimal style, 3-5 colors, no text, clean pixel edges, simple composition, a symbolic representation of cormorant, simple abstract form"
鷺,heron,heron,"64x64 pixel art, minimal style, 3-5 colors, no text, clean pixel edges, simple composition, a symbolic representation of heron, simple abstract form"
鷲,eagle,eagle,"64x64 pixel art, minimal style, 3-5 colors, no text, clean pixel edges, simple composition, a symbolic representation of eagle, simple abstract form"
鴨,wild_duck,wild_duck,"64x64 pixel art, minimal style, 3-5 colors, no text, clean pixel edges, simple composition, a symbolic representation of wild_duck, simple abstract form"
鳶,black_kite,black_kite,"64x64 pixel art, minimal style, 3-5 colors, no text, clean pixel edges, simple composition, a symbolic representation of black_kite, simple abstract form"
梟,owl,owl,"64x64 pixel art, minimal style, 3-5 colors, no text, clean pixel edges, simple composition, a symbolic representation of owl, simple abstract form"
塵,dust,dust,"64x64 pixel art, minimal style, 3-5 colors, no text, clean pixel edges, simple composition, a symbolic representation of dust, simple abstract form"
麒,giraffe,giraffe,"64x64 pixel art, minimal style, 3-5 colors, no text, clean pixel edges, simple composition, a symbolic representation of giraffe, simple abstract form"
舅,fatherinlaw,fatherinlaw,"64x64 pixel art, minimal style, 3-5 colors, no text, clean pixel edges, simple composition, a symbolic representation of fatherinlaw, simple abstract form"
鼠,mouse,mouse,"64x64 pixel art, minimal style, 3-5 colors, no text, clean pixel edges, simple composition, a symbolic representation of mouse, simple abstract form"
鑿,bore,bore,"64x64 pixel art, minimal style, 3-5 colors, no text, clean pixel edges, simple composition, a symbolic representation of bore, simple abstract form"
艘,small_craft,small_craft,"64x64 pixel art, minimal style, 3-5 colors, no text, clean pixel edges, simple composition, a symbolic representation of small_craft, simple abstract form"
瞑,close_eyes,close_eyes,"64x64 pixel art, minimal style, 3-5 colors, no text, clean pixel edges, simple composition, a symbolic representation of close_eyes, simple abstract form"
暝,murky,murky,"64x64 pixel art, minimal style, 3-5 colors, no text, clean pixel edges, simple composition, a symbolic representation of murky, simple abstract form"
坐,sitting,sitting,"64x64 pixel art, minimal style, 3-5 colors, no text, clean pixel edges, simple composition, a symbolic representation of sitting, simple abstract form"
朔,first_day,first_day,"64x64 pixel art, minimal style, 3-5 colors, no text, clean pixel edges, simple composition, a symbolic representation of first_day, simple abstract form"
曳,tow,tow,"64x64 pixel art, minimal style, 3-5 colors, no text, clean pixel edges, simple composition, a symbolic representation of tow, simple abstract form"
洩,dribble_out,dribble_out,"64x64 pixel art, minimal style, 3-5 colors, no text, clean pixel edges, simple composition, a symbolic representation of dribble_out, simple abstract form"
彗,comet,comet,"64x64 pixel art, minimal style, 3-5 colors, no text, clean pixel edges, simple composition, a symbolic representation of comet, simple abstract form"
慧,astute,astute,"64x64 pixel art, minimal style, 3-5 colors, no text, clean pixel edges, simple composition, a symbolic representation of astute, simple abstract form"
爾,thou,thou,"64x64 pixel art, minimal style, 3-5 colors, no text, clean pixel edges, simple composition, a symbolic representation of thou, simple abstract form"
嘉,applaud,applaud,"64x64 pixel art, minimal style, 3-5 colors, no text, clean pixel edges, simple composition, a symbolic representation of applaud, simple abstract form"
兇,evil,evil,"64x64 pixel art, minimal style, 3-5 colors, no text, clean pixel edges, simple composition, a symbolic representation of evil, simple abstract form"
兜,helmet,helmet,"64x64 pixel art, minimal style, 3-5 colors, no text, clean pixel edges, simple composition, a symbolic representation of helmet, simple abstract form"
靄,mist,mist,"64x64 pixel art, minimal style, 3-5 colors, no text, clean pixel edges, simple composition, a symbolic representation of mist, simple abstract form"
劫,kalpa,kalpa,"64x64 pixel art, minimal style, 3-5 colors, no text, clean pixel edges, simple composition, a symbolic representation of kalpa, simple abstract form"
歎,bemoan,bemoan,"64x64 pixel art, minimal style, 3-5 colors, no text, clean pixel edges, simple composition, a symbolic representation of bemoan, simple abstract form"
輿,palanquin,palanquin,"64x64 pixel art, minimal style, 3-5 colors, no text, clean pixel edges, simple composition, a symbolic representation of palanquin, simple abstract form"
歪,warped,warped,"64x64 pixel art, minimal style, 3-5 colors, no text, clean pixel edges, simple composition, a symbolic representation of warped, simple abstract form"
翠,jade_green,jade_green,"64x64 pixel art, minimal style, 3-5 colors, no text, clean pixel edges, simple composition, a symbolic representation of jade_green, simple abstract form"
黛,blue_black,blue_black,"64x64 pixel art, minimal style, 3-5 colors, no text, clean pixel edges, simple composition, a symbolic representation of blue_black, simple abstract form"
鼎,tripod,tripod,"64x64 pixel art, minimal style, 3-5 colors, no text, clean pixel edges, simple composition, a symbolic representation of tripod, simple abstract form"
鹵,rocksalt,rocksalt,"64x64 pixel art, minimal style, 3-5 colors, no text, clean pixel edges, simple composition, a symbolic representation of rocksalt, simple abstract form"
鹸,lye,lye,"64x64 pixel art, minimal style, 3-5 colors, no text, clean pixel edges, simple composition, a symbolic representation of lye, simple abstract form"
虔,reserved,reserved,"64x64 pixel art, minimal style, 3-5 colors, no text, clean pixel edges, simple composition, a symbolic representation of reserved, simple abstract form"
燕,swallow,swallow,"64x64 pixel art, minimal style, 3-5 colors, no text, clean pixel edges, simple composition, a symbolic representation of swallow, simple abstract form"
嘗,lick,lick,"64x64 pixel art, minimal style, 3-5 colors, no text, clean pixel edges, simple composition, a symbolic representation of lick, simple abstract form"
殆,almost,almost,"64x64 pixel art, minimal style, 3-5 colors, no text, clean pixel edges, simple composition, a symbolic representation of almost, simple abstract form"
牌,mahjong_tiles,mahjong_tiles,"64x64 pixel art, minimal style, 3-5 colors, no text, clean pixel edges, simple composition, a symbolic representation of mahjong_tiles, simple abstract form"
覗,peek,peek,"64x64 pixel art, minimal style, 3-5 colors, no text, clean pixel edges, simple composition, a symbolic representation of peek, simple abstract form"
齟,disagree,disagree,"64x64 pixel art, minimal style, 3-5 colors, no text, clean pixel edges, simple composition, a symbolic representation of disagree, simple abstract form"
齬,discord,discord,"64x64 pixel art, minimal style, 3-5 colors, no text, clean pixel edges, simple composition, a symbolic representation of discord, simple abstract form"
秦,manchu_dynasty,manchu_dynasty,"64x64 pixel art, minimal style, 3-5 colors, no text, clean pixel edges, simple composition, a symbolic representation of manchu_dynasty, simple abstract form"
雀,sparrow,sparrow,"64x64 pixel art, minimal style, 3-5 colors, no text, clean pixel edges, simple composition, a symbolic representation of sparrow, simple abstract form"
隼,peregrine_falcon,peregrine_falcon,"64x64 pixel art, minimal style, 3-5 colors, no text, clean pixel edges, simple composition, a symbolic representation of peregrine_falcon, simple abstract form"
耀,shimmering,shimmering,"64x64 pixel art, minimal style, 3-5 colors, no text, clean pixel edges, simple composition, a symbolic representation of shimmering, simple abstract form"
夷,ebisu,ebisu,"64x64 pixel art, minimal style, 3-5 colors, no text, clean pixel edges, simple composition, a symbolic representation of ebisu, simple abstract form"
嚢,cyst,cyst,"64x64 pixel art, minimal style, 3-5 colors, no text, clean pixel edges, simple composition, a symbolic representation of cyst, simple abstract form"
暢,carefree,carefree,"64x64 pixel art, minimal style, 3-5 colors, no text, clean pixel edges, simple composition, a symbolic representation of carefree, simple abstract form"
廻,circling,circling,"64x64 pixel art, minimal style, 3-5 colors, no text, clean pixel edges, simple composition, a symbolic representation of circling, simple abstract form"
欣,elation,elation,"64x64 pixel art, minimal style, 3-5 colors, no text, clean pixel edges, simple composition, a symbolic representation of elation, simple abstract form"
毅,stalwart,stalwart,"64x64 pixel art, minimal style, 3-5 colors, no text, clean pixel edges, simple composition, a symbolic representation of stalwart, simple abstract form"
斯,thus,thus,"64x64 pixel art, minimal style, 3-5 colors, no text, clean pixel edges, simple composition, a symbolic representation of thus, simple abstract form"
匙,wooden_spoon,wooden_spoon,"64x64 pixel art, minimal style, 3-5 colors, no text, clean pixel edges, simple composition, a symbolic representation of wooden_spoon, simple abstract form"
匡,set_straight,set_straight,"64x64 pixel art, minimal style, 3-5 colors, no text, clean pixel edges, simple composition, a symbolic representation of set_straight, simple abstract form"
肇,founding,founding,"64x64 pixel art, minimal style, 3-5 colors, no text, clean pixel edges, simple composition, a symbolic representation of founding, simple abstract form"
麿,utamaro,utamaro,"64x64 pixel art, minimal style, 3-5 colors, no text, clean pixel edges, simple composition, a symbolic representation of utamaro, simple abstract form"
叢,conglomerate,conglomerate,"64x64 pixel art, minimal style, 3-5 colors, no text, clean pixel edges, simple composition, a symbolic representation of conglomerate, simple abstract form"
肴,entreat,entreat,"64x64 pixel art, minimal style, 3-5 colors, no text, clean pixel edges, simple composition, a symbolic representation of entreat, simple abstract form"
斐,symmetrical,symmetrical,"64x64 pixel art, minimal style, 3-5 colors, no text, clean pixel edges, simple composition, a symbolic representation of symmetrical, simple abstract form"
卿,magistrate,magistrate,"64x64 pixel art, minimal style, 3-5 colors, no text, clean pixel edges, simple composition, a symbolic representation of magistrate, simple abstract form"
翫,fiddle,fiddle,"64x64 pixel art, minimal style, 3-5 colors, no text, clean pixel edges, simple composition, a symbolic representation of fiddle, simple abstract form"
於,within,within,"64x64 pixel art, minimal style, 3-5 colors, no text, clean pixel edges, simple composition, a symbolic representation of within, simple abstract form"
套,hackneyed,hackneyed,"64x64 pixel art, minimal style, 3-5 colors, no text, clean pixel edges, simple composition, a symbolic representation of hackneyed, simple abstract form"
叛,rebellion,rebellion,"64x64 pixel art, minimal style, 3-5 colors, no text, clean pixel edges, simple composition, a symbolic representation of rebellion, simple abstract form"
尖,sharp_point,sharp_point,"64x64 pixel art, minimal style, 3-5 colors, no text, clean pixel edges, simple composition, a symbolic representation of sharp_point, simple abstract form"
壷,crock,crock,"64x64 pixel art, minimal style, 3-5 colors, no text, clean pixel edges, simple composition, a symbolic representation of crock, simple abstract form"
叡,sapience,sapience,"64x64 pixel art, minimal style, 3-5 colors, no text, clean pixel edges, simple composition, a symbolic representation of sapience, simple abstract form"
酋,chieftain,chieftain,"64x64 pixel art, minimal style, 3-5 colors, no text, clean pixel edges, simple composition, a symbolic representation of chieftain, simple abstract form"
鴬,nightingale,nightingale,"64x64 pixel art, minimal style, 3-5 colors, no text, clean pixel edges, simple composition, a symbolic representation of nightingale, simple abstract form"
赫,incandescent,incandescent,"64x64 pixel art, minimal style, 3-5 colors, no text, clean pixel edges, simple composition, a symbolic representation of incandescent, simple abstract form"
臥,supinate,supinate,"64x64 pixel art, minimal style, 3-5 colors, no text, clean pixel edges, simple composition, a symbolic representation of supinate, simple abstract form"
甥,nephew,nephew,"64x64 pixel art, minimal style, 3-5 colors, no text, clean pixel edges, simple composition, a symbolic representation of nephew, simple abstract form"
瓢,gourd,gourd,"64x64 pixel art, minimal style, 3-5 colors, no text, clean pixel edges, simple composition, a symbolic representation of gourd, simple abstract form"
琵,biwa,biwa,"64x64 pixel art, minimal style, 3-5 colors, no text, clean pixel edges, simple composition, a symbolic representation of biwa, simple abstract form"
琶,lute,lute,"64x64 pixel art, minimal style, 3-5 colors, no text, clean pixel edges, simple composition, a symbolic representation of lute, simple abstract form"
叉,forked,forked,"64x64 pixel art, minimal style, 3-5 colors, no text, clean pixel edges, simple composition, a symbolic representation of forked, simple abstract form"
乖,disobey,disobey,"64x64 pixel art, minimal style, 3-5 colors, no text, clean pixel edges, simple composition, a symbolic representation of disobey, simple abstract form"
畠,dry_field,dry_field,"64x64 pixel art, minimal style, 3-5 colors, no text, clean pixel edges, simple composition, a symbolic representation of dry_field, simple abstract form"
圃,vegetable_patch,vegetable_patch,"64x64 pixel art, minimal style, 3-5 colors, no text, clean pixel edges, simple composition, a symbolic representation of vegetable_patch, simple abstract form"
丞,helping_hand,helping_hand,"64x64 pixel art, minimal style, 3-5 colors, no text, clean pixel edges, simple composition, a symbolic representation of helping_hand, simple abstract form"
亮,translucent,translucent,"64x64 pixel art, minimal style, 3-5 colors, no text, clean pixel edges, simple composition, a symbolic representation of translucent, simple abstract form"
胤,blood_relative,blood_relative,"64x64 pixel art, minimal style, 3-5 colors, no text, clean pixel edges, simple composition, a symbolic representation of blood_relative, simple abstract form"
疏,transcription,transcription,"64x64 pixel art, minimal style, 3-5 colors, no text, clean pixel edges, simple composition, a symbolic representation of transcription, simple abstract form"
膏,ointment,ointment,"64x64 pixel art, minimal style, 3-5 colors, no text, clean pixel edges, simple composition, a symbolic representation of ointment, simple abstract form"
魁,pioneer,pioneer,"64x64 pixel art, minimal style, 3-5 colors, no text, clean pixel edges, simple composition, a symbolic representation of pioneer, simple abstract form"
馨,ambrosial,ambrosial,"64x64 pixel art, minimal style, 3-5 colors, no text, clean pixel edges, simple composition, a symbolic representation of ambrosial, simple abstract form"
牒,label,label,"64x64 pixel art, minimal style, 3-5 colors, no text, clean pixel edges, simple composition, a symbolic representation of label, simple abstract form"
瞥,glimpse,glimpse,"64x64 pixel art, minimal style, 3-5 colors, no text, clean pixel edges, simple composition, a symbolic representation of glimpse, simple abstract form"
睾,testicle,testicle,"64x64 pixel art, minimal style, 3-5 colors, no text, clean pixel edges, simple composition, a symbolic representation of testicle, simple abstract form"
巫,sorceress,sorceress,"64x64 pixel art, minimal style, 3-5 colors, no text, clean pixel edges, simple composition, a symbolic representation of sorceress, simple abstract form"
敦,empathetic,empathetic,"64x64 pixel art, minimal style, 3-5 colors, no text, clean pixel edges, simple composition, a symbolic representation of empathetic, simple abstract form"
奎,andromeda,andromeda,"64x64 pixel art, minimal style, 3-5 colors, no text, clean pixel edges, simple composition, a symbolic representation of andromeda, simple abstract form"
翔,soar,soar,"64x64 pixel art, minimal style, 3-5 colors, no text, clean pixel edges, simple composition, a symbolic representation of soar, simple abstract form"
皓,beaming,beaming,"64x64 pixel art, minimal style, 3-5 colors, no text, clean pixel edges, simple composition, a symbolic representation of beaming, simple abstract form"
黎,tenebrous,tenebrous,"64x64 pixel art, minimal style, 3-5 colors, no text, clean pixel edges, simple composition, a symbolic representation of tenebrous, simple abstract form"
赳,bold,bold,"64x64 pixel art, minimal style, 3-5 colors, no text, clean pixel edges, simple composition, a symbolic representation of bold, simple abstract form"
已,stop_short,stop_short,"64x64 pixel art, minimal style, 3-5 colors, no text, clean pixel edges, simple composition, a symbolic representation of stop_short, simple abstract form"
棘,thornbush,thornbush,"64x64 pixel art, minimal style, 3-5 colors, no text, clean pixel edges, simple composition, a symbolic representation of thornbush, simple abstract form"
祟,haunt,haunt,"64x64 pixel art, minimal style, 3-5 colors, no text, clean pixel edges, simple composition, a symbolic representation of haunt, simple abstract form"
甦,resuscitate,resuscitate,"64x64 pixel art, minimal style, 3-5 colors, no text, clean pixel edges, simple composition, a symbolic representation of resuscitate, simple abstract form"
剪,pruning,pruning,"64x64 pixel art, minimal style, 3-5 colors, no text, clean pixel edges, simple composition, a symbolic representation of pruning, simple abstract form"
躾,upbringing,upbringing,"64x64 pixel art, minimal style, 3-5 colors, no text, clean pixel edges, simple composition, a symbolic representation of upbringing, simple abstract form"
夥,plentiful,plentiful,"64x64 pixel art, minimal style, 3-5 colors, no text, clean pixel edges, simple composition, a symbolic representation of plentiful, simple abstract form"
鼾,snore,snore,"64x64 pixel art, minimal style, 3-5 colors, no text, clean pixel edges, simple composition, a symbolic representation of snore, simple abstract form"
陀,steeply_inclined,steeply_inclined,"64x64 pixel art, minimal style, 3-5 colors, no text, clean pixel edges, simple composition, a symbolic representation of steeply_inclined, simple abstract form"
粁,kilometer,kilometer,"64x64 pixel art, minimal style, 3-5 colors, no text, clean pixel edges, simple composition, a symbolic representation of kilometer, simple abstract form"
糎,centimeter,centimeter,"64x64 pixel art, minimal style, 3-5 colors, no text, clean pixel edges, simple composition, a symbolic representation of centimeter, simple abstract form"
粍,millimeter,millimeter,"64x64 pixel art, minimal style, 3-5 colors, no text, clean pixel edges, simple composition, a symbolic representation of millimeter, simple abstract form"
噸,ton,ton,"64x64 pixel art, minimal style, 3-5 colors, no text, clean pixel edges, simple composition, a symbolic representation of ton, simple abstract form"
哩,mile,mile,"64x64 pixel art, minimal style, 3-5 colors, no text, clean pixel edges, simple composition, a symbolic representation of mile, simple abstract form"
浬,nautical_mile,nautical_mile,"64x64 pixel art, minimal style, 3-5 colors, no text, clean pixel edges, simple composition, a symbolic representation of nautical_mile, simple abstract form"
吋,inch,inch,"64x64 pixel art, minimal style, 3-5 colors, no text, clean pixel edges, simple composition, a symbolic representation of inch, simple abstract form"
呎,foot,foot,"64x64 pixel art, minimal style, 3-5 colors, no text, clean pixel edges, simple composition, a symbolic representation of foot, simple abstract form"
梵,brahman,brahman,"64x64 pixel art, minimal style, 3-5 colors, no text, clean pixel edges, simple composition, a symbolic representation of brahman, simple abstract form"
薩,bodhisattva,bodhisattva,"64x64 pixel art, minimal style, 3-5 colors, no text, clean pixel edges, simple composition, a symbolic representation of bodhisattva, simple abstract form"
菩,bo_tree,bo_tree,"64x64 pixel art, minimal style, 3-5 colors, no text, clean pixel edges, simple composition, a symbolic representation of bo_tree, simple abstract form"
唖,babble,babble,"64x64 pixel art, minimal style, 3-5 colors, no text, clean pixel edges, simple composition, a symbolic representation of babble, simple abstract form"
牟,low,low,"64x64 pixel art, minimal style, 3-5 colors, no text, clean pixel edges, simple composition, a symbolic representation of low, simple abstract form"
迦,sanskrit_ka,sanskrit_ka,"64x64 pixel art, minimal style, 3-5 colors, no text, clean pixel edges, simple composition, a symbolic representation of sanskrit_ka, simple abstract form"
珈,jeweled_hairpin,jeweled_hairpin,"64x64 pixel art, minimal style, 3-5 colors, no text, clean pixel edges, simple composition, a symbolic representation of jeweled_hairpin, simple abstract form"
琲,beaded_hairpin,beaded_hairpin,"64x64 pixel art, minimal style, 3-5 colors, no text, clean pixel edges, simple composition, a symbolic representation of beaded_hairpin, simple abstract form"
檜,hinoki,hinoki,"64x64 pixel art, minimal style, 3-5 colors, no text, clean pixel edges, simple composition, a symbolic representation of hinoki, simple abstract form"
轡,tinkling_bell,tinkling_bell,"64x64 pixel art, minimal style, 3-5 colors, no text, clean pixel edges, simple composition, a symbolic representation of tinkling_bell, simple abstract form"
淵,abyss,abyss,"64x64 pixel art, minimal style, 3-5 colors, no text, clean pixel edges, simple composition, a symbolic representation of abyss, simple abstract form"
伍,formal_five,formal_five,"64x64 pixel art, minimal style, 3-5 colors, no text, clean pixel edges, simple composition, a symbolic representation of formal_five, simple abstract form"
什,formal_ten,formal_ten,"64x64 pixel art, minimal style, 3-5 colors, no text, clean pixel edges, simple composition, a symbolic representation of formal_ten, simple abstract form"
萬,ten_thousand_old,ten_thousand_old,"64x64 pixel art, minimal style, 3-5 colors, no text, clean pixel edges, simple composition, a symbolic representation of ten_thousand_old, simple abstract form"
邁,push_forward,push_forward,"64x64 pixel art, minimal style, 3-5 colors, no text, clean pixel edges, simple composition, a symbolic representation of push_forward, simple abstract form"
燭,candlelight,candlelight,"64x64 pixel art, minimal style, 3-5 colors, no text, clean pixel edges, simple composition, a symbolic representation of candlelight, simple abstract form"
逞,tough,tough,"64x64 pixel art, minimal style, 3-5 colors, no text, clean pixel edges, simple composition, a symbolic representation of tough, simple abstract form"
燈,lamp_old,lamp_old,"64x64 pixel art, minimal style, 3-5 colors, no text, clean pixel edges, simple composition, a symbolic representation of lamp_old, simple abstract form"
裡,back_old,back_old,"64x64 pixel art, minimal style, 3-5 colors, no text, clean pixel edges, simple composition, a symbolic representation of back_old, simple abstract form"
薗,garden_name,garden_name,"64x64 pixel art, minimal style, 3-5 colors, no text, clean pixel edges, simple composition, a symbolic representation of garden_name, simple abstract form"
鋪,shop_variant,shop_variant,"64x64 pixel art, minimal style, 3-5 colors, no text, clean pixel edges, simple composition, a symbolic representation of shop_variant, simple abstract form"
嶋,island_variant,island_variant,"64x64 pixel art, minimal style, 3-5 colors, no text, clean pixel edges, simple composition, a symbolic representation of island_variant, simple abstract form"
峯,summit_variant,summit_variant,"64x64 pixel art, minimal style, 3-5 colors, no text, clean pixel edges, simple composition, a symbolic representation of summit_variant, simple abstract form"
埜,plains_variant,plains_variant,"64x64 pixel art, minimal style, 3-5 colors, no text, clean pixel edges, simple composition, a symbolic representation of plains_variant, simple abstract form"
龍,dragon_old,dragon_old,"64x64 pixel art, minimal style, 3-5 colors, no text, clean pixel edges, simple composition, a symbolic representation of dragon_old, simple abstract form"
寵,patronage,patronage,"64x64 pixel art, minimal style, 3-5 colors, no text, clean pixel edges, simple composition, a symbolic representation of patronage, simple abstract form"
聾,deafness,deafness,"64x64 pixel art, minimal style, 3-5 colors, no text, clean pixel edges, simple composition, a symbolic representation of deafness, simple abstract form"
慾,longing_old,longing_old,"64x64 pixel art, minimal style, 3-5 colors, no text, clean pixel edges, simple composition, a symbolic representation of longing_old, simple abstract form"
嶽,point_old,point_old,"64x64 pixel art, minimal style, 3-5 colors, no text, clean pixel edges, simple composition, a symbolic representation of point_old, simple abstract form"
國,country_old,country_old,"64x64 pixel art, minimal style, 3-5 colors, no text, clean pixel edges, simple composition, a symbolic representation of country_old, simple abstract form"
脛,shin,shin,"64x64 pixel art, minimal style, 3-5 colors, no text, clean pixel edges, simple composition, a symbolic representation of shin, simple abstract form"
勁,formidable,formidable,"64x64 pixel art, minimal style, 3-5 colors, no text, clean pixel edges, simple composition, a symbolic representation of formidable, simple abstract form"
祀,enshrine,enshrine,"64x64 pixel art, minimal style, 3-5 colors, no text, clean pixel edges, simple composition, a symbolic representation of enshrine, simple abstract form"
祓,exorcism,exorcism,"64x64 pixel art, minimal style, 3-5 colors, no text, clean pixel edges, simple composition, a symbolic representation of exorcism, simple abstract form"
躇,dither,dither,"64x64 pixel art, minimal style, 3-5 colors, no text, clean pixel edges, simple composition, a symbolic representation of dither, simple abstract form"
壽,longevity_old,longevity_old,"64x64 pixel art, minimal style, 3-5 colors, no text, clean pixel edges, simple composition, a symbolic representation of longevity_old, simple abstract form"
躊,hesitate,hesitate,"64x64 pixel art, minimal style, 3-5 colors, no text, clean pixel edges, simple composition, a symbolic representation of hesitate, simple abstract form"
饅,bean_jam,bean_jam,"64x64 pixel art, minimal style, 3-5 colors, no text, clean pixel edges, simple composition, a symbolic representation of bean_jam, simple abstract form"
嘔,retch,retch,"64x64 pixel art, minimal style, 3-5 colors, no text, clean pixel edges, simple composition, a symbolic representation of retch, simple abstract form"
鼈,snapping_turtle,snapping_turtle,"64x64 pixel art, minimal style, 3-5 colors, no text, clean pixel edges, simple composition, a symbolic representation of snapping_turtle, simple abstract form"
𠮟,scold_old,scold_old,"64x64 pixel art, minimal style, 3-5 colors, no text, clean pixel edges, simple composition, a symbolic representation of scold_old, simple abstract form"
塡,fill_in,fill_in,"64x64 pixel art, minimal style, 3-5 colors, no text, clean pixel edges, simple composition, a symbolic representation of fill_in, simple abstract form"
剝,peel,peel,"64x64 pixel art, minimal style, 3-5 colors, no text, clean pixel edges, simple composition, a symbolic representation of peel, simple abstract form"
頰,cheek_old,cheek_old,"64x64 pixel art, minimal style, 3-5 colors, no text, clean pixel edges, simple composition, a symbolic representation of cheek_old, simple abstract form"
籠,basket_variant,basket_variant,"64x64 pixel art, minimal style, 3-5 colors, no text, clean pixel edges, simple composition, a symbolic representation of basket_variant, simple abstract form"
亙,span_alt,span_alt,"64x64 pixel art, minimal style, 3-5 colors, no text, clean pixel edges, simple composition, a symbolic representation of span_alt, simple abstract form"
亨,go_smoothly,go_smoothly,"64x64 pixel art, minimal style, 3-5 colors, no text, clean pixel edges, simple composition, a symbolic representation of go_smoothly, simple abstract form"
伶,actor,actor,"64x64 pixel art, minimal style, 3-5 colors, no text, clean pixel edges, simple composition, a symbolic representation of actor, simple abstract form"
佑,aid,aid,"64x64 pixel art, minimal style, 3-5 colors, no text, clean pixel edges, simple composition, a symbolic representation of aid, simple abstract form"
佼,beautiful,beautiful,"64x64 pixel art, minimal style, 3-5 colors, no text, clean pixel edges, simple composition, a symbolic representation of beautiful, simple abstract form"
侑,coax,coax,"64x64 pixel art, minimal style, 3-5 colors, no text, clean pixel edges, simple composition, a symbolic representation of coax, simple abstract form"
俣,fork,fork,"64x64 pixel art, minimal style, 3-5 colors, no text, clean pixel edges, simple composition, a symbolic representation of fork, simple abstract form"
倖,good_fortune,good_fortune,"64x64 pixel art, minimal style, 3-5 colors, no text, clean pixel edges, simple composition, a symbolic representation of good_fortune, simple abstract form"
傭,hire,hire,"64x64 pixel art, minimal style, 3-5 colors, no text, clean pixel edges, simple composition, a symbolic representation of hire, simple abstract form"
僻,prejudice,prejudice,"64x64 pixel art, minimal style, 3-5 colors, no text, clean pixel edges, simple composition, a symbolic representation of prejudice, simple abstract form"
卜,divining,divining,"64x64 pixel art, minimal style, 3-5 colors, no text, clean pixel edges, simple composition, a symbolic representation of divining, simple abstract form"
喬,lofty,lofty,"64x64 pixel art, minimal style, 3-5 colors, no text, clean pixel edges, simple composition, a symbolic representation of lofty, simple abstract form"
孟,eldest,eldest,"64x64 pixel art, minimal style, 3-5 colors, no text, clean pixel edges, simple composition, a symbolic representation of eldest, simple abstract form"
尭,noble,noble,"64x64 pixel art, minimal style, 3-5 colors, no text, clean pixel edges, simple composition, a symbolic representation of noble, simple abstract form"
峨,towering,towering,"64x64 pixel art, minimal style, 3-5 colors, no text, clean pixel edges, simple composition, a symbolic representation of towering, simple abstract form"
嵯,craggy,craggy,"64x64 pixel art, minimal style, 3-5 colors, no text, clean pixel edges, simple composition, a symbolic representation of craggy, simple abstract form"
巌,crag,crag,"64x64 pixel art, minimal style, 3-5 colors, no text, clean pixel edges, simple composition, a symbolic representation of crag, simple abstract form"
巽,southeast,southeast,"64x64 pixel art, minimal style, 3-5 colors, no text, clean pixel edges, simple composition, a symbolic representation of southeast, simple abstract form"
彪,spotted,spotted,"64x64 pixel art, minimal style, 3-5 colors, no text, clean pixel edges, simple composition, a symbolic representation of spotted, simple abstract form"
掟,code,code,"64x64 pixel art, minimal style, 3-5 colors, no text, clean pixel edges, simple composition, a symbolic representation of code, simple abstract form"
掠,pillage,pillage,"64x64 pixel art, minimal style, 3-5 colors, no text, clean pixel edges, simple composition, a symbolic representation of pillage, simple abstract form"
撹,agitate,agitate,"64x64 pixel art, minimal style, 3-5 colors, no text, clean pixel edges, simple composition, a symbolic representation of agitate, simple abstract form"
梧,parasol_tree,parasol_tree,"64x64 pixel art, minimal style, 3-5 colors, no text, clean pixel edges, simple composition, a symbolic representation of parasol_tree, simple abstract form"
欝,gloom,gloom,"64x64 pixel art, minimal style, 3-5 colors, no text, clean pixel edges, simple composition, a symbolic representation of gloom, simple abstract form"
欽,revere,revere,"64x64 pixel art, minimal style, 3-5 colors, no text, clean pixel edges, simple composition, a symbolic representation of revere, simple abstract form"
煕,shine,shine,"64x64 pixel art, minimal style, 3-5 colors, no text, clean pixel edges, simple composition, a symbolic representation of shine, simple abstract form"
熔,fuse,fuse,"64x64 pixel art, minimal style, 3-5 colors, no text, clean pixel edges, simple composition, a symbolic representation of fuse, simple abstract form"
珪,jade_scepter,jade_scepter,"64x64 pixel art, minimal style, 3-5 colors, no text, clean pixel edges, simple composition, a symbolic representation of jade_scepter, simple abstract form"
瑶,beautiful_jewel,beautiful_jewel,"64x64 pixel art, minimal style, 3-5 colors, no text, clean pixel edges, simple composition, a symbolic representation of beautiful_jewel, simple abstract form"
甫,newly,newly,"64x64 pixel art, minimal style, 3-5 colors, no text, clean pixel edges, simple composition, a symbolic representation of newly, simple abstract form"
聚,congregate,congregate,"64x64 pixel art, minimal style, 3-5 colors, no text, clean pixel edges, simple composition, a symbolic representation of congregate, simple abstract form"
舘,mansion,mansion,"64x64 pixel art, minimal style, 3-5 colors, no text, clean pixel edges, simple composition, a symbolic representation of mansion, simple abstract form"
舜,morning_glory,morning_glory,"64x64 pixel art, minimal style, 3-5 colors, no text, clean pixel edges, simple composition, a symbolic representation of morning_glory, simple abstract form"
詑,deceive,deceive,"64x64 pixel art, minimal style, 3-5 colors, no text, clean pixel edges, simple composition, a symbolic representation of deceive, simple abstract form"
諏,consult,consult,"64x64 pixel art, minimal style, 3-5 colors, no text, clean pixel edges, simple composition, a symbolic representation of consult, simple abstract form"
躯,torso,torso,"64x64 pixel art, minimal style, 3-5 colors, no text, clean pixel edges, simple composition, a symbolic representation of torso, simple abstract form"
郁,elegant,elegant,"64x64 pixel art, minimal style, 3-5 colors, no text, clean pixel edges, simple composition, a symbolic representation of elegant, simple abstract form"
鏑,arrowhead,arrowhead,"64x64 pixel art, minimal style, 3-5 colors, no text, clean pixel edges, simple composition, a symbolic representation of arrowhead, simple abstract form"
子,rat_zodiac,rat_zodiac,"64x64 pixel art, minimal style, 3-5 colors, no text, clean pixel edges, simple composition, a symbolic representation of rat_zodiac, simple abstract form"
午,horse_zodiac,horse_zodiac,"64x64 pixel art, minimal style, 3-5 colors, no text, clean pixel edges, simple composition, a symbolic representation of horse_zodiac, simple abstract form"
未,sheep_zodiac,sheep_zodiac,"64x64 pixel art, minimal style, 3-5 colors, no text, clean pixel edges, simple composition, a symbolic representation of sheep_zodiac, simple abstract form"
申,monkey_zodiac,monkey_zodiac,"64x64 pixel art, minimal style, 3-5 colors, no text, clean pixel edges, simple composition, a symbolic representation of monkey_zodiac, simple abstract form"
酉,rooster_zodiac,rooster_zodiac,"64x64 pixel art, minimal style, 3-5 colors, no text, clean pixel edges, simple composition, a symbolic representation of rooster_zodiac, simple abstract form"
戌,dog_zodiac,dog_zodiac,"64x64 pixel art, minimal style, 3-5 colors, no text, clean pixel edges, simple composition, a symbolic representation of dog_zodiac, simple abstract form"
亥,boar_zodiac,boar_zodiac,"64x64 pixel art, minimal style, 3-5 colors, no text, clean pixel edges, simple composition, a symbolic representation of boar_zodiac, simple abstract form"
